poi_id,city_id,name,category_id,poi_category,lat,lng,typical_duration_minutes,entry_cost,currency,carbon_kg,popularity_score,value_score,opens_at,closes_at,closed_days,best_season,accessibility,tags,description,has_xr_scene,status,updated_at
poi_7f6561ec,cty_c07454f1,Jaipur Bazaar,cat_f2c80643,shopping,26.883646,75.803626,75,750.00,INR,2.206,74,76,06:00,21:00,,winter,none,"sunrise,guided_tour,ticketed,crowded","Small enough to see in an hour, dense enough to reward two. Signage is uneven, so a guide helps.",0,active,2026-08-18T10:00:00+05:30
poi_afcb7beb,cty_c07454f1,Chhatri Complex,cat_fce0bd94,heritage,26.871041,75.817737,75,0.00,INR,0.276,100,29,10:00,18:00,,winter,partial,"indoor,family_friendly,local_favourite,sunrise",Busiest between ten and one. Come at opening or an hour before closing and it is a different place entirely.,0,active,2026-08-18T10:00:00+05:30
poi_bf6716e9,cty_c07454f1,Zipline Point,cat_0bdaba79,adventure,26.944817,75.710119,45,200.00,INR,0.658,100,44,06:00,21:00,,,step_free,"crowded,family_friendly,outdoor,quiet","Built in stages between the fourteenth and eighteenth centuries, it repays a slow visit; the inscription on the rear terrace is easy to miss from the main path.",0,active,2026-08-18T10:00:00+05:30
poi_e68abae6,cty_c07454f1,Jaipur Bazaar,cat_70320c9b,shopping,26.887856,75.746046,75,50.00,INR,0.248,21,43,08:00,18:00,,winter,partial,"guided_tour,outdoor,sunset,local_favourite","Locals treat it as a park as much as a monument, which is worth knowing before you arrive expecting silence.",0,active,2026-08-18T10:00:00+05:30
poi_fe8a867b,cty_c07454f1,Jaipur Fort,cat_68482803,heritage,26.915509,75.747071,240,0.00,INR,2.847,72,59,09:00,17:00,,winter,none,"ticketed,indoor,local_favourite,family_friendly","Built in stages between the fourteenth and eighteenth centuries, it repays a slow visit; the mirror work on the north courtyard is easy to miss from the main path.",0,active,2026-08-18T10:00:00+05:30
poi_c192ae9d,cty_c07454f1,Handloom Cooperative,cat_70320c9b,shopping,26.844017,75.728406,120,50.00,INR,0.106,13,60,06:00,19:00,6,winter,partial,"guided_tour,outdoor,quiet,unesco","Locals treat it as a park as much as a monument, which is worth knowing before you arrive expecting silence.",0,active,2026-08-18T10:00:00+05:30
poi_cd4eb948,cty_c07454f1,Night Food Bazaar,cat_b591c643,food,26.880071,75.856165,60,1200.00,INR,3.412,54,72,08:00,18:00,,winter,none,"ticketed,family_friendly,quiet,crowded","Small enough to see in an hour, dense enough to reward two. Signage is uneven, so a guide helps.",0,active,2026-08-18T10:00:00+05:30
poi_443a14c5,cty_c07454f1,Coffee Roastery Tour,cat_260a51dc,food,26.909859,75.841779,120,0.00,INR,1.956,53,64,08:00,18:00,,winter,step_free,"sunset,sunrise,outdoor,ticketed","Restored in the 1990s with mixed results — the rear terrace is authentic, the brass door is not.",0,active,2026-08-18T10:00:00+05:30
poi_364cac5a,cty_c07454f1,Jaipur Bazaar,cat_f2c80643,shopping,26.851979,75.860267,120,2500.00,INR,0.495,35,55,10:00,17:00,1,winter,partial,"crowded,outdoor,sunset,guided_tour","The tile mosaic is the reason most people come, but the riverside steps behind it is quieter and arguably better.",0,active,2026-08-18T10:00:00+05:30
poi_5252b3dc,cty_c07454f1,Coffee Roastery Tour,cat_260a51dc,food,26.964967,75.734425,45,100.00,INR,2.974,39,28,10:00,17:00,1,winter,none,"sunrise,outdoor,unesco,quiet",Busiest between ten and one. Come at opening or an hour before closing and it is a different place entirely.,0,active,2026-08-18T10:00:00+05:30
poi_01f1e4a6,cty_c07454f1,Museum of Coins,cat_648738e2,museum,26.901723,75.785456,120,0.00,INR,2.587,58,49,10:00,17:00,6,winter,step_free,"outdoor,family_friendly,unesco,quiet","Built in stages between the fourteenth and eighteenth centuries, it repays a slow visit; the fresco panel on the upper gallery is easy to miss from the main path.",0,active,2026-08-18T10:00:00+05:30
poi_43837046,cty_c07454f1,Riverside Lounge,cat_ae5149e1,nightlife,26.88558,75.759151,60,50.00,INR,1.433,42,75,10:00,18:00,6,winter,partial,"guided_tour,sunrise,crowded,outdoor","Built in stages between the fourteenth and eighteenth centuries, it repays a slow visit; the brass door on the rear terrace is easy to miss from the main path.",0,active,2026-08-18T10:00:00+05:30
poi_58124e0f,cty_c07454f1,Textile Museum,cat_a74a90c1,museum,26.937355,75.794187,240,100.00,INR,1.583,93,48,09:00,18:00,,winter,partial,"local_favourite,quiet,ticketed,photogenic","Restored in the 1990s with mixed results — the riverside steps is authentic, the lattice screen is not.",0,active,2026-08-18T10:00:00+05:30
poi_0b3e375a,cty_c07454f1,Hot Springs,cat_829c3404,wellness,26.974235,75.861996,240,750.00,INR,0.666,51,42,08:00,19:00,,winter,step_free,"unesco,quiet,guided_tour,photogenic","Restored in the 1990s with mixed results — the rear terrace is authentic, the brass door is not.",0,active,2026-08-18T10:00:00+05:30
poi_18f08d29,cty_c07454f1,Royal Cenotaphs,cat_fce0bd94,heritage,26.86121,75.789083,120,100.00,INR,0.242,25,72,06:00,,,,none,"quiet,family_friendly,ticketed,photogenic","Small enough to see in an hour, dense enough to reward two. Signage is uneven, so a guide helps.",0,active,2026-08-18T10:00:00+05:30
poi_39c95ec6,cty_5d572c8a,Blue Pottery Workshop,cat_f2c80643,shopping,24.584982,73.743354,75,500.00,INR,0.912,71,38,09:00,18:00,,,none,"family_friendly,local_favourite,quiet,indoor","The mirror work is the reason most people come, but the rear terrace behind it is quieter and arguably better.",0,active,2026-08-18T10:00:00+05:30
poi_c0128d7d,cty_5d572c8a,Udaipur Street Food Lane,cat_a01f3db5,food,24.610745,73.742177,240,750.00,INR,2.428,67,35,09:00,17:00,,winter,step_free,"ticketed,crowded,quiet,photogenic","Locals treat it as a park as much as a monument, which is worth knowing before you arrive expecting silence.",0,active,2026-08-18T10:00:00+05:30
poi_78eecc44,cty_5d572c8a,Coffee Roastery Tour,cat_260a51dc,food,24.577108,73.681057,75,2500.00,INR,0.952,46,73,08:00,21:00,,winter,none,"indoor,sunset,sunrise,unesco","Locals treat it as a park as much as a monument, which is worth knowing before you arrive expecting silence.",0,active,2026-08-18T10:00:00+05:30
poi_6949e353,cty_5d572c8a,Great Mosque of Udaipur,cat_7e99ea32,religious,24.517947,73.703318,240,1200.00,INR,2.589,62,61,08:00,,,winter,step_free,"sunset,quiet,sunrise,ticketed","Built in stages between the fourteenth and eighteenth centuries, it repays a slow visit; the inscription on the riverside steps is easy to miss from the main path.",1,active,2026-08-18T10:00:00+05:30
poi_9e725958,cty_5d572c8a,Udaipur Street Food Lane,cat_34ac5ade,food,24.656914,73.709815,60,0.00,INR,3.333,71,42,08:00,19:00,,winter,none,"sunset,ticketed,unesco,quiet","Restored in the 1990s with mixed results — the upper gallery is authentic, the fresco panel is not.",0,active,2026-08-18T10:00:00+05:30
poi_7d81053b,cty_5d572c8a,Maritime Museum,cat_a6c4c438,museum,24.612548,73.740465,75,200.00,INR,1.159,34,65,08:00,17:00,1,winter,none,"quiet,outdoor,guided_tour,sunrise","Small enough to see in an hour, dense enough to reward two. Signage is uneven, so a guide helps.",0,active,2026-08-18T10:00:00+05:30
poi_3ca0d3de,cty_5d572c8a,Maritime Museum,cat_648738e2,museum,24.623703,73.720869,60,1200.00,INR,3.445,64,82,10:00,17:00,,,partial,"local_favourite,unesco,photogenic,outdoor","Small enough to see in an hour, dense enough to reward two. Signage is uneven, so a guide helps.",0,active,2026-08-18T10:00:00+05:30
poi_d052fde5,cty_5d572c8a,Botanical Gardens,cat_87a6232b,nature,24.588827,73.720875,240,2500.00,INR,1.3,88,89,08:00,19:00,,winter,partial,"family_friendly,quiet,guided_tour,outdoor","Locals treat it as a park as much as a monument, which is worth knowing before you arrive expecting silence.",0,active,2026-08-18T10:00:00+05:30
poi_1559dff8,cty_5d572c8a,Riverside Lounge,cat_ae5149e1,nightlife,24.538486,73.642455,75,200.00,INR,2.508,68,82,10:00,17:00,,winter,none,"quiet,sunrise,guided_tour,sunset","The inscription is the reason most people come, but the colonnade behind it is quieter and arguably better.",0,active,2026-08-18T10:00:00+05:30
poi_6b45f5d8,cty_5d572c8a,Rock Garden,cat_87a6232b,nature,24.615669,73.685853,90,200.00,INR,1.837,37,78,10:00,17:00,,winter,none,"ticketed,outdoor,quiet,sunrise","Locals treat it as a park as much as a monument, which is worth knowing before you arrive expecting silence.",0,active,2026-08-18T10:00:00+05:30
poi_87f14af2,cty_5d572c8a,Backwater Channel,cat_dbd7c6e8,nature,24.541795,73.736306,45,0.00,INR,2.822,44,76,,21:00,0,winter,step_free,"ticketed,sunset,unesco,outdoor","Locals treat it as a park as much as a monument, which is worth knowing before you arrive expecting silence.",0,active,2026-08-18T10:00:00+05:30
poi_c9ad2e61,cty_5d572c8a,Coffee Roastery Tour,cat_34ac5ade,food,24.596522,73.647953,75,1200.00,INR,1.353,86,53,10:00,21:00,0,winter,partial,"photogenic,indoor,ticketed,crowded","Small enough to see in an hour, dense enough to reward two. Signage is uneven, so a guide helps.",0,active,2026-08-18T10:00:00+05:30
poi_455fd66d,cty_5d572c8a,Riverside Ghats,cat_7e99ea32,religious,24.514416,73.78819,240,50.00,INR,2.283,75,72,08:00,19:00,1,winter,none,"unesco,photogenic,outdoor,guided_tour","Built in stages between the fourteenth and eighteenth centuries, it repays a slow visit; the step-well geometry on the rear terrace is easy to miss from the main path.",0,active,2026-08-18T10:00:00+05:30
poi_3514f780,cty_5d572c8a,"Jazz Cellar, Udaipur",cat_3ecd28b3,nightlife,24.652316,73.661778,45,750.00,INR,3.155,98,38,10:00,18:00,0,,step_free,"guided_tour,quiet,crowded,unesco","Restored in the 1990s with mixed results — the riverside steps is authentic, the carved lintel is not.",1,active,2026-08-18T10:00:00+05:30
poi_690e8c3f,cty_5d572c8a,"Gallery of Modern Art, Udaipur",cat_a74a90c1,museum,24.647937,73.728966,180,0.00,INR,0.247,73,70,06:00,18:00,,winter,none,"indoor,family_friendly,unesco,ticketed","Built in stages between the fourteenth and eighteenth centuries, it repays a slow visit; the brass door on the north courtyard is easy to miss from the main path.",0,active,2026-08-18T10:00:00+05:30
poi_a6e080dd,cty_076e8e86,Night Food Bazaar,cat_b591c643,food,26.295788,73.001872,75,0.00,INR,3.019,64,91,06:00,17:00,,winter,partial,"local_favourite,photogenic,quiet,crowded","Built in stages between the fourteenth and eighteenth centuries, it repays a slow visit; the mirror work on the riverside steps is easy to miss from the main path.",0,active,2026-08-18T10:00:00+05:30
poi_7b4e4d8d,cty_076e8e86,Jodhpur Bird Sanctuary,cat_200acca0,wildlife,26.295805,73.024272,90,2500.00,INR,2.534,41,64,08:00,18:00,,winter,partial,"local_favourite,crowded,indoor,sunrise","Built in stages between the fourteenth and eighteenth centuries, it repays a slow visit; the inscription on the north courtyard is easy to miss from the main path.",0,active,2026-08-18T10:00:00+05:30
poi_d607a9e8,cty_076e8e86,Yoga Shala,cat_7073a53a,wellness,26.212037,72.991707,180,0.00,INR,0.402,32,31,10:00,21:00,6,winter,step_free,"unesco,quiet,family_friendly,local_favourite","Built in stages between the fourteenth and eighteenth centuries, it repays a slow visit; the brass door on the inner sanctum approach is easy to miss from the main path.",1,active,2026-08-18T10:00:00+05:30
poi_3383cc81,cty_076e8e86,"Jazz Cellar, Jodhpur",cat_3ecd28b3,nightlife,26.256224,73.014484,120,0.00,INR,1.518,67,86,08:00,,0,winter,step_free,"sunset,quiet,crowded,local_favourite","Locals treat it as a park as much as a monument, which is worth knowing before you arrive expecting silence.",0,active,2026-08-18T10:00:00+05:30
poi_84c56970,cty_076e8e86,Spice Market Walk,cat_34ac5ade,food,26.284825,73.06158,120,1200.00,INR,2.23,77,74,10:00,,6,winter,step_free,"family_friendly,sunrise,unesco,indoor","Restored in the 1990s with mixed results — the riverside steps is authentic, the carved lintel is not.",0,active,2026-08-18T10:00:00+05:30
poi_f5507243,cty_076e8e86,Riverside Lounge,cat_ae5149e1,nightlife,26.266452,73.014518,240,0.00,INR,0.191,61,63,08:00,18:00,,,partial,"local_favourite,unesco,indoor,sunset","Built in stages between the fourteenth and eighteenth centuries, it repays a slow visit; the carved lintel on the rear terrace is easy to miss from the main path.",0,active,2026-08-18T10:00:00+05:30
poi_8c370a2f,cty_076e8e86,Rock Garden,cat_87a6232b,nature,26.233893,73.083368,180,2500.00,INR,1.194,51,74,,18:00,,winter,step_free,"guided_tour,outdoor,quiet,indoor","Restored in the 1990s with mixed results — the rear terrace is authentic, the carved lintel is not.",0,active,2026-08-18T10:00:00+05:30
poi_423f2b73,cty_076e8e86,Hot Springs,cat_829c3404,wellness,26.276129,73.032538,45,0.00,INR,3.346,63,60,10:00,17:00,,winter,none,"local_favourite,guided_tour,quiet,sunset",Busiest between ten and one. Come at opening or an hour before closing and it is a different place entirely.,0,active,2026-08-18T10:00:00+05:30
poi_529792ec,cty_076e8e86,Yoga Shala,cat_829c3404,wellness,26.25662,73.009709,180,50.00,INR,1.02,53,57,06:00,18:00,,,step_free,"photogenic,outdoor,indoor,quiet","Small enough to see in an hour, dense enough to reward two. Signage is uneven, so a guide helps.",0,active,2026-08-18T10:00:00+05:30
poi_4ae9c459,cty_076e8e86,Handloom Cooperative,cat_8c7f3fd2,shopping,26.18117,73.066473,90,500.00,INR,0.46,53,76,08:00,18:00,1,winter,none,"sunset,outdoor,crowded,family_friendly","Small enough to see in an hour, dense enough to reward two. Signage is uneven, so a guide helps.",0,active,2026-08-18T10:00:00+05:30
poi_da092f1e,cty_076e8e86,Yoga Shala,cat_829c3404,wellness,26.219046,73.059284,75,0.00,INR,2.565,61,36,10:00,17:00,,winter,step_free,"quiet,photogenic,crowded,outdoor","Small enough to see in an hour, dense enough to reward two. Signage is uneven, so a guide helps.",0,active,2026-08-18T10:00:00+05:30
poi_efb828ad,cty_076e8e86,Jodhpur Viewpoint,cat_b591c643,viewpoint,26.224408,72.964276,120,0.00,INR,1.977,13,94,06:00,17:00,,winter,step_free,"outdoor,family_friendly,photogenic,sunrise","Restored in the 1990s with mixed results — the upper gallery is authentic, the carved lintel is not.",0,active,2026-08-18T10:00:00+05:30
poi_04f0ba08,cty_076e8e86,Rock Garden,cat_dbd7c6e8,nature,26.182226,73.101302,120,100.00,INR,1.148,86,86,10:00,21:00,,,step_free,"unesco,guided_tour,quiet,photogenic","Restored in the 1990s with mixed results — the upper gallery is authentic, the lattice screen is not.",0,active,2026-08-18T10:00:00+05:30
poi_e4abebbd,cty_076e8e86,"Jazz Cellar, Jodhpur",cat_3ecd28b3,nightlife,26.199163,73.013688,90,350.00,INR,0.48,55,54,09:00,17:00,0,winter,partial,"quiet,indoor,ticketed,family_friendly","The lattice screen is the reason most people come, but the riverside steps behind it is quieter and arguably better.",0,active,2026-08-18T10:00:00+05:30
poi_ea18f6ef,cty_076e8e86,Hot Springs,cat_7073a53a,wellness,26.180271,73.100449,90,0.00,INR,3.319,55,63,06:00,19:00,6,winter,partial,"guided_tour,sunrise,unesco,crowded","Built in stages between the fourteenth and eighteenth centuries, it repays a slow visit; the fresco panel on the rear terrace is easy to miss from the main path.",0,active,2026-08-18T10:00:00+05:30
poi_4ea03993,cty_10cbee86,Jaisalmer Bird Sanctuary,cat_200acca0,wildlife,26.97397,70.858529,90,200.00,INR,0.125,53,87,06:00,18:00,,,partial,"guided_tour,sunset,crowded,ticketed","Built in stages between the fourteenth and eighteenth centuries, it repays a slow visit; the brass door on the upper gallery is easy to miss from the main path.",0,active,2026-08-18T10:00:00+05:30
poi_5f6b0929,cty_10cbee86,Jaisalmer Temple,cat_7e99ea32,religious,26.973145,70.924839,240,0.00,INR,1.568,41,54,06:00,21:00,,winter,partial,"sunrise,family_friendly,guided_tour,sunset","Small enough to see in an hour, dense enough to reward two. Signage is uneven, so a guide helps.",0,active,2026-08-18T10:00:00+05:30
poi_55aa9e6a,cty_10cbee86,Rock Climbing Wall,cat_5c6b9b9e,adventure,26.868901,70.891918,180,200.00,INR,1.709,32,69,09:00,21:00,,winter,partial,"local_favourite,guided_tour,quiet,sunrise","Locals treat it as a park as much as a monument, which is worth knowing before you arrive expecting silence.",0,active,2026-08-18T10:00:00+05:30
poi_51183123,cty_10cbee86,Jaisalmer City Museum,cat_a6c4c438,museum,26.853739,70.841544,75,750.00,INR,2.715,98,74,08:00,19:00,,,none,"crowded,sunrise,family_friendly,quiet","Built in stages between the fourteenth and eighteenth centuries, it repays a slow visit; the fresco panel on the colonnade is easy to miss from the main path.",0,active,2026-08-18T10:00:00+05:30
poi_a81484fe,cty_10cbee86,Fishermen's Cove,cat_857ee77a,beach,26.868385,70.930545,240,0.00,INR,1.068,54,60,10:00,18:00,,winter,step_free,"guided_tour,local_favourite,sunset,outdoor","Built in stages between the fourteenth and eighteenth centuries, it repays a slow visit; the inscription on the colonnade is easy to miss from the main path.",0,active,2026-08-18T10:00:00+05:30
poi_047adfc6,cty_10cbee86,Kayaking at Jaisalmer,cat_51e6a700,adventure,26.912203,70.852472,150,500.00,INR,0.24,71,56,06:00,,1,winter,partial,"local_favourite,outdoor,photogenic,sunset",Busiest between ten and one. Come at opening or an hour before closing and it is a different place entirely.,0,active,2026-08-18T10:00:00+05:30
poi_fb32afcd,cty_10cbee86,Puppet Museum,cat_a74a90c1,museum,26.854747,70.960574,45,500.00,INR,2.892,50,42,,19:00,1,winter,step_free,"quiet,indoor,local_favourite,crowded","Locals treat it as a park as much as a monument, which is worth knowing before you arrive expecting silence.",0,active,2026-08-18T10:00:00+05:30
poi_40f22ba7,cty_10cbee86,"Gallery of Modern Art, Jaisalmer",cat_a6c4c438,museum,26.929471,70.898601,75,500.00,INR,3.128,35,49,06:00,17:00,,winter,step_free,"outdoor,sunset,quiet,unesco","The carved lintel is the reason most people come, but the inner sanctum approach behind it is quieter and arguably better.",0,active,2026-08-18T10:00:00+05:30
poi_6e34d5eb,cty_10cbee86,Chhatri Complex,cat_54243992,heritage,26.863724,70.94136,150,0.00,INR,0.797,72,26,08:00,21:00,,,none,"ticketed,unesco,photogenic,local_favourite","Built in stages between the fourteenth and eighteenth centuries, it repays a slow visit; the tile mosaic on the riverside steps is easy to miss from the main path.",0,active,2026-08-18T10:00:00+05:30
poi_51f80251,cty_10cbee86,Ayurveda Centre,cat_7073a53a,wellness,26.96439,70.920905,75,0.00,INR,3.383,23,34,06:00,,,winter,step_free,"sunrise,guided_tour,indoor,ticketed","Built in stages between the fourteenth and eighteenth centuries, it repays a slow visit; the step-well geometry on the rear terrace is easy to miss from the main path.",0,active,2026-08-18T10:00:00+05:30
poi_e29c4169,cty_10cbee86,Jain Temple Complex,cat_63e0475b,religious,26.964514,70.846772,180,50.00,INR,1.699,88,42,08:00,21:00,,winter,partial,"crowded,outdoor,unesco,local_favourite","Restored in the 1990s with mixed results — the riverside steps is authentic, the fresco panel is not.",0,active,2026-08-18T10:00:00+05:30
poi_d80fc6c2,cty_10cbee86,Jaisalmer Observatory,cat_c03ee00a,heritage,26.918668,70.978663,150,500.00,INR,2.022,46,45,06:00,19:00,6,winter,step_free,"sunset,guided_tour,family_friendly,quiet",Busiest between ten and one. Come at opening or an hour before closing and it is a different place entirely.,0,active,2026-08-18T10:00:00+05:30
poi_4f63e9d4,cty_10cbee86,Yoga Shala,cat_7073a53a,wellness,26.950533,70.934232,90,50.00,INR,2.569,72,39,06:00,19:00,1,winter,none,"quiet,sunrise,local_favourite,outdoor","Restored in the 1990s with mixed results — the inner sanctum approach is authentic, the fresco panel is not.",0,active,2026-08-18T10:00:00+05:30
poi_a24ebe04,cty_10cbee86,Butterfly Reserve,cat_6b229a53,wildlife,26.89585,70.876692,120,1200.00,INR,1.681,85,32,09:00,18:00,,winter,partial,"ticketed,guided_tour,crowded,unesco","Small enough to see in an hour, dense enough to reward two. Signage is uneven, so a guide helps.",0,active,2026-08-18T10:00:00+05:30
poi_82b1e711,cty_10cbee86,Jaisalmer Temple,cat_7e99ea32,religious,26.879498,70.84694,120,0.00,INR,0.555,42,46,09:00,,,winter,none,"unesco,guided_tour,local_favourite,sunrise","Small enough to see in an hour, dense enough to reward two. Signage is uneven, so a guide helps.",0,active,2026-08-18T10:00:00+05:30
poi_99eeb49d,cty_b43cdd57,Riverside Lounge,cat_ae5149e1,nightlife,27.22313,78.044121,150,1200.00,INR,0.226,68,41,09:00,17:00,,winter,partial,"quiet,photogenic,guided_tour,crowded","Built in stages between the fourteenth and eighteenth centuries, it repays a slow visit; the tile mosaic on the rear terrace is easy to miss from the main path.",0,active,2026-08-18T10:00:00+05:30
poi_2918d9a5,cty_b43cdd57,Cooking Class at Old Town,cat_260a51dc,food,27.181188,77.979459,60,0.00,INR,1.9,83,67,08:00,,1,,none,"unesco,family_friendly,indoor,guided_tour","Small enough to see in an hour, dense enough to reward two. Signage is uneven, so a guide helps.",0,active,2026-08-18T10:00:00+05:30
poi_a9e46e7f,cty_b43cdd57,Night Food Bazaar,cat_260a51dc,food,27.163022,77.962302,240,100.00,INR,3.438,41,59,06:00,18:00,0,,partial,"indoor,photogenic,quiet,outdoor","Small enough to see in an hour, dense enough to reward two. Signage is uneven, so a guide helps.",0,active,2026-08-18T10:00:00+05:30
poi_1153b6f1,cty_b43cdd57,Ayurveda Centre,cat_7073a53a,wellness,27.203579,77.93717,180,50.00,INR,1.832,12,42,10:00,18:00,,winter,partial,"sunset,ticketed,family_friendly,photogenic",Busiest between ten and one. Come at opening or an hour before closing and it is a different place entirely.,0,active,2026-08-18T10:00:00+05:30
poi_e698d1f2,cty_b43cdd57,North Beach,cat_db94a794,beach,27.240428,77.997874,240,1200.00,INR,0.329,45,66,08:00,19:00,0,,partial,"quiet,indoor,ticketed,guided_tour","Built in stages between the fourteenth and eighteenth centuries, it repays a slow visit; the inscription on the upper gallery is easy to miss from the main path.",0,active,2026-08-18T10:00:00+05:30
poi_cc30bc8d,cty_b43cdd57,Quiet Bay,cat_db94a794,beach,27.108694,77.98781,150,500.00,INR,3.072,40,74,,19:00,,winter,none,"outdoor,guided_tour,crowded,sunrise","The lattice screen is the reason most people come, but the upper gallery behind it is quieter and arguably better.",0,active,2026-08-18T10:00:00+05:30
poi_d94e1880,cty_b43cdd57,Backwater Channel,cat_87a6232b,nature,27.166932,77.928882,180,0.00,INR,1.372,55,47,09:00,19:00,,winter,partial,"guided_tour,ticketed,sunset,indoor","The inscription is the reason most people come, but the north courtyard behind it is quieter and arguably better.",0,active,2026-08-18T10:00:00+05:30
poi_4733b6f0,cty_b43cdd57,Yoga Shala,cat_829c3404,wellness,27.244335,78.034063,240,750.00,INR,1.248,29,66,09:00,21:00,0,winter,partial,"indoor,ticketed,family_friendly,crowded","Restored in the 1990s with mixed results — the rear terrace is authentic, the mirror work is not.",0,active,2026-08-18T10:00:00+05:30
poi_de929193,cty_b43cdd57,Rock Garden,cat_fda74089,nature,27.110504,78.07753,120,0.00,INR,3.228,69,76,06:00,,,winter,step_free,"indoor,ticketed,sunset,family_friendly",Busiest between ten and one. Come at opening or an hour before closing and it is a different place entirely.,0,active,2026-08-18T10:00:00+05:30
poi_ecc44f4e,cty_b43cdd57,Quiet Bay,cat_db94a794,beach,27.153801,78.014577,120,0.00,INR,0.442,63,53,10:00,18:00,,winter,partial,"outdoor,crowded,ticketed,indoor","Built in stages between the fourteenth and eighteenth centuries, it repays a slow visit; the inscription on the riverside steps is easy to miss from the main path.",0,active,2026-08-18T10:00:00+05:30
poi_23e1e6ef,cty_b43cdd57,Riverside Ghats,cat_63e0475b,religious,27.2092,77.983281,60,2500.00,INR,3.208,40,75,09:00,21:00,0,winter,step_free,"indoor,sunset,sunrise,ticketed","Small enough to see in an hour, dense enough to reward two. Signage is uneven, so a guide helps.",0,active,2026-08-18T10:00:00+05:30
poi_25a10096,cty_b43cdd57,Agra Street Food Lane,cat_b591c643,food,27.224375,77.96603,180,50.00,INR,3.017,39,64,09:00,,0,winter,step_free,"outdoor,sunset,unesco,ticketed","Built in stages between the fourteenth and eighteenth centuries, it repays a slow visit; the tile mosaic on the riverside steps is easy to miss from the main path.",0,active,2026-08-18T10:00:00+05:30
poi_6779b6e6,cty_b43cdd57,Coffee Roastery Tour,cat_a01f3db5,food,27.112135,78.063774,60,350.00,INR,0.559,39,58,09:00,19:00,,winter,none,"crowded,quiet,indoor,family_friendly","Small enough to see in an hour, dense enough to reward two. Signage is uneven, so a guide helps.",0,active,2026-08-18T10:00:00+05:30
poi_fb163a6d,cty_b43cdd57,Fishermen's Cove,cat_857ee77a,beach,27.15184,78.004372,180,0.00,INR,2.367,43,50,09:00,17:00,1,winter,partial,"quiet,sunset,outdoor,sunrise","The inscription is the reason most people come, but the inner sanctum approach behind it is quieter and arguably better.",0,active,2026-08-18T10:00:00+05:30
poi_d537f687,cty_b43cdd57,Lighthouse Beach,cat_db94a794,beach,27.14331,78.075157,150,750.00,INR,3.149,79,61,06:00,21:00,,,step_free,"indoor,guided_tour,crowded,photogenic","Small enough to see in an hour, dense enough to reward two. Signage is uneven, so a guide helps.",0,active,2026-08-18T10:00:00+05:30
poi_1f6b3fea,cty_c97e6cd5,Varanasi Viewpoint,cat_5c6b9b9e,viewpoint,25.318393,82.993942,240,100.00,INR,2.138,61,59,06:00,18:00,,winter,partial,"guided_tour,unesco,indoor,sunset","The lattice screen is the reason most people come, but the upper gallery behind it is quieter and arguably better.",0,active,2026-08-18T10:00:00+05:30
poi_4b6fd669,cty_c97e6cd5,Fishermen's Cove,cat_857ee77a,beach,25.355459,82.902186,45,500.00,INR,0.162,48,43,06:00,,6,winter,partial,"crowded,photogenic,sunrise,indoor","Locals treat it as a park as much as a monument, which is worth knowing before you arrive expecting silence.",0,active,2026-08-18T10:00:00+05:30
poi_6cf96802,cty_c97e6cd5,Riverside Lounge,cat_ae5149e1,nightlife,25.352012,83.010001,60,100.00,INR,0.977,93,87,06:00,21:00,1,winter,partial,"photogenic,local_favourite,sunrise,guided_tour","Built in stages between the fourteenth and eighteenth centuries, it repays a slow visit; the tile mosaic on the riverside steps is easy to miss from the main path.",0,active,2026-08-18T10:00:00+05:30
poi_ac798552,cty_c97e6cd5,Quiet Bay,cat_db94a794,beach,25.312466,82.959071,60,50.00,INR,2.398,10,67,08:00,19:00,,winter,step_free,"sunset,quiet,photogenic,ticketed","Small enough to see in an hour, dense enough to reward two. Signage is uneven, so a guide helps.",0,active,2026-08-18T10:00:00+05:30
poi_b342c8f0,cty_c97e6cd5,Varanasi Street Food Lane,cat_a01f3db5,food,25.319864,82.952768,45,100.00,INR,0.833,91,71,10:00,19:00,,winter,none,"outdoor,sunrise,ticketed,local_favourite",Busiest between ten and one. Come at opening or an hour before closing and it is a different place entirely.,0,active,2026-08-18T10:00:00+05:30
poi_ce379b2f,cty_c97e6cd5,Varanasi Viewpoint,cat_68482803,viewpoint,25.353297,82.899114,60,50.00,INR,3.064,39,34,08:00,18:00,0,winter,none,"unesco,quiet,local_favourite,crowded","Locals treat it as a park as much as a monument, which is worth knowing before you arrive expecting silence.",0,active,2026-08-18T10:00:00+05:30
poi_3c0c89be,cty_c97e6cd5,Sunset Point,cat_87a6232b,nature,25.314343,82.955214,240,0.00,INR,2.846,41,79,08:00,19:00,6,winter,none,"crowded,outdoor,guided_tour,indoor","Built in stages between the fourteenth and eighteenth centuries, it repays a slow visit; the carved lintel on the riverside steps is easy to miss from the main path.",0,active,2026-08-18T10:00:00+05:30
poi_3f6b3047,cty_c97e6cd5,Coffee Roastery Tour,cat_260a51dc,food,25.367416,82.896872,75,2500.00,INR,2.759,82,91,06:00,21:00,,,step_free,"guided_tour,indoor,unesco,sunrise","Small enough to see in an hour, dense enough to reward two. Signage is uneven, so a guide helps.",0,active,2026-08-18T10:00:00+05:30
poi_5d60f7d3,cty_c97e6cd5,Varanasi Street Food Lane,cat_a01f3db5,food,25.360437,83.004686,180,2500.00,INR,2.9,60,59,10:00,19:00,,,step_free,"local_favourite,ticketed,quiet,sunrise","Built in stages between the fourteenth and eighteenth centuries, it repays a slow visit; the inscription on the colonnade is easy to miss from the main path.",0,active,2026-08-18T10:00:00+05:30
poi_14133aa5,cty_c97e6cd5,Rock Garden,cat_dbd7c6e8,nature,25.369151,83.002606,240,0.00,INR,2.313,47,65,06:00,18:00,,,step_free,"photogenic,family_friendly,unesco,local_favourite",Busiest between ten and one. Come at opening or an hour before closing and it is a different place entirely.,0,active,2026-08-18T10:00:00+05:30
poi_892c58e8,cty_c97e6cd5,Handloom Cooperative,cat_8c7f3fd2,shopping,25.364889,82.900456,45,350.00,INR,2.839,86,61,08:00,17:00,,winter,step_free,"crowded,indoor,guided_tour,quiet",Busiest between ten and one. Come at opening or an hour before closing and it is a different place entirely.,0,active,2026-08-18T10:00:00+05:30
poi_6714a2b7,cty_c97e6cd5,North Beach,cat_db94a794,beach,25.355999,82.959737,45,750.00,INR,3.461,40,64,08:00,21:00,,winter,partial,"quiet,sunrise,unesco,guided_tour","Small enough to see in an hour, dense enough to reward two. Signage is uneven, so a guide helps.",0,active,2026-08-18T10:00:00+05:30
poi_0fd767d1,cty_c97e6cd5,Varanasi Street Food Lane,cat_b591c643,food,25.3495,83.045322,240,50.00,INR,2.178,79,57,08:00,21:00,,winter,partial,"unesco,local_favourite,outdoor,crowded","Small enough to see in an hour, dense enough to reward two. Signage is uneven, so a guide helps.",0,active,2026-08-18T10:00:00+05:30
poi_ff07508e,cty_c97e6cd5,Handloom Cooperative,cat_8c7f3fd2,shopping,25.276193,83.009923,150,0.00,INR,0.98,99,71,10:00,19:00,,winter,none,"crowded,quiet,family_friendly,unesco",Busiest between ten and one. Come at opening or an hour before closing and it is a different place entirely.,0,active,2026-08-18T10:00:00+05:30
poi_9a818832,cty_c97e6cd5,Ridge Lookout,cat_51e6a700,viewpoint,25.278306,83.017492,150,750.00,INR,3.486,47,70,,21:00,1,winter,none,"photogenic,guided_tour,unesco,sunset","Built in stages between the fourteenth and eighteenth centuries, it repays a slow visit; the mirror work on the riverside steps is easy to miss from the main path.",0,active,2026-08-18T10:00:00+05:30
poi_45ad255e,cty_5698a7ab,Riverside Ghats,cat_63e0475b,religious,26.821994,80.926605,180,750.00,INR,0.94,48,57,08:00,19:00,,winter,step_free,"sunrise,indoor,ticketed,quiet","Built in stages between the fourteenth and eighteenth centuries, it repays a slow visit; the tile mosaic on the upper gallery is easy to miss from the main path.",0,active,2026-08-18T10:00:00+05:30
poi_19ef3aca,cty_5698a7ab,Great Mosque of Lucknow,cat_63e0475b,religious,26.787483,80.905299,120,0.00,INR,0.44,66,65,09:00,21:00,1,winter,step_free,"indoor,guided_tour,outdoor,local_favourite","The inscription is the reason most people come, but the riverside steps behind it is quieter and arguably better.",0,active,2026-08-18T10:00:00+05:30
poi_654970ad,cty_5698a7ab,Hot Springs,cat_7073a53a,wellness,26.888324,80.986546,150,500.00,INR,2.949,100,64,10:00,,6,winter,partial,"sunrise,indoor,outdoor,family_friendly",Busiest between ten and one. Come at opening or an hour before closing and it is a different place entirely.,0,active,2026-08-18T10:00:00+05:30
poi_cfe191ae,cty_5698a7ab,Royal Cenotaphs,cat_fce0bd94,heritage,26.801326,81.019677,240,100.00,INR,0.527,55,54,10:00,17:00,1,winter,partial,"local_favourite,quiet,family_friendly,sunset","Restored in the 1990s with mixed results — the inner sanctum approach is authentic, the tile mosaic is not.",0,active,2026-08-18T10:00:00+05:30
poi_1b1c636a,cty_5698a7ab,Lucknow Stepwell,cat_68482803,heritage,26.901599,80.88288,45,100.00,INR,1.527,54,83,06:00,21:00,,winter,partial,"sunrise,unesco,guided_tour,ticketed","The fresco panel is the reason most people come, but the inner sanctum approach behind it is quieter and arguably better.",0,active,2026-08-18T10:00:00+05:30
poi_6d2179fc,cty_5698a7ab,Lucknow Bird Sanctuary,cat_db384ce5,wildlife,26.799775,80.870061,60,350.00,INR,2.692,80,64,10:00,19:00,,winter,none,"sunrise,family_friendly,quiet,unesco",Busiest between ten and one. Come at opening or an hour before closing and it is a different place entirely.,0,active,2026-08-18T10:00:00+05:30
poi_3657db09,cty_5698a7ab,Lucknow Stepwell,cat_68482803,heritage,26.874718,80.992168,180,750.00,INR,1.392,61,49,08:00,18:00,0,winter,partial,"unesco,ticketed,crowded,local_favourite","The brass door is the reason most people come, but the riverside steps behind it is quieter and arguably better.",0,active,2026-08-18T10:00:00+05:30
poi_617e6210,cty_5698a7ab,Butterfly Reserve,cat_db384ce5,wildlife,26.794508,80.936335,180,0.00,INR,1.137,64,39,06:00,21:00,,winter,none,"unesco,outdoor,guided_tour,family_friendly",Busiest between ten and one. Come at opening or an hour before closing and it is a different place entirely.,0,active,2026-08-18T10:00:00+05:30
poi_537e1423,cty_5698a7ab,Hot Springs,cat_829c3404,wellness,26.818024,80.98927,60,350.00,INR,2.177,71,73,,21:00,,winter,partial,"sunset,family_friendly,photogenic,outdoor","Built in stages between the fourteenth and eighteenth centuries, it repays a slow visit; the tile mosaic on the rear terrace is easy to miss from the main path.",0,active,2026-08-18T10:00:00+05:30
poi_4014708e,cty_5698a7ab,Yoga Shala,cat_829c3404,wellness,26.83056,81.013129,60,750.00,INR,2.806,90,81,08:00,18:00,,winter,partial,"ticketed,outdoor,local_favourite,guided_tour","Restored in the 1990s with mixed results — the rear terrace is authentic, the lattice screen is not.",0,active,2026-08-18T10:00:00+05:30
poi_11e2b165,cty_5698a7ab,Hot Springs,cat_829c3404,wellness,26.857033,80.990185,120,750.00,INR,2.223,65,46,08:00,17:00,,winter,partial,"quiet,photogenic,outdoor,ticketed","Restored in the 1990s with mixed results — the upper gallery is authentic, the brass door is not.",0,active,2026-08-18T10:00:00+05:30
poi_65449925,cty_5698a7ab,Rock Climbing Wall,cat_5c6b9b9e,adventure,26.797709,81.018178,60,0.00,INR,2.95,69,68,06:00,17:00,6,winter,none,"indoor,family_friendly,guided_tour,sunset","Restored in the 1990s with mixed results — the rear terrace is authentic, the tile mosaic is not.",0,active,2026-08-18T10:00:00+05:30
poi_13219d0d,cty_5698a7ab,North Beach,cat_857ee77a,beach,26.900476,80.989712,150,350.00,INR,2.47,51,53,09:00,18:00,,winter,step_free,"indoor,ticketed,photogenic,quiet","The step-well geometry is the reason most people come, but the colonnade behind it is quieter and arguably better.",0,active,2026-08-18T10:00:00+05:30
poi_29010ad1,cty_5698a7ab,Great Mosque of Lucknow,cat_7e99ea32,religious,26.857625,80.950013,90,0.00,INR,2.775,75,37,09:00,19:00,,winter,step_free,"sunrise,indoor,sunset,outdoor",Busiest between ten and one. Come at opening or an hour before closing and it is a different place entirely.,0,active,2026-08-18T10:00:00+05:30
poi_60c9ded0,cty_5698a7ab,Lucknow Bird Sanctuary,cat_db384ce5,wildlife,26.784118,80.954784,150,200.00,INR,1.278,94,60,09:00,21:00,,winter,partial,"outdoor,guided_tour,ticketed,family_friendly",Busiest between ten and one. Come at opening or an hour before closing and it is a different place entirely.,1,active,2026-08-18T10:00:00+05:30
poi_6dce5a76,cty_0b92e2e7,Ayurveda Centre,cat_7073a53a,wellness,28.621122,77.163478,240,0.00,INR,0.37,61,54,,21:00,,winter,step_free,"unesco,guided_tour,photogenic,family_friendly","Locals treat it as a park as much as a monument, which is worth knowing before you arrive expecting silence.",0,active,2026-08-18T10:00:00+05:30
poi_356fc49a,cty_0b92e2e7,Jain Temple Complex,cat_7e99ea32,religious,28.583577,77.273214,120,100.00,INR,2.92,40,90,09:00,21:00,,winter,partial,"crowded,family_friendly,ticketed,unesco","Restored in the 1990s with mixed results — the north courtyard is authentic, the lattice screen is not.",0,active,2026-08-18T10:00:00+05:30
poi_d3737db1,cty_0b92e2e7,Yoga Shala,cat_7073a53a,wellness,28.670756,77.260983,60,0.00,INR,0.273,82,71,06:00,17:00,,winter,partial,"quiet,guided_tour,family_friendly,local_favourite","Built in stages between the fourteenth and eighteenth centuries, it repays a slow visit; the lattice screen on the inner sanctum approach is easy to miss from the main path.",0,active,2026-08-18T10:00:00+05:30
poi_453bdf21,cty_0b92e2e7,Yoga Shala,cat_7073a53a,wellness,28.574029,77.265273,150,750.00,INR,2.983,41,85,09:00,,,,none,"sunrise,guided_tour,ticketed,photogenic","Locals treat it as a park as much as a monument, which is worth knowing before you arrive expecting silence.",0,active,2026-08-18T10:00:00+05:30
poi_0f2aad38,cty_0b92e2e7,Elephant Camp,cat_db384ce5,wildlife,28.606214,77.131814,60,0.00,INR,1.313,40,61,06:00,19:00,1,winter,partial,"photogenic,crowded,quiet,outdoor","Restored in the 1990s with mixed results — the upper gallery is authentic, the tile mosaic is not.",0,active,2026-08-18T10:00:00+05:30
poi_04a93c99,cty_0b92e2e7,Butterfly Reserve,cat_200acca0,wildlife,28.637277,77.212267,60,500.00,INR,1.251,73,32,06:00,18:00,6,winter,partial,"outdoor,ticketed,indoor,unesco",Busiest between ten and one. Come at opening or an hour before closing and it is a different place entirely.,0,active,2026-08-18T10:00:00+05:30
poi_854510d3,cty_0b92e2e7,Rock Garden,cat_e8ba72de,nature,28.684991,77.212087,240,50.00,INR,2.72,21,57,10:00,17:00,,winter,step_free,"sunrise,unesco,sunset,outdoor","Small enough to see in an hour, dense enough to reward two. Signage is uneven, so a guide helps.",0,active,2026-08-18T10:00:00+05:30
poi_b678840e,cty_0b92e2e7,Night Food Bazaar,cat_260a51dc,food,28.611605,77.215122,45,100.00,INR,2.088,63,58,08:00,21:00,,winter,none,"ticketed,quiet,sunrise,guided_tour",Busiest between ten and one. Come at opening or an hour before closing and it is a different place entirely.,0,active,2026-08-18T10:00:00+05:30
poi_59a49b81,cty_0b92e2e7,New Delhi Temple,cat_63e0475b,religious,28.619765,77.280996,60,0.00,INR,2.247,86,51,08:00,17:00,6,winter,partial,"sunrise,family_friendly,photogenic,quiet","Small enough to see in an hour, dense enough to reward two. Signage is uneven, so a guide helps.",0,active,2026-08-18T10:00:00+05:30
poi_69af3525,cty_0b92e2e7,Great Mosque of New Delhi,cat_7e99ea32,religious,28.610056,77.250805,180,200.00,INR,2.121,41,65,06:00,17:00,0,,none,"guided_tour,local_favourite,photogenic,sunrise","The step-well geometry is the reason most people come, but the north courtyard behind it is quieter and arguably better.",0,active,2026-08-18T10:00:00+05:30
poi_ec504151,cty_0b92e2e7,Jain Temple Complex,cat_63e0475b,religious,28.668555,77.202442,150,0.00,INR,3.495,71,98,06:00,21:00,,winter,step_free,"sunrise,photogenic,sunset,ticketed","Built in stages between the fourteenth and eighteenth centuries, it repays a slow visit; the brass door on the upper gallery is easy to miss from the main path.",0,active,2026-08-18T10:00:00+05:30
poi_ee3f6b58,cty_0b92e2e7,Botanical Gardens,cat_e8ba72de,nature,28.556468,77.190564,45,1200.00,INR,3.065,65,71,10:00,18:00,6,winter,step_free,"ticketed,unesco,photogenic,quiet","Small enough to see in an hour, dense enough to reward two. Signage is uneven, so a guide helps.",0,active,2026-08-18T10:00:00+05:30
poi_a8ca10a8,cty_0b92e2e7,Rock Climbing Wall,cat_12271927,adventure,28.545066,77.206807,120,0.00,INR,1.777,46,45,,,,winter,partial,"quiet,family_friendly,outdoor,photogenic","Restored in the 1990s with mixed results — the colonnade is authentic, the step-well geometry is not.",0,active,2026-08-18T10:00:00+05:30
poi_0e9efeae,cty_0b92e2e7,Riverside Lounge,cat_ae5149e1,nightlife,28.659421,77.210194,75,1200.00,INR,1.488,59,33,,17:00,6,,partial,"family_friendly,crowded,guided_tour,outdoor","Locals treat it as a park as much as a monument, which is worth knowing before you arrive expecting silence.",0,active,2026-08-18T10:00:00+05:30
poi_428db857,cty_0b92e2e7,Ayurveda Centre,cat_7073a53a,wellness,28.646092,77.287344,60,200.00,INR,3.41,79,76,10:00,,,,none,"ticketed,outdoor,local_favourite,quiet","Built in stages between the fourteenth and eighteenth centuries, it repays a slow visit; the step-well geometry on the colonnade is easy to miss from the main path.",0,active,2026-08-18T10:00:00+05:30
poi_66c3e7d9,cty_0d062a51,Riverside Lounge,cat_3ecd28b3,nightlife,31.616773,74.920671,120,2500.00,INR,2.243,68,76,09:00,,1,winter,step_free,"sunset,local_favourite,family_friendly,quiet",Busiest between ten and one. Come at opening or an hour before closing and it is a different place entirely.,0,active,2026-08-18T10:00:00+05:30
poi_c8a30b2b,cty_0d062a51,Riverside Ghats,cat_63e0475b,religious,31.665966,74.872664,90,50.00,INR,1.589,74,54,10:00,18:00,,,partial,"indoor,crowded,quiet,outdoor","Restored in the 1990s with mixed results — the inner sanctum approach is authentic, the lattice screen is not.",0,active,2026-08-18T10:00:00+05:30
poi_814c5981,cty_0d062a51,Kayaking at Amritsar,cat_5c6b9b9e,adventure,31.581991,74.866632,180,100.00,INR,3.197,58,51,10:00,21:00,,,step_free,"sunrise,indoor,crowded,ticketed","The lattice screen is the reason most people come, but the north courtyard behind it is quieter and arguably better.",0,active,2026-08-18T10:00:00+05:30
poi_da4f49cf,cty_0d062a51,Hot Springs,cat_7073a53a,wellness,31.649099,74.883665,75,0.00,INR,2.044,23,55,08:00,21:00,,winter,none,"family_friendly,unesco,photogenic,crowded","Built in stages between the fourteenth and eighteenth centuries, it repays a slow visit; the brass door on the upper gallery is easy to miss from the main path.",0,active,2026-08-18T10:00:00+05:30
poi_f069d484,cty_0d062a51,Rooftop Live Music,cat_ae5149e1,nightlife,31.635671,74.835059,150,500.00,INR,2.019,33,48,,,6,winter,partial,"family_friendly,crowded,sunrise,sunset","Locals treat it as a park as much as a monument, which is worth knowing before you arrive expecting silence.",0,active,2026-08-18T10:00:00+05:30
poi_a2b2ebb4,cty_0d062a51,"Jazz Cellar, Amritsar",cat_ae5149e1,nightlife,31.648882,74.845764,120,0.00,INR,2.016,46,62,10:00,18:00,,,step_free,"sunrise,family_friendly,quiet,unesco",Busiest between ten and one. Come at opening or an hour before closing and it is a different place entirely.,0,active,2026-08-18T10:00:00+05:30
poi_2b68f8e3,cty_0d062a51,Kayaking at Amritsar,cat_51e6a700,adventure,31.588204,74.940204,60,2500.00,INR,1.212,35,60,09:00,18:00,,winter,none,"crowded,indoor,sunrise,local_favourite","Restored in the 1990s with mixed results — the riverside steps is authentic, the carved lintel is not.",0,active,2026-08-18T10:00:00+05:30
poi_e6da4930,cty_0d062a51,Hot Air Balloon Field,cat_51e6a700,adventure,31.672477,74.859133,90,0.00,INR,2.297,58,75,09:00,17:00,,winter,none,"sunset,quiet,photogenic,outdoor","The brass door is the reason most people come, but the inner sanctum approach behind it is quieter and arguably better.",0,active,2026-08-18T10:00:00+05:30
poi_16a57a9d,cty_0d062a51,Blue Pottery Workshop,cat_70320c9b,shopping,31.622468,74.816618,180,0.00,INR,1.86,34,50,08:00,,1,winter,step_free,"sunrise,unesco,family_friendly,quiet","Restored in the 1990s with mixed results — the rear terrace is authentic, the inscription is not.",0,active,2026-08-18T10:00:00+05:30
poi_65054389,cty_0d062a51,Lighthouse Beach,cat_857ee77a,beach,31.637378,74.91631,75,200.00,INR,2.756,64,82,10:00,17:00,,winter,step_free,"ticketed,quiet,local_favourite,crowded","Locals treat it as a park as much as a monument, which is worth knowing before you arrive expecting silence.",0,active,2026-08-18T10:00:00+05:30
poi_4a4c1328,cty_0d062a51,Yoga Shala,cat_829c3404,wellness,31.685943,74.788844,75,100.00,INR,2.186,45,53,09:00,18:00,0,winter,step_free,"sunrise,outdoor,photogenic,indoor","Restored in the 1990s with mixed results — the colonnade is authentic, the brass door is not.",0,active,2026-08-18T10:00:00+05:30
poi_757a53e0,cty_0d062a51,Riverside Lounge,cat_3ecd28b3,nightlife,31.568824,74.926134,240,200.00,INR,0.183,49,63,06:00,18:00,,winter,partial,"unesco,local_favourite,quiet,crowded",Busiest between ten and one. Come at opening or an hour before closing and it is a different place entirely.,0,active,2026-08-18T10:00:00+05:30
poi_baa25090,cty_0d062a51,Water Palace,cat_c03ee00a,heritage,31.670214,74.951705,150,2500.00,INR,2.719,52,72,09:00,19:00,,winter,none,"sunrise,outdoor,unesco,sunset","Small enough to see in an hour, dense enough to reward two. Signage is uneven, so a guide helps.",0,active,2026-08-18T10:00:00+05:30
poi_89d38def,cty_0d062a51,Cycling Loop,cat_51e6a700,adventure,31.562211,74.867152,150,0.00,INR,1.907,70,81,06:00,,,,step_free,"family_friendly,ticketed,photogenic,sunrise","Small enough to see in an hour, dense enough to reward two. Signage is uneven, so a guide helps.",0,active,2026-08-18T10:00:00+05:30
poi_bfc63913,cty_0d062a51,Handloom Cooperative,cat_f2c80643,shopping,31.611416,74.954755,60,750.00,INR,0.739,46,96,,,1,winter,partial,"local_favourite,family_friendly,photogenic,outdoor",Busiest between ten and one. Come at opening or an hour before closing and it is a different place entirely.,0,active,2026-08-18T10:00:00+05:30
poi_7213a07d,cty_32e8e65c,Quiet Bay,cat_db94a794,beach,31.043408,77.10535,240,50.00,INR,1.373,91,94,06:00,21:00,0,summer,partial,"family_friendly,local_favourite,quiet,unesco","Small enough to see in an hour, dense enough to reward two. Signage is uneven, so a guide helps.",1,active,2026-08-18T10:00:00+05:30
poi_09155f8c,cty_32e8e65c,Quiet Bay,cat_857ee77a,beach,31.076265,77.099822,45,0.00,INR,1.877,36,46,10:00,21:00,6,,partial,"family_friendly,photogenic,sunrise,unesco","Built in stages between the fourteenth and eighteenth centuries, it repays a slow visit; the mirror work on the colonnade is easy to miss from the main path.",1,active,2026-08-18T10:00:00+05:30
poi_35d011e8,cty_32e8e65c,Botanical Gardens,cat_e8ba72de,nature,31.142962,77.121458,120,50.00,INR,0.618,85,64,10:00,19:00,,summer,step_free,"quiet,guided_tour,indoor,unesco",Busiest between ten and one. Come at opening or an hour before closing and it is a different place entirely.,1,active,2026-08-18T10:00:00+05:30
poi_eccc86ce,cty_32e8e65c,Maritime Museum,cat_a6c4c438,museum,31.108822,77.135295,180,1200.00,INR,2.299,52,61,,18:00,0,summer,step_free,"unesco,outdoor,indoor,crowded",Busiest between ten and one. Come at opening or an hour before closing and it is a different place entirely.,0,active,2026-08-18T10:00:00+05:30
poi_05550f9c,cty_32e8e65c,Night Food Bazaar,cat_34ac5ade,food,31.170033,77.117406,75,200.00,INR,0.815,12,60,09:00,17:00,,summer,none,"family_friendly,photogenic,outdoor,crowded","The lattice screen is the reason most people come, but the rear terrace behind it is quieter and arguably better.",0,active,2026-08-18T10:00:00+05:30
poi_e337e6d3,cty_32e8e65c,Textile Museum,cat_648738e2,museum,31.162286,77.100892,240,0.00,INR,3.01,25,40,06:00,21:00,,summer,partial,"crowded,ticketed,local_favourite,sunset","Locals treat it as a park as much as a monument, which is worth knowing before you arrive expecting silence.",0,active,2026-08-18T10:00:00+05:30
poi_6431c980,cty_32e8e65c,Cooking Class at Old Town,cat_34ac5ade,food,31.13592,77.101503,120,0.00,INR,1.725,54,93,09:00,19:00,,,none,"sunset,outdoor,sunrise,family_friendly","Built in stages between the fourteenth and eighteenth centuries, it repays a slow visit; the brass door on the inner sanctum approach is easy to miss from the main path.",0,active,2026-08-18T10:00:00+05:30
poi_5a5793a8,cty_32e8e65c,Watchtower Terrace,cat_260a51dc,viewpoint,31.163511,77.254578,120,0.00,INR,1.464,84,83,09:00,21:00,0,summer,none,"quiet,local_favourite,indoor,guided_tour","Small enough to see in an hour, dense enough to reward two. Signage is uneven, so a guide helps.",0,active,2026-08-18T10:00:00+05:30
poi_4c87ddee,cty_32e8e65c,Antique Lane,cat_f2c80643,shopping,31.08498,77.210354,90,0.00,INR,1.185,66,89,06:00,18:00,,summer,none,"photogenic,crowded,guided_tour,quiet","The brass door is the reason most people come, but the rear terrace behind it is quieter and arguably better.",0,active,2026-08-18T10:00:00+05:30
poi_660b0d33,cty_32e8e65c,Rock Garden,cat_87a6232b,nature,31.148032,77.21573,240,350.00,INR,0.487,56,81,,18:00,0,summer,partial,"sunset,unesco,outdoor,local_favourite","Built in stages between the fourteenth and eighteenth centuries, it repays a slow visit; the mirror work on the colonnade is easy to miss from the main path.",0,active,2026-08-18T10:00:00+05:30
poi_b35717f6,cty_32e8e65c,Lighthouse Beach,cat_db94a794,beach,31.137786,77.237437,45,350.00,INR,0.752,42,66,06:00,21:00,,,step_free,"sunrise,quiet,indoor,photogenic","Small enough to see in an hour, dense enough to reward two. Signage is uneven, so a guide helps.",0,active,2026-08-18T10:00:00+05:30
poi_1cdce06b,cty_32e8e65c,Shimla Viewpoint,cat_db384ce5,viewpoint,31.172146,77.217512,60,200.00,INR,0.123,91,37,09:00,,,,step_free,"outdoor,crowded,guided_tour,local_favourite",Busiest between ten and one. Come at opening or an hour before closing and it is a different place entirely.,0,active,2026-08-18T10:00:00+05:30
poi_e5100a66,cty_32e8e65c,Coffee Roastery Tour,cat_a01f3db5,food,31.13042,77.099688,90,0.00,INR,3.168,58,54,10:00,21:00,1,,partial,"photogenic,quiet,unesco,family_friendly","The brass door is the reason most people come, but the rear terrace behind it is quieter and arguably better.",0,active,2026-08-18T10:00:00+05:30
poi_fec61450,cty_32e8e65c,Jain Temple Complex,cat_7e99ea32,religious,31.041811,77.218731,180,0.00,INR,3.436,51,67,10:00,17:00,6,summer,partial,"unesco,family_friendly,photogenic,indoor","Locals treat it as a park as much as a monument, which is worth knowing before you arrive expecting silence.",0,active,2026-08-18T10:00:00+05:30
poi_3a3efeb8,cty_32e8e65c,Jain Temple Complex,cat_63e0475b,religious,31.139568,77.090123,120,500.00,INR,2.308,75,51,09:00,17:00,1,summer,partial,"quiet,indoor,guided_tour,sunrise","Locals treat it as a park as much as a monument, which is worth knowing before you arrive expecting silence.",0,active,2026-08-18T10:00:00+05:30
poi_080ec099,cty_9327d518,Hilltop Shrine,cat_7e99ea32,religious,32.308453,77.264401,120,0.00,INR,3.377,39,58,09:00,19:00,,summer,partial,"ticketed,sunset,local_favourite,unesco","Restored in the 1990s with mixed results — the inner sanctum approach is authentic, the fresco panel is not.",0,active,2026-08-18T10:00:00+05:30
poi_56eec1f7,cty_9327d518,Riverside Lounge,cat_ae5149e1,nightlife,32.189016,77.146862,75,0.00,INR,0.368,49,67,09:00,17:00,,summer,partial,"local_favourite,guided_tour,photogenic,crowded","The brass door is the reason most people come, but the inner sanctum approach behind it is quieter and arguably better.",0,active,2026-08-18T10:00:00+05:30
poi_27e69b68,cty_9327d518,Zipline Point,cat_51e6a700,adventure,32.264243,77.205983,180,350.00,INR,0.787,47,38,08:00,21:00,1,summer,none,"photogenic,sunset,ticketed,outdoor","Small enough to see in an hour, dense enough to reward two. Signage is uneven, so a guide helps.",0,active,2026-08-18T10:00:00+05:30
poi_a42d04ae,cty_9327d518,Riverside Lounge,cat_3ecd28b3,nightlife,32.25252,77.111572,120,750.00,INR,3.154,63,49,09:00,18:00,6,,none,"photogenic,indoor,local_favourite,family_friendly","Restored in the 1990s with mixed results — the inner sanctum approach is authentic, the tile mosaic is not.",0,active,2026-08-18T10:00:00+05:30
poi_3cd58d03,cty_9327d518,Botanical Gardens,cat_87a6232b,nature,32.229551,77.110173,60,0.00,INR,1.392,31,66,09:00,21:00,0,summer,step_free,"local_favourite,sunrise,ticketed,guided_tour","Small enough to see in an hour, dense enough to reward two. Signage is uneven, so a guide helps.",0,active,2026-08-18T10:00:00+05:30
poi_d19e8a0d,cty_9327d518,Butterfly Reserve,cat_6b229a53,wildlife,32.247799,77.116878,180,0.00,INR,1.694,56,65,08:00,19:00,,summer,partial,"ticketed,crowded,unesco,sunrise","The brass door is the reason most people come, but the inner sanctum approach behind it is quieter and arguably better.",0,active,2026-08-18T10:00:00+05:30
poi_858d379c,cty_9327d518,Puppet Museum,cat_a74a90c1,museum,32.273167,77.180433,120,0.00,INR,3.174,88,71,08:00,21:00,6,summer,step_free,"indoor,guided_tour,local_favourite,quiet","Locals treat it as a park as much as a monument, which is worth knowing before you arrive expecting silence.",0,active,2026-08-18T10:00:00+05:30
poi_9de9c403,cty_9327d518,Great Mosque of Manali,cat_7e99ea32,religious,32.275605,77.125741,180,350.00,INR,2.039,64,55,08:00,17:00,,,step_free,"quiet,sunset,crowded,photogenic","The carved lintel is the reason most people come, but the colonnade behind it is quieter and arguably better.",0,active,2026-08-18T10:00:00+05:30
poi_b6329778,cty_9327d518,Hilltop Shrine,cat_63e0475b,religious,32.208847,77.150015,90,50.00,INR,1.535,23,41,10:00,21:00,,,partial,"unesco,family_friendly,sunset,indoor","Restored in the 1990s with mixed results — the upper gallery is authentic, the brass door is not.",0,active,2026-08-18T10:00:00+05:30
poi_981e6149,cty_9327d518,Coffee Roastery Tour,cat_34ac5ade,food,32.186387,77.138482,120,200.00,INR,2.53,66,73,08:00,19:00,,summer,partial,"local_favourite,sunrise,guided_tour,crowded","Locals treat it as a park as much as a monument, which is worth knowing before you arrive expecting silence.",0,active,2026-08-18T10:00:00+05:30
poi_6580da95,cty_9327d518,Rock Climbing Wall,cat_12271927,adventure,32.178052,77.110762,45,750.00,INR,1.292,49,70,09:00,18:00,,summer,none,"guided_tour,crowded,sunrise,ticketed","Built in stages between the fourteenth and eighteenth centuries, it repays a slow visit; the brass door on the riverside steps is easy to miss from the main path.",0,active,2026-08-18T10:00:00+05:30
poi_d0aa4cac,cty_9327d518,Watchtower Terrace,cat_34ac5ade,viewpoint,32.303916,77.18585,240,500.00,INR,0.624,39,38,10:00,19:00,,summer,step_free,"crowded,indoor,unesco,family_friendly","Small enough to see in an hour, dense enough to reward two. Signage is uneven, so a guide helps.",0,active,2026-08-18T10:00:00+05:30
poi_7a4468c4,cty_9327d518,Watchtower Terrace,cat_8f5457b4,viewpoint,32.27688,77.197189,90,0.00,INR,2.271,42,45,09:00,21:00,,summer,step_free,"outdoor,indoor,family_friendly,quiet",Busiest between ten and one. Come at opening or an hour before closing and it is a different place entirely.,0,active,2026-08-18T10:00:00+05:30
poi_d668c5ae,cty_9327d518,Cycling Loop,cat_51e6a700,adventure,32.299171,77.12465,90,350.00,INR,3.289,43,54,09:00,19:00,1,summer,none,"quiet,sunrise,outdoor,photogenic",Busiest between ten and one. Come at opening or an hour before closing and it is a different place entirely.,0,active,2026-08-18T10:00:00+05:30
poi_9e696660,cty_9327d518,Botanical Gardens,cat_fda74089,nature,32.184035,77.191277,120,50.00,INR,0.474,49,45,06:00,21:00,,summer,partial,"sunrise,guided_tour,quiet,photogenic","Built in stages between the fourteenth and eighteenth centuries, it repays a slow visit; the tile mosaic on the north courtyard is easy to miss from the main path.",0,active,2026-08-18T10:00:00+05:30
poi_55efa344,cty_d35a9652,Rishikesh Bazaar,cat_70320c9b,shopping,30.058756,78.228961,150,750.00,INR,2.977,58,39,08:00,19:00,0,spring,step_free,"photogenic,crowded,unesco,local_favourite","Restored in the 1990s with mixed results — the riverside steps is authentic, the mirror work is not.",0,active,2026-08-18T10:00:00+05:30
poi_7bd45bdd,cty_d35a9652,Fishermen's Cove,cat_db94a794,beach,30.143144,78.230029,45,750.00,INR,3.406,74,9,06:00,17:00,,spring,none,"sunset,crowded,indoor,outdoor","Small enough to see in an hour, dense enough to reward two. Signage is uneven, so a guide helps.",1,active,2026-08-18T10:00:00+05:30
poi_bbd7ce43,cty_d35a9652,Rishikesh Bazaar,cat_f2c80643,shopping,30.039083,78.286352,150,0.00,INR,2.957,36,68,08:00,19:00,,,partial,"ticketed,crowded,photogenic,family_friendly","Built in stages between the fourteenth and eighteenth centuries, it repays a slow visit; the step-well geometry on the riverside steps is easy to miss from the main path.",0,active,2026-08-18T10:00:00+05:30
poi_6da0c869,cty_d35a9652,Blue Pottery Workshop,cat_8c7f3fd2,shopping,30.070812,78.257843,75,750.00,INR,0.67,3,77,10:00,21:00,1,spring,none,"indoor,crowded,photogenic,sunset","Built in stages between the fourteenth and eighteenth centuries, it repays a slow visit; the step-well geometry on the colonnade is easy to miss from the main path.",0,active,2026-08-18T10:00:00+05:30
poi_f9f12b4d,cty_d35a9652,Yoga Shala,cat_829c3404,wellness,30.060235,78.263037,240,0.00,INR,2.71,59,24,06:00,19:00,,spring,step_free,"unesco,outdoor,indoor,photogenic","Restored in the 1990s with mixed results — the north courtyard is authentic, the fresco panel is not.",0,active,2026-08-18T10:00:00+05:30
poi_090cc669,cty_d35a9652,Butterfly Reserve,cat_6b229a53,wildlife,30.129301,78.212164,45,0.00,INR,2.845,54,55,06:00,19:00,,spring,step_free,"crowded,unesco,indoor,outdoor","Restored in the 1990s with mixed results — the north courtyard is authentic, the brass door is not.",0,active,2026-08-18T10:00:00+05:30
poi_0e7b7fc0,cty_d35a9652,Yoga Shala,cat_7073a53a,wellness,30.122918,78.317564,120,0.00,INR,0.713,33,48,10:00,21:00,,spring,step_free,"ticketed,sunrise,family_friendly,photogenic","Small enough to see in an hour, dense enough to reward two. Signage is uneven, so a guide helps.",0,active,2026-08-18T10:00:00+05:30
poi_e78bfaee,cty_d35a9652,Fishermen's Cove,cat_db94a794,beach,30.042054,78.265457,150,0.00,INR,2.485,36,61,08:00,,,spring,step_free,"sunset,indoor,guided_tour,sunrise","Small enough to see in an hour, dense enough to reward two. Signage is uneven, so a guide helps.",0,active,2026-08-18T10:00:00+05:30
poi_c74c12ed,cty_d35a9652,Hot Springs,cat_7073a53a,wellness,30.030123,78.31274,45,350.00,INR,0.896,45,80,06:00,21:00,6,spring,partial,"crowded,quiet,outdoor,sunset","Built in stages between the fourteenth and eighteenth centuries, it repays a slow visit; the lattice screen on the north courtyard is easy to miss from the main path.",0,active,2026-08-18T10:00:00+05:30
poi_889f4e87,cty_d35a9652,Puppet Museum,cat_648738e2,museum,30.112552,78.20875,240,0.00,INR,3.26,74,66,10:00,,0,spring,none,"photogenic,ticketed,guided_tour,local_favourite","Built in stages between the fourteenth and eighteenth centuries, it repays a slow visit; the lattice screen on the colonnade is easy to miss from the main path.",0,active,2026-08-18T10:00:00+05:30
poi_1461e306,cty_d35a9652,Riverside Ghats,cat_63e0475b,religious,30.145092,78.229662,75,500.00,INR,2.371,75,45,10:00,18:00,,spring,none,"photogenic,local_favourite,ticketed,crowded","Restored in the 1990s with mixed results — the riverside steps is authentic, the mirror work is not.",0,active,2026-08-18T10:00:00+05:30
poi_475d7338,cty_d35a9652,Maritime Museum,cat_648738e2,museum,30.081882,78.274121,120,0.00,INR,2.993,88,76,06:00,18:00,,spring,partial,"family_friendly,photogenic,guided_tour,ticketed","Restored in the 1990s with mixed results — the riverside steps is authentic, the step-well geometry is not.",0,active,2026-08-18T10:00:00+05:30
poi_21a4922d,cty_d35a9652,Quiet Bay,cat_db94a794,beach,30.110298,78.238417,45,1200.00,INR,1.349,54,20,08:00,19:00,0,spring,none,"sunset,outdoor,family_friendly,ticketed","Built in stages between the fourteenth and eighteenth centuries, it repays a slow visit; the mirror work on the rear terrace is easy to miss from the main path.",0,active,2026-08-18T10:00:00+05:30
poi_41810a53,cty_d35a9652,Hilltop Shrine,cat_7e99ea32,religious,30.098034,78.19844,120,200.00,INR,1.96,82,70,10:00,17:00,6,spring,partial,"ticketed,family_friendly,quiet,unesco","Locals treat it as a park as much as a monument, which is worth knowing before you arrive expecting silence.",0,active,2026-08-18T10:00:00+05:30
poi_96add6ac,cty_d35a9652,Fishermen's Cove,cat_db94a794,beach,30.102745,78.343647,180,1200.00,INR,0.86,57,67,08:00,21:00,0,,step_free,"sunrise,ticketed,quiet,outdoor","Restored in the 1990s with mixed results — the colonnade is authentic, the brass door is not.",0,active,2026-08-18T10:00:00+05:30
poi_7cd2e8cd,cty_0d9ab6ff,Museum of Coins,cat_a6c4c438,museum,29.383659,79.503559,45,0.00,INR,1.271,74,23,08:00,17:00,6,summer,step_free,"family_friendly,photogenic,quiet,guided_tour","Locals treat it as a park as much as a monument, which is worth knowing before you arrive expecting silence.",0,active,2026-08-18T10:00:00+05:30
poi_3dd6c5b0,cty_0d9ab6ff,Puppet Museum,cat_a6c4c438,museum,29.321595,79.492768,150,100.00,INR,2.682,34,25,,19:00,,summer,none,"outdoor,family_friendly,sunset,unesco","The carved lintel is the reason most people come, but the colonnade behind it is quieter and arguably better.",0,active,2026-08-18T10:00:00+05:30
poi_d9ef734e,cty_0d9ab6ff,Rooftop Live Music,cat_ae5149e1,nightlife,29.344636,79.446285,90,100.00,INR,0.447,64,63,08:00,18:00,,summer,step_free,"outdoor,local_favourite,photogenic,family_friendly","Built in stages between the fourteenth and eighteenth centuries, it repays a slow visit; the inscription on the colonnade is easy to miss from the main path.",0,active,2026-08-18T10:00:00+05:30
poi_5e69bc20,cty_0d9ab6ff,Handloom Cooperative,cat_8c7f3fd2,shopping,29.365986,79.397682,90,750.00,INR,1.829,33,60,09:00,18:00,0,summer,none,"family_friendly,indoor,sunrise,ticketed","Built in stages between the fourteenth and eighteenth centuries, it repays a slow visit; the mirror work on the upper gallery is easy to miss from the main path.",0,active,2026-08-18T10:00:00+05:30
poi_c21309f4,cty_0d9ab6ff,Sunset Point,cat_87a6232b,nature,29.393112,79.430277,120,2500.00,INR,3.352,86,67,10:00,18:00,,,step_free,"family_friendly,ticketed,guided_tour,indoor","Small enough to see in an hour, dense enough to reward two. Signage is uneven, so a guide helps.",0,active,2026-08-18T10:00:00+05:30
poi_a79ecb61,cty_0d9ab6ff,Backwater Channel,cat_dbd7c6e8,nature,29.418873,79.458167,180,750.00,INR,1.682,75,72,09:00,,,summer,none,"family_friendly,crowded,sunset,ticketed",Busiest between ten and one. Come at opening or an hour before closing and it is a different place entirely.,0,active,2026-08-18T10:00:00+05:30
poi_6d8ec0be,cty_0d9ab6ff,Ayurveda Centre,cat_829c3404,wellness,29.389594,79.395264,180,750.00,INR,1.29,36,84,,17:00,1,summer,partial,"indoor,photogenic,ticketed,unesco","The brass door is the reason most people come, but the north courtyard behind it is quieter and arguably better.",0,active,2026-08-18T10:00:00+05:30
poi_0c84f287,cty_0d9ab6ff,Nainital Bazaar,cat_70320c9b,shopping,29.446359,79.535804,45,50.00,INR,1.827,73,68,08:00,19:00,,summer,partial,"crowded,ticketed,local_favourite,guided_tour","Locals treat it as a park as much as a monument, which is worth knowing before you arrive expecting silence.",0,active,2026-08-18T10:00:00+05:30
poi_a1e5f2e6,cty_0d9ab6ff,Yoga Shala,cat_829c3404,wellness,29.3197,79.51588,45,2500.00,INR,3.367,69,73,10:00,19:00,0,summer,step_free,"sunrise,indoor,guided_tour,outdoor","Built in stages between the fourteenth and eighteenth centuries, it repays a slow visit; the inscription on the riverside steps is easy to miss from the main path.",0,active,2026-08-18T10:00:00+05:30
poi_d5409022,cty_0d9ab6ff,"St Mary's Church, Nainital",cat_63e0475b,religious,29.413973,79.539781,45,100.00,INR,2.483,63,48,09:00,21:00,,summer,step_free,"outdoor,sunrise,photogenic,local_favourite","Built in stages between the fourteenth and eighteenth centuries, it repays a slow visit; the fresco panel on the rear terrace is easy to miss from the main path.",0,active,2026-08-18T10:00:00+05:30
poi_584276b6,cty_0d9ab6ff,Nainital Temple,cat_63e0475b,religious,29.39167,79.497479,45,2500.00,INR,3.314,61,37,09:00,18:00,6,summer,none,"outdoor,guided_tour,indoor,crowded","Built in stages between the fourteenth and eighteenth centuries, it repays a slow visit; the step-well geometry on the riverside steps is easy to miss from the main path.",0,active,2026-08-18T10:00:00+05:30
poi_d8ffbfe8,cty_0d9ab6ff,Antique Lane,cat_f2c80643,shopping,29.421303,79.514595,150,0.00,INR,0.36,3,8,08:00,18:00,1,summer,step_free,"guided_tour,quiet,family_friendly,ticketed","Locals treat it as a park as much as a monument, which is worth knowing before you arrive expecting silence.",0,active,2026-08-18T10:00:00+05:30
poi_38e1ec96,cty_0d9ab6ff,Textile Museum,cat_a6c4c438,museum,29.32569,79.437866,180,750.00,INR,1.871,73,55,,,1,,step_free,"guided_tour,crowded,photogenic,quiet","Restored in the 1990s with mixed results — the riverside steps is authentic, the tile mosaic is not.",0,active,2026-08-18T10:00:00+05:30
poi_1b0630d5,cty_0d9ab6ff,Nainital Temple,cat_63e0475b,religious,29.441516,79.382581,150,200.00,INR,0.419,64,72,08:00,19:00,,,partial,"local_favourite,guided_tour,sunset,quiet","Locals treat it as a park as much as a monument, which is worth knowing before you arrive expecting silence.",0,active,2026-08-18T10:00:00+05:30
poi_93980121,cty_0d9ab6ff,Puppet Museum,cat_a74a90c1,museum,29.333169,79.517304,240,0.00,INR,1.398,73,62,,17:00,,summer,none,"sunrise,sunset,indoor,ticketed","Built in stages between the fourteenth and eighteenth centuries, it repays a slow visit; the lattice screen on the north courtyard is easy to miss from the main path.",0,active,2026-08-18T10:00:00+05:30
poi_789930fb,cty_aa759717,Leh City Museum,cat_a6c4c438,museum,34.135833,77.629345,180,50.00,INR,1.848,33,69,06:00,19:00,1,summer,partial,"local_favourite,guided_tour,family_friendly,sunrise","Small enough to see in an hour, dense enough to reward two. Signage is uneven, so a guide helps.",0,active,2026-08-18T10:00:00+05:30
poi_6b17511e,cty_aa759717,Night Food Bazaar,cat_a01f3db5,food,34.200737,77.513741,180,100.00,INR,0.604,33,57,09:00,19:00,,summer,step_free,"crowded,outdoor,unesco,family_friendly","The tile mosaic is the reason most people come, but the inner sanctum approach behind it is quieter and arguably better.",0,active,2026-08-18T10:00:00+05:30
poi_43e21947,cty_aa759717,"Jazz Cellar, Leh",cat_3ecd28b3,nightlife,34.139065,77.611282,150,350.00,INR,1.132,62,66,09:00,,,summer,partial,"sunset,local_favourite,guided_tour,quiet","Built in stages between the fourteenth and eighteenth centuries, it repays a slow visit; the step-well geometry on the rear terrace is easy to miss from the main path.",0,active,2026-08-18T10:00:00+05:30
poi_7b08d755,cty_aa759717,Elephant Camp,cat_6b229a53,wildlife,34.159799,77.618938,45,50.00,INR,2.582,66,90,09:00,21:00,6,summer,step_free,"quiet,family_friendly,guided_tour,photogenic","Built in stages between the fourteenth and eighteenth centuries, it repays a slow visit; the tile mosaic on the rear terrace is easy to miss from the main path.",0,active,2026-08-18T10:00:00+05:30
poi_f2a26f1f,cty_aa759717,Leh Lake,cat_e8ba72de,nature,34.1154,77.505499,75,750.00,INR,2.856,64,70,08:00,17:00,,summer,step_free,"sunrise,ticketed,local_favourite,unesco","Small enough to see in an hour, dense enough to reward two. Signage is uneven, so a guide helps.",0,active,2026-08-18T10:00:00+05:30
poi_bd12d26b,cty_aa759717,Textile Museum,cat_648738e2,museum,34.086552,77.521054,120,1200.00,INR,0.7,40,79,10:00,17:00,,,none,"sunrise,sunset,guided_tour,unesco","Locals treat it as a park as much as a monument, which is worth knowing before you arrive expecting silence.",0,active,2026-08-18T10:00:00+05:30
poi_2b00dd1d,cty_aa759717,Textile Museum,cat_a6c4c438,museum,34.205601,77.618641,60,0.00,INR,1.716,62,49,09:00,21:00,,summer,none,"crowded,ticketed,quiet,local_favourite","The carved lintel is the reason most people come, but the inner sanctum approach behind it is quieter and arguably better.",1,active,2026-08-18T10:00:00+05:30
poi_eef7f325,cty_aa759717,Rooftop Live Music,cat_ae5149e1,nightlife,34.09139,77.629217,60,350.00,INR,2.399,77,34,10:00,18:00,,summer,step_free,"family_friendly,outdoor,crowded,photogenic","Restored in the 1990s with mixed results — the inner sanctum approach is authentic, the mirror work is not.",0,active,2026-08-18T10:00:00+05:30
poi_d158bf55,cty_aa759717,Leh Bird Sanctuary,cat_200acca0,wildlife,34.127654,77.57545,150,200.00,INR,3.204,40,43,10:00,17:00,1,,step_free,"guided_tour,indoor,quiet,sunset","Built in stages between the fourteenth and eighteenth centuries, it repays a slow visit; the carved lintel on the inner sanctum approach is easy to miss from the main path.",0,active,2026-08-18T10:00:00+05:30
poi_03e96e6b,cty_aa759717,Backwater Channel,cat_87a6232b,nature,34.102515,77.561044,75,0.00,INR,1.956,68,57,10:00,19:00,6,,none,"guided_tour,local_favourite,sunrise,indoor",Busiest between ten and one. Come at opening or an hour before closing and it is a different place entirely.,0,active,2026-08-18T10:00:00+05:30
poi_b2db71d0,cty_aa759717,Cliff Walk,cat_e8ba72de,nature,34.145414,77.525736,60,0.00,INR,0.607,58,64,,21:00,0,summer,step_free,"ticketed,crowded,local_favourite,quiet","Locals treat it as a park as much as a monument, which is worth knowing before you arrive expecting silence.",0,active,2026-08-18T10:00:00+05:30
poi_4dd2861e,cty_aa759717,Elephant Camp,cat_6b229a53,wildlife,34.182271,77.610995,120,100.00,INR,2.174,73,63,08:00,19:00,,,step_free,"sunset,family_friendly,unesco,guided_tour","Built in stages between the fourteenth and eighteenth centuries, it repays a slow visit; the step-well geometry on the rear terrace is easy to miss from the main path.",0,active,2026-08-18T10:00:00+05:30
poi_5438f7a0,cty_aa759717,Crocodile Park,cat_200acca0,wildlife,34.185973,77.65463,60,750.00,INR,2.062,65,64,06:00,18:00,1,summer,none,"sunset,local_favourite,photogenic,quiet","Small enough to see in an hour, dense enough to reward two. Signage is uneven, so a guide helps.",0,active,2026-08-18T10:00:00+05:30
poi_26b74a30,cty_aa759717,Elephant Camp,cat_200acca0,wildlife,34.170323,77.602888,45,50.00,INR,1.899,79,50,09:00,21:00,,,partial,"guided_tour,photogenic,local_favourite,sunrise","Locals treat it as a park as much as a monument, which is worth knowing before you arrive expecting silence.",0,active,2026-08-18T10:00:00+05:30
poi_58be1c10,cty_aa759717,Ridge Lookout,cat_db94a794,viewpoint,34.120781,77.64344,150,0.00,INR,2.667,68,100,,17:00,0,summer,none,"sunrise,unesco,family_friendly,quiet","Locals treat it as a park as much as a monument, which is worth knowing before you arrive expecting silence.",0,active,2026-08-18T10:00:00+05:30
poi_72885c51,cty_828a7777,Butterfly Reserve,cat_200acca0,wildlife,34.107721,74.86208,45,0.00,INR,2.365,64,86,08:00,17:00,,summer,step_free,"outdoor,indoor,guided_tour,quiet","Locals treat it as a park as much as a monument, which is worth knowing before you arrive expecting silence.",0,active,2026-08-18T10:00:00+05:30
poi_091fe344,cty_828a7777,Srinagar Lake,cat_87a6232b,nature,34.042325,74.715919,180,350.00,INR,2.27,7,76,10:00,17:00,,summer,step_free,"local_favourite,sunset,photogenic,indoor",Busiest between ten and one. Come at opening or an hour before closing and it is a different place entirely.,1,active,2026-08-18T10:00:00+05:30
poi_a8a1121e,cty_828a7777,Cycling Loop,cat_12271927,adventure,34.017361,74.8666,150,1200.00,INR,2.599,87,51,09:00,18:00,,summer,partial,"quiet,guided_tour,photogenic,family_friendly","Small enough to see in an hour, dense enough to reward two. Signage is uneven, so a guide helps.",0,active,2026-08-18T10:00:00+05:30
poi_53ac6972,cty_828a7777,Watchtower Terrace,cat_648738e2,viewpoint,34.104449,74.864625,90,0.00,INR,2.655,40,73,06:00,19:00,,summer,partial,"outdoor,unesco,ticketed,indoor","Small enough to see in an hour, dense enough to reward two. Signage is uneven, so a guide helps.",0,active,2026-08-18T10:00:00+05:30
poi_7bf0ffd4,cty_828a7777,Watchtower Terrace,cat_7e99ea32,viewpoint,34.147594,74.831607,150,350.00,INR,3.193,5,56,06:00,17:00,,,none,"local_favourite,crowded,family_friendly,ticketed","Restored in the 1990s with mixed results — the north courtyard is authentic, the carved lintel is not.",0,active,2026-08-18T10:00:00+05:30
poi_a9a7d6f1,cty_828a7777,Elephant Camp,cat_6b229a53,wildlife,34.053586,74.83574,150,0.00,INR,0.175,43,72,06:00,17:00,,summer,step_free,"family_friendly,unesco,quiet,ticketed","Locals treat it as a park as much as a monument, which is worth knowing before you arrive expecting silence.",0,active,2026-08-18T10:00:00+05:30
poi_1b2395ad,cty_828a7777,Riverside Lounge,cat_3ecd28b3,nightlife,34.081178,74.714347,240,0.00,INR,3.351,48,54,10:00,17:00,0,summer,step_free,"crowded,sunset,outdoor,local_favourite",Busiest between ten and one. Come at opening or an hour before closing and it is a different place entirely.,0,active,2026-08-18T10:00:00+05:30
poi_88b5a018,cty_828a7777,Watchtower Terrace,cat_e8ba72de,viewpoint,34.100264,74.866791,75,0.00,INR,1.494,8,56,06:00,21:00,1,summer,partial,"quiet,family_friendly,crowded,photogenic","Restored in the 1990s with mixed results — the rear terrace is authentic, the brass door is not.",0,active,2026-08-18T10:00:00+05:30
poi_c806ff41,cty_828a7777,Chhatri Complex,cat_c03ee00a,heritage,34.068739,74.72413,90,0.00,INR,2.108,61,84,,18:00,,,partial,"unesco,guided_tour,ticketed,outdoor","Locals treat it as a park as much as a monument, which is worth knowing before you arrive expecting silence.",1,active,2026-08-18T10:00:00+05:30
poi_3d47122c,cty_828a7777,Srinagar Observatory,cat_54243992,heritage,34.117364,74.846587,60,0.00,INR,1.492,75,79,10:00,21:00,,summer,step_free,"outdoor,unesco,quiet,local_favourite","Restored in the 1990s with mixed results — the upper gallery is authentic, the mirror work is not.",0,active,2026-08-18T10:00:00+05:30
poi_02d64e75,cty_828a7777,"Jazz Cellar, Srinagar",cat_3ecd28b3,nightlife,34.060951,74.849254,180,100.00,INR,2.156,83,48,10:00,21:00,,summer,step_free,"sunrise,family_friendly,local_favourite,quiet","Restored in the 1990s with mixed results — the upper gallery is authentic, the brass door is not.",0,active,2026-08-18T10:00:00+05:30
poi_ec061425,cty_828a7777,Crocodile Park,cat_200acca0,wildlife,34.048676,74.751262,180,750.00,INR,3.172,68,74,08:00,18:00,,summer,partial,"crowded,guided_tour,unesco,sunrise","Restored in the 1990s with mixed results — the rear terrace is authentic, the mirror work is not.",0,active,2026-08-18T10:00:00+05:30
poi_6c6cefc3,cty_828a7777,Rock Garden,cat_fda74089,nature,34.033134,74.882752,45,0.00,INR,0.464,61,60,,17:00,6,summer,partial,"photogenic,unesco,indoor,local_favourite","Small enough to see in an hour, dense enough to reward two. Signage is uneven, so a guide helps.",0,active,2026-08-18T10:00:00+05:30
poi_d1f05b2f,cty_828a7777,Zipline Point,cat_0bdaba79,adventure,34.144013,74.811991,60,0.00,INR,3.061,90,56,06:00,17:00,,summer,partial,"crowded,sunset,local_favourite,quiet","The step-well geometry is the reason most people come, but the rear terrace behind it is quieter and arguably better.",0,active,2026-08-18T10:00:00+05:30
poi_70fc506d,cty_828a7777,Rock Climbing Wall,cat_12271927,adventure,34.065735,74.841559,90,50.00,INR,1.265,62,78,08:00,21:00,0,summer,none,"quiet,sunrise,family_friendly,indoor","Built in stages between the fourteenth and eighteenth centuries, it repays a slow visit; the fresco panel on the inner sanctum approach is easy to miss from the main path.",0,active,2026-08-18T10:00:00+05:30
poi_bebe0046,cty_95e7c8ca,Quiet Bay,cat_857ee77a,beach,19.005987,72.896539,60,0.00,INR,3.143,57,63,09:00,21:00,1,,step_free,"indoor,sunrise,outdoor,photogenic","Locals treat it as a park as much as a monument, which is worth knowing before you arrive expecting silence.",0,active,2026-08-18T10:00:00+05:30
poi_a89bd0b6,cty_95e7c8ca,Riverside Lounge,cat_ae5149e1,nightlife,19.073094,72.852013,120,0.00,INR,3.173,13,52,08:00,18:00,0,winter,partial,"photogenic,family_friendly,indoor,guided_tour","Restored in the 1990s with mixed results — the rear terrace is authentic, the fresco panel is not.",0,active,2026-08-18T10:00:00+05:30
poi_a1b45daa,cty_95e7c8ca,Cliff Walk,cat_e8ba72de,nature,19.075871,72.824593,90,0.00,INR,1.92,61,39,08:00,18:00,1,winter,partial,"photogenic,unesco,local_favourite,sunset",Busiest between ten and one. Come at opening or an hour before closing and it is a different place entirely.,0,active,2026-08-18T10:00:00+05:30
poi_7d154e6e,cty_95e7c8ca,"Gallery of Modern Art, Mumbai",cat_648738e2,museum,19.052438,72.8395,45,350.00,INR,1.83,90,45,08:00,19:00,,,none,"outdoor,ticketed,local_favourite,crowded","Small enough to see in an hour, dense enough to reward two. Signage is uneven, so a guide helps.",0,active,2026-08-18T10:00:00+05:30
poi_26a8c93c,cty_95e7c8ca,Hot Air Balloon Field,cat_5c6b9b9e,adventure,19.133249,72.950548,240,2500.00,INR,0.927,80,59,08:00,21:00,,winter,partial,"quiet,local_favourite,photogenic,sunrise","Locals treat it as a park as much as a monument, which is worth knowing before you arrive expecting silence.",0,active,2026-08-18T10:00:00+05:30
poi_22445cd1,cty_95e7c8ca,Blue Pottery Workshop,cat_70320c9b,shopping,19.028559,72.834106,90,0.00,INR,0.229,65,59,10:00,21:00,,winter,partial,"local_favourite,guided_tour,family_friendly,sunset","Small enough to see in an hour, dense enough to reward two. Signage is uneven, so a guide helps.",0,active,2026-08-18T10:00:00+05:30
poi_65c1c671,cty_95e7c8ca,Handloom Cooperative,cat_f2c80643,shopping,19.070011,72.889618,180,100.00,INR,0.793,53,37,08:00,19:00,,winter,step_free,"ticketed,sunset,photogenic,quiet","Restored in the 1990s with mixed results — the upper gallery is authentic, the tile mosaic is not.",0,active,2026-08-18T10:00:00+05:30
poi_cbe67aeb,cty_95e7c8ca,Mumbai Bazaar,cat_8c7f3fd2,shopping,19.141892,72.854741,75,0.00,INR,1.673,50,53,06:00,19:00,,winter,partial,"indoor,family_friendly,sunset,outdoor","Locals treat it as a park as much as a monument, which is worth knowing before you arrive expecting silence.",0,active,2026-08-18T10:00:00+05:30
poi_41745331,cty_95e7c8ca,Mumbai Temple,cat_7e99ea32,religious,19.062391,72.842103,150,100.00,INR,0.978,41,62,10:00,19:00,1,winter,step_free,"outdoor,quiet,local_favourite,unesco","Locals treat it as a park as much as a monument, which is worth knowing before you arrive expecting silence.",0,active,2026-08-18T10:00:00+05:30
poi_df880d73,cty_95e7c8ca,Mumbai City Museum,cat_a6c4c438,museum,19.129634,72.921976,150,500.00,INR,0.123,65,48,10:00,18:00,6,winter,none,"sunrise,quiet,family_friendly,local_favourite","Locals treat it as a park as much as a monument, which is worth knowing before you arrive expecting silence.",0,active,2026-08-18T10:00:00+05:30
poi_538228aa,cty_95e7c8ca,Jain Temple Complex,cat_63e0475b,religious,19.035048,72.883602,240,350.00,INR,3.429,67,68,,19:00,,winter,partial,"quiet,family_friendly,photogenic,outdoor","The step-well geometry is the reason most people come, but the inner sanctum approach behind it is quieter and arguably better.",0,active,2026-08-18T10:00:00+05:30
poi_9668f820,cty_95e7c8ca,"Jazz Cellar, Mumbai",cat_3ecd28b3,nightlife,19.108311,72.836201,60,500.00,INR,1.946,76,56,09:00,19:00,,winter,partial,"sunset,family_friendly,photogenic,indoor","Built in stages between the fourteenth and eighteenth centuries, it repays a slow visit; the brass door on the rear terrace is easy to miss from the main path.",0,active,2026-08-18T10:00:00+05:30
poi_ee4038b4,cty_95e7c8ca,Mumbai Bazaar,cat_70320c9b,shopping,19.115244,72.894738,120,0.00,INR,3.021,62,60,09:00,18:00,,,partial,"crowded,outdoor,indoor,unesco","Locals treat it as a park as much as a monument, which is worth knowing before you arrive expecting silence.",0,active,2026-08-18T10:00:00+05:30
poi_6db4edc9,cty_95e7c8ca,Blue Pottery Workshop,cat_f2c80643,shopping,19.116909,72.861948,75,750.00,INR,0.573,56,36,08:00,18:00,,winter,partial,"quiet,family_friendly,local_favourite,crowded","Built in stages between the fourteenth and eighteenth centuries, it repays a slow visit; the carved lintel on the riverside steps is easy to miss from the main path.",0,active,2026-08-18T10:00:00+05:30
poi_8016ef2b,cty_95e7c8ca,Cycling Loop,cat_51e6a700,adventure,19.029451,72.812118,240,350.00,INR,2.113,23,77,08:00,17:00,,winter,none,"indoor,quiet,sunrise,ticketed","Built in stages between the fourteenth and eighteenth centuries, it repays a slow visit; the inscription on the riverside steps is easy to miss from the main path.",0,active,2026-08-18T10:00:00+05:30
poi_87d0f44c,cty_621f4a84,North Beach,cat_db94a794,beach,18.490366,73.839181,75,0.00,INR,1.226,86,63,06:00,17:00,6,post_monsoon,none,"sunrise,photogenic,sunset,crowded","The inscription is the reason most people come, but the upper gallery behind it is quieter and arguably better.",0,active,2026-08-18T10:00:00+05:30
poi_f6726145,cty_621f4a84,Pune Observatory,cat_c03ee00a,heritage,18.478647,73.870762,60,350.00,INR,2.284,75,84,08:00,21:00,,post_monsoon,none,"quiet,crowded,indoor,sunset","Built in stages between the fourteenth and eighteenth centuries, it repays a slow visit; the inscription on the rear terrace is easy to miss from the main path.",0,active,2026-08-18T10:00:00+05:30
poi_794abca9,cty_621f4a84,Yoga Shala,cat_829c3404,wellness,18.536614,73.896727,45,0.00,INR,0.372,37,59,06:00,18:00,,,partial,"family_friendly,photogenic,sunrise,outdoor","Small enough to see in an hour, dense enough to reward two. Signage is uneven, so a guide helps.",0,active,2026-08-18T10:00:00+05:30
poi_a9aa5e47,cty_621f4a84,Lighthouse Beach,cat_857ee77a,beach,18.560928,73.892951,120,500.00,INR,2.428,65,66,06:00,17:00,6,post_monsoon,partial,"local_favourite,sunrise,sunset,indoor","Small enough to see in an hour, dense enough to reward two. Signage is uneven, so a guide helps.",0,active,2026-08-18T10:00:00+05:30
poi_6ac0c798,cty_621f4a84,Watchtower Terrace,cat_dbd7c6e8,viewpoint,18.510849,73.888723,240,0.00,INR,0.412,74,72,08:00,,,post_monsoon,partial,"photogenic,quiet,outdoor,indoor","Built in stages between the fourteenth and eighteenth centuries, it repays a slow visit; the carved lintel on the north courtyard is easy to miss from the main path.",0,active,2026-08-18T10:00:00+05:30
poi_7defc6e9,cty_621f4a84,Ridge Lookout,cat_db94a794,viewpoint,18.464019,73.864792,120,750.00,INR,1.32,41,71,08:00,,,post_monsoon,none,"family_friendly,local_favourite,ticketed,sunrise","Small enough to see in an hour, dense enough to reward two. Signage is uneven, so a guide helps.",0,active,2026-08-18T10:00:00+05:30
poi_ba424444,cty_621f4a84,Royal Cenotaphs,cat_c03ee00a,heritage,18.513373,73.805809,240,750.00,INR,2.29,90,44,09:00,17:00,,post_monsoon,partial,"crowded,guided_tour,ticketed,sunset","Small enough to see in an hour, dense enough to reward two. Signage is uneven, so a guide helps.",0,active,2026-08-18T10:00:00+05:30
poi_b5219b13,cty_621f4a84,Paragliding Launch,cat_5c6b9b9e,adventure,18.500165,73.848001,150,200.00,INR,1.778,51,60,08:00,18:00,,post_monsoon,step_free,"outdoor,guided_tour,family_friendly,crowded","Locals treat it as a park as much as a monument, which is worth knowing before you arrive expecting silence.",1,active,2026-08-18T10:00:00+05:30
poi_ade17493,cty_621f4a84,Kayaking at Pune,cat_0bdaba79,adventure,18.582029,73.811665,150,200.00,INR,0.421,52,62,,21:00,,post_monsoon,partial,"local_favourite,crowded,sunrise,sunset","Built in stages between the fourteenth and eighteenth centuries, it repays a slow visit; the carved lintel on the north courtyard is easy to miss from the main path.",0,active,2026-08-18T10:00:00+05:30
poi_5d059c71,cty_621f4a84,Rock Garden,cat_87a6232b,nature,18.557051,73.852346,45,1200.00,INR,2.67,55,67,10:00,18:00,,post_monsoon,none,"local_favourite,unesco,crowded,sunset","Locals treat it as a park as much as a monument, which is worth knowing before you arrive expecting silence.",0,active,2026-08-18T10:00:00+05:30
poi_9147fba7,cty_621f4a84,Pune Street Food Lane,cat_260a51dc,food,18.45821,73.91677,90,350.00,INR,0.231,18,43,09:00,21:00,,post_monsoon,step_free,"local_favourite,quiet,sunset,family_friendly","Built in stages between the fourteenth and eighteenth centuries, it repays a slow visit; the lattice screen on the north courtyard is easy to miss from the main path.",0,active,2026-08-18T10:00:00+05:30
poi_72bc15f6,cty_621f4a84,Water Palace,cat_54243992,heritage,18.568016,73.893015,45,0.00,INR,0.709,70,50,10:00,18:00,1,post_monsoon,step_free,"family_friendly,photogenic,sunset,ticketed","The brass door is the reason most people come, but the upper gallery behind it is quieter and arguably better.",0,active,2026-08-18T10:00:00+05:30
poi_ca1e63bc,cty_621f4a84,Sunset Point,cat_e8ba72de,nature,18.589275,73.89634,240,1200.00,INR,2.12,83,92,06:00,21:00,6,post_monsoon,step_free,"family_friendly,outdoor,indoor,local_favourite","Locals treat it as a park as much as a monument, which is worth knowing before you arrive expecting silence.",0,active,2026-08-18T10:00:00+05:30
poi_cc9446c4,cty_621f4a84,Paragliding Launch,cat_5c6b9b9e,adventure,18.500605,73.849141,150,0.00,INR,0.747,63,78,,21:00,,post_monsoon,step_free,"family_friendly,indoor,unesco,guided_tour","Small enough to see in an hour, dense enough to reward two. Signage is uneven, so a guide helps.",0,active,2026-08-18T10:00:00+05:30
poi_0856e669,cty_621f4a84,Fishermen's Cove,cat_857ee77a,beach,18.565617,73.816924,120,0.00,INR,3.1,45,66,09:00,21:00,6,,step_free,"unesco,quiet,local_favourite,ticketed","Locals treat it as a park as much as a monument, which is worth knowing before you arrive expecting silence.",0,active,2026-08-18T10:00:00+05:30
poi_671bd504,cty_f29656ff,Kayaking at Aurangabad,cat_51e6a700,adventure,19.928745,75.295305,60,0.00,INR,0.506,57,58,10:00,19:00,,,none,"sunrise,sunset,outdoor,quiet",Busiest between ten and one. Come at opening or an hour before closing and it is a different place entirely.,0,active,2026-08-18T10:00:00+05:30
poi_3611521b,cty_f29656ff,Zipline Point,cat_5c6b9b9e,adventure,19.807316,75.407139,120,0.00,INR,3.182,45,42,08:00,21:00,,winter,step_free,"crowded,unesco,sunset,quiet","Restored in the 1990s with mixed results — the upper gallery is authentic, the mirror work is not.",0,active,2026-08-18T10:00:00+05:30
poi_79477167,cty_f29656ff,Riverside Ghats,cat_7e99ea32,religious,19.892807,75.356612,240,100.00,INR,0.779,79,68,09:00,21:00,1,winter,partial,"indoor,crowded,sunset,family_friendly","The brass door is the reason most people come, but the rear terrace behind it is quieter and arguably better.",0,active,2026-08-18T10:00:00+05:30
poi_4392116d,cty_f29656ff,Rock Climbing Wall,cat_51e6a700,adventure,19.855012,75.275355,120,350.00,INR,1.624,71,50,06:00,19:00,0,winter,step_free,"family_friendly,guided_tour,quiet,outdoor","Restored in the 1990s with mixed results — the colonnade is authentic, the inscription is not.",0,active,2026-08-18T10:00:00+05:30
poi_a9d48230,cty_f29656ff,Riverside Lounge,cat_3ecd28b3,nightlife,19.89558,75.283598,90,0.00,INR,1.603,35,28,10:00,17:00,,winter,none,"quiet,ticketed,photogenic,sunset","Restored in the 1990s with mixed results — the riverside steps is authentic, the carved lintel is not.",0,active,2026-08-18T10:00:00+05:30
poi_de5aff84,cty_f29656ff,Fishermen's Cove,cat_db94a794,beach,19.917465,75.371189,240,0.00,INR,0.286,81,76,09:00,19:00,,winter,partial,"outdoor,local_favourite,family_friendly,sunset","Restored in the 1990s with mixed results — the rear terrace is authentic, the inscription is not.",0,active,2026-08-18T10:00:00+05:30
poi_1e04227a,cty_f29656ff,"Jazz Cellar, Aurangabad",cat_3ecd28b3,nightlife,19.855128,75.296692,90,750.00,INR,1.926,85,62,,21:00,,winter,partial,"indoor,photogenic,unesco,ticketed","Restored in the 1990s with mixed results — the inner sanctum approach is authentic, the step-well geometry is not.",0,active,2026-08-18T10:00:00+05:30
poi_a9b62025,cty_f29656ff,Aurangabad Bird Sanctuary,cat_200acca0,wildlife,19.907013,75.379451,180,200.00,INR,2.525,83,36,10:00,,1,winter,partial,"indoor,crowded,local_favourite,unesco","The step-well geometry is the reason most people come, but the rear terrace behind it is quieter and arguably better.",0,active,2026-08-18T10:00:00+05:30
poi_fb5f89ab,cty_f29656ff,Watchtower Terrace,cat_fda74089,viewpoint,19.884442,75.389691,75,100.00,INR,1.392,86,68,10:00,17:00,0,winter,partial,"outdoor,guided_tour,quiet,ticketed","Small enough to see in an hour, dense enough to reward two. Signage is uneven, so a guide helps.",0,active,2026-08-18T10:00:00+05:30
poi_5fab4a4a,cty_f29656ff,Kayaking at Aurangabad,cat_0bdaba79,adventure,19.944483,75.401816,45,200.00,INR,0.993,56,57,08:00,18:00,,winter,none,"guided_tour,ticketed,photogenic,sunrise","Built in stages between the fourteenth and eighteenth centuries, it repays a slow visit; the fresco panel on the colonnade is easy to miss from the main path.",0,active,2026-08-18T10:00:00+05:30
poi_2a817bf0,cty_f29656ff,Museum of Coins,cat_a6c4c438,museum,19.825566,75.282781,120,1200.00,INR,3.107,52,100,09:00,19:00,,,partial,"local_favourite,guided_tour,outdoor,sunset","The carved lintel is the reason most people come, but the upper gallery behind it is quieter and arguably better.",0,active,2026-08-18T10:00:00+05:30
poi_02a01ef8,cty_f29656ff,Paragliding Launch,cat_5c6b9b9e,adventure,19.807564,75.391904,240,2500.00,INR,2.003,69,73,06:00,18:00,,,none,"sunrise,outdoor,local_favourite,family_friendly","Built in stages between the fourteenth and eighteenth centuries, it repays a slow visit; the carved lintel on the colonnade is easy to miss from the main path.",0,active,2026-08-18T10:00:00+05:30
poi_b961944a,cty_f29656ff,Quiet Bay,cat_857ee77a,beach,19.878113,75.311047,240,100.00,INR,0.649,62,26,06:00,18:00,6,winter,partial,"indoor,quiet,ticketed,sunset",Busiest between ten and one. Come at opening or an hour before closing and it is a different place entirely.,0,active,2026-08-18T10:00:00+05:30
poi_f404c1ef,cty_f29656ff,Crocodile Park,cat_200acca0,wildlife,19.903828,75.347287,90,0.00,INR,2.114,86,47,09:00,17:00,,,partial,"unesco,guided_tour,sunrise,indoor","Small enough to see in an hour, dense enough to reward two. Signage is uneven, so a guide helps.",0,active,2026-08-18T10:00:00+05:30
poi_56fd62aa,cty_f29656ff,Aurangabad Lake,cat_87a6232b,nature,19.947185,75.363251,90,750.00,INR,1.465,55,74,08:00,17:00,,winter,step_free,"unesco,photogenic,outdoor,sunset","The inscription is the reason most people come, but the inner sanctum approach behind it is quieter and arguably better.",0,active,2026-08-18T10:00:00+05:30
poi_16fd3ba6,cty_cfec17b6,Riverside Lounge,cat_3ecd28b3,nightlife,23.031797,72.52608,240,0.00,INR,0.8,99,36,10:00,21:00,,winter,partial,"sunset,outdoor,family_friendly,guided_tour","Built in stages between the fourteenth and eighteenth centuries, it repays a slow visit; the brass door on the north courtyard is easy to miss from the main path.",0,active,2026-08-18T10:00:00+05:30
poi_822c8d40,cty_cfec17b6,Riverside Lounge,cat_3ecd28b3,nightlife,22.984363,72.542324,60,750.00,INR,2.749,100,49,10:00,18:00,1,winter,partial,"crowded,photogenic,family_friendly,indoor","Locals treat it as a park as much as a monument, which is worth knowing before you arrive expecting silence.",0,active,2026-08-18T10:00:00+05:30
poi_611ff2e6,cty_cfec17b6,"St Mary's Church, Ahmedabad",cat_63e0475b,religious,22.985528,72.524497,120,0.00,INR,2.178,69,78,06:00,,0,winter,step_free,"quiet,outdoor,sunset,ticketed","Locals treat it as a park as much as a monument, which is worth knowing before you arrive expecting silence.",0,active,2026-08-18T10:00:00+05:30
poi_f2c367a7,cty_cfec17b6,Cliff Walk,cat_dbd7c6e8,nature,22.999233,72.531529,45,100.00,INR,1.914,61,54,08:00,18:00,,winter,none,"crowded,indoor,unesco,sunrise","Small enough to see in an hour, dense enough to reward two. Signage is uneven, so a guide helps.",0,active,2026-08-18T10:00:00+05:30
poi_b9b35115,cty_cfec17b6,Paragliding Launch,cat_51e6a700,adventure,23.015738,72.584287,180,100.00,INR,1.815,71,16,08:00,21:00,,winter,none,"ticketed,guided_tour,local_favourite,outdoor","Built in stages between the fourteenth and eighteenth centuries, it repays a slow visit; the carved lintel on the riverside steps is easy to miss from the main path.",0,active,2026-08-18T10:00:00+05:30
poi_f70648bb,cty_cfec17b6,"Jazz Cellar, Ahmedabad",cat_3ecd28b3,nightlife,23.053001,72.55738,60,0.00,INR,2.145,42,44,06:00,18:00,,,partial,"outdoor,sunset,unesco,photogenic",Busiest between ten and one. Come at opening or an hour before closing and it is a different place entirely.,0,active,2026-08-18T10:00:00+05:30
poi_25b7eba8,cty_cfec17b6,Ahmedabad Temple,cat_7e99ea32,religious,23.045579,72.503389,75,50.00,INR,0.155,63,71,10:00,18:00,,winter,none,"guided_tour,photogenic,quiet,crowded","The step-well geometry is the reason most people come, but the riverside steps behind it is quieter and arguably better.",0,active,2026-08-18T10:00:00+05:30
poi_cbc7b76a,cty_cfec17b6,Hot Springs,cat_7073a53a,wellness,23.072162,72.569176,240,50.00,INR,0.815,63,68,06:00,21:00,,winter,partial,"ticketed,sunrise,unesco,family_friendly","Locals treat it as a park as much as a monument, which is worth knowing before you arrive expecting silence.",1,active,2026-08-18T10:00:00+05:30
poi_49e06159,cty_cfec17b6,Ahmedabad Viewpoint,cat_fda74089,viewpoint,22.977398,72.602008,120,100.00,INR,1.428,40,87,06:00,17:00,,winter,step_free,"unesco,indoor,quiet,photogenic","Small enough to see in an hour, dense enough to reward two. Signage is uneven, so a guide helps.",0,active,2026-08-18T10:00:00+05:30
poi_f52fb17d,cty_cfec17b6,North Beach,cat_857ee77a,beach,22.957708,72.507517,240,50.00,INR,1.406,48,59,06:00,18:00,,winter,partial,"ticketed,indoor,family_friendly,sunset",Busiest between ten and one. Come at opening or an hour before closing and it is a different place entirely.,0,active,2026-08-18T10:00:00+05:30
poi_be136c8b,cty_cfec17b6,Ahmedabad Viewpoint,cat_db94a794,viewpoint,23.064474,72.584081,180,500.00,INR,2.342,62,53,,19:00,,winter,partial,"indoor,sunset,quiet,unesco","Restored in the 1990s with mixed results — the north courtyard is authentic, the inscription is not.",0,active,2026-08-18T10:00:00+05:30
poi_72043b54,cty_cfec17b6,City Walls Walk,cat_c03ee00a,heritage,23.013729,72.640113,180,350.00,INR,0.273,92,37,09:00,21:00,0,winter,none,"outdoor,local_favourite,ticketed,quiet","Restored in the 1990s with mixed results — the upper gallery is authentic, the tile mosaic is not.",0,active,2026-08-18T10:00:00+05:30
poi_36527647,cty_cfec17b6,Rooftop Live Music,cat_3ecd28b3,nightlife,23.005833,72.522617,45,2500.00,INR,2.243,72,93,09:00,21:00,,winter,partial,"ticketed,sunrise,quiet,crowded","Built in stages between the fourteenth and eighteenth centuries, it repays a slow visit; the inscription on the colonnade is easy to miss from the main path.",0,active,2026-08-18T10:00:00+05:30
poi_57267cd9,cty_cfec17b6,Hilltop Shrine,cat_7e99ea32,religious,23.042273,72.494741,60,750.00,INR,3.331,83,39,06:00,19:00,,,step_free,"crowded,outdoor,local_favourite,sunrise","Small enough to see in an hour, dense enough to reward two. Signage is uneven, so a guide helps.",0,active,2026-08-18T10:00:00+05:30
poi_eafd4622,cty_cfec17b6,Ayurveda Centre,cat_829c3404,wellness,23.058695,72.596546,150,500.00,INR,1.568,51,73,08:00,17:00,1,winter,none,"guided_tour,crowded,outdoor,local_favourite",Busiest between ten and one. Come at opening or an hour before closing and it is a different place entirely.,0,active,2026-08-18T10:00:00+05:30
poi_886b5e19,cty_caf3c1ee,Chhatri Complex,cat_54243992,heritage,23.185246,69.679993,120,2500.00,INR,1.182,100,73,06:00,17:00,1,winter,step_free,"sunrise,unesco,quiet,ticketed","Built in stages between the fourteenth and eighteenth centuries, it repays a slow visit; the brass door on the rear terrace is easy to miss from the main path.",0,active,2026-08-18T10:00:00+05:30
poi_5a3495e1,cty_caf3c1ee,Kayaking at Bhuj,cat_0bdaba79,adventure,23.304281,69.730146,75,500.00,INR,2.197,47,83,,21:00,,winter,none,"sunset,outdoor,unesco,sunrise",Busiest between ten and one. Come at opening or an hour before closing and it is a different place entirely.,0,active,2026-08-18T10:00:00+05:30
poi_a7c6fce8,cty_caf3c1ee,Hot Springs,cat_829c3404,wellness,23.29142,69.635546,75,200.00,INR,0.89,66,85,08:00,21:00,,winter,partial,"guided_tour,indoor,sunset,family_friendly","Locals treat it as a park as much as a monument, which is worth knowing before you arrive expecting silence.",0,active,2026-08-18T10:00:00+05:30
poi_29945418,cty_caf3c1ee,Cycling Loop,cat_0bdaba79,adventure,23.17975,69.645207,60,200.00,INR,1.645,45,55,,17:00,1,winter,none,"family_friendly,unesco,ticketed,local_favourite","Restored in the 1990s with mixed results — the rear terrace is authentic, the fresco panel is not.",0,active,2026-08-18T10:00:00+05:30
poi_9cf7145d,cty_caf3c1ee,Night Food Bazaar,cat_a01f3db5,food,23.251638,69.735853,180,2500.00,INR,2.176,39,32,06:00,17:00,,winter,partial,"outdoor,quiet,unesco,photogenic","Built in stages between the fourteenth and eighteenth centuries, it repays a slow visit; the lattice screen on the upper gallery is easy to miss from the main path.",0,active,2026-08-18T10:00:00+05:30
poi_c3285efc,cty_caf3c1ee,Butterfly Reserve,cat_200acca0,wildlife,23.249964,69.688372,90,750.00,INR,1.602,77,72,09:00,21:00,,winter,step_free,"sunset,ticketed,local_favourite,guided_tour",Busiest between ten and one. Come at opening or an hour before closing and it is a different place entirely.,1,active,2026-08-18T10:00:00+05:30
poi_a00d6c5b,cty_caf3c1ee,Elephant Camp,cat_6b229a53,wildlife,23.184392,69.631944,45,0.00,INR,0.638,85,71,06:00,,1,winter,none,"crowded,family_friendly,sunset,quiet","Small enough to see in an hour, dense enough to reward two. Signage is uneven, so a guide helps.",0,active,2026-08-18T10:00:00+05:30
poi_ff4e53c7,cty_caf3c1ee,Coffee Roastery Tour,cat_260a51dc,food,23.293125,69.664073,90,2500.00,INR,3.301,58,78,08:00,17:00,,winter,step_free,"unesco,crowded,photogenic,sunrise","Restored in the 1990s with mixed results — the upper gallery is authentic, the carved lintel is not.",0,active,2026-08-18T10:00:00+05:30
poi_6a0f0d6b,cty_caf3c1ee,Ridge Lookout,cat_e8ba72de,viewpoint,23.171573,69.728434,45,200.00,INR,2.591,43,49,08:00,17:00,,winter,none,"sunset,guided_tour,outdoor,sunrise","Built in stages between the fourteenth and eighteenth centuries, it repays a slow visit; the inscription on the upper gallery is easy to miss from the main path.",0,active,2026-08-18T10:00:00+05:30
poi_90858ce4,cty_caf3c1ee,Water Palace,cat_54243992,heritage,23.215935,69.727218,60,1200.00,INR,1.033,64,70,10:00,18:00,,,step_free,"guided_tour,indoor,photogenic,sunrise","Locals treat it as a park as much as a monument, which is worth knowing before you arrive expecting silence.",0,active,2026-08-18T10:00:00+05:30
poi_048bc3b8,cty_caf3c1ee,Great Mosque of Bhuj,cat_7e99ea32,religious,23.206983,69.604797,75,200.00,INR,0.237,17,49,09:00,21:00,,winter,step_free,"quiet,local_favourite,unesco,outdoor","The mirror work is the reason most people come, but the north courtyard behind it is quieter and arguably better.",0,active,2026-08-18T10:00:00+05:30
poi_9c194b8c,cty_caf3c1ee,Bhuj Fort,cat_68482803,heritage,23.305308,69.622506,45,500.00,INR,2.8,50,24,06:00,18:00,,winter,step_free,"photogenic,crowded,guided_tour,sunrise",Busiest between ten and one. Come at opening or an hour before closing and it is a different place entirely.,0,active,2026-08-18T10:00:00+05:30
poi_651c469a,cty_caf3c1ee,Bhuj Street Food Lane,cat_34ac5ade,food,23.245587,69.702794,90,750.00,INR,0.295,19,46,08:00,18:00,0,winter,partial,"local_favourite,family_friendly,unesco,ticketed","Restored in the 1990s with mixed results — the north courtyard is authentic, the mirror work is not.",0,active,2026-08-18T10:00:00+05:30
poi_e7c57ffd,cty_caf3c1ee,Paragliding Launch,cat_5c6b9b9e,adventure,23.303108,69.592709,180,100.00,INR,3.488,44,69,09:00,18:00,,winter,partial,"local_favourite,unesco,indoor,photogenic","The step-well geometry is the reason most people come, but the riverside steps behind it is quieter and arguably better.",0,active,2026-08-18T10:00:00+05:30
poi_855d488a,cty_caf3c1ee,Great Mosque of Bhuj,cat_63e0475b,religious,23.211151,69.65863,75,0.00,INR,0.949,99,48,08:00,19:00,,winter,none,"photogenic,sunset,quiet,guided_tour","Restored in the 1990s with mixed results — the colonnade is authentic, the lattice screen is not.",0,active,2026-08-18T10:00:00+05:30
poi_78cfd33b,cty_43d0a650,Spice Market Walk,cat_34ac5ade,food,15.513231,73.890945,90,350.00,INR,2.517,61,84,09:00,,0,winter,step_free,"unesco,indoor,ticketed,family_friendly","Locals treat it as a park as much as a monument, which is worth knowing before you arrive expecting silence.",0,active,2026-08-18T10:00:00+05:30
poi_e4f4e3ee,cty_43d0a650,City Walls Walk,cat_c03ee00a,heritage,15.423046,73.851255,75,350.00,INR,1.021,53,100,09:00,18:00,,winter,partial,"sunrise,family_friendly,indoor,unesco","Built in stages between the fourteenth and eighteenth centuries, it repays a slow visit; the carved lintel on the riverside steps is easy to miss from the main path.",0,active,2026-08-18T10:00:00+05:30
poi_e98d21dd,cty_43d0a650,Elephant Camp,cat_6b229a53,wildlife,15.550124,73.852533,150,100.00,INR,1.254,40,34,10:00,19:00,0,winter,step_free,"indoor,sunset,local_favourite,guided_tour","Small enough to see in an hour, dense enough to reward two. Signage is uneven, so a guide helps.",0,active,2026-08-18T10:00:00+05:30
poi_96764ccb,cty_43d0a650,Ayurveda Centre,cat_829c3404,wellness,15.452703,73.825593,120,750.00,INR,0.821,58,96,,19:00,0,winter,partial,"crowded,guided_tour,sunset,outdoor","The lattice screen is the reason most people come, but the north courtyard behind it is quieter and arguably better.",0,active,2026-08-18T10:00:00+05:30
poi_2bbb64cc,cty_43d0a650,Cooking Class at Old Town,cat_b591c643,food,15.434076,73.876718,45,1200.00,INR,1.711,87,77,,,,winter,none,"sunset,outdoor,guided_tour,indoor","The lattice screen is the reason most people come, but the riverside steps behind it is quieter and arguably better.",0,active,2026-08-18T10:00:00+05:30
poi_ee7caee8,cty_43d0a650,Spice Market Walk,cat_260a51dc,food,15.517499,73.844074,75,500.00,INR,2.327,53,56,10:00,17:00,6,winter,step_free,"family_friendly,outdoor,ticketed,quiet","Restored in the 1990s with mixed results — the colonnade is authentic, the step-well geometry is not.",0,active,2026-08-18T10:00:00+05:30
poi_28daaace,cty_43d0a650,Night Food Bazaar,cat_260a51dc,food,15.522658,73.894181,75,750.00,INR,0.874,71,41,06:00,18:00,,,partial,"family_friendly,indoor,sunrise,outdoor",Busiest between ten and one. Come at opening or an hour before closing and it is a different place entirely.,0,active,2026-08-18T10:00:00+05:30
poi_654d876f,cty_43d0a650,Cycling Loop,cat_0bdaba79,adventure,15.504339,73.869644,120,50.00,INR,1.048,53,43,,17:00,,winter,step_free,"quiet,photogenic,family_friendly,ticketed","The tile mosaic is the reason most people come, but the riverside steps behind it is quieter and arguably better.",0,active,2026-08-18T10:00:00+05:30
poi_8c65234d,cty_43d0a650,Riverside Lounge,cat_3ecd28b3,nightlife,15.433911,73.869329,90,2500.00,INR,1.676,53,56,10:00,17:00,,,step_free,"quiet,photogenic,guided_tour,family_friendly","Built in stages between the fourteenth and eighteenth centuries, it repays a slow visit; the lattice screen on the north courtyard is easy to miss from the main path.",0,active,2026-08-18T10:00:00+05:30
poi_36905b4d,cty_43d0a650,Maritime Museum,cat_a6c4c438,museum,15.529985,73.769905,75,0.00,INR,1.265,64,66,10:00,18:00,,winter,step_free,"outdoor,indoor,family_friendly,ticketed","The brass door is the reason most people come, but the rear terrace behind it is quieter and arguably better.",0,active,2026-08-18T10:00:00+05:30
poi_aa397bd7,cty_43d0a650,"Jazz Cellar, Panaji",cat_ae5149e1,nightlife,15.562753,73.809058,90,100.00,INR,0.739,62,56,08:00,17:00,,winter,step_free,"photogenic,crowded,indoor,local_favourite","The brass door is the reason most people come, but the rear terrace behind it is quieter and arguably better.",0,active,2026-08-18T10:00:00+05:30
poi_cf73dddb,cty_43d0a650,Hilltop Shrine,cat_7e99ea32,religious,15.449347,73.770916,45,200.00,INR,0.916,100,44,09:00,17:00,,winter,step_free,"photogenic,sunset,guided_tour,quiet","Built in stages between the fourteenth and eighteenth centuries, it repays a slow visit; the fresco panel on the north courtyard is easy to miss from the main path.",0,active,2026-08-18T10:00:00+05:30
poi_f79642d1,cty_43d0a650,Rock Climbing Wall,cat_12271927,adventure,15.460548,73.846737,120,350.00,INR,1.826,57,64,10:00,21:00,0,,none,"family_friendly,guided_tour,ticketed,outdoor","Small enough to see in an hour, dense enough to reward two. Signage is uneven, so a guide helps.",0,active,2026-08-18T10:00:00+05:30
poi_5afd21b6,cty_43d0a650,Panaji City Museum,cat_a6c4c438,museum,15.462071,73.76559,60,750.00,INR,2.962,86,79,08:00,21:00,6,,step_free,"crowded,sunset,indoor,family_friendly","The brass door is the reason most people come, but the colonnade behind it is quieter and arguably better.",0,active,2026-08-18T10:00:00+05:30
poi_9bd455da,cty_43d0a650,Yoga Shala,cat_7073a53a,wellness,15.437831,73.854955,180,2500.00,INR,3.207,73,87,10:00,19:00,,winter,step_free,"indoor,outdoor,local_favourite,photogenic","Locals treat it as a park as much as a monument, which is worth knowing before you arrive expecting silence.",0,active,2026-08-18T10:00:00+05:30
poi_97a3672d,cty_17b8ef2f,Bengaluru Bazaar,cat_70320c9b,shopping,12.953111,77.628697,180,350.00,INR,1.171,96,59,08:00,21:00,,post_monsoon,partial,"local_favourite,photogenic,ticketed,family_friendly","Small enough to see in an hour, dense enough to reward two. Signage is uneven, so a guide helps.",0,active,2026-08-18T10:00:00+05:30
poi_31a91abe,cty_17b8ef2f,Tea Estate Trail,cat_dbd7c6e8,nature,13.011987,77.528901,120,1200.00,INR,2.28,48,62,09:00,18:00,,post_monsoon,none,"family_friendly,indoor,sunrise,sunset","Built in stages between the fourteenth and eighteenth centuries, it repays a slow visit; the fresco panel on the upper gallery is easy to miss from the main path.",0,active,2026-08-18T10:00:00+05:30
poi_aef75f2a,cty_17b8ef2f,Rooftop Live Music,cat_3ecd28b3,nightlife,12.940984,77.53418,45,0.00,INR,3.432,72,64,08:00,18:00,,post_monsoon,step_free,"sunset,crowded,outdoor,photogenic","The step-well geometry is the reason most people come, but the rear terrace behind it is quieter and arguably better.",0,active,2026-08-18T10:00:00+05:30
poi_a2cbcb8a,cty_17b8ef2f,Cycling Loop,cat_51e6a700,adventure,12.931183,77.539318,120,200.00,INR,2.563,51,77,08:00,18:00,,post_monsoon,none,"indoor,crowded,local_favourite,sunrise","Built in stages between the fourteenth and eighteenth centuries, it repays a slow visit; the mirror work on the rear terrace is easy to miss from the main path.",0,active,2026-08-18T10:00:00+05:30
poi_c07155aa,cty_17b8ef2f,Bengaluru Bird Sanctuary,cat_db384ce5,wildlife,12.985524,77.626354,75,100.00,INR,2.907,50,51,06:00,18:00,,post_monsoon,none,"sunrise,crowded,indoor,outdoor","Locals treat it as a park as much as a monument, which is worth knowing before you arrive expecting silence.",0,active,2026-08-18T10:00:00+05:30
poi_41d6dac1,cty_17b8ef2f,"Jazz Cellar, Bengaluru",cat_3ecd28b3,nightlife,12.9451,77.600354,90,1200.00,INR,3.113,43,40,06:00,19:00,,post_monsoon,partial,"photogenic,crowded,sunset,outdoor","Restored in the 1990s with mixed results — the inner sanctum approach is authentic, the inscription is not.",0,active,2026-08-18T10:00:00+05:30
poi_6f0e4bb1,cty_17b8ef2f,Bengaluru Viewpoint,cat_7073a53a,viewpoint,13.005851,77.622249,60,50.00,INR,3.032,60,59,10:00,21:00,,post_monsoon,partial,"photogenic,quiet,sunrise,indoor","Small enough to see in an hour, dense enough to reward two. Signage is uneven, so a guide helps.",0,active,2026-08-18T10:00:00+05:30
poi_e70a02d6,cty_17b8ef2f,"Gallery of Modern Art, Bengaluru",cat_a74a90c1,museum,13.03238,77.603354,180,2500.00,INR,3.216,67,52,09:00,19:00,1,post_monsoon,none,"sunrise,outdoor,local_favourite,sunset","Locals treat it as a park as much as a monument, which is worth knowing before you arrive expecting silence.",0,active,2026-08-18T10:00:00+05:30
poi_3bab74a1,cty_17b8ef2f,Lighthouse Beach,cat_857ee77a,beach,12.964152,77.537538,90,750.00,INR,3.467,100,73,09:00,18:00,,post_monsoon,none,"quiet,guided_tour,ticketed,family_friendly","Restored in the 1990s with mixed results — the inner sanctum approach is authentic, the tile mosaic is not.",0,active,2026-08-18T10:00:00+05:30
poi_65bb95f4,cty_17b8ef2f,Riverside Lounge,cat_ae5149e1,nightlife,13.000356,77.535462,180,200.00,INR,2.124,57,43,10:00,18:00,,post_monsoon,step_free,"unesco,sunset,guided_tour,family_friendly","Small enough to see in an hour, dense enough to reward two. Signage is uneven, so a guide helps.",0,active,2026-08-18T10:00:00+05:30
poi_e5aee907,cty_17b8ef2f,Ridge Lookout,cat_87a6232b,viewpoint,12.952976,77.625054,45,750.00,INR,3.137,39,64,06:00,18:00,,post_monsoon,step_free,"indoor,outdoor,family_friendly,quiet",Busiest between ten and one. Come at opening or an hour before closing and it is a different place entirely.,0,active,2026-08-18T10:00:00+05:30
poi_11738258,cty_17b8ef2f,Bengaluru Lake,cat_e8ba72de,nature,12.960028,77.561234,240,1200.00,INR,1.135,51,55,08:00,21:00,6,post_monsoon,none,"local_favourite,indoor,sunset,photogenic","The brass door is the reason most people come, but the north courtyard behind it is quieter and arguably better.",0,active,2026-08-18T10:00:00+05:30
poi_c409f08b,cty_17b8ef2f,Butterfly Reserve,cat_200acca0,wildlife,12.948653,77.656732,45,0.00,INR,0.78,54,54,09:00,21:00,,,none,"quiet,sunset,indoor,crowded","Small enough to see in an hour, dense enough to reward two. Signage is uneven, so a guide helps.",0,active,2026-08-18T10:00:00+05:30
poi_5a548df2,cty_17b8ef2f,Antique Lane,cat_8c7f3fd2,shopping,13.01266,77.565667,75,0.00,INR,0.875,62,69,08:00,19:00,1,post_monsoon,partial,"photogenic,sunset,local_favourite,family_friendly","Built in stages between the fourteenth and eighteenth centuries, it repays a slow visit; the step-well geometry on the inner sanctum approach is easy to miss from the main path.",0,active,2026-08-18T10:00:00+05:30
poi_30fe338a,cty_17b8ef2f,Quiet Bay,cat_857ee77a,beach,12.973545,77.639119,180,50.00,INR,2.797,41,26,10:00,18:00,6,post_monsoon,none,"outdoor,local_favourite,sunrise,guided_tour","Restored in the 1990s with mixed results — the colonnade is authentic, the inscription is not.",1,active,2026-08-18T10:00:00+05:30
poi_8df3456f,cty_8fc1539e,Crocodile Park,cat_200acca0,wildlife,12.242715,76.657265,45,0.00,INR,2.342,31,38,06:00,18:00,,post_monsoon,step_free,"unesco,local_favourite,family_friendly,indoor",Busiest between ten and one. Come at opening or an hour before closing and it is a different place entirely.,0,active,2026-08-18T10:00:00+05:30
poi_55ce6c84,cty_8fc1539e,Chhatri Complex,cat_c03ee00a,heritage,12.346276,76.579865,60,1200.00,INR,0.382,47,44,08:00,21:00,,post_monsoon,step_free,"indoor,local_favourite,crowded,sunset","Small enough to see in an hour, dense enough to reward two. Signage is uneven, so a guide helps.",0,active,2026-08-18T10:00:00+05:30
poi_9a0ae1b1,cty_8fc1539e,Yoga Shala,cat_7073a53a,wellness,12.225119,76.584898,90,200.00,INR,2.992,37,58,08:00,18:00,,post_monsoon,none,"sunrise,indoor,guided_tour,outdoor","Built in stages between the fourteenth and eighteenth centuries, it repays a slow visit; the fresco panel on the colonnade is easy to miss from the main path.",0,active,2026-08-18T10:00:00+05:30
poi_c66c8fbc,cty_8fc1539e,Sunset Point,cat_e8ba72de,nature,12.277112,76.569758,60,350.00,INR,2.903,37,48,10:00,19:00,,post_monsoon,none,"photogenic,ticketed,sunrise,sunset","Restored in the 1990s with mixed results — the upper gallery is authentic, the mirror work is not.",0,active,2026-08-18T10:00:00+05:30
poi_666004ed,cty_8fc1539e,Rock Climbing Wall,cat_5c6b9b9e,adventure,12.237833,76.589653,120,1200.00,INR,2.385,61,67,10:00,19:00,,post_monsoon,partial,"local_favourite,quiet,family_friendly,guided_tour","Small enough to see in an hour, dense enough to reward two. Signage is uneven, so a guide helps.",0,active,2026-08-18T10:00:00+05:30
poi_b95f08bb,cty_8fc1539e,Mysuru Stepwell,cat_c03ee00a,heritage,12.354996,76.646256,150,0.00,INR,2.356,50,56,10:00,21:00,,,none,"outdoor,local_favourite,guided_tour,sunset","Small enough to see in an hour, dense enough to reward two. Signage is uneven, so a guide helps.",0,active,2026-08-18T10:00:00+05:30
poi_231377ba,cty_8fc1539e,Rock Garden,cat_e8ba72de,nature,12.348603,76.659174,150,0.00,INR,3.017,38,83,09:00,18:00,,post_monsoon,none,"crowded,quiet,local_favourite,sunset","Restored in the 1990s with mixed results — the colonnade is authentic, the lattice screen is not.",0,active,2026-08-18T10:00:00+05:30
poi_3ca459f1,cty_8fc1539e,Fishermen's Cove,cat_857ee77a,beach,12.268298,76.632996,60,500.00,INR,3.319,56,40,10:00,18:00,,,partial,"family_friendly,unesco,sunset,photogenic","Restored in the 1990s with mixed results — the colonnade is authentic, the mirror work is not.",0,active,2026-08-18T10:00:00+05:30
poi_9737e8e9,cty_8fc1539e,Fishermen's Cove,cat_db94a794,beach,12.242796,76.66681,150,350.00,INR,1.655,61,69,06:00,17:00,,post_monsoon,step_free,"crowded,sunset,guided_tour,family_friendly","Small enough to see in an hour, dense enough to reward two. Signage is uneven, so a guide helps.",0,active,2026-08-18T10:00:00+05:30
poi_5c5a5450,cty_8fc1539e,Hot Springs,cat_7073a53a,wellness,12.333554,76.64384,150,500.00,INR,3.111,62,62,10:00,18:00,,post_monsoon,none,"unesco,sunset,family_friendly,ticketed","The carved lintel is the reason most people come, but the rear terrace behind it is quieter and arguably better.",0,active,2026-08-18T10:00:00+05:30
poi_57db80c0,cty_8fc1539e,Mysuru Lake,cat_dbd7c6e8,nature,12.328371,76.615681,120,200.00,INR,3.273,18,73,10:00,18:00,,post_monsoon,none,"family_friendly,indoor,guided_tour,quiet","Built in stages between the fourteenth and eighteenth centuries, it repays a slow visit; the inscription on the upper gallery is easy to miss from the main path.",0,active,2026-08-18T10:00:00+05:30
poi_9a7e2384,cty_8fc1539e,Hot Springs,cat_7073a53a,wellness,12.362626,76.645115,120,0.00,INR,3.247,39,60,10:00,19:00,0,post_monsoon,step_free,"family_friendly,quiet,guided_tour,indoor","Restored in the 1990s with mixed results — the upper gallery is authentic, the brass door is not.",0,active,2026-08-18T10:00:00+05:30
poi_c295f116,cty_8fc1539e,Zipline Point,cat_0bdaba79,adventure,12.311816,76.617155,75,0.00,INR,2.558,45,97,09:00,17:00,,,none,"outdoor,ticketed,guided_tour,sunrise","Small enough to see in an hour, dense enough to reward two. Signage is uneven, so a guide helps.",0,active,2026-08-18T10:00:00+05:30
poi_44db3209,cty_8fc1539e,Mysuru Observatory,cat_c03ee00a,heritage,12.326608,76.638146,75,350.00,INR,0.335,55,52,10:00,19:00,0,,none,"crowded,quiet,indoor,family_friendly",Busiest between ten and one. Come at opening or an hour before closing and it is a different place entirely.,0,active,2026-08-18T10:00:00+05:30
poi_8f578694,cty_8fc1539e,Mysuru Stepwell,cat_68482803,heritage,12.314646,76.590233,60,500.00,INR,2.25,38,54,09:00,18:00,,post_monsoon,partial,"guided_tour,outdoor,family_friendly,quiet","Built in stages between the fourteenth and eighteenth centuries, it repays a slow visit; the tile mosaic on the colonnade is easy to miss from the main path.",0,active,2026-08-18T10:00:00+05:30
poi_aaf09068,cty_bbb31d67,Rooftop Live Music,cat_ae5149e1,nightlife,15.392874,76.399968,75,350.00,INR,3.446,60,63,06:00,19:00,,winter,partial,"sunrise,crowded,sunset,family_friendly","The step-well geometry is the reason most people come, but the inner sanctum approach behind it is quieter and arguably better.",0,active,2026-08-18T10:00:00+05:30
poi_fe46427e,cty_bbb31d67,Puppet Museum,cat_a6c4c438,museum,15.344777,76.492807,150,200.00,INR,3.124,100,59,06:00,19:00,1,winter,step_free,"sunrise,indoor,crowded,outdoor","The inscription is the reason most people come, but the riverside steps behind it is quieter and arguably better.",0,active,2026-08-18T10:00:00+05:30
poi_d9d0c25c,cty_bbb31d67,Hampi Lake,cat_8f5457b4,nature,15.384379,76.452249,120,200.00,INR,1.324,61,55,06:00,19:00,,,none,"local_favourite,unesco,ticketed,photogenic","Small enough to see in an hour, dense enough to reward two. Signage is uneven, so a guide helps.",0,active,2026-08-18T10:00:00+05:30
poi_e66efa5a,cty_bbb31d67,Rooftop Live Music,cat_ae5149e1,nightlife,15.381376,76.513786,180,0.00,INR,2.14,20,72,08:00,,,,step_free,"quiet,family_friendly,outdoor,sunrise","Small enough to see in an hour, dense enough to reward two. Signage is uneven, so a guide helps.",0,active,2026-08-18T10:00:00+05:30
poi_78369b26,cty_bbb31d67,Fishermen's Cove,cat_857ee77a,beach,15.37103,76.462595,45,50.00,INR,1.327,58,74,06:00,17:00,,winter,step_free,"outdoor,sunset,crowded,ticketed","Small enough to see in an hour, dense enough to reward two. Signage is uneven, so a guide helps.",0,active,2026-08-18T10:00:00+05:30
poi_cca907ed,cty_bbb31d67,North Beach,cat_857ee77a,beach,15.355082,76.522208,150,0.00,INR,0.52,87,70,06:00,21:00,,winter,step_free,"local_favourite,unesco,photogenic,sunset","The inscription is the reason most people come, but the colonnade behind it is quieter and arguably better.",0,active,2026-08-18T10:00:00+05:30
poi_14a52384,cty_bbb31d67,Hampi Bazaar,cat_f2c80643,shopping,15.285252,76.503569,180,200.00,INR,1.661,84,47,,17:00,,winter,partial,"sunset,sunrise,indoor,quiet","Restored in the 1990s with mixed results — the inner sanctum approach is authentic, the brass door is not.",0,active,2026-08-18T10:00:00+05:30
poi_650bd47a,cty_bbb31d67,Jain Temple Complex,cat_63e0475b,religious,15.315168,76.508421,180,100.00,INR,1.331,25,75,09:00,21:00,,winter,partial,"outdoor,sunset,unesco,local_favourite","Locals treat it as a park as much as a monument, which is worth knowing before you arrive expecting silence.",0,active,2026-08-18T10:00:00+05:30
poi_0181afcd,cty_bbb31d67,"Gallery of Modern Art, Hampi",cat_a6c4c438,museum,15.327158,76.526786,150,750.00,INR,0.861,31,53,09:00,17:00,,winter,step_free,"guided_tour,local_favourite,photogenic,family_friendly","The step-well geometry is the reason most people come, but the north courtyard behind it is quieter and arguably better.",0,active,2026-08-18T10:00:00+05:30
poi_ec746686,cty_bbb31d67,Hampi Stepwell,cat_fce0bd94,heritage,15.266631,76.389844,75,0.00,INR,2.817,42,58,10:00,21:00,,winter,partial,"photogenic,family_friendly,crowded,indoor","Locals treat it as a park as much as a monument, which is worth knowing before you arrive expecting silence.",0,active,2026-08-18T10:00:00+05:30
poi_6931cf3c,cty_bbb31d67,Handloom Cooperative,cat_f2c80643,shopping,15.30831,76.472164,120,0.00,INR,0.986,55,79,06:00,19:00,1,winter,step_free,"crowded,local_favourite,sunset,photogenic","Small enough to see in an hour, dense enough to reward two. Signage is uneven, so a guide helps.",0,active,2026-08-18T10:00:00+05:30
poi_bf53b848,cty_bbb31d67,Hilltop Shrine,cat_7e99ea32,religious,15.367929,76.411917,45,350.00,INR,3.139,50,98,10:00,17:00,,,partial,"indoor,sunset,crowded,family_friendly","Built in stages between the fourteenth and eighteenth centuries, it repays a slow visit; the lattice screen on the riverside steps is easy to miss from the main path.",0,active,2026-08-18T10:00:00+05:30
poi_faf99e79,cty_bbb31d67,North Beach,cat_db94a794,beach,15.372342,76.479683,45,0.00,INR,2.758,83,56,10:00,19:00,0,winter,none,"unesco,photogenic,indoor,guided_tour","Locals treat it as a park as much as a monument, which is worth knowing before you arrive expecting silence.",0,active,2026-08-18T10:00:00+05:30
poi_4354eb74,cty_bbb31d67,Backwater Channel,cat_fda74089,nature,15.292383,76.461154,120,750.00,INR,0.341,52,100,06:00,17:00,,,none,"photogenic,sunset,family_friendly,quiet","The lattice screen is the reason most people come, but the colonnade behind it is quieter and arguably better.",0,active,2026-08-18T10:00:00+05:30
poi_b8364e1b,cty_bbb31d67,Chhatri Complex,cat_68482803,heritage,15.304283,76.410562,75,350.00,INR,1.878,76,89,,21:00,,,none,"quiet,photogenic,indoor,local_favourite","The mirror work is the reason most people come, but the upper gallery behind it is quieter and arguably better.",0,active,2026-08-18T10:00:00+05:30
poi_f08b4e0f,cty_a97c33ad,Rooftop Live Music,cat_3ecd28b3,nightlife,14.518364,74.388259,90,750.00,INR,1.061,30,48,09:00,18:00,1,,none,"guided_tour,photogenic,outdoor,sunset","Small enough to see in an hour, dense enough to reward two. Signage is uneven, so a guide helps.",0,active,2026-08-18T10:00:00+05:30
poi_465030ce,cty_a97c33ad,Backwater Channel,cat_e8ba72de,nature,14.489551,74.282715,45,500.00,INR,2.607,58,89,06:00,18:00,,winter,step_free,"local_favourite,photogenic,family_friendly,sunrise","The fresco panel is the reason most people come, but the rear terrace behind it is quieter and arguably better.",0,active,2026-08-18T10:00:00+05:30
poi_2da4d492,cty_a97c33ad,Gokarna Lake,cat_fda74089,nature,14.513909,74.328982,90,350.00,INR,0.989,46,82,10:00,19:00,,,step_free,"photogenic,unesco,sunset,ticketed","The fresco panel is the reason most people come, but the rear terrace behind it is quieter and arguably better.",0,active,2026-08-18T10:00:00+05:30
poi_82ff3dc4,cty_a97c33ad,Watchtower Terrace,cat_a74a90c1,viewpoint,14.60386,74.368144,150,0.00,INR,0.209,49,72,10:00,21:00,,winter,step_free,"ticketed,sunrise,outdoor,photogenic","Built in stages between the fourteenth and eighteenth centuries, it repays a slow visit; the mirror work on the inner sanctum approach is easy to miss from the main path.",0,active,2026-08-18T10:00:00+05:30
poi_f6421157,cty_a97c33ad,Gokarna Viewpoint,cat_12271927,viewpoint,14.620073,74.31044,240,50.00,INR,1.352,44,80,06:00,21:00,6,,partial,"family_friendly,quiet,sunset,ticketed","Restored in the 1990s with mixed results — the upper gallery is authentic, the carved lintel is not.",0,active,2026-08-18T10:00:00+05:30
poi_d10153d7,cty_a97c33ad,Hot Springs,cat_829c3404,wellness,14.485291,74.316287,150,500.00,INR,1.475,64,37,06:00,21:00,,winter,partial,"photogenic,ticketed,guided_tour,indoor","The inscription is the reason most people come, but the upper gallery behind it is quieter and arguably better.",0,active,2026-08-18T10:00:00+05:30
poi_f9454648,cty_a97c33ad,Ayurveda Centre,cat_7073a53a,wellness,14.55109,74.252252,180,100.00,INR,3.324,68,72,,17:00,,winter,partial,"quiet,crowded,guided_tour,family_friendly","Restored in the 1990s with mixed results — the inner sanctum approach is authentic, the carved lintel is not.",0,active,2026-08-18T10:00:00+05:30
poi_98ccdcef,cty_a97c33ad,Kayaking at Gokarna,cat_51e6a700,adventure,14.516349,74.289855,150,750.00,INR,1.767,70,100,09:00,18:00,,winter,partial,"unesco,ticketed,local_favourite,sunrise","Locals treat it as a park as much as a monument, which is worth knowing before you arrive expecting silence.",0,active,2026-08-18T10:00:00+05:30
poi_01e251e5,cty_a97c33ad,Hot Springs,cat_829c3404,wellness,14.585743,74.28875,60,0.00,INR,1.032,65,93,,19:00,,winter,step_free,"outdoor,local_favourite,quiet,crowded","Locals treat it as a park as much as a monument, which is worth knowing before you arrive expecting silence.",0,active,2026-08-18T10:00:00+05:30
poi_9418fe97,cty_a97c33ad,Gokarna Bird Sanctuary,cat_200acca0,wildlife,14.58594,74.291335,60,0.00,INR,3.301,71,34,06:00,17:00,,winter,step_free,"local_favourite,guided_tour,sunset,quiet","Locals treat it as a park as much as a monument, which is worth knowing before you arrive expecting silence.",0,active,2026-08-18T10:00:00+05:30
poi_def88fc1,cty_a97c33ad,Ridge Lookout,cat_829c3404,viewpoint,14.555513,74.342001,120,750.00,INR,2.105,90,56,09:00,17:00,,winter,none,"guided_tour,outdoor,indoor,sunset","Locals treat it as a park as much as a monument, which is worth knowing before you arrive expecting silence.",0,active,2026-08-18T10:00:00+05:30
poi_9f4c8d7a,cty_a97c33ad,Textile Museum,cat_a6c4c438,museum,14.489249,74.307616,120,0.00,INR,2.537,57,56,,18:00,,winter,none,"photogenic,sunrise,unesco,crowded","The brass door is the reason most people come, but the north courtyard behind it is quieter and arguably better.",0,active,2026-08-18T10:00:00+05:30
poi_73a4c36d,cty_a97c33ad,Yoga Shala,cat_829c3404,wellness,14.509353,74.304796,240,100.00,INR,2.432,55,37,10:00,17:00,,winter,none,"quiet,sunset,ticketed,unesco","Built in stages between the fourteenth and eighteenth centuries, it repays a slow visit; the lattice screen on the rear terrace is easy to miss from the main path.",0,active,2026-08-18T10:00:00+05:30
poi_7b530fba,cty_a97c33ad,Hot Air Balloon Field,cat_0bdaba79,adventure,14.610595,74.377763,180,1200.00,INR,1.199,53,60,06:00,19:00,,,none,"local_favourite,photogenic,unesco,ticketed","Built in stages between the fourteenth and eighteenth centuries, it repays a slow visit; the step-well geometry on the upper gallery is easy to miss from the main path.",0,active,2026-08-18T10:00:00+05:30
poi_3bc08018,cty_a97c33ad,Yoga Shala,cat_829c3404,wellness,14.496812,74.266404,120,1200.00,INR,1.666,49,67,10:00,21:00,1,winter,step_free,"quiet,ticketed,outdoor,crowded","The step-well geometry is the reason most people come, but the rear terrace behind it is quieter and arguably better.",0,active,2026-08-18T10:00:00+05:30
poi_66e3b067,cty_f8b75f8e,"Gallery of Modern Art, Chennai",cat_648738e2,museum,13.022099,80.197051,240,50.00,INR,2.347,75,65,08:00,18:00,,winter,step_free,"indoor,quiet,sunrise,unesco","Locals treat it as a park as much as a monument, which is worth knowing before you arrive expecting silence.",0,active,2026-08-18T10:00:00+05:30
poi_52747f81,cty_f8b75f8e,Royal Cenotaphs,cat_c03ee00a,heritage,13.085805,80.197753,45,500.00,INR,2.165,38,73,09:00,18:00,6,winter,step_free,"guided_tour,quiet,photogenic,ticketed","The step-well geometry is the reason most people come, but the riverside steps behind it is quieter and arguably better.",0,active,2026-08-18T10:00:00+05:30
poi_63cd6ccb,cty_f8b75f8e,Ayurveda Centre,cat_829c3404,wellness,13.113637,80.300295,90,200.00,INR,0.941,77,61,08:00,17:00,,winter,none,"sunset,local_favourite,ticketed,quiet",Busiest between ten and one. Come at opening or an hour before closing and it is a different place entirely.,0,active,2026-08-18T10:00:00+05:30
poi_b919a3c1,cty_f8b75f8e,Cycling Loop,cat_51e6a700,adventure,13.14202,80.301256,240,0.00,INR,2.633,61,36,09:00,18:00,,winter,step_free,"quiet,outdoor,family_friendly,ticketed",Busiest between ten and one. Come at opening or an hour before closing and it is a different place entirely.,0,active,2026-08-18T10:00:00+05:30
poi_987e5208,cty_f8b75f8e,Cliff Walk,cat_dbd7c6e8,nature,13.129067,80.33968,75,750.00,INR,0.832,86,31,09:00,21:00,0,winter,step_free,"local_favourite,outdoor,sunset,ticketed","Restored in the 1990s with mixed results — the north courtyard is authentic, the tile mosaic is not.",0,active,2026-08-18T10:00:00+05:30
poi_ca7308ec,cty_f8b75f8e,Cycling Loop,cat_0bdaba79,adventure,13.087979,80.264773,150,0.00,INR,1.068,56,49,08:00,17:00,,winter,none,"sunrise,local_favourite,outdoor,indoor",Busiest between ten and one. Come at opening or an hour before closing and it is a different place entirely.,0,active,2026-08-18T10:00:00+05:30
poi_8778cdc9,cty_f8b75f8e,North Beach,cat_db94a794,beach,13.027836,80.230092,75,350.00,INR,1.343,78,61,09:00,18:00,0,,none,"local_favourite,photogenic,crowded,ticketed","Built in stages between the fourteenth and eighteenth centuries, it repays a slow visit; the tile mosaic on the colonnade is easy to miss from the main path.",0,active,2026-08-18T10:00:00+05:30
poi_9ecd8f5a,cty_f8b75f8e,Watchtower Terrace,cat_dbd7c6e8,viewpoint,13.091346,80.326639,240,0.00,INR,0.867,10,93,08:00,18:00,,winter,none,"unesco,guided_tour,local_favourite,ticketed","Built in stages between the fourteenth and eighteenth centuries, it repays a slow visit; the inscription on the colonnade is easy to miss from the main path.",0,active,2026-08-18T10:00:00+05:30
poi_294cdf8b,cty_f8b75f8e,Ayurveda Centre,cat_7073a53a,wellness,13.121561,80.322986,150,50.00,INR,0.496,51,55,09:00,17:00,1,winter,step_free,"crowded,ticketed,unesco,photogenic","Restored in the 1990s with mixed results — the colonnade is authentic, the step-well geometry is not.",0,active,2026-08-18T10:00:00+05:30
poi_30da8634,cty_f8b75f8e,Chennai Fort,cat_68482803,heritage,13.011137,80.249121,90,2500.00,INR,2.632,37,41,10:00,18:00,1,winter,step_free,"outdoor,unesco,sunset,local_favourite","Locals treat it as a park as much as a monument, which is worth knowing before you arrive expecting silence.",0,active,2026-08-18T10:00:00+05:30
poi_98e87396,cty_f8b75f8e,Chennai Stepwell,cat_c03ee00a,heritage,13.052119,80.230541,75,750.00,INR,0.44,73,64,09:00,18:00,,winter,partial,"family_friendly,ticketed,outdoor,local_favourite","Restored in the 1990s with mixed results — the north courtyard is authentic, the tile mosaic is not.",0,active,2026-08-18T10:00:00+05:30
poi_ea362bca,cty_f8b75f8e,Chennai Lake,cat_dbd7c6e8,nature,13.086329,80.26303,150,500.00,INR,1.475,52,57,08:00,19:00,,,step_free,"family_friendly,guided_tour,quiet,sunrise","Locals treat it as a park as much as a monument, which is worth knowing before you arrive expecting silence.",0,active,2026-08-18T10:00:00+05:30
poi_9c64b1e6,cty_f8b75f8e,Cliff Walk,cat_dbd7c6e8,nature,13.077704,80.309002,120,200.00,INR,1.595,49,40,09:00,21:00,6,winter,step_free,"sunrise,sunset,unesco,outdoor","Restored in the 1990s with mixed results — the north courtyard is authentic, the brass door is not.",0,active,2026-08-18T10:00:00+05:30
poi_7b6f84f7,cty_f8b75f8e,Riverside Lounge,cat_ae5149e1,nightlife,13.153475,80.321812,180,500.00,INR,1.609,65,61,10:00,19:00,,,partial,"ticketed,crowded,family_friendly,sunrise","Small enough to see in an hour, dense enough to reward two. Signage is uneven, so a guide helps.",0,active,2026-08-18T10:00:00+05:30
poi_838093bd,cty_f8b75f8e,Yoga Shala,cat_829c3404,wellness,13.138746,80.341222,120,50.00,INR,3.48,70,36,10:00,17:00,,winter,partial,"family_friendly,ticketed,indoor,crowded","Restored in the 1990s with mixed results — the north courtyard is authentic, the mirror work is not.",0,active,2026-08-18T10:00:00+05:30
poi_7487db98,cty_3503e391,Rooftop Live Music,cat_ae5149e1,nightlife,9.919902,78.116457,240,100.00,INR,2.755,38,54,09:00,19:00,1,winter,partial,"guided_tour,indoor,crowded,family_friendly","The fresco panel is the reason most people come, but the rear terrace behind it is quieter and arguably better.",0,active,2026-08-18T10:00:00+05:30
poi_5aecab7a,cty_3503e391,Maritime Museum,cat_a74a90c1,museum,9.99456,78.101757,240,0.00,INR,3.487,35,82,10:00,21:00,6,winter,none,"sunset,family_friendly,indoor,sunrise",Busiest between ten and one. Come at opening or an hour before closing and it is a different place entirely.,0,active,2026-08-18T10:00:00+05:30
poi_4eae57a0,cty_3503e391,Handloom Cooperative,cat_70320c9b,shopping,9.914585,78.161655,75,50.00,INR,3.047,53,82,08:00,19:00,,,partial,"unesco,crowded,photogenic,ticketed","The tile mosaic is the reason most people come, but the north courtyard behind it is quieter and arguably better.",0,active,2026-08-18T10:00:00+05:30
poi_dc06d66e,cty_3503e391,Handloom Cooperative,cat_f2c80643,shopping,9.97363,78.096226,90,0.00,INR,3.423,43,44,10:00,18:00,,,partial,"sunset,unesco,sunrise,photogenic","Restored in the 1990s with mixed results — the north courtyard is authentic, the mirror work is not.",0,active,2026-08-18T10:00:00+05:30
poi_bff432a9,cty_3503e391,Hot Air Balloon Field,cat_5c6b9b9e,adventure,9.870339,78.16537,90,1200.00,INR,2.955,64,31,06:00,21:00,,winter,step_free,"local_favourite,guided_tour,outdoor,quiet","Built in stages between the fourteenth and eighteenth centuries, it repays a slow visit; the lattice screen on the rear terrace is easy to miss from the main path.",0,active,2026-08-18T10:00:00+05:30
poi_5f60fb6e,cty_3503e391,Madurai Viewpoint,cat_8c7f3fd2,viewpoint,9.994004,78.064238,45,100.00,INR,1.69,34,57,,18:00,,winter,none,"ticketed,photogenic,sunset,guided_tour","Small enough to see in an hour, dense enough to reward two. Signage is uneven, so a guide helps.",0,active,2026-08-18T10:00:00+05:30
poi_3ce3c3f2,cty_3503e391,Antique Lane,cat_8c7f3fd2,shopping,9.874361,78.143668,180,100.00,INR,3.362,33,66,08:00,19:00,,,step_free,"family_friendly,crowded,indoor,ticketed","Locals treat it as a park as much as a monument, which is worth knowing before you arrive expecting silence.",0,active,2026-08-18T10:00:00+05:30
poi_b72516ce,cty_3503e391,Blue Pottery Workshop,cat_70320c9b,shopping,9.945734,78.112178,180,100.00,INR,3.079,56,88,10:00,19:00,0,winter,none,"photogenic,local_favourite,ticketed,family_friendly","Restored in the 1990s with mixed results — the colonnade is authentic, the tile mosaic is not.",0,active,2026-08-18T10:00:00+05:30
poi_cc47d60b,cty_3503e391,Handloom Cooperative,cat_8c7f3fd2,shopping,9.961739,78.165322,180,100.00,INR,0.516,54,38,09:00,,,,none,"local_favourite,guided_tour,indoor,quiet","Small enough to see in an hour, dense enough to reward two. Signage is uneven, so a guide helps.",0,active,2026-08-18T10:00:00+05:30
poi_0c725142,cty_3503e391,Kayaking at Madurai,cat_5c6b9b9e,adventure,9.882049,78.191023,75,2500.00,INR,1.115,49,58,09:00,18:00,,winter,partial,"ticketed,photogenic,sunrise,sunset","Locals treat it as a park as much as a monument, which is worth knowing before you arrive expecting silence.",0,active,2026-08-18T10:00:00+05:30
poi_216c247f,cty_3503e391,Cycling Loop,cat_0bdaba79,adventure,9.858826,78.069367,240,500.00,INR,1.692,41,55,09:00,18:00,,winter,none,"outdoor,quiet,guided_tour,indoor","Restored in the 1990s with mixed results — the inner sanctum approach is authentic, the inscription is not.",0,active,2026-08-18T10:00:00+05:30
poi_8c2e2ce7,cty_3503e391,Museum of Coins,cat_a74a90c1,museum,9.895127,78.132,240,50.00,INR,0.802,39,73,09:00,,0,,step_free,"outdoor,sunrise,photogenic,unesco","Locals treat it as a park as much as a monument, which is worth knowing before you arrive expecting silence.",0,active,2026-08-18T10:00:00+05:30
poi_ce24410a,cty_3503e391,Paragliding Launch,cat_51e6a700,adventure,9.954895,78.148355,75,0.00,INR,2.552,81,56,09:00,17:00,,winter,none,"sunset,photogenic,guided_tour,indoor","The brass door is the reason most people come, but the north courtyard behind it is quieter and arguably better.",0,active,2026-08-18T10:00:00+05:30
poi_127d23a8,cty_3503e391,Fishermen's Cove,cat_db94a794,beach,9.912547,78.146162,240,0.00,INR,0.736,24,45,08:00,21:00,,winter,partial,"guided_tour,sunrise,local_favourite,ticketed",Busiest between ten and one. Come at opening or an hour before closing and it is a different place entirely.,0,active,2026-08-18T10:00:00+05:30
poi_710b6716,cty_3503e391,Ridge Lookout,cat_a01f3db5,viewpoint,9.962782,78.126019,60,0.00,INR,0.761,46,82,10:00,19:00,0,winter,none,"unesco,outdoor,sunrise,photogenic","Restored in the 1990s with mixed results — the inner sanctum approach is authentic, the step-well geometry is not.",0,active,2026-08-18T10:00:00+05:30
poi_2b595469,cty_7fc82336,Maritime Museum,cat_648738e2,museum,11.404427,76.680595,45,0.00,INR,2.833,57,51,10:00,19:00,,summer,none,"outdoor,family_friendly,photogenic,crowded",Busiest between ten and one. Come at opening or an hour before closing and it is a different place entirely.,0,active,2026-08-18T10:00:00+05:30
poi_101f364b,cty_7fc82336,Night Food Bazaar,cat_34ac5ade,food,11.409032,76.710415,150,100.00,INR,2.268,42,26,06:00,18:00,,summer,step_free,"sunrise,guided_tour,ticketed,sunset","Restored in the 1990s with mixed results — the rear terrace is authentic, the lattice screen is not.",0,active,2026-08-18T10:00:00+05:30
poi_aa78ea49,cty_7fc82336,North Beach,cat_db94a794,beach,11.425297,76.72914,45,0.00,INR,1.127,78,57,09:00,,,,partial,"ticketed,guided_tour,unesco,quiet","Locals treat it as a park as much as a monument, which is worth knowing before you arrive expecting silence.",0,active,2026-08-18T10:00:00+05:30
poi_c102d66f,cty_7fc82336,Lighthouse Beach,cat_db94a794,beach,11.455027,76.62795,45,0.00,INR,2.577,62,66,,17:00,0,summer,step_free,"ticketed,local_favourite,sunrise,sunset","Built in stages between the fourteenth and eighteenth centuries, it repays a slow visit; the carved lintel on the inner sanctum approach is easy to miss from the main path.",0,active,2026-08-18T10:00:00+05:30
poi_7dcd447d,cty_7fc82336,Yoga Shala,cat_829c3404,wellness,11.439857,76.652539,180,2500.00,INR,2.146,68,63,06:00,,1,summer,partial,"photogenic,crowded,sunrise,indoor","Built in stages between the fourteenth and eighteenth centuries, it repays a slow visit; the fresco panel on the upper gallery is easy to miss from the main path.",0,active,2026-08-18T10:00:00+05:30
poi_c00a070e,cty_7fc82336,Ridge Lookout,cat_0bdaba79,viewpoint,11.466589,76.7016,45,500.00,INR,0.197,30,68,,21:00,,summer,partial,"outdoor,guided_tour,local_favourite,sunset","Locals treat it as a park as much as a monument, which is worth knowing before you arrive expecting silence.",0,active,2026-08-18T10:00:00+05:30
poi_003678b5,cty_7fc82336,Spice Market Walk,cat_34ac5ade,food,11.388565,76.735744,75,2500.00,INR,3.12,27,50,06:00,18:00,,summer,none,"guided_tour,indoor,sunrise,sunset","Small enough to see in an hour, dense enough to reward two. Signage is uneven, so a guide helps.",0,active,2026-08-18T10:00:00+05:30
poi_28dc076c,cty_7fc82336,Coffee Roastery Tour,cat_260a51dc,food,11.399744,76.759902,60,200.00,INR,3.167,72,61,09:00,21:00,,summer,step_free,"unesco,quiet,family_friendly,outdoor",Busiest between ten and one. Come at opening or an hour before closing and it is a different place entirely.,0,active,2026-08-18T10:00:00+05:30
poi_a94aa23b,cty_7fc82336,Quiet Bay,cat_db94a794,beach,11.427691,76.696135,120,500.00,INR,1.202,73,87,06:00,21:00,,summer,step_free,"sunrise,crowded,sunset,quiet",Busiest between ten and one. Come at opening or an hour before closing and it is a different place entirely.,0,active,2026-08-18T10:00:00+05:30
poi_0ca3ad9b,cty_7fc82336,"Jazz Cellar, Ooty",cat_ae5149e1,nightlife,11.434886,76.632352,75,500.00,INR,3.171,43,58,08:00,21:00,,summer,partial,"outdoor,guided_tour,quiet,family_friendly","Built in stages between the fourteenth and eighteenth centuries, it repays a slow visit; the lattice screen on the north courtyard is easy to miss from the main path.",0,active,2026-08-18T10:00:00+05:30
poi_4518419b,cty_7fc82336,Quiet Bay,cat_857ee77a,beach,11.481916,76.76058,150,350.00,INR,3.131,78,48,06:00,17:00,0,summer,partial,"photogenic,guided_tour,unesco,ticketed",Busiest between ten and one. Come at opening or an hour before closing and it is a different place entirely.,0,active,2026-08-18T10:00:00+05:30
poi_0e534643,cty_7fc82336,Ridge Lookout,cat_8f5457b4,viewpoint,11.432456,76.679328,90,200.00,INR,2.153,98,57,08:00,19:00,0,summer,partial,"family_friendly,guided_tour,ticketed,indoor",Busiest between ten and one. Come at opening or an hour before closing and it is a different place entirely.,0,active,2026-08-18T10:00:00+05:30
poi_3413f625,cty_7fc82336,Ridge Lookout,cat_857ee77a,viewpoint,11.430276,76.744148,60,0.00,INR,1.794,68,56,10:00,18:00,,summer,step_free,"family_friendly,local_favourite,sunrise,ticketed",Busiest between ten and one. Come at opening or an hour before closing and it is a different place entirely.,0,active,2026-08-18T10:00:00+05:30
poi_1b25272a,cty_7fc82336,Cycling Loop,cat_12271927,adventure,11.346511,76.631422,120,0.00,INR,2.685,3,72,10:00,17:00,,summer,none,"indoor,sunrise,guided_tour,family_friendly","Restored in the 1990s with mixed results — the north courtyard is authentic, the tile mosaic is not.",0,active,2026-08-18T10:00:00+05:30
poi_856c354e,cty_7fc82336,North Beach,cat_857ee77a,beach,11.374859,76.699153,60,0.00,INR,0.278,76,96,06:00,17:00,,summer,none,"outdoor,unesco,ticketed,sunrise","Small enough to see in an hour, dense enough to reward two. Signage is uneven, so a guide helps.",0,active,2026-08-18T10:00:00+05:30
poi_fac2a28d,cty_f288c6a0,Cliff Walk,cat_dbd7c6e8,nature,11.857004,79.785169,180,200.00,INR,0.28,85,70,08:00,21:00,,winter,none,"crowded,quiet,sunrise,unesco","The fresco panel is the reason most people come, but the north courtyard behind it is quieter and arguably better.",0,active,2026-08-18T10:00:00+05:30
poi_4020e2ba,cty_f288c6a0,Yoga Shala,cat_7073a53a,wellness,11.941489,79.744656,120,50.00,INR,2.577,81,89,06:00,19:00,,winter,partial,"local_favourite,quiet,ticketed,crowded","Small enough to see in an hour, dense enough to reward two. Signage is uneven, so a guide helps.",0,active,2026-08-18T10:00:00+05:30
poi_9380220d,cty_f288c6a0,Riverside Lounge,cat_3ecd28b3,nightlife,11.922476,79.771265,90,2500.00,INR,2.481,16,61,08:00,17:00,,winter,partial,"sunset,crowded,unesco,quiet","Small enough to see in an hour, dense enough to reward two. Signage is uneven, so a guide helps.",0,active,2026-08-18T10:00:00+05:30
poi_a3563f3f,cty_f288c6a0,Ridge Lookout,cat_db94a794,viewpoint,11.878848,79.875004,120,100.00,INR,1.822,30,47,08:00,21:00,1,winter,none,"local_favourite,sunset,photogenic,unesco","Small enough to see in an hour, dense enough to reward two. Signage is uneven, so a guide helps.",0,active,2026-08-18T10:00:00+05:30
poi_93c2898a,cty_f288c6a0,Night Food Bazaar,cat_b591c643,food,11.935656,79.869834,90,0.00,INR,1.352,50,62,10:00,18:00,0,,none,"local_favourite,unesco,photogenic,outdoor","The step-well geometry is the reason most people come, but the north courtyard behind it is quieter and arguably better.",0,active,2026-08-18T10:00:00+05:30
poi_9ffc7df5,cty_f288c6a0,Hot Springs,cat_7073a53a,wellness,11.980784,79.856849,90,2500.00,INR,2.328,79,78,,17:00,,winter,none,"family_friendly,unesco,sunset,crowded","Built in stages between the fourteenth and eighteenth centuries, it repays a slow visit; the carved lintel on the north courtyard is easy to miss from the main path.",0,active,2026-08-18T10:00:00+05:30
poi_bb9e4ca5,cty_f288c6a0,Cooking Class at Old Town,cat_260a51dc,food,11.852624,79.783704,60,2500.00,INR,2.936,47,60,10:00,17:00,6,winter,step_free,"sunrise,ticketed,local_favourite,crowded","Locals treat it as a park as much as a monument, which is worth knowing before you arrive expecting silence.",0,active,2026-08-18T10:00:00+05:30
poi_7a6df998,cty_f288c6a0,Pondicherry Lake,cat_87a6232b,nature,11.951072,79.784523,75,200.00,INR,2.289,65,86,09:00,21:00,0,,none,"sunset,local_favourite,guided_tour,sunrise",Busiest between ten and one. Come at opening or an hour before closing and it is a different place entirely.,0,active,2026-08-18T10:00:00+05:30
poi_140f82f9,cty_f288c6a0,Ayurveda Centre,cat_7073a53a,wellness,11.872681,79.832339,120,100.00,INR,1.74,95,29,08:00,19:00,1,winter,none,"indoor,local_favourite,photogenic,family_friendly","Small enough to see in an hour, dense enough to reward two. Signage is uneven, so a guide helps.",0,active,2026-08-18T10:00:00+05:30
poi_9f8da737,cty_f288c6a0,Hot Springs,cat_829c3404,wellness,11.858021,79.858102,120,0.00,INR,0.743,35,40,08:00,17:00,,winter,none,"photogenic,quiet,guided_tour,unesco","The lattice screen is the reason most people come, but the riverside steps behind it is quieter and arguably better.",0,active,2026-08-18T10:00:00+05:30
poi_5f6dfb06,cty_f288c6a0,Blue Pottery Workshop,cat_f2c80643,shopping,11.908889,79.744515,180,0.00,INR,0.575,50,68,06:00,,,winter,partial,"sunrise,guided_tour,indoor,unesco",Busiest between ten and one. Come at opening or an hour before closing and it is a different place entirely.,0,active,2026-08-18T10:00:00+05:30
poi_2ddbef11,cty_f288c6a0,Tea Estate Trail,cat_dbd7c6e8,nature,11.887193,79.784639,75,1200.00,INR,0.914,58,79,09:00,18:00,0,winter,partial,"outdoor,quiet,indoor,local_favourite",Busiest between ten and one. Come at opening or an hour before closing and it is a different place entirely.,0,active,2026-08-18T10:00:00+05:30
poi_4490728b,cty_f288c6a0,Night Food Bazaar,cat_34ac5ade,food,11.851191,79.814086,240,50.00,INR,0.128,65,56,06:00,17:00,6,winter,none,"quiet,outdoor,sunrise,indoor","Locals treat it as a park as much as a monument, which is worth knowing before you arrive expecting silence.",0,active,2026-08-18T10:00:00+05:30
poi_64a35db3,cty_f288c6a0,North Beach,cat_857ee77a,beach,11.940167,79.815701,240,1200.00,INR,3.032,70,55,09:00,17:00,,winter,partial,"ticketed,outdoor,family_friendly,unesco","Small enough to see in an hour, dense enough to reward two. Signage is uneven, so a guide helps.",0,active,2026-08-18T10:00:00+05:30
poi_d68e7f7a,cty_f288c6a0,Quiet Bay,cat_857ee77a,beach,11.880505,79.814176,180,750.00,INR,0.419,85,37,10:00,,,winter,partial,"quiet,local_favourite,outdoor,photogenic","Restored in the 1990s with mixed results — the inner sanctum approach is authentic, the lattice screen is not.",0,active,2026-08-18T10:00:00+05:30
poi_d1bcb16e,cty_7f673457,Riverside Ghats,cat_63e0475b,religious,10.807081,79.15554,240,0.00,INR,3.172,27,56,,21:00,,winter,none,"unesco,quiet,crowded,indoor","Built in stages between the fourteenth and eighteenth centuries, it repays a slow visit; the fresco panel on the north courtyard is easy to miss from the main path.",0,active,2026-08-18T10:00:00+05:30
poi_ec6f466f,cty_7f673457,Riverside Lounge,cat_ae5149e1,nightlife,10.741173,79.142489,240,200.00,INR,3.482,68,98,08:00,21:00,,,step_free,"family_friendly,sunrise,quiet,outdoor","Built in stages between the fourteenth and eighteenth centuries, it repays a slow visit; the step-well geometry on the upper gallery is easy to miss from the main path.",0,active,2026-08-18T10:00:00+05:30
poi_1095ead0,cty_7f673457,Thanjavur Viewpoint,cat_0bdaba79,viewpoint,10.796753,79.068733,180,0.00,INR,2.029,96,30,,19:00,,winter,partial,"family_friendly,quiet,outdoor,sunrise","Restored in the 1990s with mixed results — the riverside steps is authentic, the carved lintel is not.",0,active,2026-08-18T10:00:00+05:30
poi_882527c5,cty_7f673457,Antique Lane,cat_70320c9b,shopping,10.772704,79.207077,45,0.00,INR,0.196,39,65,10:00,21:00,,winter,step_free,"ticketed,indoor,local_favourite,sunset","Small enough to see in an hour, dense enough to reward two. Signage is uneven, so a guide helps.",0,active,2026-08-18T10:00:00+05:30
poi_b6b1ef8b,cty_7f673457,Antique Lane,cat_70320c9b,shopping,10.753527,79.131272,60,0.00,INR,1.069,43,66,06:00,21:00,,winter,partial,"indoor,sunrise,local_favourite,ticketed",Busiest between ten and one. Come at opening or an hour before closing and it is a different place entirely.,0,active,2026-08-18T10:00:00+05:30
poi_e435c16e,cty_7f673457,Hot Springs,cat_7073a53a,wellness,10.81896,79.157054,90,350.00,INR,1.431,83,69,06:00,,,,partial,"outdoor,sunrise,unesco,quiet","Small enough to see in an hour, dense enough to reward two. Signage is uneven, so a guide helps.",0,active,2026-08-18T10:00:00+05:30
poi_dde08770,cty_7f673457,Riverside Lounge,cat_3ecd28b3,nightlife,10.793467,79.104529,180,500.00,INR,0.748,30,43,08:00,,1,,step_free,"family_friendly,photogenic,ticketed,quiet","Locals treat it as a park as much as a monument, which is worth knowing before you arrive expecting silence.",0,active,2026-08-18T10:00:00+05:30
poi_fca6aef8,cty_7f673457,Puppet Museum,cat_648738e2,museum,10.77488,79.177867,150,0.00,INR,3.045,69,77,,18:00,1,winter,partial,"sunrise,family_friendly,guided_tour,outdoor","The mirror work is the reason most people come, but the riverside steps behind it is quieter and arguably better.",0,active,2026-08-18T10:00:00+05:30
poi_d87edd8a,cty_7f673457,Riverside Lounge,cat_ae5149e1,nightlife,10.837446,79.188143,75,500.00,INR,0.854,78,53,06:00,17:00,0,winter,none,"photogenic,quiet,guided_tour,ticketed",Busiest between ten and one. Come at opening or an hour before closing and it is a different place entirely.,0,active,2026-08-18T10:00:00+05:30
poi_6e8951e7,cty_7f673457,Textile Museum,cat_a6c4c438,museum,10.753714,79.119054,45,0.00,INR,3.342,79,57,09:00,17:00,,,step_free,"ticketed,guided_tour,local_favourite,photogenic","The inscription is the reason most people come, but the colonnade behind it is quieter and arguably better.",0,active,2026-08-18T10:00:00+05:30
poi_0fa49039,cty_7f673457,Hot Springs,cat_829c3404,wellness,10.715061,79.180741,45,750.00,INR,1.81,43,57,08:00,18:00,,winter,partial,"photogenic,sunset,local_favourite,family_friendly","Restored in the 1990s with mixed results — the colonnade is authentic, the tile mosaic is not.",0,active,2026-08-18T10:00:00+05:30
poi_f5f4cb80,cty_7f673457,Hilltop Shrine,cat_7e99ea32,religious,10.734498,79.181638,75,350.00,INR,3.359,90,51,,19:00,,,none,"sunrise,outdoor,photogenic,unesco","The lattice screen is the reason most people come, but the upper gallery behind it is quieter and arguably better.",0,active,2026-08-18T10:00:00+05:30
poi_90420dc8,cty_7f673457,Hot Springs,cat_7073a53a,wellness,10.80388,79.166583,45,500.00,INR,2.365,90,59,06:00,17:00,,winter,none,"indoor,sunrise,crowded,unesco","Built in stages between the fourteenth and eighteenth centuries, it repays a slow visit; the lattice screen on the upper gallery is easy to miss from the main path.",0,active,2026-08-18T10:00:00+05:30
poi_fc2fe936,cty_7f673457,Hilltop Shrine,cat_63e0475b,religious,10.824152,79.193221,75,350.00,INR,2.804,47,75,09:00,21:00,,winter,step_free,"ticketed,sunrise,guided_tour,quiet","Built in stages between the fourteenth and eighteenth centuries, it repays a slow visit; the carved lintel on the north courtyard is easy to miss from the main path.",0,active,2026-08-18T10:00:00+05:30
poi_8ea44859,cty_7f673457,Hot Springs,cat_829c3404,wellness,10.842785,79.179558,45,2500.00,INR,0.952,59,55,,19:00,1,winter,step_free,"local_favourite,crowded,quiet,photogenic","The fresco panel is the reason most people come, but the north courtyard behind it is quieter and arguably better.",0,active,2026-08-18T10:00:00+05:30
poi_5bfdc682,cty_8b6b1652,Kochi Lake,cat_87a6232b,nature,9.86499,76.198182,180,500.00,INR,1.892,16,90,10:00,17:00,0,winter,partial,"photogenic,outdoor,quiet,crowded",Busiest between ten and one. Come at opening or an hour before closing and it is a different place entirely.,0,active,2026-08-18T10:00:00+05:30
poi_77bff953,cty_8b6b1652,Night Food Bazaar,cat_260a51dc,food,9.97408,76.286014,90,50.00,INR,2.733,67,57,10:00,,0,winter,step_free,"local_favourite,indoor,outdoor,crowded","Built in stages between the fourteenth and eighteenth centuries, it repays a slow visit; the fresco panel on the colonnade is easy to miss from the main path.",0,active,2026-08-18T10:00:00+05:30
poi_ee4e06ed,cty_8b6b1652,Kochi Street Food Lane,cat_34ac5ade,food,9.989631,76.224938,240,0.00,INR,1.867,94,73,10:00,21:00,,winter,step_free,"unesco,crowded,outdoor,photogenic","Restored in the 1990s with mixed results — the rear terrace is authentic, the mirror work is not.",0,active,2026-08-18T10:00:00+05:30
poi_9f3533a8,cty_8b6b1652,Puppet Museum,cat_a6c4c438,museum,9.968458,76.328854,90,500.00,INR,2,26,79,08:00,18:00,,winter,none,"sunset,quiet,indoor,photogenic","Small enough to see in an hour, dense enough to reward two. Signage is uneven, so a guide helps.",0,active,2026-08-18T10:00:00+05:30
poi_f2cb7eae,cty_8b6b1652,Puppet Museum,cat_648738e2,museum,9.888673,76.281982,120,200.00,INR,2.813,83,43,06:00,,,winter,partial,"unesco,outdoor,photogenic,indoor","Built in stages between the fourteenth and eighteenth centuries, it repays a slow visit; the inscription on the inner sanctum approach is easy to miss from the main path.",0,active,2026-08-18T10:00:00+05:30
poi_9daf754e,cty_8b6b1652,Night Food Bazaar,cat_34ac5ade,food,10.001464,76.291787,75,2500.00,INR,1.936,68,37,08:00,21:00,1,winter,step_free,"unesco,guided_tour,crowded,sunrise",Busiest between ten and one. Come at opening or an hour before closing and it is a different place entirely.,0,active,2026-08-18T10:00:00+05:30
poi_45d26bf8,cty_8b6b1652,Tea Estate Trail,cat_87a6232b,nature,9.915628,76.327746,150,2500.00,INR,2.355,78,67,08:00,21:00,1,winter,partial,"sunset,indoor,guided_tour,unesco","The carved lintel is the reason most people come, but the rear terrace behind it is quieter and arguably better.",0,active,2026-08-18T10:00:00+05:30
poi_fc3e3e6b,cty_8b6b1652,Quiet Bay,cat_db94a794,beach,9.975836,76.22588,240,0.00,INR,0.81,62,98,06:00,18:00,,winter,partial,"indoor,unesco,local_favourite,outdoor","Built in stages between the fourteenth and eighteenth centuries, it repays a slow visit; the step-well geometry on the north courtyard is easy to miss from the main path.",0,active,2026-08-18T10:00:00+05:30
poi_4df9bc6d,cty_8b6b1652,Cooking Class at Old Town,cat_260a51dc,food,9.921586,76.229209,240,0.00,INR,1.021,40,36,10:00,17:00,,winter,none,"photogenic,unesco,sunrise,guided_tour",Busiest between ten and one. Come at opening or an hour before closing and it is a different place entirely.,0,active,2026-08-18T10:00:00+05:30
poi_5d8f9902,cty_8b6b1652,Fishermen's Cove,cat_857ee77a,beach,9.994559,76.290576,60,50.00,INR,1.429,55,80,,17:00,,,step_free,"crowded,unesco,ticketed,outdoor","Restored in the 1990s with mixed results — the north courtyard is authentic, the tile mosaic is not.",0,active,2026-08-18T10:00:00+05:30
poi_9f8cf411,cty_8b6b1652,Blue Pottery Workshop,cat_f2c80643,shopping,9.902869,76.224572,150,0.00,INR,1.208,21,42,10:00,19:00,,winter,partial,"outdoor,quiet,local_favourite,crowded",Busiest between ten and one. Come at opening or an hour before closing and it is a different place entirely.,0,active,2026-08-18T10:00:00+05:30
poi_f180e07b,cty_8b6b1652,Tea Estate Trail,cat_87a6232b,nature,9.885606,76.32755,180,0.00,INR,2.961,37,71,08:00,18:00,1,winter,step_free,"local_favourite,ticketed,guided_tour,quiet",Busiest between ten and one. Come at opening or an hour before closing and it is a different place entirely.,0,active,2026-08-18T10:00:00+05:30
poi_49b7b32e,cty_8b6b1652,Kayaking at Kochi,cat_12271927,adventure,9.860772,76.27201,75,350.00,INR,2.294,41,41,06:00,17:00,6,winter,partial,"photogenic,guided_tour,unesco,indoor","Locals treat it as a park as much as a monument, which is worth knowing before you arrive expecting silence.",0,active,2026-08-18T10:00:00+05:30
poi_ac50e745,cty_8b6b1652,Blue Pottery Workshop,cat_70320c9b,shopping,9.914804,76.245477,120,0.00,INR,1.683,55,67,06:00,,,winter,none,"unesco,quiet,local_favourite,sunset","Restored in the 1990s with mixed results — the colonnade is authentic, the tile mosaic is not.",0,active,2026-08-18T10:00:00+05:30
poi_73ee7f50,cty_8b6b1652,"St Mary's Church, Kochi",cat_63e0475b,religious,9.970972,76.296469,180,50.00,INR,0.725,88,43,10:00,19:00,,winter,step_free,"quiet,family_friendly,unesco,outdoor","Built in stages between the fourteenth and eighteenth centuries, it repays a slow visit; the lattice screen on the north courtyard is easy to miss from the main path.",0,active,2026-08-18T10:00:00+05:30
poi_f0480ca4,cty_34bbfdfe,Tea Estate Trail,cat_fda74089,nature,9.448374,76.276174,180,500.00,INR,0.144,77,98,06:00,,,winter,partial,"quiet,crowded,indoor,local_favourite","The step-well geometry is the reason most people come, but the riverside steps behind it is quieter and arguably better.",0,active,2026-08-18T10:00:00+05:30
poi_e0c06ade,cty_34bbfdfe,Alleppey Lake,cat_8f5457b4,nature,9.548522,76.403236,150,750.00,INR,3.094,38,17,10:00,18:00,,winter,partial,"sunset,quiet,sunrise,ticketed","Locals treat it as a park as much as a monument, which is worth knowing before you arrive expecting silence.",0,active,2026-08-18T10:00:00+05:30
poi_fb2bcabe,cty_34bbfdfe,Sunset Point,cat_fda74089,nature,9.532601,76.278784,60,750.00,INR,2.195,39,25,08:00,19:00,,winter,partial,"ticketed,sunrise,guided_tour,indoor","The inscription is the reason most people come, but the rear terrace behind it is quieter and arguably better.",0,active,2026-08-18T10:00:00+05:30
poi_d668af53,cty_34bbfdfe,Cycling Loop,cat_12271927,adventure,9.561126,76.282274,120,0.00,INR,2.687,30,62,09:00,21:00,,winter,step_free,"family_friendly,local_favourite,quiet,indoor","The inscription is the reason most people come, but the riverside steps behind it is quieter and arguably better.",0,active,2026-08-18T10:00:00+05:30
poi_7266e8b1,cty_34bbfdfe,Watchtower Terrace,cat_a6c4c438,viewpoint,9.481743,76.409488,75,200.00,INR,3.03,45,73,06:00,17:00,0,,none,"sunrise,indoor,photogenic,outdoor","Built in stages between the fourteenth and eighteenth centuries, it repays a slow visit; the lattice screen on the colonnade is easy to miss from the main path.",0,active,2026-08-18T10:00:00+05:30
poi_5b490311,cty_34bbfdfe,Alleppey Bazaar,cat_f2c80643,shopping,9.561782,76.302093,150,50.00,INR,3.116,45,56,09:00,19:00,,,partial,"family_friendly,local_favourite,sunrise,photogenic",Busiest between ten and one. Come at opening or an hour before closing and it is a different place entirely.,0,active,2026-08-18T10:00:00+05:30
poi_c860207e,cty_34bbfdfe,Alleppey Viewpoint,cat_12271927,viewpoint,9.517496,76.316429,120,200.00,INR,0.959,75,55,,17:00,0,winter,none,"sunrise,unesco,quiet,ticketed","Built in stages between the fourteenth and eighteenth centuries, it repays a slow visit; the mirror work on the north courtyard is easy to miss from the main path.",0,active,2026-08-18T10:00:00+05:30
poi_48807df0,cty_34bbfdfe,Alleppey Stepwell,cat_fce0bd94,heritage,9.506313,76.305782,150,2500.00,INR,1.878,85,100,10:00,18:00,,winter,none,"local_favourite,guided_tour,sunset,sunrise",Busiest between ten and one. Come at opening or an hour before closing and it is a different place entirely.,0,active,2026-08-18T10:00:00+05:30
poi_a666cab4,cty_34bbfdfe,Alleppey Bazaar,cat_8c7f3fd2,shopping,9.428142,76.291679,45,500.00,INR,0.315,79,65,08:00,19:00,,winter,step_free,"quiet,outdoor,local_favourite,indoor","The brass door is the reason most people come, but the upper gallery behind it is quieter and arguably better.",0,active,2026-08-18T10:00:00+05:30
poi_a34a401d,cty_34bbfdfe,Sunset Point,cat_87a6232b,nature,9.53997,76.352364,150,0.00,INR,2.395,31,100,09:00,17:00,0,winter,none,"ticketed,guided_tour,indoor,quiet","Locals treat it as a park as much as a monument, which is worth knowing before you arrive expecting silence.",0,active,2026-08-18T10:00:00+05:30
poi_ddafcd82,cty_34bbfdfe,Hilltop Shrine,cat_63e0475b,religious,9.431187,76.309884,150,200.00,INR,3.418,33,52,10:00,21:00,0,,none,"sunset,local_favourite,photogenic,sunrise",Busiest between ten and one. Come at opening or an hour before closing and it is a different place entirely.,0,active,2026-08-18T10:00:00+05:30
poi_b87834c8,cty_34bbfdfe,Alleppey Bazaar,cat_f2c80643,shopping,9.445137,76.353646,75,1200.00,INR,1.696,36,87,08:00,17:00,,winter,partial,"unesco,family_friendly,photogenic,quiet","Built in stages between the fourteenth and eighteenth centuries, it repays a slow visit; the inscription on the riverside steps is easy to miss from the main path.",0,active,2026-08-18T10:00:00+05:30
poi_6b9d7461,cty_34bbfdfe,Backwater Channel,cat_8f5457b4,nature,9.462895,76.335752,180,50.00,INR,3.226,61,75,06:00,,,winter,none,"crowded,outdoor,unesco,photogenic","The lattice screen is the reason most people come, but the riverside steps behind it is quieter and arguably better.",0,active,2026-08-18T10:00:00+05:30
poi_ebc96348,cty_34bbfdfe,Zipline Point,cat_0bdaba79,adventure,9.43774,76.380158,150,0.00,INR,0.534,44,50,10:00,,,,partial,"indoor,guided_tour,outdoor,unesco","Small enough to see in an hour, dense enough to reward two. Signage is uneven, so a guide helps.",0,active,2026-08-18T10:00:00+05:30
poi_ef77702c,cty_34bbfdfe,Alleppey Bazaar,cat_8c7f3fd2,shopping,9.528798,76.380151,60,50.00,INR,1.618,27,34,09:00,17:00,,,step_free,"crowded,local_favourite,sunrise,sunset","Built in stages between the fourteenth and eighteenth centuries, it repays a slow visit; the tile mosaic on the colonnade is easy to miss from the main path.",0,active,2026-08-18T10:00:00+05:30
poi_a03d90a4,cty_d401ef6b,Quiet Bay,cat_db94a794,beach,10.130181,77.127819,150,1200.00,INR,2.585,41,57,08:00,19:00,0,winter,none,"quiet,sunrise,ticketed,sunset","The step-well geometry is the reason most people come, but the inner sanctum approach behind it is quieter and arguably better.",0,active,2026-08-18T10:00:00+05:30
poi_39331eca,cty_d401ef6b,Quiet Bay,cat_db94a794,beach,10.153375,77.004556,60,1200.00,INR,0.841,50,17,09:00,19:00,1,winter,partial,"indoor,ticketed,unesco,photogenic","Locals treat it as a park as much as a monument, which is worth knowing before you arrive expecting silence.",0,active,2026-08-18T10:00:00+05:30
poi_8d8ccc5b,cty_d401ef6b,Backwater Channel,cat_fda74089,nature,10.063333,77.118404,45,0.00,INR,2.456,64,51,10:00,19:00,6,winter,partial,"ticketed,quiet,outdoor,guided_tour",Busiest between ten and one. Come at opening or an hour before closing and it is a different place entirely.,0,active,2026-08-18T10:00:00+05:30
poi_1c1c550c,cty_d401ef6b,Fishermen's Cove,cat_db94a794,beach,10.096229,77.031408,45,2500.00,INR,3.033,51,58,09:00,,1,,step_free,"family_friendly,photogenic,unesco,ticketed","Small enough to see in an hour, dense enough to reward two. Signage is uneven, so a guide helps.",0,active,2026-08-18T10:00:00+05:30
poi_dd78baa6,cty_d401ef6b,Watchtower Terrace,cat_a01f3db5,viewpoint,10.055127,76.990728,120,0.00,INR,0.658,45,41,06:00,19:00,,,step_free,"sunrise,unesco,local_favourite,photogenic","Built in stages between the fourteenth and eighteenth centuries, it repays a slow visit; the mirror work on the colonnade is easy to miss from the main path.",0,active,2026-08-18T10:00:00+05:30
poi_c9a12a62,cty_d401ef6b,Hot Springs,cat_7073a53a,wellness,10.070674,77.051265,150,750.00,INR,3.122,51,68,06:00,17:00,,winter,partial,"outdoor,indoor,photogenic,family_friendly","Small enough to see in an hour, dense enough to reward two. Signage is uneven, so a guide helps.",0,active,2026-08-18T10:00:00+05:30
poi_6f608f35,cty_d401ef6b,Rock Garden,cat_dbd7c6e8,nature,10.151924,77.079746,45,0.00,INR,0.865,57,74,10:00,18:00,,winter,step_free,"family_friendly,unesco,photogenic,crowded","Built in stages between the fourteenth and eighteenth centuries, it repays a slow visit; the fresco panel on the rear terrace is easy to miss from the main path.",0,active,2026-08-18T10:00:00+05:30
poi_c8da2549,cty_d401ef6b,Hot Springs,cat_7073a53a,wellness,10.142488,77.096903,180,0.00,INR,1.241,69,57,06:00,19:00,,winter,none,"sunrise,local_favourite,quiet,photogenic","Locals treat it as a park as much as a monument, which is worth knowing before you arrive expecting silence.",0,active,2026-08-18T10:00:00+05:30
poi_eb938fe9,cty_d401ef6b,Lighthouse Beach,cat_857ee77a,beach,10.0655,77.039546,90,0.00,INR,1.042,49,40,,21:00,1,winter,none,"indoor,sunrise,ticketed,crowded","Small enough to see in an hour, dense enough to reward two. Signage is uneven, so a guide helps.",0,active,2026-08-18T10:00:00+05:30
poi_d8cb0fe2,cty_d401ef6b,Quiet Bay,cat_db94a794,beach,10.139022,77.118782,150,50.00,INR,1.764,54,84,09:00,21:00,,winter,step_free,"guided_tour,sunset,local_favourite,outdoor","The mirror work is the reason most people come, but the upper gallery behind it is quieter and arguably better.",0,active,2026-08-18T10:00:00+05:30
poi_9c0a82f7,cty_d401ef6b,Paragliding Launch,cat_0bdaba79,adventure,10.146843,77.002523,240,1200.00,INR,1.125,58,52,06:00,21:00,1,winter,partial,"ticketed,outdoor,photogenic,family_friendly","The brass door is the reason most people come, but the riverside steps behind it is quieter and arguably better.",0,active,2026-08-18T10:00:00+05:30
poi_d85873d4,cty_d401ef6b,Ridge Lookout,cat_70320c9b,viewpoint,10.140678,77.018766,45,350.00,INR,3.256,60,39,10:00,18:00,0,winter,none,"outdoor,unesco,sunset,sunrise","Built in stages between the fourteenth and eighteenth centuries, it repays a slow visit; the fresco panel on the inner sanctum approach is easy to miss from the main path.",0,active,2026-08-18T10:00:00+05:30
poi_ee9f14ca,cty_d401ef6b,Crocodile Park,cat_db384ce5,wildlife,10.126906,77.095395,75,0.00,INR,2.493,64,76,10:00,17:00,,winter,partial,"local_favourite,sunset,sunrise,family_friendly","Small enough to see in an hour, dense enough to reward two. Signage is uneven, so a guide helps.",0,active,2026-08-18T10:00:00+05:30
poi_7e4b1bf1,cty_d401ef6b,Handloom Cooperative,cat_f2c80643,shopping,10.073503,77.022019,240,50.00,INR,1.668,53,77,08:00,21:00,,winter,step_free,"indoor,photogenic,crowded,sunset","The carved lintel is the reason most people come, but the riverside steps behind it is quieter and arguably better.",0,active,2026-08-18T10:00:00+05:30
poi_a1220965,cty_d401ef6b,Sunset Point,cat_87a6232b,nature,10.145216,76.987911,90,2500.00,INR,0.158,34,50,10:00,18:00,1,winter,step_free,"sunset,guided_tour,outdoor,indoor","Small enough to see in an hour, dense enough to reward two. Signage is uneven, so a guide helps.",0,active,2026-08-18T10:00:00+05:30
poi_63594b52,cty_67ee7f6f,Water Palace,cat_c03ee00a,heritage,8.560973,76.886615,120,0.00,INR,3.29,46,48,06:00,19:00,6,,none,"guided_tour,family_friendly,ticketed,sunrise","Restored in the 1990s with mixed results — the north courtyard is authentic, the fresco panel is not.",0,active,2026-08-18T10:00:00+05:30
poi_a6ab1a68,cty_67ee7f6f,Quiet Bay,cat_857ee77a,beach,8.536479,76.999731,180,750.00,INR,0.489,62,77,09:00,19:00,6,winter,none,"photogenic,indoor,sunrise,unesco","Built in stages between the fourteenth and eighteenth centuries, it repays a slow visit; the mirror work on the upper gallery is easy to miss from the main path.",0,active,2026-08-18T10:00:00+05:30
poi_87e0c24e,cty_67ee7f6f,Thiruvananthapuram Street Food Lane,cat_260a51dc,food,8.584158,76.932876,150,350.00,INR,2.469,77,65,09:00,18:00,,winter,none,"sunrise,indoor,outdoor,crowded","Small enough to see in an hour, dense enough to reward two. Signage is uneven, so a guide helps.",0,active,2026-08-18T10:00:00+05:30
poi_0f53485c,cty_67ee7f6f,Textile Museum,cat_648738e2,museum,8.50618,76.916405,150,0.00,INR,0.108,65,92,,21:00,,winter,step_free,"ticketed,sunrise,indoor,crowded","Built in stages between the fourteenth and eighteenth centuries, it repays a slow visit; the lattice screen on the north courtyard is easy to miss from the main path.",0,active,2026-08-18T10:00:00+05:30
poi_a1100754,cty_67ee7f6f,Ridge Lookout,cat_7073a53a,viewpoint,8.519885,77.001216,75,50.00,INR,3.375,76,64,08:00,18:00,,winter,none,"sunset,local_favourite,ticketed,photogenic","Small enough to see in an hour, dense enough to reward two. Signage is uneven, so a guide helps.",0,active,2026-08-18T10:00:00+05:30
poi_bcc733aa,cty_67ee7f6f,North Beach,cat_857ee77a,beach,8.56793,76.999162,240,0.00,INR,1.35,98,88,09:00,21:00,0,winter,partial,"ticketed,guided_tour,photogenic,outdoor","The brass door is the reason most people come, but the inner sanctum approach behind it is quieter and arguably better.",0,active,2026-08-18T10:00:00+05:30
poi_2f03bafe,cty_67ee7f6f,Yoga Shala,cat_829c3404,wellness,8.573261,76.990231,120,100.00,INR,0.369,70,66,10:00,18:00,,winter,none,"photogenic,crowded,sunset,guided_tour","Small enough to see in an hour, dense enough to reward two. Signage is uneven, so a guide helps.",0,active,2026-08-18T10:00:00+05:30
poi_2fc8a8df,cty_67ee7f6f,Yoga Shala,cat_7073a53a,wellness,8.587739,76.89306,180,100.00,INR,3.312,79,74,06:00,21:00,1,,step_free,"ticketed,family_friendly,local_favourite,unesco","Restored in the 1990s with mixed results — the riverside steps is authentic, the carved lintel is not.",0,active,2026-08-18T10:00:00+05:30
poi_1dc221bb,cty_67ee7f6f,Thiruvananthapuram Observatory,cat_54243992,heritage,8.484093,76.873538,120,100.00,INR,0.145,30,84,10:00,17:00,,winter,partial,"indoor,sunset,family_friendly,outdoor","Locals treat it as a park as much as a monument, which is worth knowing before you arrive expecting silence.",0,active,2026-08-18T10:00:00+05:30
poi_7061ac7c,cty_67ee7f6f,Rooftop Live Music,cat_3ecd28b3,nightlife,8.551311,76.956345,150,200.00,INR,0.335,89,59,10:00,21:00,1,winter,partial,"family_friendly,sunset,photogenic,indoor","The inscription is the reason most people come, but the upper gallery behind it is quieter and arguably better.",0,active,2026-08-18T10:00:00+05:30
poi_7584624c,cty_67ee7f6f,Hot Springs,cat_7073a53a,wellness,8.52766,76.977312,150,0.00,INR,1.363,99,58,10:00,19:00,,winter,none,"local_favourite,family_friendly,indoor,outdoor","Restored in the 1990s with mixed results — the north courtyard is authentic, the mirror work is not.",0,active,2026-08-18T10:00:00+05:30
poi_986efb66,cty_67ee7f6f,Handloom Cooperative,cat_8c7f3fd2,shopping,8.521332,76.945372,60,350.00,INR,1.926,37,82,,18:00,,winter,none,"ticketed,crowded,sunset,sunrise","The fresco panel is the reason most people come, but the rear terrace behind it is quieter and arguably better.",0,active,2026-08-18T10:00:00+05:30
poi_95bca120,cty_67ee7f6f,"Jazz Cellar, Thiruvananthapuram",cat_ae5149e1,nightlife,8.515438,76.972424,180,100.00,INR,2.388,63,62,06:00,17:00,0,winter,none,"photogenic,family_friendly,ticketed,unesco","Small enough to see in an hour, dense enough to reward two. Signage is uneven, so a guide helps.",0,active,2026-08-18T10:00:00+05:30
poi_481e5628,cty_67ee7f6f,Cooking Class at Old Town,cat_34ac5ade,food,8.589315,76.991843,120,350.00,INR,2.38,51,67,10:00,19:00,6,winter,step_free,"quiet,unesco,sunset,family_friendly","Restored in the 1990s with mixed results — the upper gallery is authentic, the mirror work is not.",1,active,2026-08-18T10:00:00+05:30
poi_2415e02a,cty_67ee7f6f,North Beach,cat_db94a794,beach,8.542166,76.999884,120,0.00,INR,2.459,24,56,09:00,19:00,6,winter,none,"quiet,sunset,guided_tour,family_friendly","Restored in the 1990s with mixed results — the upper gallery is authentic, the tile mosaic is not.",0,active,2026-08-18T10:00:00+05:30
poi_0b113cd1,cty_541018a9,Wayanad Temple,cat_63e0475b,religious,11.7401,76.157033,240,0.00,INR,2.754,70,75,09:00,17:00,,post_monsoon,step_free,"ticketed,guided_tour,outdoor,sunrise","The step-well geometry is the reason most people come, but the upper gallery behind it is quieter and arguably better.",0,active,2026-08-18T10:00:00+05:30
poi_0c5014db,cty_541018a9,Lighthouse Beach,cat_857ee77a,beach,11.685573,76.187637,60,750.00,INR,1.648,88,64,06:00,21:00,,post_monsoon,partial,"family_friendly,outdoor,local_favourite,photogenic","Locals treat it as a park as much as a monument, which is worth knowing before you arrive expecting silence.",0,active,2026-08-18T10:00:00+05:30
poi_90ae8bdc,cty_541018a9,City Walls Walk,cat_68482803,heritage,11.755017,76.099494,180,0.00,INR,2.002,89,65,09:00,17:00,,,none,"family_friendly,guided_tour,indoor,quiet",Busiest between ten and one. Come at opening or an hour before closing and it is a different place entirely.,0,active,2026-08-18T10:00:00+05:30
poi_6b659eca,cty_541018a9,Hot Springs,cat_7073a53a,wellness,11.645,76.071325,45,0.00,INR,3.084,34,50,,18:00,,post_monsoon,partial,"photogenic,indoor,sunrise,quiet","Small enough to see in an hour, dense enough to reward two. Signage is uneven, so a guide helps.",0,active,2026-08-18T10:00:00+05:30
poi_d2d9d668,cty_541018a9,Crocodile Park,cat_db384ce5,wildlife,11.649049,76.169313,150,0.00,INR,2.818,70,30,06:00,18:00,1,post_monsoon,step_free,"crowded,sunrise,ticketed,local_favourite",Busiest between ten and one. Come at opening or an hour before closing and it is a different place entirely.,0,active,2026-08-18T10:00:00+05:30
poi_ba254651,cty_541018a9,Ayurveda Centre,cat_829c3404,wellness,11.723113,76.134412,150,0.00,INR,0.159,57,43,10:00,17:00,1,post_monsoon,step_free,"ticketed,quiet,crowded,photogenic","Locals treat it as a park as much as a monument, which is worth knowing before you arrive expecting silence.",0,active,2026-08-18T10:00:00+05:30
poi_df26bbb8,cty_541018a9,Hot Springs,cat_7073a53a,wellness,11.682993,76.175674,240,50.00,INR,2.525,100,61,08:00,19:00,,post_monsoon,step_free,"quiet,crowded,photogenic,outdoor","Restored in the 1990s with mixed results — the north courtyard is authentic, the lattice screen is not.",0,active,2026-08-18T10:00:00+05:30
poi_3132b4af,cty_541018a9,Wayanad Temple,cat_63e0475b,religious,11.64533,76.096216,120,200.00,INR,0.611,50,87,10:00,17:00,0,post_monsoon,partial,"indoor,sunrise,sunset,outdoor","Locals treat it as a park as much as a monument, which is worth knowing before you arrive expecting silence.",0,active,2026-08-18T10:00:00+05:30
poi_679c6407,cty_541018a9,Night Food Bazaar,cat_260a51dc,food,11.653709,76.175785,150,500.00,INR,3.06,90,50,10:00,17:00,,post_monsoon,partial,"photogenic,guided_tour,outdoor,crowded","Small enough to see in an hour, dense enough to reward two. Signage is uneven, so a guide helps.",0,active,2026-08-18T10:00:00+05:30
poi_ac60ca43,cty_541018a9,Wayanad Viewpoint,cat_260a51dc,viewpoint,11.652891,76.179875,75,0.00,INR,0.661,85,77,06:00,,,post_monsoon,partial,"ticketed,crowded,guided_tour,local_favourite","Small enough to see in an hour, dense enough to reward two. Signage is uneven, so a guide helps.",1,active,2026-08-18T10:00:00+05:30
poi_b5955e68,cty_541018a9,Wayanad Fort,cat_c03ee00a,heritage,11.722375,76.202721,45,2500.00,INR,2.241,31,54,10:00,18:00,,post_monsoon,partial,"unesco,outdoor,ticketed,guided_tour","Restored in the 1990s with mixed results — the north courtyard is authentic, the fresco panel is not.",0,active,2026-08-18T10:00:00+05:30
poi_26b3387f,cty_541018a9,Kayaking at Wayanad,cat_5c6b9b9e,adventure,11.679171,76.193096,45,2500.00,INR,1.679,91,96,,21:00,0,post_monsoon,none,"guided_tour,sunset,indoor,crowded","Locals treat it as a park as much as a monument, which is worth knowing before you arrive expecting silence.",0,active,2026-08-18T10:00:00+05:30
poi_89519140,cty_541018a9,Crocodile Park,cat_db384ce5,wildlife,11.755212,76.175292,60,0.00,INR,2.716,50,43,06:00,17:00,1,,step_free,"indoor,family_friendly,ticketed,guided_tour","Built in stages between the fourteenth and eighteenth centuries, it repays a slow visit; the brass door on the rear terrace is easy to miss from the main path.",0,active,2026-08-18T10:00:00+05:30
poi_d029a07e,cty_541018a9,Zipline Point,cat_12271927,adventure,11.662156,76.138101,45,0.00,INR,3.165,74,55,,17:00,,post_monsoon,partial,"crowded,unesco,sunset,ticketed","The fresco panel is the reason most people come, but the inner sanctum approach behind it is quieter and arguably better.",0,active,2026-08-18T10:00:00+05:30
poi_1e9ed7f1,cty_541018a9,Elephant Camp,cat_db384ce5,wildlife,11.636407,76.184588,45,50.00,INR,1.728,84,37,08:00,21:00,1,post_monsoon,step_free,"photogenic,guided_tour,quiet,sunrise","Locals treat it as a park as much as a monument, which is worth knowing before you arrive expecting silence.",0,active,2026-08-18T10:00:00+05:30
poi_92cf9d43,cty_718f03c7,Textile Museum,cat_648738e2,museum,17.432732,78.434255,180,500.00,INR,1.025,56,52,09:00,17:00,1,,none,"ticketed,quiet,sunset,outdoor","Locals treat it as a park as much as a monument, which is worth knowing before you arrive expecting silence.",0,active,2026-08-18T10:00:00+05:30
poi_c814b1d0,cty_718f03c7,Butterfly Reserve,cat_6b229a53,wildlife,17.437579,78.453252,150,750.00,INR,2.485,18,38,06:00,18:00,6,,none,"photogenic,quiet,sunset,unesco","The tile mosaic is the reason most people come, but the riverside steps behind it is quieter and arguably better.",0,active,2026-08-18T10:00:00+05:30
poi_1d735a17,cty_718f03c7,Crocodile Park,cat_6b229a53,wildlife,17.397406,78.517939,180,0.00,INR,3.332,51,57,09:00,18:00,,winter,partial,"unesco,sunrise,ticketed,family_friendly","Small enough to see in an hour, dense enough to reward two. Signage is uneven, so a guide helps.",0,active,2026-08-18T10:00:00+05:30
poi_dbf42d12,cty_718f03c7,Hyderabad City Museum,cat_a74a90c1,museum,17.343573,78.511382,45,200.00,INR,3.437,37,64,06:00,18:00,6,winter,none,"indoor,crowded,guided_tour,quiet","Small enough to see in an hour, dense enough to reward two. Signage is uneven, so a guide helps.",0,active,2026-08-18T10:00:00+05:30
poi_cf0b559b,cty_718f03c7,Rock Climbing Wall,cat_12271927,adventure,17.335649,78.455219,45,0.00,INR,2.014,87,64,09:00,21:00,,winter,partial,"quiet,family_friendly,indoor,unesco","Restored in the 1990s with mixed results — the colonnade is authentic, the inscription is not.",0,active,2026-08-18T10:00:00+05:30
poi_efeb9acf,cty_718f03c7,Yoga Shala,cat_7073a53a,wellness,17.359928,78.474629,240,500.00,INR,1.002,35,73,08:00,19:00,0,,partial,"sunrise,outdoor,indoor,crowded","Built in stages between the fourteenth and eighteenth centuries, it repays a slow visit; the mirror work on the colonnade is easy to miss from the main path.",0,active,2026-08-18T10:00:00+05:30
poi_855347dc,cty_718f03c7,Hyderabad Bird Sanctuary,cat_6b229a53,wildlife,17.354838,78.456769,150,50.00,INR,2.194,34,64,10:00,21:00,6,,step_free,"quiet,sunrise,sunset,unesco","Built in stages between the fourteenth and eighteenth centuries, it repays a slow visit; the inscription on the colonnade is easy to miss from the main path.",0,active,2026-08-18T10:00:00+05:30
poi_04171cda,cty_718f03c7,Ayurveda Centre,cat_829c3404,wellness,17.370404,78.493753,75,500.00,INR,0.735,29,46,08:00,,,winter,none,"crowded,local_favourite,family_friendly,unesco","The lattice screen is the reason most people come, but the rear terrace behind it is quieter and arguably better.",0,active,2026-08-18T10:00:00+05:30
poi_bd5ad4bb,cty_718f03c7,Backwater Channel,cat_8f5457b4,nature,17.418573,78.484342,90,1200.00,INR,3.121,30,74,09:00,18:00,,winter,none,"indoor,crowded,outdoor,unesco",Busiest between ten and one. Come at opening or an hour before closing and it is a different place entirely.,0,active,2026-08-18T10:00:00+05:30
poi_c2b659ff,cty_718f03c7,Backwater Channel,cat_87a6232b,nature,17.377729,78.51253,240,500.00,INR,3.216,67,95,09:00,17:00,0,winter,step_free,"indoor,unesco,outdoor,ticketed","The mirror work is the reason most people come, but the rear terrace behind it is quieter and arguably better.",0,active,2026-08-18T10:00:00+05:30
poi_6631745a,cty_718f03c7,Ridge Lookout,cat_ae5149e1,viewpoint,17.435789,78.516456,150,750.00,INR,0.476,56,62,06:00,21:00,1,winter,none,"guided_tour,unesco,quiet,sunset","Built in stages between the fourteenth and eighteenth centuries, it repays a slow visit; the mirror work on the north courtyard is easy to miss from the main path.",0,active,2026-08-18T10:00:00+05:30
poi_b97083bd,cty_718f03c7,Textile Museum,cat_648738e2,museum,17.361012,78.545721,60,0.00,INR,1.275,91,52,06:00,21:00,,winter,step_free,"ticketed,crowded,unesco,local_favourite","Restored in the 1990s with mixed results — the north courtyard is authentic, the tile mosaic is not.",0,active,2026-08-18T10:00:00+05:30
poi_c7ef2f29,cty_718f03c7,Museum of Coins,cat_a6c4c438,museum,17.326415,78.53989,75,500.00,INR,2.681,90,56,06:00,,0,winter,step_free,"sunrise,photogenic,unesco,local_favourite","Restored in the 1990s with mixed results — the north courtyard is authentic, the brass door is not.",0,active,2026-08-18T10:00:00+05:30
poi_f728973d,cty_718f03c7,Kayaking at Hyderabad,cat_51e6a700,adventure,17.326132,78.474849,120,200.00,INR,1.374,66,88,06:00,18:00,1,winter,none,"indoor,unesco,outdoor,guided_tour","Built in stages between the fourteenth and eighteenth centuries, it repays a slow visit; the step-well geometry on the rear terrace is easy to miss from the main path.",0,active,2026-08-18T10:00:00+05:30
poi_3c7df950,cty_718f03c7,Ayurveda Centre,cat_829c3404,wellness,17.430881,78.430118,120,0.00,INR,1.502,46,48,,18:00,,,step_free,"quiet,indoor,local_favourite,sunset","Restored in the 1990s with mixed results — the inner sanctum approach is authentic, the inscription is not.",0,active,2026-08-18T10:00:00+05:30
poi_16ee7fea,cty_7cb0b529,Crocodile Park,cat_6b229a53,wildlife,17.746358,83.151881,60,50.00,INR,2.994,65,57,06:00,18:00,,winter,none,"ticketed,photogenic,sunrise,quiet","Built in stages between the fourteenth and eighteenth centuries, it repays a slow visit; the lattice screen on the upper gallery is easy to miss from the main path.",0,active,2026-08-18T10:00:00+05:30
poi_43fed3a1,cty_7cb0b529,Cooking Class at Old Town,cat_b591c643,food,17.714881,83.261791,90,0.00,INR,2.228,49,71,10:00,18:00,,winter,step_free,"indoor,guided_tour,sunset,family_friendly","The step-well geometry is the reason most people come, but the inner sanctum approach behind it is quieter and arguably better.",0,active,2026-08-18T10:00:00+05:30
poi_13aa9240,cty_7cb0b529,Ayurveda Centre,cat_829c3404,wellness,17.654631,83.223424,75,2500.00,INR,3.131,85,69,,19:00,1,winter,none,"local_favourite,unesco,family_friendly,ticketed","Restored in the 1990s with mixed results — the upper gallery is authentic, the tile mosaic is not.",0,active,2026-08-18T10:00:00+05:30
poi_6a074d03,cty_7cb0b529,Hot Springs,cat_829c3404,wellness,17.700808,83.260336,75,0.00,INR,1.104,64,52,10:00,19:00,1,,none,"outdoor,ticketed,crowded,sunset",Busiest between ten and one. Come at opening or an hour before closing and it is a different place entirely.,0,active,2026-08-18T10:00:00+05:30
poi_697e3901,cty_7cb0b529,Crocodile Park,cat_200acca0,wildlife,17.752179,83.291576,45,2500.00,INR,1.031,38,64,,19:00,6,winter,none,"outdoor,ticketed,guided_tour,sunrise","The mirror work is the reason most people come, but the upper gallery behind it is quieter and arguably better.",0,active,2026-08-18T10:00:00+05:30
poi_e9a50799,cty_7cb0b529,City Walls Walk,cat_68482803,heritage,17.633745,83.167971,120,500.00,INR,0.35,53,60,,18:00,6,winter,none,"ticketed,crowded,local_favourite,unesco",Busiest between ten and one. Come at opening or an hour before closing and it is a different place entirely.,0,active,2026-08-18T10:00:00+05:30
poi_46ade188,cty_7cb0b529,Maritime Museum,cat_a74a90c1,museum,17.666299,83.176816,150,50.00,INR,0.374,57,38,10:00,17:00,,winter,none,"photogenic,local_favourite,guided_tour,indoor","Small enough to see in an hour, dense enough to reward two. Signage is uneven, so a guide helps.",0,active,2026-08-18T10:00:00+05:30
poi_4c2e1d24,cty_7cb0b529,Visakhapatnam Street Food Lane,cat_34ac5ade,food,17.677053,83.175921,60,0.00,INR,1.464,43,60,06:00,18:00,,winter,partial,"family_friendly,sunrise,outdoor,sunset",Busiest between ten and one. Come at opening or an hour before closing and it is a different place entirely.,0,active,2026-08-18T10:00:00+05:30
poi_8843e985,cty_7cb0b529,Fishermen's Cove,cat_db94a794,beach,17.723925,83.175345,120,200.00,INR,1.189,71,71,06:00,18:00,,winter,step_free,"outdoor,family_friendly,sunset,sunrise","Small enough to see in an hour, dense enough to reward two. Signage is uneven, so a guide helps.",0,active,2026-08-18T10:00:00+05:30
poi_72868d71,cty_7cb0b529,Coffee Roastery Tour,cat_a01f3db5,food,17.717607,83.231992,45,50.00,INR,2.271,43,30,08:00,21:00,,winter,none,"quiet,ticketed,sunrise,indoor",Busiest between ten and one. Come at opening or an hour before closing and it is a different place entirely.,0,active,2026-08-18T10:00:00+05:30
poi_41fadb4a,cty_7cb0b529,Visakhapatnam Stepwell,cat_c03ee00a,heritage,17.734229,83.200175,90,500.00,INR,0.5,90,77,10:00,18:00,6,,none,"guided_tour,unesco,family_friendly,local_favourite",Busiest between ten and one. Come at opening or an hour before closing and it is a different place entirely.,0,active,2026-08-18T10:00:00+05:30
poi_336acf21,cty_7cb0b529,Crocodile Park,cat_db384ce5,wildlife,17.69933,83.15481,240,500.00,INR,0.726,69,80,10:00,18:00,,,partial,"guided_tour,quiet,local_favourite,unesco",Busiest between ten and one. Come at opening or an hour before closing and it is a different place entirely.,0,active,2026-08-18T10:00:00+05:30
poi_b1aec06c,cty_7cb0b529,Spice Market Walk,cat_a01f3db5,food,17.618636,83.245087,180,750.00,INR,1.049,68,77,10:00,19:00,,winter,partial,"outdoor,crowded,unesco,local_favourite",Busiest between ten and one. Come at opening or an hour before closing and it is a different place entirely.,0,active,2026-08-18T10:00:00+05:30
poi_ee54e1e8,cty_7cb0b529,"Gallery of Modern Art, Visakhapatnam",cat_648738e2,museum,17.685169,83.275612,60,750.00,INR,1.466,41,71,08:00,,,winter,partial,"unesco,quiet,indoor,local_favourite","Small enough to see in an hour, dense enough to reward two. Signage is uneven, so a guide helps.",0,active,2026-08-18T10:00:00+05:30
poi_79d8aa6b,cty_7cb0b529,Water Palace,cat_54243992,heritage,17.656112,83.16517,150,2500.00,INR,1.693,56,35,06:00,21:00,,winter,none,"local_favourite,sunset,guided_tour,photogenic","The carved lintel is the reason most people come, but the north courtyard behind it is quieter and arguably better.",0,active,2026-08-18T10:00:00+05:30
poi_04e07eb8,cty_d4f5e3a5,Night Food Bazaar,cat_34ac5ade,food,13.639656,79.470415,90,0.00,INR,1.61,32,62,06:00,19:00,,,none,"family_friendly,indoor,sunset,outdoor",Busiest between ten and one. Come at opening or an hour before closing and it is a different place entirely.,0,active,2026-08-18T10:00:00+05:30
poi_0e67fddb,cty_d4f5e3a5,Butterfly Reserve,cat_200acca0,wildlife,13.633532,79.478877,60,350.00,INR,0.605,68,40,08:00,,,winter,none,"family_friendly,crowded,ticketed,photogenic","Locals treat it as a park as much as a monument, which is worth knowing before you arrive expecting silence.",0,active,2026-08-18T10:00:00+05:30
poi_a7aaf961,cty_d4f5e3a5,Butterfly Reserve,cat_6b229a53,wildlife,13.677834,79.452173,180,350.00,INR,1.15,79,21,10:00,21:00,,winter,none,"sunrise,photogenic,crowded,family_friendly",Busiest between ten and one. Come at opening or an hour before closing and it is a different place entirely.,0,active,2026-08-18T10:00:00+05:30
poi_9096d3f8,cty_d4f5e3a5,Elephant Camp,cat_db384ce5,wildlife,13.643169,79.451284,150,2500.00,INR,2.787,59,49,06:00,17:00,0,winter,partial,"photogenic,unesco,quiet,outdoor","Restored in the 1990s with mixed results — the colonnade is authentic, the fresco panel is not.",0,active,2026-08-18T10:00:00+05:30
poi_c0f909cd,cty_d4f5e3a5,Hilltop Shrine,cat_7e99ea32,religious,13.585382,79.357721,180,350.00,INR,3.258,20,51,06:00,17:00,,winter,partial,"ticketed,outdoor,quiet,guided_tour","Small enough to see in an hour, dense enough to reward two. Signage is uneven, so a guide helps.",0,active,2026-08-18T10:00:00+05:30
poi_9cf22283,cty_d4f5e3a5,Spice Market Walk,cat_a01f3db5,food,13.689344,79.362487,75,100.00,INR,1.194,100,41,,17:00,,winter,step_free,"photogenic,sunset,ticketed,crowded","Small enough to see in an hour, dense enough to reward two. Signage is uneven, so a guide helps.",0,active,2026-08-18T10:00:00+05:30
poi_d4ce5bf9,cty_d4f5e3a5,Ayurveda Centre,cat_7073a53a,wellness,13.696293,79.382381,120,1200.00,INR,2.276,62,61,08:00,,0,winter,none,"local_favourite,crowded,sunset,quiet","Restored in the 1990s with mixed results — the inner sanctum approach is authentic, the carved lintel is not.",0,active,2026-08-18T10:00:00+05:30
poi_f10b95a4,cty_d4f5e3a5,Butterfly Reserve,cat_6b229a53,wildlife,13.678579,79.354132,240,0.00,INR,2.886,47,65,06:00,19:00,,winter,partial,"ticketed,crowded,indoor,family_friendly",Busiest between ten and one. Come at opening or an hour before closing and it is a different place entirely.,0,active,2026-08-18T10:00:00+05:30
poi_5e03114d,cty_d4f5e3a5,Yoga Shala,cat_829c3404,wellness,13.572402,79.377075,90,500.00,INR,2.431,67,68,09:00,21:00,1,winter,step_free,"family_friendly,sunrise,crowded,sunset",Busiest between ten and one. Come at opening or an hour before closing and it is a different place entirely.,0,active,2026-08-18T10:00:00+05:30
poi_a15c1505,cty_d4f5e3a5,Water Palace,cat_fce0bd94,heritage,13.593998,79.360537,60,350.00,INR,0.862,62,39,09:00,17:00,6,winter,partial,"sunset,guided_tour,quiet,sunrise","Locals treat it as a park as much as a monument, which is worth knowing before you arrive expecting silence.",0,active,2026-08-18T10:00:00+05:30
poi_2c78a2a6,cty_d4f5e3a5,Quiet Bay,cat_857ee77a,beach,13.604659,79.360167,120,2500.00,INR,2.862,59,61,10:00,19:00,1,,none,"ticketed,unesco,indoor,sunset","The inscription is the reason most people come, but the riverside steps behind it is quieter and arguably better.",0,active,2026-08-18T10:00:00+05:30
poi_0893c875,cty_d4f5e3a5,Maritime Museum,cat_648738e2,museum,13.573563,79.476076,75,2500.00,INR,2.951,43,63,10:00,,,winter,step_free,"family_friendly,photogenic,guided_tour,crowded","Locals treat it as a park as much as a monument, which is worth knowing before you arrive expecting silence.",0,active,2026-08-18T10:00:00+05:30
poi_c26e3e3e,cty_d4f5e3a5,Blue Pottery Workshop,cat_f2c80643,shopping,13.617195,79.445682,75,0.00,INR,2.706,89,54,08:00,18:00,,winter,partial,"sunrise,outdoor,unesco,guided_tour","The tile mosaic is the reason most people come, but the colonnade behind it is quieter and arguably better.",0,active,2026-08-18T10:00:00+05:30
poi_ba5291a4,cty_d4f5e3a5,Hot Springs,cat_7073a53a,wellness,13.580614,79.392034,180,2500.00,INR,2.505,35,61,09:00,,,winter,step_free,"local_favourite,indoor,photogenic,crowded","Small enough to see in an hour, dense enough to reward two. Signage is uneven, so a guide helps.",0,active,2026-08-18T10:00:00+05:30
poi_3f1371cd,cty_d4f5e3a5,Jain Temple Complex,cat_63e0475b,religious,13.677214,79.485687,120,350.00,INR,1.964,61,77,10:00,18:00,,,partial,"crowded,sunset,family_friendly,photogenic","Locals treat it as a park as much as a monument, which is worth knowing before you arrive expecting silence.",0,active,2026-08-18T10:00:00+05:30
poi_f87e3cfb,cty_ab50efee,Hot Springs,cat_7073a53a,wellness,22.527839,88.304234,180,0.00,INR,0.152,42,69,06:00,17:00,,,none,"sunset,indoor,guided_tour,photogenic",Busiest between ten and one. Come at opening or an hour before closing and it is a different place entirely.,0,active,2026-08-18T10:00:00+05:30
poi_98d86477,cty_ab50efee,Hot Springs,cat_829c3404,wellness,22.581743,88.370673,240,50.00,INR,1.451,55,34,10:00,17:00,0,winter,none,"local_favourite,guided_tour,indoor,family_friendly","Locals treat it as a park as much as a monument, which is worth knowing before you arrive expecting silence.",0,active,2026-08-18T10:00:00+05:30
poi_74c8b35f,cty_ab50efee,Fishermen's Cove,cat_db94a794,beach,22.533199,88.337489,120,500.00,INR,1.372,37,79,06:00,18:00,,winter,partial,"ticketed,unesco,outdoor,sunset","Locals treat it as a park as much as a monument, which is worth knowing before you arrive expecting silence.",0,active,2026-08-18T10:00:00+05:30
poi_3f6cade0,cty_ab50efee,Hot Springs,cat_7073a53a,wellness,22.515408,88.343603,120,0.00,INR,2.619,90,27,06:00,,6,winter,partial,"photogenic,ticketed,quiet,local_favourite",Busiest between ten and one. Come at opening or an hour before closing and it is a different place entirely.,0,active,2026-08-18T10:00:00+05:30
poi_9568c284,cty_ab50efee,"Gallery of Modern Art, Kolkata",cat_a74a90c1,museum,22.514042,88.41495,240,500.00,INR,2.964,79,48,,21:00,,winter,step_free,"sunset,guided_tour,quiet,crowded",Busiest between ten and one. Come at opening or an hour before closing and it is a different place entirely.,0,active,2026-08-18T10:00:00+05:30
poi_31043af1,cty_ab50efee,Riverside Lounge,cat_3ecd28b3,nightlife,22.611823,88.291587,180,50.00,INR,2.167,28,56,,17:00,,winter,none,"ticketed,outdoor,unesco,quiet","Locals treat it as a park as much as a monument, which is worth knowing before you arrive expecting silence.",0,active,2026-08-18T10:00:00+05:30
poi_adcad9c8,cty_ab50efee,Textile Museum,cat_a6c4c438,museum,22.615621,88.426814,120,350.00,INR,0.994,76,5,06:00,18:00,,winter,step_free,"local_favourite,indoor,sunset,quiet","Restored in the 1990s with mixed results — the colonnade is authentic, the inscription is not.",0,active,2026-08-18T10:00:00+05:30
poi_5fdabc69,cty_ab50efee,Ridge Lookout,cat_8c7f3fd2,viewpoint,22.510296,88.350397,180,0.00,INR,2.118,48,76,09:00,,6,winter,partial,"local_favourite,photogenic,unesco,family_friendly","Locals treat it as a park as much as a monument, which is worth knowing before you arrive expecting silence.",0,active,2026-08-18T10:00:00+05:30
poi_65f210fb,cty_ab50efee,Ridge Lookout,cat_c03ee00a,viewpoint,22.547947,88.434099,120,0.00,INR,0.728,81,48,10:00,21:00,,winter,partial,"sunrise,local_favourite,crowded,ticketed",Busiest between ten and one. Come at opening or an hour before closing and it is a different place entirely.,0,active,2026-08-18T10:00:00+05:30
poi_0d5f6942,cty_ab50efee,Antique Lane,cat_f2c80643,shopping,22.538427,88.292986,180,350.00,INR,3.157,63,68,09:00,17:00,1,winter,step_free,"family_friendly,sunset,outdoor,sunrise",Busiest between ten and one. Come at opening or an hour before closing and it is a different place entirely.,0,active,2026-08-18T10:00:00+05:30
poi_d4cbdefe,cty_ab50efee,Museum of Coins,cat_a6c4c438,museum,22.572348,88.348349,45,2500.00,INR,0.978,62,66,08:00,21:00,6,winter,none,"sunset,quiet,family_friendly,crowded",Busiest between ten and one. Come at opening or an hour before closing and it is a different place entirely.,0,active,2026-08-18T10:00:00+05:30
poi_688a1740,cty_ab50efee,Spice Market Walk,cat_260a51dc,food,22.603404,88.431191,45,2500.00,INR,2.236,79,71,08:00,18:00,1,winter,step_free,"family_friendly,sunset,local_favourite,sunrise","Built in stages between the fourteenth and eighteenth centuries, it repays a slow visit; the brass door on the upper gallery is easy to miss from the main path.",0,active,2026-08-18T10:00:00+05:30
poi_be89732e,cty_ab50efee,Hot Springs,cat_7073a53a,wellness,22.502876,88.393602,45,1200.00,INR,2.559,58,89,08:00,21:00,,winter,none,"sunset,indoor,sunrise,family_friendly","Restored in the 1990s with mixed results — the inner sanctum approach is authentic, the inscription is not.",1,active,2026-08-18T10:00:00+05:30
poi_1ecd5b2f,cty_ab50efee,Rock Garden,cat_fda74089,nature,22.509174,88.39361,150,0.00,INR,1.083,49,42,09:00,21:00,1,winter,partial,"unesco,guided_tour,crowded,outdoor","Built in stages between the fourteenth and eighteenth centuries, it repays a slow visit; the inscription on the inner sanctum approach is easy to miss from the main path.",0,active,2026-08-18T10:00:00+05:30
poi_31805fa5,cty_ab50efee,Coffee Roastery Tour,cat_a01f3db5,food,22.541555,88.416924,60,200.00,INR,2.432,37,80,,19:00,,,step_free,"crowded,outdoor,local_favourite,quiet","Locals treat it as a park as much as a monument, which is worth knowing before you arrive expecting silence.",0,active,2026-08-18T10:00:00+05:30
poi_18f884dd,cty_c43cfa94,Spice Market Walk,cat_34ac5ade,food,27.016889,88.220475,240,2500.00,INR,1.81,68,69,09:00,17:00,6,spring,step_free,"ticketed,indoor,sunset,photogenic","Built in stages between the fourteenth and eighteenth centuries, it repays a slow visit; the lattice screen on the inner sanctum approach is easy to miss from the main path.",0,active,2026-08-18T10:00:00+05:30
poi_3def22c2,cty_c43cfa94,Kayaking at Darjeeling,cat_12271927,adventure,27.058966,88.246593,150,750.00,INR,0.156,54,81,,19:00,0,,step_free,"unesco,crowded,sunrise,indoor","Built in stages between the fourteenth and eighteenth centuries, it repays a slow visit; the fresco panel on the north courtyard is easy to miss from the main path.",0,active,2026-08-18T10:00:00+05:30
poi_faaa44a9,cty_c43cfa94,Cycling Loop,cat_5c6b9b9e,adventure,27.090229,88.336295,75,750.00,INR,1.422,78,52,10:00,,,spring,step_free,"outdoor,guided_tour,ticketed,indoor",Busiest between ten and one. Come at opening or an hour before closing and it is a different place entirely.,0,active,2026-08-18T10:00:00+05:30
poi_efe6c1a0,cty_c43cfa94,Tea Estate Trail,cat_e8ba72de,nature,27.03889,88.316151,240,750.00,INR,0.543,8,66,10:00,21:00,,spring,step_free,"photogenic,ticketed,sunrise,indoor","Locals treat it as a park as much as a monument, which is worth knowing before you arrive expecting silence.",0,active,2026-08-18T10:00:00+05:30
poi_997aec22,cty_c43cfa94,Darjeeling Street Food Lane,cat_34ac5ade,food,27.078764,88.248861,60,350.00,INR,2.839,28,71,09:00,21:00,,spring,partial,"quiet,guided_tour,outdoor,unesco","Built in stages between the fourteenth and eighteenth centuries, it repays a slow visit; the brass door on the inner sanctum approach is easy to miss from the main path.",0,active,2026-08-18T10:00:00+05:30
poi_8b544e3b,cty_c43cfa94,Handloom Cooperative,cat_f2c80643,shopping,26.989962,88.301852,60,100.00,INR,2.458,33,54,09:00,19:00,,spring,partial,"guided_tour,photogenic,indoor,ticketed",Busiest between ten and one. Come at opening or an hour before closing and it is a different place entirely.,0,active,2026-08-18T10:00:00+05:30
poi_b2c3a1df,cty_c43cfa94,Ridge Lookout,cat_70320c9b,viewpoint,26.979477,88.286724,75,0.00,INR,2.809,56,46,09:00,18:00,0,,partial,"quiet,unesco,sunrise,guided_tour","Small enough to see in an hour, dense enough to reward two. Signage is uneven, so a guide helps.",0,active,2026-08-18T10:00:00+05:30
poi_9d9e5117,cty_c43cfa94,Sunset Point,cat_fda74089,nature,27.0222,88.243317,150,100.00,INR,0.317,73,84,08:00,17:00,,spring,step_free,"unesco,family_friendly,outdoor,sunrise","Small enough to see in an hour, dense enough to reward two. Signage is uneven, so a guide helps.",0,active,2026-08-18T10:00:00+05:30
poi_ee45a4c9,cty_c43cfa94,North Beach,cat_857ee77a,beach,27.077849,88.209969,240,200.00,INR,1.2,32,67,09:00,21:00,,spring,none,"sunset,ticketed,family_friendly,local_favourite","Small enough to see in an hour, dense enough to reward two. Signage is uneven, so a guide helps.",0,active,2026-08-18T10:00:00+05:30
poi_217fa998,cty_c43cfa94,Ayurveda Centre,cat_7073a53a,wellness,26.983581,88.22394,150,750.00,INR,3.025,76,77,08:00,,0,spring,none,"outdoor,family_friendly,guided_tour,sunrise","Locals treat it as a park as much as a monument, which is worth knowing before you arrive expecting silence.",0,active,2026-08-18T10:00:00+05:30
poi_fe237777,cty_c43cfa94,Blue Pottery Workshop,cat_8c7f3fd2,shopping,27.08994,88.302131,90,0.00,INR,0.488,42,51,10:00,18:00,,,step_free,"outdoor,guided_tour,indoor,sunset","Built in stages between the fourteenth and eighteenth centuries, it repays a slow visit; the lattice screen on the rear terrace is easy to miss from the main path.",0,active,2026-08-18T10:00:00+05:30
poi_e6d9039a,cty_c43cfa94,Botanical Gardens,cat_dbd7c6e8,nature,27.075461,88.196446,60,100.00,INR,3.12,35,100,09:00,18:00,,spring,step_free,"photogenic,sunset,local_favourite,crowded","The inscription is the reason most people come, but the colonnade behind it is quieter and arguably better.",0,active,2026-08-18T10:00:00+05:30
poi_b74d6f04,cty_c43cfa94,Zipline Point,cat_12271927,adventure,27.056516,88.250206,150,350.00,INR,0.721,92,55,09:00,19:00,,spring,partial,"guided_tour,indoor,local_favourite,unesco","Locals treat it as a park as much as a monument, which is worth knowing before you arrive expecting silence.",0,active,2026-08-18T10:00:00+05:30
poi_99d11758,cty_c43cfa94,Hot Springs,cat_7073a53a,wellness,27.070972,88.330307,150,2500.00,INR,3.226,41,51,09:00,17:00,,spring,partial,"crowded,indoor,ticketed,guided_tour","Locals treat it as a park as much as a monument, which is worth knowing before you arrive expecting silence.",0,active,2026-08-18T10:00:00+05:30
poi_f3a12207,cty_c43cfa94,Ayurveda Centre,cat_829c3404,wellness,27.011625,88.289806,60,50.00,INR,3.18,56,72,06:00,21:00,,spring,partial,"guided_tour,family_friendly,outdoor,local_favourite","Locals treat it as a park as much as a monument, which is worth knowing before you arrive expecting silence.",0,active,2026-08-18T10:00:00+05:30
poi_38e00d19,cty_b6ccbb3b,City Walls Walk,cat_68482803,heritage,19.866556,85.833058,180,1200.00,INR,0.413,46,54,09:00,,,,none,"outdoor,unesco,quiet,sunrise","Built in stages between the fourteenth and eighteenth centuries, it repays a slow visit; the step-well geometry on the rear terrace is easy to miss from the main path.",0,active,2026-08-18T10:00:00+05:30
poi_9eab0466,cty_b6ccbb3b,Cooking Class at Old Town,cat_260a51dc,food,19.757517,85.777526,60,50.00,INR,0.748,78,56,08:00,19:00,,winter,none,"sunset,unesco,crowded,quiet","The inscription is the reason most people come, but the north courtyard behind it is quieter and arguably better.",0,active,2026-08-18T10:00:00+05:30
poi_0d5f59c1,cty_b6ccbb3b,"St Mary's Church, Puri",cat_63e0475b,religious,19.884066,85.775499,180,1200.00,INR,2.157,60,77,06:00,21:00,,,step_free,"indoor,ticketed,sunrise,guided_tour","Restored in the 1990s with mixed results — the north courtyard is authentic, the step-well geometry is not.",0,active,2026-08-18T10:00:00+05:30
poi_5cc02bcd,cty_b6ccbb3b,Rock Climbing Wall,cat_5c6b9b9e,adventure,19.848717,85.843787,75,0.00,INR,2.389,88,45,08:00,18:00,,winter,partial,"guided_tour,photogenic,sunset,outdoor","Small enough to see in an hour, dense enough to reward two. Signage is uneven, so a guide helps.",0,active,2026-08-18T10:00:00+05:30
poi_b52743ff,cty_b6ccbb3b,Elephant Camp,cat_200acca0,wildlife,19.779882,85.870554,75,0.00,INR,3.068,51,37,09:00,21:00,,winter,none,"ticketed,local_favourite,family_friendly,guided_tour","Built in stages between the fourteenth and eighteenth centuries, it repays a slow visit; the tile mosaic on the upper gallery is easy to miss from the main path.",1,active,2026-08-18T10:00:00+05:30
poi_0090275b,cty_b6ccbb3b,Rock Climbing Wall,cat_5c6b9b9e,adventure,19.834711,85.86803,90,100.00,INR,1.015,54,46,06:00,19:00,0,winter,none,"local_favourite,quiet,sunset,unesco","The mirror work is the reason most people come, but the upper gallery behind it is quieter and arguably better.",0,active,2026-08-18T10:00:00+05:30
poi_fd2b63a5,cty_b6ccbb3b,Antique Lane,cat_f2c80643,shopping,19.755167,85.783729,180,750.00,INR,0.716,40,60,06:00,18:00,,,none,"local_favourite,unesco,sunset,outdoor","Small enough to see in an hour, dense enough to reward two. Signage is uneven, so a guide helps.",0,active,2026-08-18T10:00:00+05:30
poi_444a594d,cty_b6ccbb3b,Lighthouse Beach,cat_db94a794,beach,19.876693,85.791169,150,0.00,INR,1.542,79,80,09:00,17:00,6,winter,step_free,"unesco,ticketed,indoor,quiet","The step-well geometry is the reason most people come, but the colonnade behind it is quieter and arguably better.",0,active,2026-08-18T10:00:00+05:30
poi_a72e75f0,cty_b6ccbb3b,Yoga Shala,cat_7073a53a,wellness,19.823333,85.884795,240,500.00,INR,3.209,100,58,10:00,,0,winter,partial,"sunset,ticketed,outdoor,guided_tour",Busiest between ten and one. Come at opening or an hour before closing and it is a different place entirely.,0,active,2026-08-18T10:00:00+05:30
poi_09642bc5,cty_b6ccbb3b,Lighthouse Beach,cat_857ee77a,beach,19.850598,85.778886,180,350.00,INR,0.651,53,93,06:00,17:00,,,none,"crowded,photogenic,ticketed,family_friendly","Small enough to see in an hour, dense enough to reward two. Signage is uneven, so a guide helps.",0,active,2026-08-18T10:00:00+05:30
poi_3ff2e625,cty_b6ccbb3b,Crocodile Park,cat_6b229a53,wildlife,19.84857,85.881876,240,1200.00,INR,0.204,51,88,08:00,18:00,,winter,none,"crowded,quiet,indoor,ticketed","Locals treat it as a park as much as a monument, which is worth knowing before you arrive expecting silence.",0,active,2026-08-18T10:00:00+05:30
poi_bba10c21,cty_b6ccbb3b,Spice Market Walk,cat_b591c643,food,19.846188,85.776476,45,0.00,INR,1.393,68,95,06:00,17:00,,winter,none,"unesco,family_friendly,indoor,crowded","The inscription is the reason most people come, but the riverside steps behind it is quieter and arguably better.",0,active,2026-08-18T10:00:00+05:30
poi_5c2d2dd5,cty_b6ccbb3b,North Beach,cat_857ee77a,beach,19.782858,85.886803,90,0.00,INR,0.697,47,48,06:00,17:00,6,winter,step_free,"quiet,sunrise,crowded,outdoor",Busiest between ten and one. Come at opening or an hour before closing and it is a different place entirely.,0,active,2026-08-18T10:00:00+05:30
poi_b96fd714,cty_b6ccbb3b,City Walls Walk,cat_fce0bd94,heritage,19.87619,85.845129,45,350.00,INR,0.926,38,78,,18:00,,winter,partial,"photogenic,quiet,sunset,sunrise","Small enough to see in an hour, dense enough to reward two. Signage is uneven, so a guide helps.",0,active,2026-08-18T10:00:00+05:30
poi_a23e13bb,cty_b6ccbb3b,Kayaking at Puri,cat_12271927,adventure,19.761959,85.818655,120,2500.00,INR,1.03,41,100,06:00,21:00,,winter,none,"family_friendly,ticketed,guided_tour,quiet","Restored in the 1990s with mixed results — the riverside steps is authentic, the inscription is not.",0,active,2026-08-18T10:00:00+05:30
poi_dcc40577,cty_7be8559f,Hot Springs,cat_829c3404,wellness,20.364132,85.878396,75,50.00,INR,1.78,59,93,06:00,17:00,,winter,step_free,"outdoor,sunset,quiet,guided_tour","Built in stages between the fourteenth and eighteenth centuries, it repays a slow visit; the lattice screen on the riverside steps is easy to miss from the main path.",0,active,2026-08-18T10:00:00+05:30
poi_64524fe6,cty_7be8559f,Coffee Roastery Tour,cat_260a51dc,food,20.346183,85.832354,75,1200.00,INR,0.88,40,59,08:00,21:00,,winter,none,"photogenic,ticketed,crowded,quiet","Locals treat it as a park as much as a monument, which is worth knowing before you arrive expecting silence.",0,active,2026-08-18T10:00:00+05:30
poi_fd385481,cty_7be8559f,Maritime Museum,cat_648738e2,museum,20.367041,85.878348,90,0.00,INR,2.621,15,58,10:00,18:00,1,,partial,"outdoor,indoor,sunrise,crowded","Locals treat it as a park as much as a monument, which is worth knowing before you arrive expecting silence.",0,active,2026-08-18T10:00:00+05:30
poi_048c1097,cty_7be8559f,Rooftop Live Music,cat_3ecd28b3,nightlife,20.358651,85.844809,60,2500.00,INR,2.26,65,90,09:00,,1,winter,none,"quiet,sunset,sunrise,crowded","Small enough to see in an hour, dense enough to reward two. Signage is uneven, so a guide helps.",0,active,2026-08-18T10:00:00+05:30
poi_02b5baa6,cty_7be8559f,Puppet Museum,cat_648738e2,museum,20.347394,85.843316,90,50.00,INR,0.192,61,39,,17:00,6,winter,none,"crowded,ticketed,sunset,indoor","Locals treat it as a park as much as a monument, which is worth knowing before you arrive expecting silence.",0,active,2026-08-18T10:00:00+05:30
poi_2c81c51e,cty_7be8559f,Watchtower Terrace,cat_6b229a53,viewpoint,20.359359,85.789663,75,2500.00,INR,0.153,51,50,06:00,,0,winter,none,"ticketed,local_favourite,quiet,crowded","The carved lintel is the reason most people come, but the riverside steps behind it is quieter and arguably better.",0,active,2026-08-18T10:00:00+05:30
poi_83511939,cty_7be8559f,City Walls Walk,cat_c03ee00a,heritage,20.261302,85.753353,180,500.00,INR,2.723,42,34,08:00,17:00,,winter,partial,"outdoor,ticketed,sunrise,quiet","Built in stages between the fourteenth and eighteenth centuries, it repays a slow visit; the lattice screen on the north courtyard is easy to miss from the main path.",0,active,2026-08-18T10:00:00+05:30
poi_5d21f663,cty_7be8559f,Ayurveda Centre,cat_7073a53a,wellness,20.345261,85.873088,90,100.00,INR,2.474,71,64,10:00,18:00,6,winter,step_free,"indoor,sunrise,local_favourite,crowded","Locals treat it as a park as much as a monument, which is worth knowing before you arrive expecting silence.",0,active,2026-08-18T10:00:00+05:30
poi_abed8837,cty_7be8559f,Riverside Lounge,cat_3ecd28b3,nightlife,20.276371,85.85219,120,2500.00,INR,2.191,44,78,08:00,,1,,partial,"local_favourite,sunrise,guided_tour,family_friendly","Small enough to see in an hour, dense enough to reward two. Signage is uneven, so a guide helps.",1,active,2026-08-18T10:00:00+05:30
poi_3a505801,cty_7be8559f,Bhubaneswar Observatory,cat_68482803,heritage,20.325464,85.753224,240,200.00,INR,0.176,16,63,,,0,,step_free,"outdoor,indoor,crowded,ticketed","The mirror work is the reason most people come, but the rear terrace behind it is quieter and arguably better.",0,active,2026-08-18T10:00:00+05:30
poi_2bb93f07,cty_7be8559f,Rooftop Live Music,cat_ae5149e1,nightlife,20.254746,85.841618,90,500.00,INR,2.31,94,56,10:00,18:00,,winter,none,"local_favourite,unesco,family_friendly,indoor","The carved lintel is the reason most people come, but the upper gallery behind it is quieter and arguably better.",0,active,2026-08-18T10:00:00+05:30
poi_b4c99618,cty_7be8559f,Riverside Lounge,cat_3ecd28b3,nightlife,20.328833,85.757053,60,1200.00,INR,2.142,43,68,09:00,,1,winter,none,"unesco,guided_tour,crowded,family_friendly","The mirror work is the reason most people come, but the rear terrace behind it is quieter and arguably better.",0,active,2026-08-18T10:00:00+05:30
poi_c2f1a07e,cty_7be8559f,Night Food Bazaar,cat_260a51dc,food,20.260194,85.842702,45,0.00,INR,3.039,75,71,10:00,18:00,,,none,"indoor,guided_tour,local_favourite,outdoor","Locals treat it as a park as much as a monument, which is worth knowing before you arrive expecting silence.",0,active,2026-08-18T10:00:00+05:30
poi_4fae986a,cty_7be8559f,City Walls Walk,cat_68482803,heritage,20.318609,85.841327,180,350.00,INR,0.816,55,80,,,,winter,step_free,"ticketed,guided_tour,photogenic,indoor",Busiest between ten and one. Come at opening or an hour before closing and it is a different place entirely.,0,active,2026-08-18T10:00:00+05:30
poi_9f7fc300,cty_7be8559f,Crocodile Park,cat_db384ce5,wildlife,20.33313,85.831292,120,500.00,INR,1.607,86,53,08:00,18:00,0,,none,"family_friendly,outdoor,quiet,unesco","Restored in the 1990s with mixed results — the colonnade is authentic, the brass door is not.",0,active,2026-08-18T10:00:00+05:30
poi_b9be2b67,cty_cf1c6ac5,Fishermen's Cove,cat_857ee77a,beach,26.131082,91.70587,90,750.00,INR,2.188,71,42,09:00,21:00,,post_monsoon,step_free,"photogenic,sunrise,sunset,quiet","The fresco panel is the reason most people come, but the upper gallery behind it is quieter and arguably better.",0,active,2026-08-18T10:00:00+05:30
poi_5ff5c84a,cty_cf1c6ac5,Fishermen's Cove,cat_857ee77a,beach,26.171237,91.801964,75,0.00,INR,1.611,48,38,06:00,18:00,,,none,"crowded,guided_tour,sunrise,unesco","The mirror work is the reason most people come, but the north courtyard behind it is quieter and arguably better.",0,active,2026-08-18T10:00:00+05:30
poi_3eddf245,cty_cf1c6ac5,Great Mosque of Guwahati,cat_63e0475b,religious,26.178262,91.744356,60,0.00,INR,1.575,94,35,,19:00,,post_monsoon,partial,"indoor,outdoor,crowded,sunrise","Small enough to see in an hour, dense enough to reward two. Signage is uneven, so a guide helps.",0,active,2026-08-18T10:00:00+05:30
poi_b7e5ce86,cty_cf1c6ac5,Antique Lane,cat_70320c9b,shopping,26.08002,91.667405,150,2500.00,INR,2.387,76,63,09:00,18:00,,,none,"ticketed,guided_tour,unesco,photogenic","Locals treat it as a park as much as a monument, which is worth knowing before you arrive expecting silence.",0,active,2026-08-18T10:00:00+05:30
poi_fad8c27c,cty_cf1c6ac5,Ridge Lookout,cat_a6c4c438,viewpoint,26.127631,91.754505,90,0.00,INR,2.13,63,53,10:00,21:00,6,post_monsoon,none,"photogenic,indoor,family_friendly,local_favourite","Locals treat it as a park as much as a monument, which is worth knowing before you arrive expecting silence.",0,active,2026-08-18T10:00:00+05:30
poi_71db86db,cty_cf1c6ac5,Ayurveda Centre,cat_7073a53a,wellness,26.189059,91.669681,75,50.00,INR,1.996,54,56,,21:00,6,,none,"ticketed,crowded,guided_tour,unesco","Built in stages between the fourteenth and eighteenth centuries, it repays a slow visit; the mirror work on the inner sanctum approach is easy to miss from the main path.",0,active,2026-08-18T10:00:00+05:30
poi_b0b60242,cty_cf1c6ac5,"Jazz Cellar, Guwahati",cat_3ecd28b3,nightlife,26.097714,91.721243,60,350.00,INR,3.121,69,65,10:00,18:00,,post_monsoon,none,"crowded,family_friendly,unesco,sunrise",Busiest between ten and one. Come at opening or an hour before closing and it is a different place entirely.,0,active,2026-08-18T10:00:00+05:30
poi_7b31701e,cty_cf1c6ac5,Quiet Bay,cat_db94a794,beach,26.205504,91.666264,90,500.00,INR,2.145,27,64,08:00,17:00,,post_monsoon,none,"ticketed,sunset,indoor,outdoor","Restored in the 1990s with mixed results — the inner sanctum approach is authentic, the fresco panel is not.",0,active,2026-08-18T10:00:00+05:30
poi_89f63dd0,cty_cf1c6ac5,Antique Lane,cat_70320c9b,shopping,26.167405,91.800694,240,2500.00,INR,3.349,62,75,09:00,21:00,,post_monsoon,step_free,"indoor,unesco,photogenic,sunset","The fresco panel is the reason most people come, but the rear terrace behind it is quieter and arguably better.",0,active,2026-08-18T10:00:00+05:30
poi_f2bc64a8,cty_cf1c6ac5,Lighthouse Beach,cat_db94a794,beach,26.154258,91.749386,150,750.00,INR,3.124,88,44,06:00,19:00,,post_monsoon,none,"local_favourite,indoor,sunset,sunrise","Built in stages between the fourteenth and eighteenth centuries, it repays a slow visit; the fresco panel on the colonnade is easy to miss from the main path.",1,active,2026-08-18T10:00:00+05:30
poi_dc28b40b,cty_cf1c6ac5,"Jazz Cellar, Guwahati",cat_ae5149e1,nightlife,26.120308,91.791782,60,0.00,INR,0.682,37,68,09:00,18:00,,post_monsoon,step_free,"indoor,photogenic,ticketed,guided_tour",Busiest between ten and one. Come at opening or an hour before closing and it is a different place entirely.,0,active,2026-08-18T10:00:00+05:30
poi_18bfd097,cty_cf1c6ac5,Blue Pottery Workshop,cat_70320c9b,shopping,26.142549,91.722386,150,50.00,INR,1.217,71,61,08:00,17:00,1,post_monsoon,step_free,"family_friendly,unesco,local_favourite,outdoor","Built in stages between the fourteenth and eighteenth centuries, it repays a slow visit; the mirror work on the rear terrace is easy to miss from the main path.",0,active,2026-08-18T10:00:00+05:30
poi_7ec7da38,cty_cf1c6ac5,Ridge Lookout,cat_ae5149e1,viewpoint,26.144312,91.684658,240,750.00,INR,1.411,52,71,10:00,18:00,,,none,"indoor,quiet,family_friendly,guided_tour","Small enough to see in an hour, dense enough to reward two. Signage is uneven, so a guide helps.",0,active,2026-08-18T10:00:00+05:30
poi_820fce45,cty_cf1c6ac5,Ridge Lookout,cat_fce0bd94,viewpoint,26.127355,91.727322,60,500.00,INR,1.807,68,41,09:00,17:00,6,,none,"quiet,ticketed,sunset,photogenic","Restored in the 1990s with mixed results — the colonnade is authentic, the inscription is not.",0,active,2026-08-18T10:00:00+05:30
poi_930952ab,cty_cf1c6ac5,"St Mary's Church, Guwahati",cat_63e0475b,religious,26.117936,91.657085,90,1200.00,INR,1.889,69,44,09:00,,,post_monsoon,none,"family_friendly,quiet,ticketed,local_favourite","Restored in the 1990s with mixed results — the rear terrace is authentic, the carved lintel is not.",0,active,2026-08-18T10:00:00+05:30
poi_77a0ad40,cty_590d4b7b,Yoga Shala,cat_829c3404,wellness,25.633114,91.917497,120,750.00,INR,1.133,69,66,,18:00,1,,step_free,"quiet,outdoor,local_favourite,family_friendly","The fresco panel is the reason most people come, but the rear terrace behind it is quieter and arguably better.",0,active,2026-08-18T10:00:00+05:30
poi_9a9d7e0e,cty_590d4b7b,City Walls Walk,cat_fce0bd94,heritage,25.610006,91.87273,45,2500.00,INR,0.98,100,96,10:00,18:00,,post_monsoon,partial,"quiet,outdoor,crowded,local_favourite","Small enough to see in an hour, dense enough to reward two. Signage is uneven, so a guide helps.",0,active,2026-08-18T10:00:00+05:30
poi_a73142fa,cty_590d4b7b,Ridge Lookout,cat_12271927,viewpoint,25.558483,91.962354,60,100.00,INR,1.143,31,62,,19:00,,post_monsoon,step_free,"local_favourite,sunrise,quiet,family_friendly","Small enough to see in an hour, dense enough to reward two. Signage is uneven, so a guide helps.",0,active,2026-08-18T10:00:00+05:30
poi_d7f0deab,cty_590d4b7b,Hilltop Shrine,cat_63e0475b,religious,25.531721,91.826365,60,750.00,INR,0.98,37,64,08:00,21:00,6,,none,"photogenic,crowded,ticketed,unesco","Built in stages between the fourteenth and eighteenth centuries, it repays a slow visit; the tile mosaic on the upper gallery is easy to miss from the main path.",0,active,2026-08-18T10:00:00+05:30
poi_0fd7ac72,cty_590d4b7b,Riverside Ghats,cat_7e99ea32,religious,25.554943,91.885752,120,100.00,INR,2.997,36,61,08:00,19:00,,post_monsoon,none,"sunrise,local_favourite,outdoor,family_friendly",Busiest between ten and one. Come at opening or an hour before closing and it is a different place entirely.,0,active,2026-08-18T10:00:00+05:30
poi_5a4b1db1,cty_590d4b7b,Lighthouse Beach,cat_857ee77a,beach,25.555547,91.845049,120,0.00,INR,3.264,58,60,10:00,18:00,6,post_monsoon,none,"ticketed,local_favourite,crowded,unesco","Small enough to see in an hour, dense enough to reward two. Signage is uneven, so a guide helps.",0,active,2026-08-18T10:00:00+05:30
poi_48e7f870,cty_590d4b7b,Blue Pottery Workshop,cat_f2c80643,shopping,25.566277,91.931004,180,0.00,INR,0.768,56,69,09:00,17:00,,post_monsoon,none,"guided_tour,sunset,local_favourite,photogenic","Built in stages between the fourteenth and eighteenth centuries, it repays a slow visit; the lattice screen on the rear terrace is easy to miss from the main path.",0,active,2026-08-18T10:00:00+05:30
poi_7c469878,cty_590d4b7b,Riverside Ghats,cat_63e0475b,religious,25.552525,91.909493,150,0.00,INR,0.97,29,56,08:00,19:00,,post_monsoon,partial,"indoor,unesco,sunset,photogenic",Busiest between ten and one. Come at opening or an hour before closing and it is a different place entirely.,0,active,2026-08-18T10:00:00+05:30
poi_ba79f08d,cty_590d4b7b,Great Mosque of Shillong,cat_63e0475b,religious,25.647811,91.964591,180,750.00,INR,1.99,27,50,08:00,,,post_monsoon,partial,"unesco,family_friendly,crowded,outdoor","Restored in the 1990s with mixed results — the colonnade is authentic, the fresco panel is not.",0,active,2026-08-18T10:00:00+05:30
poi_5ad79628,cty_590d4b7b,Riverside Ghats,cat_63e0475b,religious,25.606747,91.870056,150,500.00,INR,2.272,82,42,08:00,19:00,,post_monsoon,none,"unesco,indoor,family_friendly,guided_tour","The inscription is the reason most people come, but the inner sanctum approach behind it is quieter and arguably better.",0,active,2026-08-18T10:00:00+05:30
poi_07f7299f,cty_590d4b7b,Butterfly Reserve,cat_6b229a53,wildlife,25.515489,91.86318,150,1200.00,INR,2.683,42,69,08:00,19:00,,post_monsoon,partial,"family_friendly,quiet,photogenic,indoor","The tile mosaic is the reason most people come, but the inner sanctum approach behind it is quieter and arguably better.",0,active,2026-08-18T10:00:00+05:30
poi_d962443d,cty_590d4b7b,Ridge Lookout,cat_3ecd28b3,viewpoint,25.6277,91.843808,75,100.00,INR,3.478,18,49,06:00,17:00,,post_monsoon,none,"ticketed,unesco,indoor,sunrise",Busiest between ten and one. Come at opening or an hour before closing and it is a different place entirely.,0,active,2026-08-18T10:00:00+05:30
poi_9a8440a8,cty_590d4b7b,Shillong Bazaar,cat_70320c9b,shopping,25.51072,91.890205,45,0.00,INR,1.985,71,37,10:00,,,post_monsoon,step_free,"photogenic,guided_tour,ticketed,family_friendly","The tile mosaic is the reason most people come, but the north courtyard behind it is quieter and arguably better.",0,active,2026-08-18T10:00:00+05:30
poi_54f6b9ab,cty_590d4b7b,Great Mosque of Shillong,cat_7e99ea32,religious,25.510954,91.950143,60,1200.00,INR,0.952,59,60,08:00,18:00,,,none,"indoor,family_friendly,crowded,sunrise",Busiest between ten and one. Come at opening or an hour before closing and it is a different place entirely.,0,active,2026-08-18T10:00:00+05:30
poi_01826480,cty_590d4b7b,Shillong Bird Sanctuary,cat_6b229a53,wildlife,25.589143,91.885445,90,1200.00,INR,1.433,46,63,09:00,18:00,0,post_monsoon,partial,"unesco,local_favourite,guided_tour,photogenic",Busiest between ten and one. Come at opening or an hour before closing and it is a different place entirely.,0,active,2026-08-18T10:00:00+05:30
poi_89dfcf7d,cty_ccb4fb74,Kayaking at Gangtok,cat_51e6a700,adventure,27.327461,88.527378,240,350.00,INR,3.298,73,75,09:00,,,spring,partial,"quiet,guided_tour,sunset,local_favourite","Small enough to see in an hour, dense enough to reward two. Signage is uneven, so a guide helps.",0,active,2026-08-18T10:00:00+05:30
poi_042b5737,cty_ccb4fb74,Riverside Lounge,cat_ae5149e1,nightlife,27.374543,88.665158,60,0.00,INR,0.148,66,73,09:00,18:00,0,,partial,"sunrise,unesco,crowded,ticketed",Busiest between ten and one. Come at opening or an hour before closing and it is a different place entirely.,0,active,2026-08-18T10:00:00+05:30
poi_fb2bf178,cty_ccb4fb74,Hot Air Balloon Field,cat_51e6a700,adventure,27.386517,88.641846,240,1200.00,INR,1.974,13,38,09:00,18:00,,,partial,"family_friendly,local_favourite,photogenic,quiet","Locals treat it as a park as much as a monument, which is worth knowing before you arrive expecting silence.",0,active,2026-08-18T10:00:00+05:30
poi_5cc799a4,cty_ccb4fb74,Gangtok Stepwell,cat_c03ee00a,heritage,27.291111,88.60783,240,500.00,INR,0.715,56,78,06:00,18:00,,spring,partial,"unesco,photogenic,crowded,outdoor","Restored in the 1990s with mixed results — the colonnade is authentic, the step-well geometry is not.",0,active,2026-08-18T10:00:00+05:30
poi_09ad9d0b,cty_ccb4fb74,Royal Cenotaphs,cat_c03ee00a,heritage,27.327914,88.537679,240,1200.00,INR,1.153,51,68,09:00,21:00,6,spring,step_free,"quiet,sunset,outdoor,family_friendly","Built in stages between the fourteenth and eighteenth centuries, it repays a slow visit; the brass door on the riverside steps is easy to miss from the main path.",0,active,2026-08-18T10:00:00+05:30
poi_e0062f3a,cty_ccb4fb74,Night Food Bazaar,cat_a01f3db5,food,27.404483,88.594359,60,2500.00,INR,1.387,22,51,06:00,17:00,1,spring,partial,"family_friendly,outdoor,sunrise,local_favourite","Restored in the 1990s with mixed results — the north courtyard is authentic, the mirror work is not.",0,active,2026-08-18T10:00:00+05:30
poi_c9b77fcd,cty_ccb4fb74,Gangtok Observatory,cat_fce0bd94,heritage,27.298643,88.606446,180,0.00,INR,2.878,15,53,09:00,21:00,0,spring,partial,"guided_tour,unesco,ticketed,photogenic","Built in stages between the fourteenth and eighteenth centuries, it repays a slow visit; the inscription on the inner sanctum approach is easy to miss from the main path.",0,active,2026-08-18T10:00:00+05:30
poi_ceb016d6,cty_ccb4fb74,Fishermen's Cove,cat_db94a794,beach,27.360329,88.648178,60,750.00,INR,2.504,49,49,06:00,18:00,,spring,none,"outdoor,indoor,unesco,sunset","Locals treat it as a park as much as a monument, which is worth knowing before you arrive expecting silence.",0,active,2026-08-18T10:00:00+05:30
poi_41d2fe0c,cty_ccb4fb74,"Jazz Cellar, Gangtok",cat_ae5149e1,nightlife,27.325421,88.622872,75,0.00,INR,0.943,65,74,10:00,21:00,,spring,none,"ticketed,quiet,crowded,guided_tour","Restored in the 1990s with mixed results — the rear terrace is authentic, the step-well geometry is not.",0,active,2026-08-18T10:00:00+05:30
poi_959f437e,cty_ccb4fb74,City Walls Walk,cat_fce0bd94,heritage,27.408783,88.65065,60,0.00,INR,3.168,78,84,08:00,17:00,,,partial,"sunset,crowded,ticketed,family_friendly","Built in stages between the fourteenth and eighteenth centuries, it repays a slow visit; the tile mosaic on the riverside steps is easy to miss from the main path.",0,active,2026-08-18T10:00:00+05:30
poi_caa6c359,cty_ccb4fb74,Riverside Lounge,cat_ae5149e1,nightlife,27.287093,88.651877,120,750.00,INR,3.29,6,59,10:00,,,spring,step_free,"sunset,crowded,unesco,ticketed","Small enough to see in an hour, dense enough to reward two. Signage is uneven, so a guide helps.",0,active,2026-08-18T10:00:00+05:30
poi_76c67412,cty_ccb4fb74,Water Palace,cat_c03ee00a,heritage,27.292143,88.575553,180,750.00,INR,2.476,45,85,09:00,19:00,,spring,partial,"outdoor,crowded,sunset,quiet",Busiest between ten and one. Come at opening or an hour before closing and it is a different place entirely.,0,active,2026-08-18T10:00:00+05:30
poi_813f1ef8,cty_ccb4fb74,"Jazz Cellar, Gangtok",cat_3ecd28b3,nightlife,27.397243,88.542215,120,200.00,INR,2.774,100,63,10:00,18:00,0,spring,partial,"family_friendly,sunset,local_favourite,sunrise","The tile mosaic is the reason most people come, but the upper gallery behind it is quieter and arguably better.",0,active,2026-08-18T10:00:00+05:30
poi_3b3ffda3,cty_ccb4fb74,Lighthouse Beach,cat_db94a794,beach,27.326842,88.621154,150,350.00,INR,2.605,65,61,,18:00,,spring,none,"family_friendly,guided_tour,unesco,sunset",Busiest between ten and one. Come at opening or an hour before closing and it is a different place entirely.,0,active,2026-08-18T10:00:00+05:30
poi_ee0bae13,cty_ccb4fb74,Jain Temple Complex,cat_7e99ea32,religious,27.359598,88.583255,180,0.00,INR,0.937,62,35,06:00,19:00,,spring,none,"guided_tour,family_friendly,ticketed,unesco","Locals treat it as a park as much as a monument, which is worth knowing before you arrive expecting silence.",0,active,2026-08-18T10:00:00+05:30
poi_087e39c1,cty_a50bc5dd,Colombo Bird Sanctuary,cat_db384ce5,wildlife,6.876312,79.890429,60,0.00,LKR,0.424,69,60,08:00,21:00,,,none,"unesco,photogenic,indoor,family_friendly","Locals treat it as a park as much as a monument, which is worth knowing before you arrive expecting silence.",0,active,2026-08-18T10:00:00+05:30
poi_e607799f,cty_a50bc5dd,Ridge Lookout,cat_dbd7c6e8,viewpoint,6.984601,79.848868,60,355.00,LKR,2.117,46,52,09:00,18:00,,winter,none,"unesco,sunrise,ticketed,guided_tour","Built in stages between the fourteenth and eighteenth centuries, it repays a slow visit; the brass door on the riverside steps is easy to miss from the main path.",0,active,2026-08-18T10:00:00+05:30
poi_635f25bf,cty_a50bc5dd,Colombo Bird Sanctuary,cat_db384ce5,wildlife,6.946332,79.862968,75,0.00,LKR,2.09,3,36,08:00,17:00,,winter,step_free,"family_friendly,guided_tour,photogenic,local_favourite","Locals treat it as a park as much as a monument, which is worth knowing before you arrive expecting silence.",0,active,2026-08-18T10:00:00+05:30
poi_88685566,cty_a50bc5dd,Colombo Bird Sanctuary,cat_db384ce5,wildlife,6.966812,79.819898,120,8875.00,LKR,1.266,78,80,06:00,17:00,6,winter,partial,"sunset,outdoor,ticketed,unesco","Small enough to see in an hour, dense enough to reward two. Signage is uneven, so a guide helps.",0,active,2026-08-18T10:00:00+05:30
poi_666df4c4,cty_a50bc5dd,Colombo Street Food Lane,cat_b591c643,food,6.95267,79.843223,75,2662.50,LKR,1.466,39,74,09:00,19:00,,winter,partial,"outdoor,family_friendly,sunrise,sunset","Built in stages between the fourteenth and eighteenth centuries, it repays a slow visit; the fresco panel on the inner sanctum approach is easy to miss from the main path.",0,active,2026-08-18T10:00:00+05:30
poi_79d812fe,cty_a50bc5dd,Blue Pottery Workshop,cat_70320c9b,shopping,6.935471,79.92255,150,1775.00,LKR,0.656,63,100,,21:00,,winter,step_free,"ticketed,unesco,quiet,local_favourite","Locals treat it as a park as much as a monument, which is worth knowing before you arrive expecting silence.",0,active,2026-08-18T10:00:00+05:30
poi_781c5215,cty_a50bc5dd,Colombo Viewpoint,cat_51e6a700,viewpoint,6.923537,79.834135,150,0.00,LKR,3.373,55,55,09:00,19:00,,winter,none,"quiet,sunset,unesco,ticketed","Locals treat it as a park as much as a monument, which is worth knowing before you arrive expecting silence.",0,active,2026-08-18T10:00:00+05:30
poi_51bdae21,cty_a50bc5dd,Cliff Walk,cat_dbd7c6e8,nature,6.874898,79.884083,90,1242.50,LKR,2.909,91,81,10:00,19:00,,winter,none,"ticketed,local_favourite,indoor,photogenic","Locals treat it as a park as much as a monument, which is worth knowing before you arrive expecting silence.",0,active,2026-08-18T10:00:00+05:30
poi_74153e8b,cty_a50bc5dd,Butterfly Reserve,cat_6b229a53,wildlife,6.904323,79.85737,60,8875.00,LKR,1.968,24,75,09:00,18:00,,,none,"sunrise,outdoor,indoor,family_friendly","Small enough to see in an hour, dense enough to reward two. Signage is uneven, so a guide helps.",0,active,2026-08-18T10:00:00+05:30
poi_3253659e,cty_a50bc5dd,Colombo Bird Sanctuary,cat_db384ce5,wildlife,6.99858,79.898208,45,1242.50,LKR,2.99,47,81,06:00,17:00,,winter,step_free,"unesco,family_friendly,guided_tour,sunset","Small enough to see in an hour, dense enough to reward two. Signage is uneven, so a guide helps.",0,active,2026-08-18T10:00:00+05:30
poi_713fb7e0,cty_a50bc5dd,Colombo Viewpoint,cat_f2c80643,viewpoint,6.959798,79.864164,240,177.50,LKR,3.024,55,68,08:00,19:00,,winter,none,"crowded,ticketed,sunrise,photogenic","Restored in the 1990s with mixed results — the colonnade is authentic, the carved lintel is not.",0,active,2026-08-18T10:00:00+05:30
poi_d54e3e96,cty_a50bc5dd,Museum of Coins,cat_a6c4c438,museum,6.964157,79.886421,75,0.00,LKR,3.111,77,24,,,,winter,none,"crowded,guided_tour,indoor,quiet",Busiest between ten and one. Come at opening or an hour before closing and it is a different place entirely.,0,active,2026-08-18T10:00:00+05:30
poi_103de9e0,cty_a50bc5dd,Spice Market Walk,cat_260a51dc,food,6.861419,79.876586,240,0.00,LKR,3.244,94,68,,19:00,,winter,step_free,"unesco,local_favourite,sunrise,indoor","Built in stages between the fourteenth and eighteenth centuries, it repays a slow visit; the carved lintel on the colonnade is easy to miss from the main path.",0,active,2026-08-18T10:00:00+05:30
poi_4395d2bd,cty_a50bc5dd,Antique Lane,cat_8c7f3fd2,shopping,6.902707,79.919961,150,8875.00,LKR,1.783,63,54,09:00,17:00,,winter,partial,"crowded,ticketed,guided_tour,sunrise","Small enough to see in an hour, dense enough to reward two. Signage is uneven, so a guide helps.",0,active,2026-08-18T10:00:00+05:30
poi_0419848e,cty_a50bc5dd,Cooking Class at Old Town,cat_b591c643,food,6.863728,79.816486,120,2662.50,LKR,1.016,55,76,08:00,,,,none,"ticketed,crowded,guided_tour,quiet","Locals treat it as a park as much as a monument, which is worth knowing before you arrive expecting silence.",0,active,2026-08-18T10:00:00+05:30
poi_45a913e2,cty_009c9fd2,Lighthouse Beach,cat_db94a794,beach,7.268783,80.59985,150,0.00,LKR,1.56,13,51,10:00,21:00,6,winter,step_free,"indoor,family_friendly,sunrise,sunset","Locals treat it as a park as much as a monument, which is worth knowing before you arrive expecting silence.",0,active,2026-08-18T10:00:00+05:30
poi_932b65dc,cty_009c9fd2,Riverside Ghats,cat_63e0475b,religious,7.23042,80.688764,60,0.00,LKR,2.994,12,82,09:00,21:00,,winter,step_free,"unesco,guided_tour,local_favourite,family_friendly","Small enough to see in an hour, dense enough to reward two. Signage is uneven, so a guide helps.",0,active,2026-08-18T10:00:00+05:30
poi_a1337353,cty_009c9fd2,Rooftop Live Music,cat_3ecd28b3,nightlife,7.320216,80.615502,75,177.50,LKR,0.419,51,44,,,1,winter,partial,"crowded,family_friendly,unesco,outdoor","The brass door is the reason most people come, but the riverside steps behind it is quieter and arguably better.",0,active,2026-08-18T10:00:00+05:30
poi_3222744b,cty_009c9fd2,Rock Climbing Wall,cat_5c6b9b9e,adventure,7.236687,80.570001,75,0.00,LKR,1.323,60,54,08:00,17:00,,,partial,"local_favourite,quiet,photogenic,ticketed","Small enough to see in an hour, dense enough to reward two. Signage is uneven, so a guide helps.",0,active,2026-08-18T10:00:00+05:30
poi_493eac5b,cty_009c9fd2,"St Mary's Church, Kandy",cat_7e99ea32,religious,7.24834,80.569036,180,4260.00,LKR,1.09,48,65,06:00,18:00,,,none,"family_friendly,indoor,photogenic,sunset","Small enough to see in an hour, dense enough to reward two. Signage is uneven, so a guide helps.",1,active,2026-08-18T10:00:00+05:30
poi_f6d9652b,cty_009c9fd2,Quiet Bay,cat_db94a794,beach,7.325991,80.585668,60,1775.00,LKR,2.797,89,71,08:00,19:00,0,,step_free,"sunrise,local_favourite,photogenic,indoor","Locals treat it as a park as much as a monument, which is worth knowing before you arrive expecting silence.",0,active,2026-08-18T10:00:00+05:30
poi_6c366b48,cty_009c9fd2,Puppet Museum,cat_648738e2,museum,7.224056,80.601047,45,1242.50,LKR,1.415,43,37,10:00,17:00,1,winter,none,"unesco,photogenic,outdoor,sunset",Busiest between ten and one. Come at opening or an hour before closing and it is a different place entirely.,0,active,2026-08-18T10:00:00+05:30
poi_df352f3a,cty_009c9fd2,Puppet Museum,cat_648738e2,museum,7.267011,80.611724,75,710.00,LKR,3.054,41,45,08:00,21:00,1,,none,"local_favourite,sunset,indoor,ticketed","The carved lintel is the reason most people come, but the riverside steps behind it is quieter and arguably better.",0,active,2026-08-18T10:00:00+05:30
poi_cfa920ab,cty_009c9fd2,Great Mosque of Kandy,cat_7e99ea32,religious,7.28496,80.604146,45,0.00,LKR,1.423,91,71,10:00,21:00,0,winter,step_free,"outdoor,indoor,guided_tour,unesco",Busiest between ten and one. Come at opening or an hour before closing and it is a different place entirely.,0,active,2026-08-18T10:00:00+05:30
poi_006cc81d,cty_009c9fd2,Kandy Bird Sanctuary,cat_6b229a53,wildlife,7.253935,80.639478,120,0.00,LKR,2.578,60,68,08:00,19:00,,winter,partial,"unesco,outdoor,guided_tour,sunrise","Small enough to see in an hour, dense enough to reward two. Signage is uneven, so a guide helps.",0,active,2026-08-18T10:00:00+05:30
poi_0a0915f9,cty_009c9fd2,North Beach,cat_857ee77a,beach,7.245382,80.577463,75,0.00,LKR,1.786,63,61,10:00,18:00,,winter,none,"unesco,outdoor,quiet,crowded","Restored in the 1990s with mixed results — the colonnade is authentic, the carved lintel is not.",0,active,2026-08-18T10:00:00+05:30
poi_e8073ad8,cty_009c9fd2,Kandy Bazaar,cat_f2c80643,shopping,7.219325,80.67267,45,0.00,LKR,2.347,32,66,,21:00,,winter,none,"sunset,outdoor,photogenic,local_favourite","The tile mosaic is the reason most people come, but the inner sanctum approach behind it is quieter and arguably better.",0,active,2026-08-18T10:00:00+05:30
poi_e5f3caea,cty_009c9fd2,"Old Palace, Kandy",cat_c03ee00a,heritage,7.221251,80.676473,90,1242.50,LKR,1.853,89,75,06:00,17:00,,winter,none,"guided_tour,quiet,indoor,crowded",Busiest between ten and one. Come at opening or an hour before closing and it is a different place entirely.,0,active,2026-08-18T10:00:00+05:30
poi_829372bf,cty_009c9fd2,North Beach,cat_db94a794,beach,7.283964,80.629537,90,710.00,LKR,0.324,77,62,08:00,,,,none,"crowded,family_friendly,indoor,quiet","Small enough to see in an hour, dense enough to reward two. Signage is uneven, so a guide helps.",0,active,2026-08-18T10:00:00+05:30
poi_6aa41eb7,cty_009c9fd2,Elephant Camp,cat_6b229a53,wildlife,7.306443,80.574904,60,4260.00,LKR,0.229,58,50,08:00,19:00,,winter,none,"sunrise,ticketed,indoor,photogenic","Built in stages between the fourteenth and eighteenth centuries, it repays a slow visit; the lattice screen on the inner sanctum approach is easy to miss from the main path.",0,active,2026-08-18T10:00:00+05:30
poi_b72c42e5,cty_c0f2d9de,Ayurveda Centre,cat_829c3404,wellness,27.702734,85.267788,60,800.00,NPR,0.522,49,68,08:00,19:00,,autumn,step_free,"photogenic,sunrise,quiet,unesco","Restored in the 1990s with mixed results — the upper gallery is authentic, the tile mosaic is not.",0,active,2026-08-18T10:00:00+05:30
poi_bc82e986,cty_c0f2d9de,Kathmandu Viewpoint,cat_34ac5ade,viewpoint,27.685756,85.278811,150,4000.00,NPR,2.623,53,61,06:00,17:00,6,autumn,none,"outdoor,family_friendly,indoor,ticketed","The inscription is the reason most people come, but the north courtyard behind it is quieter and arguably better.",0,active,2026-08-18T10:00:00+05:30
poi_08ddfd62,cty_c0f2d9de,Watchtower Terrace,cat_260a51dc,viewpoint,27.682552,85.384049,75,560.00,NPR,3.474,39,59,,17:00,1,autumn,step_free,"family_friendly,indoor,guided_tour,sunset","Built in stages between the fourteenth and eighteenth centuries, it repays a slow visit; the mirror work on the upper gallery is easy to miss from the main path.",0,active,2026-08-18T10:00:00+05:30
poi_0d199b84,cty_c0f2d9de,Rooftop Live Music,cat_ae5149e1,nightlife,27.768981,85.356225,240,800.00,NPR,3.226,73,62,,21:00,0,autumn,step_free,"sunset,family_friendly,outdoor,unesco","The mirror work is the reason most people come, but the rear terrace behind it is quieter and arguably better.",0,active,2026-08-18T10:00:00+05:30
poi_38456be9,cty_c0f2d9de,Kathmandu Street Food Lane,cat_a01f3db5,food,27.785394,85.327179,75,1920.00,NPR,3.431,18,67,09:00,18:00,,,step_free,"outdoor,unesco,guided_tour,sunrise","Small enough to see in an hour, dense enough to reward two. Signage is uneven, so a guide helps.",0,active,2026-08-18T10:00:00+05:30
poi_252f76b3,cty_c0f2d9de,Royal Cenotaphs,cat_54243992,heritage,27.657445,85.327413,45,80.00,NPR,0.637,42,43,10:00,21:00,,autumn,step_free,"family_friendly,outdoor,photogenic,local_favourite","The step-well geometry is the reason most people come, but the riverside steps behind it is quieter and arguably better.",0,active,2026-08-18T10:00:00+05:30
poi_387a71ad,cty_c0f2d9de,Kathmandu Lake,cat_8f5457b4,nature,27.773746,85.250647,240,0.00,NPR,2.57,37,86,08:00,17:00,1,autumn,partial,"sunrise,ticketed,crowded,unesco","Small enough to see in an hour, dense enough to reward two. Signage is uneven, so a guide helps.",1,active,2026-08-18T10:00:00+05:30
poi_01a95571,cty_c0f2d9de,Yoga Shala,cat_829c3404,wellness,27.750582,85.322528,120,0.00,NPR,2.562,37,62,06:00,19:00,,autumn,step_free,"crowded,outdoor,ticketed,guided_tour","Locals treat it as a park as much as a monument, which is worth knowing before you arrive expecting silence.",0,active,2026-08-18T10:00:00+05:30
poi_8743dced,cty_c0f2d9de,Jain Temple Complex,cat_7e99ea32,religious,27.768816,85.307398,45,0.00,NPR,0.494,88,53,08:00,21:00,,autumn,step_free,"sunrise,guided_tour,outdoor,sunset","The lattice screen is the reason most people come, but the colonnade behind it is quieter and arguably better.",0,active,2026-08-18T10:00:00+05:30
poi_586568b0,cty_c0f2d9de,Riverside Lounge,cat_ae5149e1,nightlife,27.716165,85.295522,60,0.00,NPR,2.097,85,30,08:00,,,autumn,step_free,"sunrise,guided_tour,photogenic,quiet","Small enough to see in an hour, dense enough to reward two. Signage is uneven, so a guide helps.",0,active,2026-08-18T10:00:00+05:30
poi_bf2fe1b8,cty_c0f2d9de,Kathmandu Stepwell,cat_68482803,heritage,27.752571,85.284835,120,160.00,NPR,1.577,76,62,10:00,17:00,,autumn,partial,"sunrise,guided_tour,photogenic,family_friendly","Locals treat it as a park as much as a monument, which is worth knowing before you arrive expecting silence.",0,active,2026-08-18T10:00:00+05:30
poi_12199456,cty_c0f2d9de,Yoga Shala,cat_7073a53a,wellness,27.706222,85.253555,45,160.00,NPR,0.929,77,56,06:00,17:00,1,autumn,partial,"guided_tour,quiet,outdoor,family_friendly","Small enough to see in an hour, dense enough to reward two. Signage is uneven, so a guide helps.",0,active,2026-08-18T10:00:00+05:30
poi_d349b995,cty_c0f2d9de,Hot Springs,cat_829c3404,wellness,27.686057,85.259241,60,320.00,NPR,1.956,41,53,09:00,,,autumn,none,"sunrise,outdoor,sunset,family_friendly","Restored in the 1990s with mixed results — the rear terrace is authentic, the mirror work is not.",0,active,2026-08-18T10:00:00+05:30
poi_db424623,cty_c0f2d9de,Tea Estate Trail,cat_87a6232b,nature,27.773496,85.336788,240,1920.00,NPR,2.218,59,57,10:00,21:00,,autumn,none,"outdoor,family_friendly,photogenic,indoor",Busiest between ten and one. Come at opening or an hour before closing and it is a different place entirely.,0,active,2026-08-18T10:00:00+05:30
poi_37bfdcc0,cty_c0f2d9de,Kathmandu Street Food Lane,cat_b591c643,food,27.753907,85.261027,180,560.00,NPR,1.14,54,67,08:00,19:00,,autumn,partial,"quiet,photogenic,guided_tour,indoor","Restored in the 1990s with mixed results — the upper gallery is authentic, the fresco panel is not.",0,active,2026-08-18T10:00:00+05:30
poi_a1498a91,cty_95d040d8,Watchtower Terrace,cat_54243992,viewpoint,28.14774,83.980472,90,0.00,NPR,3.415,69,69,10:00,,,autumn,none,"photogenic,guided_tour,outdoor,ticketed","Built in stages between the fourteenth and eighteenth centuries, it repays a slow visit; the brass door on the riverside steps is easy to miss from the main path.",0,active,2026-08-18T10:00:00+05:30
poi_0aa7daf7,cty_95d040d8,Hilltop Shrine,cat_63e0475b,religious,28.141518,83.925773,60,0.00,NPR,0.704,37,54,08:00,17:00,,autumn,partial,"guided_tour,ticketed,photogenic,sunset",Busiest between ten and one. Come at opening or an hour before closing and it is a different place entirely.,0,active,2026-08-18T10:00:00+05:30
poi_e784aeca,cty_95d040d8,Night Food Bazaar,cat_a01f3db5,food,28.222413,83.912904,180,560.00,NPR,2.778,64,35,09:00,19:00,6,autumn,partial,"family_friendly,photogenic,local_favourite,ticketed","Restored in the 1990s with mixed results — the upper gallery is authentic, the fresco panel is not.",0,active,2026-08-18T10:00:00+05:30
poi_11e096fc,cty_95d040d8,Rock Garden,cat_dbd7c6e8,nature,28.206295,83.928194,75,0.00,NPR,2.938,86,64,06:00,17:00,,,partial,"sunrise,guided_tour,indoor,ticketed","Small enough to see in an hour, dense enough to reward two. Signage is uneven, so a guide helps.",0,active,2026-08-18T10:00:00+05:30
poi_29d547a4,cty_95d040d8,Backwater Channel,cat_87a6232b,nature,28.250745,83.968304,240,1200.00,NPR,3.108,49,70,09:00,18:00,6,autumn,none,"sunset,indoor,photogenic,guided_tour",Busiest between ten and one. Come at opening or an hour before closing and it is a different place entirely.,0,active,2026-08-18T10:00:00+05:30
poi_b8450f6f,cty_95d040d8,Pokhara Street Food Lane,cat_a01f3db5,food,28.146721,84.011124,60,160.00,NPR,2.959,29,49,09:00,21:00,,autumn,step_free,"quiet,unesco,ticketed,sunrise","Built in stages between the fourteenth and eighteenth centuries, it repays a slow visit; the fresco panel on the colonnade is easy to miss from the main path.",0,active,2026-08-18T10:00:00+05:30
poi_a010c1ba,cty_95d040d8,Backwater Channel,cat_8f5457b4,nature,28.196419,84.006572,240,800.00,NPR,1.089,52,100,08:00,17:00,,autumn,step_free,"guided_tour,indoor,ticketed,sunset","Restored in the 1990s with mixed results — the colonnade is authentic, the inscription is not.",0,active,2026-08-18T10:00:00+05:30
poi_204e9388,cty_95d040d8,Cliff Walk,cat_e8ba72de,nature,28.256057,83.994059,180,320.00,NPR,1.329,59,75,08:00,,,autumn,none,"unesco,outdoor,local_favourite,ticketed","Locals treat it as a park as much as a monument, which is worth knowing before you arrive expecting silence.",0,active,2026-08-18T10:00:00+05:30
poi_48787ec6,cty_95d040d8,Zipline Point,cat_51e6a700,adventure,28.2792,83.941396,60,1200.00,NPR,0.596,32,74,08:00,,,,step_free,"ticketed,quiet,crowded,photogenic","Locals treat it as a park as much as a monument, which is worth knowing before you arrive expecting silence.",1,active,2026-08-18T10:00:00+05:30
poi_a4f7cc8b,cty_95d040d8,Quiet Bay,cat_db94a794,beach,28.197155,83.97411,120,160.00,NPR,0.376,23,77,06:00,,1,autumn,none,"outdoor,ticketed,quiet,sunset","Locals treat it as a park as much as a monument, which is worth knowing before you arrive expecting silence.",0,active,2026-08-18T10:00:00+05:30
poi_ab48d16e,cty_95d040d8,Quiet Bay,cat_857ee77a,beach,28.275634,84.005208,150,4000.00,NPR,2.4,35,52,10:00,18:00,,autumn,step_free,"local_favourite,photogenic,ticketed,guided_tour","Locals treat it as a park as much as a monument, which is worth knowing before you arrive expecting silence.",0,active,2026-08-18T10:00:00+05:30
poi_132d3868,cty_95d040d8,Cliff Walk,cat_87a6232b,nature,28.25595,83.978287,75,1200.00,NPR,2.656,60,36,08:00,19:00,,autumn,step_free,"family_friendly,local_favourite,unesco,outdoor","The fresco panel is the reason most people come, but the riverside steps behind it is quieter and arguably better.",1,active,2026-08-18T10:00:00+05:30
poi_ef2400fa,cty_95d040d8,Watchtower Terrace,cat_3ecd28b3,viewpoint,28.220222,84.023431,180,560.00,NPR,0.302,59,69,10:00,18:00,,autumn,step_free,"ticketed,local_favourite,sunrise,family_friendly","Locals treat it as a park as much as a monument, which is worth knowing before you arrive expecting silence.",0,active,2026-08-18T10:00:00+05:30
poi_49791c2d,cty_95d040d8,Crocodile Park,cat_200acca0,wildlife,28.184049,83.982692,180,560.00,NPR,3.216,100,86,10:00,18:00,6,autumn,none,"crowded,quiet,local_favourite,sunrise","Restored in the 1990s with mixed results — the rear terrace is authentic, the inscription is not.",0,active,2026-08-18T10:00:00+05:30
poi_39f134c5,cty_95d040d8,Zipline Point,cat_51e6a700,adventure,28.208593,83.942833,45,4000.00,NPR,2.31,54,71,09:00,18:00,6,autumn,partial,"family_friendly,crowded,ticketed,quiet",Busiest between ten and one. Come at opening or an hour before closing and it is a different place entirely.,0,active,2026-08-18T10:00:00+05:30
poi_68cc2f6d,cty_79cbc59b,Quiet Bay,cat_db94a794,beach,27.459202,89.558572,45,200.00,BTN,3.326,67,66,06:00,19:00,0,spring,partial,"sunset,photogenic,sunrise,ticketed",Busiest between ten and one. Come at opening or an hour before closing and it is a different place entirely.,0,active,2026-08-18T10:00:00+05:30
poi_c8feccee,cty_79cbc59b,Ridge Lookout,cat_7e99ea32,viewpoint,27.456402,89.654367,180,500.00,BTN,2.013,100,45,10:00,19:00,,spring,step_free,"sunrise,sunset,family_friendly,ticketed","Built in stages between the fourteenth and eighteenth centuries, it repays a slow visit; the fresco panel on the rear terrace is easy to miss from the main path.",0,active,2026-08-18T10:00:00+05:30
poi_13aa1bd7,cty_79cbc59b,North Beach,cat_db94a794,beach,27.436558,89.613586,150,1200.00,BTN,2.482,84,80,08:00,,0,spring,partial,"quiet,ticketed,unesco,photogenic","Built in stages between the fourteenth and eighteenth centuries, it repays a slow visit; the carved lintel on the rear terrace is easy to miss from the main path.",0,active,2026-08-18T10:00:00+05:30
poi_f4eeb66a,cty_79cbc59b,Cycling Loop,cat_5c6b9b9e,adventure,27.451088,89.666899,90,0.00,BTN,0.53,41,54,09:00,21:00,,spring,step_free,"guided_tour,ticketed,sunset,indoor","Built in stages between the fourteenth and eighteenth centuries, it repays a slow visit; the step-well geometry on the upper gallery is easy to miss from the main path.",0,active,2026-08-18T10:00:00+05:30
poi_4ab34c66,cty_79cbc59b,Kayaking at Thimphu,cat_51e6a700,adventure,27.430596,89.581371,90,100.00,BTN,2.086,64,85,09:00,18:00,,spring,step_free,"family_friendly,outdoor,sunset,ticketed",Busiest between ten and one. Come at opening or an hour before closing and it is a different place entirely.,0,active,2026-08-18T10:00:00+05:30
poi_359c6161,cty_79cbc59b,Kayaking at Thimphu,cat_51e6a700,adventure,27.453187,89.707144,75,1200.00,BTN,0.235,58,53,09:00,17:00,,spring,step_free,"guided_tour,local_favourite,unesco,crowded","Built in stages between the fourteenth and eighteenth centuries, it repays a slow visit; the step-well geometry on the riverside steps is easy to miss from the main path.",0,active,2026-08-18T10:00:00+05:30
poi_eb535fc6,cty_79cbc59b,North Beach,cat_db94a794,beach,27.539708,89.653137,90,500.00,BTN,1.823,80,58,08:00,18:00,1,spring,partial,"sunset,unesco,photogenic,local_favourite","Locals treat it as a park as much as a monument, which is worth knowing before you arrive expecting silence.",0,active,2026-08-18T10:00:00+05:30
poi_935b4fdb,cty_79cbc59b,Elephant Camp,cat_db384ce5,wildlife,27.477497,89.578384,75,1200.00,BTN,0.47,63,70,06:00,19:00,,,step_free,"unesco,sunrise,sunset,ticketed","Locals treat it as a park as much as a monument, which is worth knowing before you arrive expecting silence.",0,active,2026-08-18T10:00:00+05:30
poi_9f5cc706,cty_79cbc59b,Thimphu City Museum,cat_648738e2,museum,27.523872,89.708642,45,2500.00,BTN,2.402,37,89,09:00,21:00,,,partial,"local_favourite,family_friendly,photogenic,ticketed","Restored in the 1990s with mixed results — the colonnade is authentic, the fresco panel is not.",0,active,2026-08-18T10:00:00+05:30
poi_00bd0042,cty_79cbc59b,North Beach,cat_857ee77a,beach,27.531528,89.63162,75,350.00,BTN,1.963,82,73,09:00,17:00,,spring,partial,"crowded,ticketed,indoor,family_friendly","Locals treat it as a park as much as a monument, which is worth knowing before you arrive expecting silence.",0,active,2026-08-18T10:00:00+05:30
poi_d748ceaa,cty_79cbc59b,Lighthouse Beach,cat_857ee77a,beach,27.539215,89.633892,75,500.00,BTN,0.293,34,48,06:00,19:00,,spring,partial,"indoor,outdoor,sunset,family_friendly","Locals treat it as a park as much as a monument, which is worth knowing before you arrive expecting silence.",0,active,2026-08-18T10:00:00+05:30
poi_daf5e087,cty_79cbc59b,Cycling Loop,cat_0bdaba79,adventure,27.431417,89.639737,150,2500.00,BTN,0.465,39,44,06:00,19:00,,spring,none,"indoor,quiet,unesco,photogenic","Locals treat it as a park as much as a monument, which is worth knowing before you arrive expecting silence.",0,active,2026-08-18T10:00:00+05:30
poi_ec5a00fb,cty_79cbc59b,Backwater Channel,cat_fda74089,nature,27.468539,89.658001,120,350.00,BTN,3.477,4,50,06:00,17:00,,spring,step_free,"crowded,sunrise,outdoor,family_friendly","Locals treat it as a park as much as a monument, which is worth knowing before you arrive expecting silence.",0,active,2026-08-18T10:00:00+05:30
poi_eb997264,cty_79cbc59b,Crocodile Park,cat_db384ce5,wildlife,27.53203,89.640027,150,200.00,BTN,3.267,69,51,08:00,,0,,step_free,"local_favourite,family_friendly,sunset,quiet","Locals treat it as a park as much as a monument, which is worth knowing before you arrive expecting silence.",0,active,2026-08-18T10:00:00+05:30
poi_6532241a,cty_79cbc59b,Cliff Walk,cat_e8ba72de,nature,27.418504,89.682182,45,1200.00,BTN,3.247,44,79,08:00,18:00,,spring,none,"sunrise,crowded,indoor,ticketed","Locals treat it as a park as much as a monument, which is worth knowing before you arrive expecting silence.",1,active,2026-08-18T10:00:00+05:30
poi_9b3237a3,cty_9aa02925,Butterfly Reserve,cat_200acca0,wildlife,4.143871,73.56707,90,64.75,MVR,0.225,75,77,08:00,17:00,,winter,step_free,"quiet,local_favourite,guided_tour,indoor","Built in stages between the fourteenth and eighteenth centuries, it repays a slow visit; the fresco panel on the rear terrace is easy to miss from the main path.",0,active,2026-08-18T10:00:00+05:30
poi_48aa21f1,cty_9aa02925,Male Observatory,cat_c03ee00a,heritage,4.243908,73.540053,45,37.00,MVR,3.116,23,72,10:00,17:00,,winter,partial,"guided_tour,sunset,family_friendly,ticketed",Busiest between ten and one. Come at opening or an hour before closing and it is a different place entirely.,0,active,2026-08-18T10:00:00+05:30
poi_98cf2950,cty_9aa02925,Backwater Channel,cat_dbd7c6e8,nature,4.146145,73.477486,180,0.00,MVR,2.407,75,40,08:00,19:00,,winter,step_free,"unesco,ticketed,local_favourite,quiet","Small enough to see in an hour, dense enough to reward two. Signage is uneven, so a guide helps.",0,active,2026-08-18T10:00:00+05:30
poi_567aa575,cty_9aa02925,Male Observatory,cat_54243992,heritage,4.199388,73.546603,150,0.00,MVR,0.343,84,46,08:00,17:00,,winter,step_free,"ticketed,outdoor,sunset,guided_tour","Built in stages between the fourteenth and eighteenth centuries, it repays a slow visit; the tile mosaic on the inner sanctum approach is easy to miss from the main path.",0,active,2026-08-18T10:00:00+05:30
poi_4cb3a2d4,cty_9aa02925,Blue Pottery Workshop,cat_f2c80643,shopping,4.117711,73.478324,180,92.50,MVR,1.904,36,72,10:00,21:00,,winter,none,"ticketed,photogenic,indoor,local_favourite","Locals treat it as a park as much as a monument, which is worth knowing before you arrive expecting silence.",0,active,2026-08-18T10:00:00+05:30
poi_26fca860,cty_9aa02925,Tea Estate Trail,cat_e8ba72de,nature,4.150085,73.508715,60,462.50,MVR,0.729,65,80,10:00,18:00,,winter,partial,"unesco,sunrise,sunset,photogenic","Small enough to see in an hour, dense enough to reward two. Signage is uneven, so a guide helps.",0,active,2026-08-18T10:00:00+05:30
poi_9af6a696,cty_9aa02925,Male Lake,cat_e8ba72de,nature,4.170087,73.46899,180,462.50,MVR,0.837,27,76,10:00,17:00,1,,none,"guided_tour,photogenic,outdoor,sunset","The inscription is the reason most people come, but the riverside steps behind it is quieter and arguably better.",0,active,2026-08-18T10:00:00+05:30
poi_a71ffa2e,cty_9aa02925,Quiet Bay,cat_857ee77a,beach,4.181536,73.573259,180,64.75,MVR,0.54,41,58,08:00,,,winter,partial,"crowded,quiet,ticketed,guided_tour",Busiest between ten and one. Come at opening or an hour before closing and it is a different place entirely.,0,active,2026-08-18T10:00:00+05:30
poi_c09c7423,cty_9aa02925,Crocodile Park,cat_db384ce5,wildlife,4.242375,73.542328,150,37.00,MVR,2.457,37,51,09:00,21:00,6,winter,partial,"family_friendly,outdoor,guided_tour,photogenic","Small enough to see in an hour, dense enough to reward two. Signage is uneven, so a guide helps.",0,active,2026-08-18T10:00:00+05:30
poi_3457ab13,cty_9aa02925,Sunset Point,cat_87a6232b,nature,4.122483,73.555895,45,0.00,MVR,2.5,57,59,06:00,18:00,,winter,step_free,"sunrise,ticketed,local_favourite,guided_tour","The tile mosaic is the reason most people come, but the north courtyard behind it is quieter and arguably better.",0,active,2026-08-18T10:00:00+05:30
poi_42b84f74,cty_9aa02925,Handloom Cooperative,cat_8c7f3fd2,shopping,4.105372,73.569973,150,37.00,MVR,2.572,50,46,08:00,18:00,6,winter,step_free,"outdoor,unesco,photogenic,indoor","The carved lintel is the reason most people come, but the riverside steps behind it is quieter and arguably better.",0,active,2026-08-18T10:00:00+05:30
poi_85d28439,cty_9aa02925,Great Mosque of Male,cat_63e0475b,religious,4.110714,73.477763,90,37.00,MVR,3.421,100,47,09:00,21:00,,winter,step_free,"sunset,local_favourite,unesco,sunrise",Busiest between ten and one. Come at opening or an hour before closing and it is a different place entirely.,0,active,2026-08-18T10:00:00+05:30
poi_78b732e3,cty_9aa02925,Botanical Gardens,cat_fda74089,nature,4.2127,73.548234,180,18.50,MVR,2.961,8,82,,17:00,,,partial,"unesco,sunrise,quiet,indoor","Small enough to see in an hour, dense enough to reward two. Signage is uneven, so a guide helps.",0,active,2026-08-18T10:00:00+05:30
poi_3c7d9152,cty_9aa02925,"Jazz Cellar, Male",cat_3ecd28b3,nightlife,4.208503,73.480331,180,0.00,MVR,3.371,43,35,,19:00,,winter,step_free,"ticketed,sunrise,indoor,guided_tour","Locals treat it as a park as much as a monument, which is worth knowing before you arrive expecting silence.",0,active,2026-08-18T10:00:00+05:30
poi_fcf3ec8d,cty_9aa02925,Ayurveda Centre,cat_7073a53a,wellness,4.118672,73.571284,240,222.00,MVR,0.205,47,56,09:00,19:00,,,partial,"family_friendly,photogenic,ticketed,sunrise",Busiest between ten and one. Come at opening or an hour before closing and it is a different place entirely.,0,active,2026-08-18T10:00:00+05:30
poi_09409c63,cty_7b89639e,City Walls Walk,cat_54243992,heritage,25.241131,55.228905,75,4.41,AED,1.323,82,66,06:00,17:00,,,partial,"quiet,sunset,unesco,indoor","Built in stages between the fourteenth and eighteenth centuries, it repays a slow visit; the brass door on the inner sanctum approach is easy to miss from the main path.",0,active,2026-08-18T10:00:00+05:30
poi_83533555,cty_7b89639e,Dubai Observatory,cat_c03ee00a,heritage,25.256197,55.194781,120,33.08,AED,3.464,64,37,08:00,17:00,6,winter,step_free,"guided_tour,indoor,crowded,ticketed","Small enough to see in an hour, dense enough to reward two. Signage is uneven, so a guide helps.",0,active,2026-08-18T10:00:00+05:30
poi_80512660,cty_7b89639e,Butterfly Reserve,cat_200acca0,wildlife,25.189671,55.191401,75,52.92,AED,2.625,62,100,06:00,21:00,,winter,step_free,"family_friendly,sunrise,crowded,quiet","Locals treat it as a park as much as a monument, which is worth knowing before you arrive expecting silence.",0,active,2026-08-18T10:00:00+05:30
poi_34992d1f,cty_7b89639e,Handloom Cooperative,cat_70320c9b,shopping,25.183159,55.199874,45,110.25,AED,1.126,69,67,09:00,21:00,,winter,none,"guided_tour,photogenic,ticketed,family_friendly","Built in stages between the fourteenth and eighteenth centuries, it repays a slow visit; the inscription on the north courtyard is easy to miss from the main path.",0,active,2026-08-18T10:00:00+05:30
poi_ca481e64,cty_7b89639e,Dubai Bazaar,cat_8c7f3fd2,shopping,25.165643,55.229097,150,22.05,AED,1.541,66,31,,21:00,0,winter,none,"local_favourite,indoor,family_friendly,guided_tour","Small enough to see in an hour, dense enough to reward two. Signage is uneven, so a guide helps.",0,active,2026-08-18T10:00:00+05:30
poi_33111021,cty_7b89639e,Dubai Observatory,cat_68482803,heritage,25.216615,55.348716,180,52.92,AED,0.805,68,66,06:00,19:00,,winter,partial,"quiet,photogenic,local_favourite,sunset",Busiest between ten and one. Come at opening or an hour before closing and it is a different place entirely.,0,active,2026-08-18T10:00:00+05:30
poi_34b126e7,cty_7b89639e,Cliff Walk,cat_87a6232b,nature,25.228476,55.255042,240,110.25,AED,1.956,45,53,,19:00,0,winter,partial,"local_favourite,guided_tour,outdoor,indoor","Built in stages between the fourteenth and eighteenth centuries, it repays a slow visit; the mirror work on the inner sanctum approach is easy to miss from the main path.",0,active,2026-08-18T10:00:00+05:30
poi_354a6a7e,cty_7b89639e,Butterfly Reserve,cat_200acca0,wildlife,25.219755,55.204257,120,52.92,AED,1.787,59,90,06:00,17:00,,winter,none,"sunrise,local_favourite,photogenic,family_friendly","Small enough to see in an hour, dense enough to reward two. Signage is uneven, so a guide helps.",0,active,2026-08-18T10:00:00+05:30
poi_2ef9dd71,cty_7b89639e,Dubai Bird Sanctuary,cat_6b229a53,wildlife,25.237546,55.308514,45,4.41,AED,0.377,37,74,10:00,17:00,6,winter,partial,"quiet,unesco,photogenic,ticketed","Built in stages between the fourteenth and eighteenth centuries, it repays a slow visit; the brass door on the north courtyard is easy to miss from the main path.",0,active,2026-08-18T10:00:00+05:30
poi_0b57a65c,cty_7b89639e,Rooftop Live Music,cat_ae5149e1,nightlife,25.219992,55.252053,75,8.82,AED,0.117,35,67,09:00,19:00,6,winter,step_free,"unesco,outdoor,ticketed,local_favourite","The step-well geometry is the reason most people come, but the riverside steps behind it is quieter and arguably better.",0,active,2026-08-18T10:00:00+05:30
poi_298b5ad9,cty_7b89639e,Riverside Lounge,cat_3ecd28b3,nightlife,25.269339,55.261456,75,110.25,AED,1.208,75,77,09:00,18:00,,,none,"ticketed,family_friendly,local_favourite,quiet","Locals treat it as a park as much as a monument, which is worth knowing before you arrive expecting silence.",0,active,2026-08-18T10:00:00+05:30
poi_8f09155f,cty_7b89639e,Dubai Street Food Lane,cat_260a51dc,food,25.176892,55.213142,75,2.21,AED,2.899,74,53,08:00,19:00,,winter,step_free,"sunrise,sunset,unesco,local_favourite","Locals treat it as a park as much as a monument, which is worth knowing before you arrive expecting silence.",0,active,2026-08-18T10:00:00+05:30
poi_425aeafb,cty_7b89639e,Hot Springs,cat_7073a53a,wellness,25.251774,55.208003,150,4.41,AED,2.037,68,61,10:00,21:00,,,step_free,"indoor,local_favourite,unesco,guided_tour","The tile mosaic is the reason most people come, but the colonnade behind it is quieter and arguably better.",0,active,2026-08-18T10:00:00+05:30
poi_ae95e1be,cty_7b89639e,Hot Springs,cat_7073a53a,wellness,25.267178,55.340954,60,22.05,AED,0.439,69,45,09:00,19:00,,winter,partial,"photogenic,ticketed,sunrise,crowded",Busiest between ten and one. Come at opening or an hour before closing and it is a different place entirely.,0,active,2026-08-18T10:00:00+05:30
poi_65d65d15,cty_7b89639e,Cooking Class at Old Town,cat_34ac5ade,food,25.187454,55.304118,60,0.00,AED,2.761,62,74,,17:00,1,,partial,"unesco,sunset,ticketed,guided_tour","Locals treat it as a park as much as a monument, which is worth knowing before you arrive expecting silence.",0,active,2026-08-18T10:00:00+05:30
poi_88179724,cty_1ced6ede,Riverside Lounge,cat_ae5149e1,nightlife,24.404137,54.394761,240,52.92,AED,0.261,65,46,10:00,18:00,1,winter,none,"unesco,quiet,sunrise,family_friendly","Locals treat it as a park as much as a monument, which is worth knowing before you arrive expecting silence.",0,active,2026-08-18T10:00:00+05:30
poi_76a11c20,cty_1ced6ede,Cycling Loop,cat_51e6a700,adventure,24.438085,54.30334,240,0.00,AED,1.601,79,67,09:00,17:00,,winter,none,"family_friendly,indoor,outdoor,sunset","The step-well geometry is the reason most people come, but the inner sanctum approach behind it is quieter and arguably better.",0,active,2026-08-18T10:00:00+05:30
poi_6a46e565,cty_1ced6ede,North Beach,cat_db94a794,beach,24.450513,54.301726,150,52.92,AED,0.294,40,77,09:00,,6,winter,step_free,"crowded,local_favourite,indoor,ticketed","Locals treat it as a park as much as a monument, which is worth knowing before you arrive expecting silence.",1,active,2026-08-18T10:00:00+05:30
poi_6ba7ee43,cty_1ced6ede,City Walls Walk,cat_fce0bd94,heritage,24.394257,54.436187,75,52.92,AED,0.129,76,73,,17:00,1,winter,partial,"outdoor,local_favourite,sunset,family_friendly","Built in stages between the fourteenth and eighteenth centuries, it repays a slow visit; the brass door on the rear terrace is easy to miss from the main path.",1,active,2026-08-18T10:00:00+05:30
poi_1b0e68c0,cty_1ced6ede,Abu Dhabi Street Food Lane,cat_34ac5ade,food,24.466735,54.456466,75,33.08,AED,0.729,90,58,,19:00,,winter,partial,"local_favourite,unesco,outdoor,guided_tour","The brass door is the reason most people come, but the north courtyard behind it is quieter and arguably better.",0,active,2026-08-18T10:00:00+05:30
poi_4c0e8968,cty_1ced6ede,Hot Air Balloon Field,cat_5c6b9b9e,adventure,24.410175,54.377215,120,33.08,AED,1.928,30,56,09:00,17:00,6,winter,partial,"guided_tour,unesco,photogenic,indoor","Restored in the 1990s with mixed results — the inner sanctum approach is authentic, the fresco panel is not.",0,active,2026-08-18T10:00:00+05:30
poi_6be08c1c,cty_1ced6ede,Antique Lane,cat_f2c80643,shopping,24.410826,54.377,240,4.41,AED,2.287,59,50,,19:00,,winter,step_free,"crowded,photogenic,sunrise,quiet","The fresco panel is the reason most people come, but the north courtyard behind it is quieter and arguably better.",0,active,2026-08-18T10:00:00+05:30
poi_ebbd9619,cty_1ced6ede,"Jazz Cellar, Abu Dhabi",cat_3ecd28b3,nightlife,24.462688,54.400752,240,15.44,AED,1.981,74,54,08:00,17:00,,winter,partial,"sunrise,photogenic,indoor,local_favourite","Locals treat it as a park as much as a monument, which is worth knowing before you arrive expecting silence.",0,active,2026-08-18T10:00:00+05:30
poi_a2c46b6b,cty_1ced6ede,Coffee Roastery Tour,cat_34ac5ade,food,24.449164,54.426361,45,33.08,AED,0.843,45,47,08:00,17:00,,,none,"sunrise,guided_tour,family_friendly,quiet","The inscription is the reason most people come, but the upper gallery behind it is quieter and arguably better.",0,active,2026-08-18T10:00:00+05:30
poi_7d1dd83c,cty_1ced6ede,Cycling Loop,cat_51e6a700,adventure,24.460285,54.451409,120,33.08,AED,2.662,69,77,10:00,18:00,0,,step_free,"guided_tour,unesco,photogenic,family_friendly",Busiest between ten and one. Come at opening or an hour before closing and it is a different place entirely.,0,active,2026-08-18T10:00:00+05:30
poi_0f836f1a,cty_1ced6ede,Abu Dhabi Bazaar,cat_70320c9b,shopping,24.485674,54.378584,45,33.08,AED,0.79,40,59,10:00,18:00,,winter,step_free,"unesco,quiet,guided_tour,family_friendly","Small enough to see in an hour, dense enough to reward two. Signage is uneven, so a guide helps.",0,active,2026-08-18T10:00:00+05:30
poi_2a99be47,cty_1ced6ede,Abu Dhabi Street Food Lane,cat_34ac5ade,food,24.515863,54.385697,90,15.44,AED,3.247,67,88,08:00,19:00,,winter,none,"quiet,crowded,ticketed,indoor","Small enough to see in an hour, dense enough to reward two. Signage is uneven, so a guide helps.",0,active,2026-08-18T10:00:00+05:30
poi_4fc9345d,cty_1ced6ede,North Beach,cat_db94a794,beach,24.516484,54.332044,240,52.92,AED,1.833,27,57,,18:00,0,winter,none,"guided_tour,unesco,crowded,photogenic","Restored in the 1990s with mixed results — the upper gallery is authentic, the brass door is not.",0,active,2026-08-18T10:00:00+05:30
poi_22ce875f,cty_1ced6ede,"Jazz Cellar, Abu Dhabi",cat_ae5149e1,nightlife,24.465391,54.366302,45,0.00,AED,0.199,27,41,,17:00,1,winter,partial,"sunrise,unesco,family_friendly,ticketed","Restored in the 1990s with mixed results — the inner sanctum approach is authentic, the brass door is not.",0,active,2026-08-18T10:00:00+05:30
poi_ea89965b,cty_1ced6ede,Quiet Bay,cat_db94a794,beach,24.391248,54.300349,60,8.82,AED,1.917,37,46,09:00,17:00,,winter,none,"sunset,indoor,photogenic,family_friendly","Small enough to see in an hour, dense enough to reward two. Signage is uneven, so a guide helps.",0,active,2026-08-18T10:00:00+05:30
poi_b76d6bf5,cty_6320eea9,Riverside Ghats,cat_7e99ea32,religious,25.326835,51.503908,90,32.78,QAR,0.85,24,70,08:00,17:00,0,winter,step_free,"photogenic,unesco,indoor,guided_tour","Small enough to see in an hour, dense enough to reward two. Signage is uneven, so a guide helps.",0,active,2026-08-18T10:00:00+05:30
poi_f5306b2a,cty_6320eea9,Watchtower Terrace,cat_8f5457b4,viewpoint,25.219653,51.603214,60,0.00,QAR,0.503,87,82,09:00,19:00,,winter,partial,"ticketed,outdoor,sunset,local_favourite","Built in stages between the fourteenth and eighteenth centuries, it repays a slow visit; the tile mosaic on the rear terrace is easy to miss from the main path.",0,active,2026-08-18T10:00:00+05:30
poi_c54e9c8a,cty_6320eea9,Cliff Walk,cat_87a6232b,nature,25.246135,51.475954,240,8.74,QAR,3.431,76,83,09:00,18:00,0,winter,step_free,"quiet,ticketed,outdoor,local_favourite",Busiest between ten and one. Come at opening or an hour before closing and it is a different place entirely.,1,active,2026-08-18T10:00:00+05:30
poi_47d68050,cty_6320eea9,Ridge Lookout,cat_5c6b9b9e,viewpoint,25.264858,51.537626,90,0.00,QAR,3.21,82,63,10:00,19:00,6,,none,"sunset,guided_tour,unesco,ticketed","Small enough to see in an hour, dense enough to reward two. Signage is uneven, so a guide helps.",0,active,2026-08-18T10:00:00+05:30
poi_f161b897,cty_6320eea9,Riverside Lounge,cat_3ecd28b3,nightlife,25.285612,51.583452,180,21.85,QAR,0.311,56,48,10:00,,,winter,partial,"sunrise,ticketed,family_friendly,photogenic",Busiest between ten and one. Come at opening or an hour before closing and it is a different place entirely.,0,active,2026-08-18T10:00:00+05:30
poi_53bf0d16,cty_6320eea9,Handloom Cooperative,cat_8c7f3fd2,shopping,25.275698,51.585442,120,21.85,QAR,2.794,69,78,09:00,21:00,0,,none,"ticketed,unesco,sunrise,local_favourite","Restored in the 1990s with mixed results — the inner sanctum approach is authentic, the fresco panel is not.",0,active,2026-08-18T10:00:00+05:30
poi_abe5a41e,cty_6320eea9,Cliff Walk,cat_fda74089,nature,25.289626,51.557381,75,0.00,QAR,2.252,65,66,10:00,17:00,0,winter,partial,"ticketed,unesco,photogenic,guided_tour","The lattice screen is the reason most people come, but the upper gallery behind it is quieter and arguably better.",0,active,2026-08-18T10:00:00+05:30
poi_ae2101df,cty_6320eea9,Hot Springs,cat_7073a53a,wellness,25.23994,51.508617,240,8.74,QAR,0.181,36,33,08:00,19:00,,winter,none,"crowded,local_favourite,unesco,indoor","Restored in the 1990s with mixed results — the riverside steps is authentic, the mirror work is not.",0,active,2026-08-18T10:00:00+05:30
poi_89bf902e,cty_6320eea9,Lighthouse Beach,cat_db94a794,beach,25.229463,51.465304,240,0.00,QAR,0.999,69,51,08:00,,0,winter,step_free,"crowded,sunset,indoor,ticketed","Locals treat it as a park as much as a monument, which is worth knowing before you arrive expecting silence.",0,active,2026-08-18T10:00:00+05:30
poi_8e3a62a3,cty_6320eea9,Doha Viewpoint,cat_ae5149e1,viewpoint,25.339453,51.536419,150,109.25,QAR,2.912,70,46,06:00,18:00,0,winter,none,"quiet,indoor,family_friendly,guided_tour","Built in stages between the fourteenth and eighteenth centuries, it repays a slow visit; the inscription on the inner sanctum approach is easy to miss from the main path.",0,active,2026-08-18T10:00:00+05:30
poi_6ecd8564,cty_6320eea9,Rooftop Live Music,cat_3ecd28b3,nightlife,25.288783,51.468825,45,15.30,QAR,0.971,76,74,10:00,21:00,,winter,step_free,"local_favourite,crowded,quiet,ticketed","Locals treat it as a park as much as a monument, which is worth knowing before you arrive expecting silence.",0,active,2026-08-18T10:00:00+05:30
poi_d9da6279,cty_6320eea9,Coffee Roastery Tour,cat_34ac5ade,food,25.242375,51.508099,120,21.85,QAR,0.65,48,84,,19:00,,winter,none,"sunrise,indoor,sunset,quiet","Small enough to see in an hour, dense enough to reward two. Signage is uneven, so a guide helps.",0,active,2026-08-18T10:00:00+05:30
poi_b7df1f45,cty_6320eea9,Yoga Shala,cat_829c3404,wellness,25.29161,51.491088,180,2.19,QAR,2.291,89,100,,,,winter,partial,"local_favourite,sunset,crowded,guided_tour","Small enough to see in an hour, dense enough to reward two. Signage is uneven, so a guide helps.",0,active,2026-08-18T10:00:00+05:30
poi_d108c40d,cty_6320eea9,Rock Garden,cat_8f5457b4,nature,25.326044,51.455369,90,0.00,QAR,2.59,49,64,09:00,21:00,,winter,step_free,"indoor,local_favourite,unesco,family_friendly","The mirror work is the reason most people come, but the colonnade behind it is quieter and arguably better.",0,active,2026-08-18T10:00:00+05:30
poi_2254e322,cty_6320eea9,Spice Market Walk,cat_34ac5ade,food,25.260381,51.549559,120,52.44,QAR,0.46,26,70,,19:00,,winter,partial,"quiet,crowded,unesco,sunset","Small enough to see in an hour, dense enough to reward two. Signage is uneven, so a guide helps.",0,active,2026-08-18T10:00:00+05:30
poi_d30698db,cty_905fd8a1,Museum of Coins,cat_a74a90c1,museum,1.408441,103.819543,45,12.08,SGD,3.363,44,51,06:00,18:00,,summer,partial,"quiet,photogenic,ticketed,outdoor","Built in stages between the fourteenth and eighteenth centuries, it repays a slow visit; the mirror work on the rear terrace is easy to miss from the main path.",0,active,2026-08-18T10:00:00+05:30
poi_38dfbd85,cty_905fd8a1,Watchtower Terrace,cat_a6c4c438,viewpoint,1.318529,103.798461,75,0.80,SGD,1.752,66,72,08:00,19:00,,summer,none,"outdoor,ticketed,local_favourite,unesco","Built in stages between the fourteenth and eighteenth centuries, it repays a slow visit; the step-well geometry on the inner sanctum approach is easy to miss from the main path.",0,active,2026-08-18T10:00:00+05:30
poi_995c7c81,cty_905fd8a1,Singapore Street Food Lane,cat_34ac5ade,food,1.408329,103.779094,90,8.05,SGD,2.563,100,86,08:00,21:00,,summer,step_free,"unesco,sunrise,sunset,quiet","Small enough to see in an hour, dense enough to reward two. Signage is uneven, so a guide helps.",0,active,2026-08-18T10:00:00+05:30
poi_80e3ffe4,cty_905fd8a1,Antique Lane,cat_8c7f3fd2,shopping,1.336497,103.751427,45,1.61,SGD,0.228,61,82,09:00,17:00,,,step_free,"ticketed,sunrise,unesco,family_friendly","Built in stages between the fourteenth and eighteenth centuries, it repays a slow visit; the inscription on the rear terrace is easy to miss from the main path.",0,active,2026-08-18T10:00:00+05:30
poi_354c91c9,cty_905fd8a1,Ridge Lookout,cat_a74a90c1,viewpoint,1.356364,103.748279,90,0.00,SGD,2.375,34,54,06:00,19:00,6,summer,none,"guided_tour,crowded,family_friendly,photogenic","Locals treat it as a park as much as a monument, which is worth knowing before you arrive expecting silence.",0,active,2026-08-18T10:00:00+05:30
poi_61b5cf0b,cty_905fd8a1,Riverside Lounge,cat_ae5149e1,nightlife,1.383558,103.848428,150,12.08,SGD,0.943,64,82,09:00,,,,step_free,"crowded,unesco,local_favourite,photogenic","Restored in the 1990s with mixed results — the rear terrace is authentic, the step-well geometry is not.",0,active,2026-08-18T10:00:00+05:30
poi_b110a36b,cty_905fd8a1,Yoga Shala,cat_7073a53a,wellness,1.325617,103.849363,240,19.32,SGD,3.423,54,54,,17:00,0,summer,partial,"sunrise,unesco,ticketed,photogenic","Restored in the 1990s with mixed results — the upper gallery is authentic, the brass door is not.",0,active,2026-08-18T10:00:00+05:30
poi_facb346b,cty_905fd8a1,Singapore Viewpoint,cat_b591c643,viewpoint,1.31841,103.832692,45,1.61,SGD,3.158,61,44,09:00,,,summer,step_free,"ticketed,local_favourite,crowded,photogenic","Small enough to see in an hour, dense enough to reward two. Signage is uneven, so a guide helps.",0,active,2026-08-18T10:00:00+05:30
poi_f31cfd33,cty_905fd8a1,Butterfly Reserve,cat_200acca0,wildlife,1.403784,103.874698,60,0.80,SGD,2.32,70,38,09:00,18:00,,summer,none,"ticketed,sunset,photogenic,outdoor","Built in stages between the fourteenth and eighteenth centuries, it repays a slow visit; the mirror work on the riverside steps is easy to miss from the main path.",0,active,2026-08-18T10:00:00+05:30
poi_18500e1c,cty_905fd8a1,Riverside Lounge,cat_3ecd28b3,nightlife,1.333763,103.862036,60,0.00,SGD,0.977,32,91,08:00,21:00,,summer,step_free,"sunset,photogenic,outdoor,family_friendly","Restored in the 1990s with mixed results — the riverside steps is authentic, the fresco panel is not.",0,active,2026-08-18T10:00:00+05:30
poi_055ec68f,cty_905fd8a1,Rooftop Live Music,cat_3ecd28b3,nightlife,1.40618,103.761442,240,40.25,SGD,0.565,100,88,09:00,,,summer,partial,"outdoor,photogenic,ticketed,sunset","Locals treat it as a park as much as a monument, which is worth knowing before you arrive expecting silence.",0,active,2026-08-18T10:00:00+05:30
poi_ac095ceb,cty_905fd8a1,Butterfly Reserve,cat_db384ce5,wildlife,1.313003,103.780019,60,0.00,SGD,1.256,78,75,06:00,17:00,,summer,partial,"quiet,photogenic,outdoor,ticketed","Locals treat it as a park as much as a monument, which is worth knowing before you arrive expecting silence.",0,active,2026-08-18T10:00:00+05:30
poi_a460f77a,cty_905fd8a1,Blue Pottery Workshop,cat_8c7f3fd2,shopping,1.33839,103.865821,180,0.00,SGD,1.049,63,65,09:00,18:00,,summer,partial,"family_friendly,guided_tour,photogenic,crowded","The mirror work is the reason most people come, but the inner sanctum approach behind it is quieter and arguably better.",0,active,2026-08-18T10:00:00+05:30
poi_c8753eab,cty_905fd8a1,Crocodile Park,cat_200acca0,wildlife,1.299902,103.88061,90,0.00,SGD,1.173,30,79,08:00,18:00,6,,step_free,"family_friendly,sunset,ticketed,outdoor","Built in stages between the fourteenth and eighteenth centuries, it repays a slow visit; the carved lintel on the inner sanctum approach is easy to miss from the main path.",0,active,2026-08-18T10:00:00+05:30
poi_ab7dc80e,cty_905fd8a1,Maritime Museum,cat_a74a90c1,museum,1.409126,103.885454,45,1.61,SGD,0.635,33,74,06:00,21:00,1,summer,step_free,"ticketed,unesco,sunset,outdoor","Restored in the 1990s with mixed results — the riverside steps is authentic, the carved lintel is not.",0,active,2026-08-18T10:00:00+05:30
poi_33fc148a,cty_a5f16904,Bangkok Bird Sanctuary,cat_db384ce5,wildlife,13.824412,100.522599,180,0.00,THB,1.849,70,70,10:00,19:00,,winter,step_free,"local_favourite,unesco,indoor,family_friendly","Built in stages between the fourteenth and eighteenth centuries, it repays a slow visit; the tile mosaic on the colonnade is easy to miss from the main path.",0,active,2026-08-18T10:00:00+05:30
poi_21a012fe,cty_a5f16904,"Gallery of Modern Art, Bangkok",cat_a6c4c438,museum,13.729358,100.516322,75,0.00,THB,1.195,39,76,09:00,17:00,6,winter,none,"sunset,sunrise,crowded,ticketed","The mirror work is the reason most people come, but the upper gallery behind it is quieter and arguably better.",0,active,2026-08-18T10:00:00+05:30
poi_64085486,cty_a5f16904,Hot Springs,cat_7073a53a,wellness,13.761161,100.57047,150,0.00,THB,2.669,89,53,08:00,,,,step_free,"outdoor,guided_tour,indoor,crowded","Built in stages between the fourteenth and eighteenth centuries, it repays a slow visit; the step-well geometry on the rear terrace is easy to miss from the main path.",0,active,2026-08-18T10:00:00+05:30
poi_d0d48d2e,cty_a5f16904,Rock Garden,cat_e8ba72de,nature,13.70875,100.43576,90,84.20,THB,0.844,64,49,10:00,21:00,,,none,"local_favourite,quiet,crowded,guided_tour","Small enough to see in an hour, dense enough to reward two. Signage is uneven, so a guide helps.",0,active,2026-08-18T10:00:00+05:30
poi_90b70970,cty_a5f16904,Watchtower Terrace,cat_648738e2,viewpoint,13.748523,100.5415,150,0.00,THB,2.983,38,79,10:00,21:00,,winter,partial,"ticketed,quiet,family_friendly,sunset","Small enough to see in an hour, dense enough to reward two. Signage is uneven, so a guide helps.",0,active,2026-08-18T10:00:00+05:30
poi_c9bd1fcd,cty_a5f16904,Rock Garden,cat_8f5457b4,nature,13.810187,100.520207,75,1052.50,THB,2.027,32,80,06:00,21:00,,winter,step_free,"local_favourite,outdoor,photogenic,sunrise","Built in stages between the fourteenth and eighteenth centuries, it repays a slow visit; the fresco panel on the riverside steps is easy to miss from the main path.",0,active,2026-08-18T10:00:00+05:30
poi_adef3914,cty_a5f16904,Bangkok City Museum,cat_648738e2,museum,13.708857,100.449055,180,0.00,THB,1.066,76,48,08:00,19:00,,winter,none,"crowded,unesco,photogenic,guided_tour","Small enough to see in an hour, dense enough to reward two. Signage is uneven, so a guide helps.",0,active,2026-08-18T10:00:00+05:30
poi_c3cf2431,cty_a5f16904,Royal Cenotaphs,cat_c03ee00a,heritage,13.734752,100.514881,90,1052.50,THB,3.377,77,48,08:00,19:00,,winter,step_free,"local_favourite,sunset,indoor,guided_tour","The lattice screen is the reason most people come, but the rear terrace behind it is quieter and arguably better.",0,active,2026-08-18T10:00:00+05:30
poi_2100d6d3,cty_a5f16904,Water Palace,cat_fce0bd94,heritage,13.774678,100.487466,75,21.05,THB,2.918,30,79,09:00,19:00,0,,none,"sunset,guided_tour,family_friendly,outdoor",Busiest between ten and one. Come at opening or an hour before closing and it is a different place entirely.,0,active,2026-08-18T10:00:00+05:30
poi_c5ec38ec,cty_a5f16904,"Gallery of Modern Art, Bangkok",cat_648738e2,museum,13.775916,100.521357,75,0.00,THB,0.599,53,62,,17:00,,winter,partial,"guided_tour,quiet,ticketed,outdoor","Locals treat it as a park as much as a monument, which is worth knowing before you arrive expecting silence.",0,active,2026-08-18T10:00:00+05:30
poi_9a25581d,cty_a5f16904,Bangkok Bird Sanctuary,cat_200acca0,wildlife,13.802667,100.55257,120,315.75,THB,0.832,57,49,06:00,21:00,,winter,none,"guided_tour,sunrise,unesco,local_favourite","Small enough to see in an hour, dense enough to reward two. Signage is uneven, so a guide helps.",0,active,2026-08-18T10:00:00+05:30
poi_fb892134,cty_a5f16904,Cycling Loop,cat_51e6a700,adventure,13.707839,100.541117,60,0.00,THB,2.451,43,60,09:00,19:00,1,,partial,"family_friendly,local_favourite,ticketed,guided_tour",Busiest between ten and one. Come at opening or an hour before closing and it is a different place entirely.,1,active,2026-08-18T10:00:00+05:30
poi_91f66035,cty_a5f16904,Hot Springs,cat_829c3404,wellness,13.827469,100.475614,45,0.00,THB,2.281,79,38,09:00,21:00,0,winter,step_free,"outdoor,sunrise,sunset,quiet",Busiest between ten and one. Come at opening or an hour before closing and it is a different place entirely.,0,active,2026-08-18T10:00:00+05:30
poi_aeffb89e,cty_a5f16904,Ayurveda Centre,cat_7073a53a,wellness,13.778437,100.557573,120,0.00,THB,0.847,47,95,09:00,21:00,,winter,step_free,"ticketed,family_friendly,indoor,outdoor","Small enough to see in an hour, dense enough to reward two. Signage is uneven, so a guide helps.",0,active,2026-08-18T10:00:00+05:30
poi_670d2abe,cty_a5f16904,Ayurveda Centre,cat_7073a53a,wellness,13.759025,100.464999,45,1052.50,THB,2.335,55,67,,17:00,,winter,partial,"sunset,ticketed,photogenic,crowded","Restored in the 1990s with mixed results — the colonnade is authentic, the fresco panel is not.",0,active,2026-08-18T10:00:00+05:30
poi_23cb8612,cty_c9f34ba7,Fishermen's Cove,cat_db94a794,beach,3.155098,101.655648,75,0.00,MYR,3.496,45,86,09:00,17:00,1,,step_free,"sunset,outdoor,guided_tour,unesco","Restored in the 1990s with mixed results — the colonnade is authentic, the mirror work is not.",0,active,2026-08-18T10:00:00+05:30
poi_042b48b8,cty_c9f34ba7,Zipline Point,cat_5c6b9b9e,adventure,3.168093,101.666232,75,0.00,MYR,0.442,4,67,,21:00,1,summer,partial,"indoor,crowded,ticketed,unesco","The lattice screen is the reason most people come, but the upper gallery behind it is quieter and arguably better.",0,active,2026-08-18T10:00:00+05:30
poi_ee320088,cty_c9f34ba7,Cycling Loop,cat_12271927,adventure,3.148094,101.729661,120,2.69,MYR,0.433,41,47,06:00,,0,summer,step_free,"outdoor,family_friendly,unesco,sunrise","Restored in the 1990s with mixed results — the colonnade is authentic, the brass door is not.",0,active,2026-08-18T10:00:00+05:30
poi_b68d9ac4,cty_c9f34ba7,North Beach,cat_db94a794,beach,3.184798,101.626461,180,18.79,MYR,1.726,65,74,08:00,18:00,,,partial,"ticketed,sunset,indoor,guided_tour","The tile mosaic is the reason most people come, but the upper gallery behind it is quieter and arguably better.",0,active,2026-08-18T10:00:00+05:30
poi_a0cb84df,cty_c9f34ba7,Watchtower Terrace,cat_a6c4c438,viewpoint,3.173227,101.745901,240,0.00,MYR,0.188,54,70,08:00,17:00,0,summer,none,"indoor,quiet,guided_tour,family_friendly","Built in stages between the fourteenth and eighteenth centuries, it repays a slow visit; the step-well geometry on the colonnade is easy to miss from the main path.",0,active,2026-08-18T10:00:00+05:30
poi_277d6ca8,cty_c9f34ba7,Kuala Lumpur Bazaar,cat_70320c9b,shopping,3.074718,101.713638,75,0.00,MYR,2.538,49,67,09:00,19:00,,summer,partial,"indoor,ticketed,unesco,sunset","Small enough to see in an hour, dense enough to reward two. Signage is uneven, so a guide helps.",0,active,2026-08-18T10:00:00+05:30
poi_ac776f7b,cty_c9f34ba7,Cycling Loop,cat_51e6a700,adventure,3.119343,101.631797,60,26.85,MYR,0.916,67,53,08:00,18:00,,summer,partial,"quiet,crowded,local_favourite,outdoor","Small enough to see in an hour, dense enough to reward two. Signage is uneven, so a guide helps.",0,active,2026-08-18T10:00:00+05:30
poi_448dd95a,cty_c9f34ba7,Hot Air Balloon Field,cat_51e6a700,adventure,3.158058,101.677176,180,40.28,MYR,0.919,83,65,09:00,17:00,,summer,none,"quiet,indoor,ticketed,sunrise","Locals treat it as a park as much as a monument, which is worth knowing before you arrive expecting silence.",0,active,2026-08-18T10:00:00+05:30
poi_baaea645,cty_c9f34ba7,Great Mosque of Kuala Lumpur,cat_7e99ea32,religious,3.177738,101.620681,120,18.79,MYR,2.984,62,37,06:00,18:00,,summer,step_free,"unesco,family_friendly,photogenic,outdoor","Built in stages between the fourteenth and eighteenth centuries, it repays a slow visit; the step-well geometry on the colonnade is easy to miss from the main path.",0,active,2026-08-18T10:00:00+05:30
poi_47a367e4,cty_c9f34ba7,Maritime Museum,cat_648738e2,museum,3.198221,101.667549,75,2.69,MYR,1.553,42,53,08:00,21:00,1,summer,partial,"indoor,quiet,photogenic,sunrise","The tile mosaic is the reason most people come, but the north courtyard behind it is quieter and arguably better.",0,active,2026-08-18T10:00:00+05:30
poi_391f3e77,cty_c9f34ba7,Watchtower Terrace,cat_f2c80643,viewpoint,3.199635,101.744808,120,134.25,MYR,3.131,69,68,10:00,17:00,,summer,none,"family_friendly,photogenic,outdoor,indoor","Built in stages between the fourteenth and eighteenth centuries, it repays a slow visit; the step-well geometry on the riverside steps is easy to miss from the main path.",0,active,2026-08-18T10:00:00+05:30
poi_dd011b96,cty_c9f34ba7,Spice Market Walk,cat_a01f3db5,food,3.169515,101.698597,120,64.44,MYR,1.353,31,43,06:00,,0,summer,none,"quiet,ticketed,outdoor,crowded","The inscription is the reason most people come, but the riverside steps behind it is quieter and arguably better.",0,active,2026-08-18T10:00:00+05:30
poi_566ecbdf,cty_c9f34ba7,Ridge Lookout,cat_63e0475b,viewpoint,3.157129,101.649202,60,26.85,MYR,2.331,64,63,10:00,18:00,,summer,none,"guided_tour,photogenic,unesco,quiet","Built in stages between the fourteenth and eighteenth centuries, it repays a slow visit; the inscription on the north courtyard is easy to miss from the main path.",0,active,2026-08-18T10:00:00+05:30
poi_8740f93b,cty_c9f34ba7,Jain Temple Complex,cat_63e0475b,religious,3.08582,101.687346,150,10.74,MYR,2.933,27,69,08:00,17:00,,summer,partial,"outdoor,indoor,sunrise,ticketed","Built in stages between the fourteenth and eighteenth centuries, it repays a slow visit; the tile mosaic on the colonnade is easy to miss from the main path.",0,active,2026-08-18T10:00:00+05:30
poi_9d150a02,cty_c9f34ba7,Kuala Lumpur Bird Sanctuary,cat_db384ce5,wildlife,3.072813,101.637067,75,40.28,MYR,1.244,22,98,,17:00,,summer,step_free,"indoor,sunset,guided_tour,local_favourite","The inscription is the reason most people come, but the riverside steps behind it is quieter and arguably better.",0,active,2026-08-18T10:00:00+05:30
poi_29af0a10,cty_36afaa5c,Coffee Roastery Tour,cat_b591c643,food,-8.413322,115.197265,120,39000.00,IDR,0.172,63,37,08:00,19:00,,summer,partial,"photogenic,quiet,sunset,sunrise","The brass door is the reason most people come, but the colonnade behind it is quieter and arguably better.",0,active,2026-08-18T10:00:00+05:30
poi_45d40c26,cty_36afaa5c,Bali City Museum,cat_a6c4c438,museum,-8.395538,115.152388,120,19500.00,IDR,2.539,100,72,08:00,19:00,,summer,step_free,"outdoor,guided_tour,indoor,ticketed","The step-well geometry is the reason most people come, but the rear terrace behind it is quieter and arguably better.",0,active,2026-08-18T10:00:00+05:30
poi_67992007,cty_36afaa5c,Ayurveda Centre,cat_7073a53a,wellness,-8.414902,115.206254,60,487500.00,IDR,2.792,32,76,08:00,18:00,,summer,none,"quiet,crowded,local_favourite,family_friendly",Busiest between ten and one. Come at opening or an hour before closing and it is a different place entirely.,0,active,2026-08-18T10:00:00+05:30
poi_19b1930f,cty_36afaa5c,Bali Viewpoint,cat_fda74089,viewpoint,-8.480562,115.222229,150,146250.00,IDR,2.438,65,53,09:00,19:00,,summer,partial,"unesco,quiet,indoor,sunset","The mirror work is the reason most people come, but the riverside steps behind it is quieter and arguably better.",0,active,2026-08-18T10:00:00+05:30
poi_edbbfa7c,cty_36afaa5c,Water Palace,cat_c03ee00a,heritage,-8.403107,115.153704,240,0.00,IDR,1.833,51,43,06:00,,,summer,partial,"sunrise,unesco,local_favourite,photogenic","The brass door is the reason most people come, but the inner sanctum approach behind it is quieter and arguably better.",0,active,2026-08-18T10:00:00+05:30
poi_4083e010,cty_36afaa5c,Fishermen's Cove,cat_db94a794,beach,-8.405763,115.161741,75,68250.00,IDR,2.175,29,81,06:00,18:00,,summer,partial,"indoor,local_favourite,outdoor,photogenic","Restored in the 1990s with mixed results — the riverside steps is authentic, the tile mosaic is not.",0,active,2026-08-18T10:00:00+05:30
poi_7fd38d45,cty_36afaa5c,Night Food Bazaar,cat_a01f3db5,food,-8.352394,115.179949,120,487500.00,IDR,0.598,43,47,08:00,,,summer,none,"sunset,ticketed,family_friendly,photogenic","The carved lintel is the reason most people come, but the riverside steps behind it is quieter and arguably better.",0,active,2026-08-18T10:00:00+05:30
poi_adab11df,cty_36afaa5c,Bali Stepwell,cat_fce0bd94,heritage,-8.409139,115.161858,120,0.00,IDR,2.459,35,77,08:00,19:00,,summer,none,"local_favourite,quiet,unesco,sunset","Locals treat it as a park as much as a monument, which is worth knowing before you arrive expecting silence.",0,active,2026-08-18T10:00:00+05:30
poi_f9130509,cty_36afaa5c,Bali Bazaar,cat_f2c80643,shopping,-8.43544,115.237812,75,146250.00,IDR,0.666,54,87,08:00,17:00,,summer,none,"ticketed,sunset,sunrise,family_friendly","Locals treat it as a park as much as a monument, which is worth knowing before you arrive expecting silence.",0,active,2026-08-18T10:00:00+05:30
poi_c82b2d5e,cty_36afaa5c,Textile Museum,cat_a74a90c1,museum,-8.393475,115.211297,240,39000.00,IDR,0.935,56,90,08:00,18:00,,,partial,"photogenic,guided_tour,sunrise,crowded","Locals treat it as a park as much as a monument, which is worth knowing before you arrive expecting silence.",0,active,2026-08-18T10:00:00+05:30
poi_6f8881e5,cty_36afaa5c,Watchtower Terrace,cat_5c6b9b9e,viewpoint,-8.463619,115.155884,240,0.00,IDR,0.986,60,41,08:00,18:00,,summer,partial,"indoor,crowded,quiet,unesco",Busiest between ten and one. Come at opening or an hour before closing and it is a different place entirely.,0,active,2026-08-18T10:00:00+05:30
poi_8bbc9fa1,cty_36afaa5c,Blue Pottery Workshop,cat_70320c9b,shopping,-8.379487,115.211347,45,68250.00,IDR,0.326,42,63,06:00,19:00,,,none,"ticketed,quiet,family_friendly,sunset",Busiest between ten and one. Come at opening or an hour before closing and it is a different place entirely.,0,active,2026-08-18T10:00:00+05:30
poi_47522fff,cty_36afaa5c,Blue Pottery Workshop,cat_f2c80643,shopping,-8.386607,115.253135,75,0.00,IDR,2.66,82,58,,,,,partial,"unesco,ticketed,quiet,sunset","Built in stages between the fourteenth and eighteenth centuries, it repays a slow visit; the lattice screen on the colonnade is easy to miss from the main path.",0,active,2026-08-18T10:00:00+05:30
poi_13d980c4,cty_36afaa5c,Lighthouse Beach,cat_db94a794,beach,-8.416509,115.252699,75,0.00,IDR,0.219,30,50,08:00,17:00,,summer,partial,"quiet,guided_tour,sunrise,ticketed","Locals treat it as a park as much as a monument, which is worth knowing before you arrive expecting silence.",0,active,2026-08-18T10:00:00+05:30
poi_4f98940c,cty_36afaa5c,Zipline Point,cat_51e6a700,adventure,-8.390721,115.250246,75,0.00,IDR,2.809,34,28,08:00,17:00,,,step_free,"crowded,family_friendly,outdoor,quiet","Restored in the 1990s with mixed results — the inner sanctum approach is authentic, the tile mosaic is not.",0,active,2026-08-18T10:00:00+05:30
poi_25297fae,cty_51a149b7,Rock Garden,cat_dbd7c6e8,nature,34.962146,135.781407,45,4550.00,JPY,1.906,58,67,09:00,21:00,,spring,none,"outdoor,unesco,guided_tour,quiet","Built in stages between the fourteenth and eighteenth centuries, it repays a slow visit; the mirror work on the north courtyard is easy to miss from the main path.",0,active,2026-08-18T10:00:00+05:30
poi_b6e36b7d,cty_51a149b7,Watchtower Terrace,cat_e8ba72de,viewpoint,35.031604,135.723082,75,4550.00,JPY,3.077,10,38,10:00,21:00,,,step_free,"guided_tour,family_friendly,sunrise,quiet","Built in stages between the fourteenth and eighteenth centuries, it repays a slow visit; the carved lintel on the rear terrace is easy to miss from the main path.",0,active,2026-08-18T10:00:00+05:30
poi_7dbcbc93,cty_51a149b7,Cliff Walk,cat_dbd7c6e8,nature,34.9766,135.681169,60,91.00,JPY,3.26,76,74,09:00,,,,none,"crowded,ticketed,photogenic,quiet","The tile mosaic is the reason most people come, but the riverside steps behind it is quieter and arguably better.",0,active,2026-08-18T10:00:00+05:30
poi_7222df37,cty_51a149b7,Riverside Lounge,cat_3ecd28b3,nightlife,35.069939,135.708446,150,2184.00,JPY,1.225,67,67,09:00,17:00,,spring,none,"family_friendly,photogenic,crowded,guided_tour","Small enough to see in an hour, dense enough to reward two. Signage is uneven, so a guide helps.",0,active,2026-08-18T10:00:00+05:30
poi_7b3b06ba,cty_51a149b7,Jain Temple Complex,cat_7e99ea32,religious,34.979566,135.843913,180,0.00,JPY,2.096,33,53,09:00,,,spring,partial,"ticketed,local_favourite,quiet,sunrise","Restored in the 1990s with mixed results — the north courtyard is authentic, the carved lintel is not.",0,active,2026-08-18T10:00:00+05:30
poi_5f0425b4,cty_51a149b7,Kyoto Bazaar,cat_8c7f3fd2,shopping,35.050479,135.766346,75,637.00,JPY,2.499,29,39,06:00,,,spring,partial,"indoor,family_friendly,sunset,guided_tour",Busiest between ten and one. Come at opening or an hour before closing and it is a different place entirely.,0,active,2026-08-18T10:00:00+05:30
poi_1fcbd044,cty_51a149b7,"Old Palace, Kyoto",cat_54243992,heritage,35.013343,135.685805,45,1365.00,JPY,0.334,78,65,10:00,,,spring,partial,"sunrise,ticketed,indoor,outdoor","Restored in the 1990s with mixed results — the north courtyard is authentic, the fresco panel is not.",0,active,2026-08-18T10:00:00+05:30
poi_d2db3dab,cty_51a149b7,Blue Pottery Workshop,cat_70320c9b,shopping,35.055405,135.820064,240,1365.00,JPY,0.582,62,82,09:00,19:00,6,spring,partial,"crowded,outdoor,unesco,sunrise",Busiest between ten and one. Come at opening or an hour before closing and it is a different place entirely.,0,active,2026-08-18T10:00:00+05:30
poi_d1c73e68,cty_51a149b7,Museum of Coins,cat_a74a90c1,museum,34.995102,135.774004,240,2184.00,JPY,1.551,52,65,06:00,21:00,6,spring,step_free,"sunset,indoor,unesco,sunrise",Busiest between ten and one. Come at opening or an hour before closing and it is a different place entirely.,0,active,2026-08-18T10:00:00+05:30
poi_1fcba288,cty_51a149b7,Crocodile Park,cat_200acca0,wildlife,35.039936,135.680891,240,0.00,JPY,3.274,76,15,10:00,18:00,,,step_free,"family_friendly,sunrise,crowded,outdoor","Built in stages between the fourteenth and eighteenth centuries, it repays a slow visit; the tile mosaic on the north courtyard is easy to miss from the main path.",0,active,2026-08-18T10:00:00+05:30
poi_18c77529,cty_51a149b7,Botanical Gardens,cat_dbd7c6e8,nature,35.075549,135.742067,180,364.00,JPY,0.213,60,47,08:00,21:00,6,spring,partial,"outdoor,quiet,unesco,sunset",Busiest between ten and one. Come at opening or an hour before closing and it is a different place entirely.,0,active,2026-08-18T10:00:00+05:30
poi_4814eeb4,cty_51a149b7,Maritime Museum,cat_648738e2,museum,35.062175,135.759897,120,0.00,JPY,0.925,22,45,06:00,,,spring,step_free,"sunset,sunrise,photogenic,crowded","Built in stages between the fourteenth and eighteenth centuries, it repays a slow visit; the mirror work on the riverside steps is easy to miss from the main path.",0,active,2026-08-18T10:00:00+05:30
poi_1b12b60f,cty_51a149b7,Elephant Camp,cat_200acca0,wildlife,34.947781,135.724569,90,1365.00,JPY,1.692,71,85,08:00,18:00,,,partial,"crowded,sunrise,unesco,photogenic","Locals treat it as a park as much as a monument, which is worth knowing before you arrive expecting silence.",0,active,2026-08-18T10:00:00+05:30
poi_9ebb50cc,cty_51a149b7,Jain Temple Complex,cat_63e0475b,religious,35.014935,135.725568,150,637.00,JPY,2.548,40,31,10:00,18:00,,,step_free,"ticketed,outdoor,quiet,indoor","Small enough to see in an hour, dense enough to reward two. Signage is uneven, so a guide helps.",0,active,2026-08-18T10:00:00+05:30
poi_e8cfe658,cty_51a149b7,Kyoto Temple,cat_7e99ea32,religious,34.94323,135.792459,150,0.00,JPY,1.933,59,73,09:00,17:00,6,spring,none,"ticketed,sunrise,photogenic,outdoor","The carved lintel is the reason most people come, but the inner sanctum approach behind it is quieter and arguably better.",0,active,2026-08-18T10:00:00+05:30
poi_36344a67,cty_0b7f5985,Night Food Bazaar,cat_a01f3db5,food,47.423131,8.482646,120,26.25,CHF,3.492,35,32,06:00,21:00,,summer,none,"sunrise,local_favourite,outdoor,family_friendly","Small enough to see in an hour, dense enough to reward two. Signage is uneven, so a guide helps.",0,active,2026-08-18T10:00:00+05:30
poi_a2683340,cty_0b7f5985,Cliff Walk,cat_8f5457b4,nature,47.398805,8.585379,45,2.10,CHF,3.086,32,63,08:00,21:00,,summer,step_free,"crowded,indoor,guided_tour,ticketed","The brass door is the reason most people come, but the inner sanctum approach behind it is quieter and arguably better.",0,active,2026-08-18T10:00:00+05:30
poi_0d0097d8,cty_0b7f5985,Cycling Loop,cat_5c6b9b9e,adventure,47.44367,8.601561,150,0.53,CHF,0.324,57,46,,18:00,,summer,step_free,"sunrise,photogenic,outdoor,crowded",Busiest between ten and one. Come at opening or an hour before closing and it is a different place entirely.,0,active,2026-08-18T10:00:00+05:30
poi_91b95b2c,cty_0b7f5985,Zipline Point,cat_0bdaba79,adventure,47.364422,8.544534,45,0.00,CHF,2.655,62,56,10:00,17:00,,summer,partial,"ticketed,sunset,outdoor,local_favourite",Busiest between ten and one. Come at opening or an hour before closing and it is a different place entirely.,0,active,2026-08-18T10:00:00+05:30
poi_7858bc94,cty_0b7f5985,Riverside Lounge,cat_ae5149e1,nightlife,47.311754,8.499795,45,0.00,CHF,0.585,62,67,,19:00,6,summer,none,"sunrise,unesco,quiet,guided_tour","Restored in the 1990s with mixed results — the rear terrace is authentic, the carved lintel is not.",0,active,2026-08-18T10:00:00+05:30
poi_0f290346,cty_0b7f5985,Zurich City Museum,cat_a74a90c1,museum,47.354136,8.509505,90,0.00,CHF,0.267,64,65,,19:00,,,none,"outdoor,sunset,crowded,unesco","Restored in the 1990s with mixed results — the north courtyard is authentic, the fresco panel is not.",0,active,2026-08-18T10:00:00+05:30
poi_6a47f431,cty_0b7f5985,Riverside Lounge,cat_ae5149e1,nightlife,47.320211,8.595096,180,0.00,CHF,0.173,40,58,08:00,,,summer,step_free,"crowded,sunset,family_friendly,guided_tour","Built in stages between the fourteenth and eighteenth centuries, it repays a slow visit; the inscription on the north courtyard is easy to miss from the main path.",0,active,2026-08-18T10:00:00+05:30
poi_2de73961,cty_0b7f5985,Museum of Coins,cat_648738e2,museum,47.315744,8.437262,75,0.00,CHF,2.142,79,70,08:00,19:00,1,summer,step_free,"guided_tour,family_friendly,local_favourite,ticketed",Busiest between ten and one. Come at opening or an hour before closing and it is a different place entirely.,0,active,2026-08-18T10:00:00+05:30
poi_e42ee142,cty_0b7f5985,Rock Garden,cat_e8ba72de,nature,47.331431,8.438616,150,0.00,CHF,0.271,86,53,06:00,21:00,6,summer,none,"unesco,guided_tour,quiet,sunset","Built in stages between the fourteenth and eighteenth centuries, it repays a slow visit; the step-well geometry on the inner sanctum approach is easy to miss from the main path.",0,active,2026-08-18T10:00:00+05:30
poi_691b9d78,cty_0b7f5985,Kayaking at Zurich,cat_0bdaba79,adventure,47.325743,8.605164,120,0.00,CHF,0.89,45,32,,19:00,,summer,step_free,"ticketed,family_friendly,local_favourite,sunset",Busiest between ten and one. Come at opening or an hour before closing and it is a different place entirely.,0,active,2026-08-18T10:00:00+05:30
poi_84400ff6,cty_0b7f5985,Hot Springs,cat_7073a53a,wellness,47.410333,8.563611,60,0.53,CHF,0.686,64,79,08:00,17:00,,summer,partial,"outdoor,quiet,guided_tour,photogenic","Small enough to see in an hour, dense enough to reward two. Signage is uneven, so a guide helps.",0,active,2026-08-18T10:00:00+05:30
poi_4af84782,cty_0b7f5985,Paragliding Launch,cat_51e6a700,adventure,47.32652,8.496371,180,3.68,CHF,3.075,45,39,10:00,21:00,1,summer,step_free,"sunrise,outdoor,guided_tour,sunset","Restored in the 1990s with mixed results — the riverside steps is authentic, the fresco panel is not.",0,active,2026-08-18T10:00:00+05:30
poi_44b0ea0b,cty_0b7f5985,Zurich Stepwell,cat_54243992,heritage,47.410529,8.632009,120,0.00,CHF,2.942,53,67,08:00,17:00,,summer,partial,"unesco,photogenic,indoor,outdoor","Small enough to see in an hour, dense enough to reward two. Signage is uneven, so a guide helps.",0,active,2026-08-18T10:00:00+05:30
poi_2751dae9,cty_0b7f5985,Puppet Museum,cat_648738e2,museum,47.424395,8.522026,45,0.00,CHF,3.393,66,69,09:00,18:00,0,,step_free,"photogenic,local_favourite,sunset,indoor","Restored in the 1990s with mixed results — the colonnade is authentic, the mirror work is not.",0,active,2026-08-18T10:00:00+05:30
poi_1351648f,cty_0b7f5985,Maritime Museum,cat_a6c4c438,museum,47.427013,8.57018,75,0.00,CHF,0.845,68,69,09:00,21:00,,summer,step_free,"sunrise,indoor,family_friendly,photogenic",Busiest between ten and one. Come at opening or an hour before closing and it is a different place entirely.,0,active,2026-08-18T10:00:00+05:30
