chunk_id,city_id,poi_id,section,title,body,language,token_estimate,source_label,embedding_ref,seasonal_relevance,updated_at
kbc_7337d4e6,cty_c07454f1,,history,Jaipur — History,"Jaipur grew up around a fortified hill, and the shape of the old town still follows it. The early modern period brought the walls and the gate names that survive on street signs today; the twentieth century brought the railway, which moved the commercial centre about two kilometres from where it had sat for four hundred years. Visitors who only see the modern centre often miss that the older quarter is walkable in an afternoon and considerably more interesting.",en-IN,102,KV Place Guide / Jaipur / history,emb_place_7337d4e6,,2026-08-18T10:00:00+05:30
kbc_6c639764,cty_c07454f1,,culture,Jaipur — Culture,"Daily rhythm in Jaipur is worth understanding before you plan a day. Mornings start early — markets are busiest before nine — and the middle of the day slows noticeably, particularly in winter. Evenings are social: the a river crossing fills up after seven and stays busy until quite late. Music and performance are common in public spaces during festival months rather than year-round.",en-IN,83,KV Place Guide / Jaipur / culture,emb_place_6c639764,,2026-08-18T10:00:00+05:30
kbc_623449e3,cty_c07454f1,,etiquette,Jaipur — Etiquette,"A few things save awkwardness in Jaipur. Remove footwear at religious sites, and carry socks if the stone is hot. Photography of people, especially at prayer, is best asked about first; a gesture toward the camera is usually enough. Bargaining is expected in the bazaars and not in shops with printed prices. Tipping is modest but appreciated — rounding up is normal, twenty per cent is not.",en-IN,87,KV Place Guide / Jaipur / etiquette,emb_place_623449e3,,2026-08-18T10:00:00+05:30
kbc_d40b10fb,cty_c07454f1,,food,Jaipur — Food,"The local kitchen in Jaipur is built around millet and chilli, and it is worth eating where the turnover is high rather than where the menu is longest. Vegetarian food is easy to find; strict Jain preparation is available at a smaller number of places and usually needs asking for. Street food is safest mid-morning and early evening when it is freshly made. Tap water is not recommended; sealed bottles and filtered refills are widely available.",en-IN,98,KV Place Guide / Jaipur / food,emb_place_d40b10fb,,2026-08-18T10:00:00+05:30
kbc_e51e13b9,cty_c07454f1,,transport,Jaipur — Transport,"Getting around Jaipur is straightforward if you pick the right mode for the distance. Auto-rickshaws work well under three kilometres and should be metered or agreed in advance. App-based cabs are reliable in the newer parts of the city and less so in the old lanes, where drivers will often ask you to walk the last stretch. Cycling is pleasant early; less so after nine.",en-IN,84,KV Place Guide / Jaipur / transport,emb_place_e51e13b9,,2026-08-18T10:00:00+05:30
kbc_bf82c5d5,cty_c07454f1,,safety,Jaipur — Safety,"Jaipur is generally comfortable for travellers, with the usual caveats. Crowded market areas attract pickpocketing, so keep bags in front. Lone travellers report fewer problems in the central and heritage districts than in the outer transport hubs late at night. During winter the greater risk is heat or rain rather than crime — plan accordingly and carry water.",en-IN,75,KV Place Guide / Jaipur / safety,emb_place_bf82c5d5,,2026-08-18T10:00:00+05:30
kbc_ba5a9475,cty_c07454f1,,seasonal,Jaipur — Seasonal,"Season matters more in Jaipur than most travellers expect. winter brings the conditions most people come for, and the corresponding crowds and prices. The shoulder weeks either side are noticeably cheaper, with weather that is usually still workable. The off season is not empty — several of the best festivals fall in it — but some outlying sites reduce their hours.",en-IN,79,KV Place Guide / Jaipur / seasonal,emb_place_ba5a9475,winter,2026-08-18T10:00:00+05:30
kbc_7e32c8ed,cty_c07454f1,,practical,Jaipur — Practical,"Practical notes for Jaipur: ATMs are common in the centre and sparse near the outlying sites, so carry some cash. Most mid-range hotels will hold luggage after checkout without charging. Mobile coverage is good in the city and patchy in the hills nearby. Sunday closures affect government museums more than private ones. Allow more time than the map suggests during festival weeks.",en-IN,80,KV Place Guide / Jaipur / practical,emb_place_7e32c8ed,,2026-08-18T10:00:00+05:30
kbc_7d90f89f,cty_5d572c8a,,history,Udaipur — History,"Udaipur grew up around a temple tank, and the shape of the old town still follows it. The colonial period brought the walls and the gate names that survive on street signs today; the twentieth century brought the railway, which moved the commercial centre about two kilometres from where it had sat for four hundred years. Visitors who only see the modern centre often miss that the older quarter is walkable in an afternoon and considerably more interesting.",en-IN,101,KV Place Guide / Udaipur / history,emb_place_7d90f89f,,2026-08-18T10:00:00+05:30
kbc_aeb19381,cty_5d572c8a,,culture,Udaipur — Culture,"Daily rhythm in Udaipur is worth understanding before you plan a day. Mornings start early — markets are busiest before nine — and the middle of the day slows noticeably, particularly in winter. Evenings are social: the a caravan route fills up after seven and stays busy until quite late. Music and performance are common in public spaces during festival months rather than year-round.",en-IN,83,KV Place Guide / Udaipur / culture,emb_place_aeb19381,,2026-08-18T10:00:00+05:30
kbc_8feb9870,cty_5d572c8a,,etiquette,Udaipur — Etiquette,"A few things save awkwardness in Udaipur. Remove footwear at religious sites, and carry socks if the stone is hot. Photography of people, especially at prayer, is best asked about first; a gesture toward the camera is usually enough. Bargaining is expected in the bazaars and not in shops with printed prices. Tipping is modest but appreciated — rounding up is normal, twenty per cent is not.",en-IN,87,KV Place Guide / Udaipur / etiquette,emb_place_8feb9870,,2026-08-18T10:00:00+05:30
kbc_0801afbd,cty_5d572c8a,,food,Udaipur — Food,"The local kitchen in Udaipur is built around wheat and dairy, and it is worth eating where the turnover is high rather than where the menu is longest. Vegetarian food is easy to find; strict Jain preparation is available at a smaller number of places and usually needs asking for. Street food is safest mid-morning and early evening when it is freshly made. Tap water is not recommended; sealed bottles and filtered refills are widely available.",en-IN,98,KV Place Guide / Udaipur / food,emb_place_0801afbd,,2026-08-18T10:00:00+05:30
kbc_a5aad098,cty_5d572c8a,,transport,Udaipur — Transport,"Getting around Udaipur is straightforward if you pick the right mode for the distance. Auto-rickshaws work well under three kilometres and should be metered or agreed in advance. App-based cabs are reliable in the newer parts of the city and less so in the old lanes, where drivers will often ask you to walk the last stretch. Cycling is pleasant early; less so after nine.",en-IN,84,KV Place Guide / Udaipur / transport,emb_place_a5aad098,,2026-08-18T10:00:00+05:30
kbc_0137a1ce,cty_5d572c8a,,safety,Udaipur — Safety,"Udaipur is generally comfortable for travellers, with the usual caveats. Crowded market areas attract pickpocketing, so keep bags in front. Lone travellers report fewer problems in the central and heritage districts than in the outer transport hubs late at night. During winter the greater risk is heat or rain rather than crime — plan accordingly and carry water.",en-IN,75,KV Place Guide / Udaipur / safety,emb_place_0137a1ce,,2026-08-18T10:00:00+05:30
kbc_3ff87d75,cty_5d572c8a,,seasonal,Udaipur — Seasonal,"Season matters more in Udaipur than most travellers expect. winter brings the conditions most people come for, and the corresponding crowds and prices. The shoulder weeks either side are noticeably cheaper, with weather that is usually still workable. The off season is not empty — several of the best festivals fall in it — but some outlying sites reduce their hours.",en-IN,79,KV Place Guide / Udaipur / seasonal,emb_place_3ff87d75,winter,2026-08-18T10:00:00+05:30
kbc_7081802e,cty_5d572c8a,,practical,Udaipur — Practical,"Practical notes for Udaipur: ATMs are common in the centre and sparse near the outlying sites, so carry some cash. Most mid-range hotels will hold luggage after checkout without charging. Mobile coverage is good in the city and patchy in the hills nearby. Sunday closures affect government museums more than private ones. Allow more time than the map suggests during festival weeks.",en-IN,80,KV Place Guide / Udaipur / practical,emb_place_7081802e,,2026-08-18T10:00:00+05:30
kbc_5f52017f,cty_076e8e86,,history,Jodhpur — History,"Jodhpur grew up around a fortified hill, and the shape of the old town still follows it. The Rajput period brought the walls and the gate names that survive on street signs today; the twentieth century brought the railway, which moved the commercial centre about two kilometres from where it had sat for four hundred years. Visitors who only see the modern centre often miss that the older quarter is walkable in an afternoon and considerably more interesting.",en-IN,101,KV Place Guide / Jodhpur / history,emb_place_5f52017f,,2026-08-18T10:00:00+05:30
kbc_9c3f88ec,cty_076e8e86,,culture,Jodhpur — Culture,"Daily rhythm in Jodhpur is worth understanding before you plan a day. Mornings start early — markets are busiest before nine — and the middle of the day slows noticeably, particularly in winter. Evenings are social: the a royal hunting reserve fills up after seven and stays busy until quite late. Music and performance are common in public spaces during festival months rather than year-round.",en-IN,84,KV Place Guide / Jodhpur / culture,emb_place_9c3f88ec,,2026-08-18T10:00:00+05:30
kbc_84e11c8a,cty_076e8e86,,etiquette,Jodhpur — Etiquette,"A few things save awkwardness in Jodhpur. Remove footwear at religious sites, and carry socks if the stone is hot. Photography of people, especially at prayer, is best asked about first; a gesture toward the camera is usually enough. Bargaining is expected in the bazaars and not in shops with printed prices. Tipping is modest but appreciated — rounding up is normal, twenty per cent is not.",en-IN,87,KV Place Guide / Jodhpur / etiquette,emb_place_84e11c8a,,2026-08-18T10:00:00+05:30
kbc_242f7d8d,cty_076e8e86,,food,Jodhpur — Food,"The local kitchen in Jodhpur is built around millet and chilli, and it is worth eating where the turnover is high rather than where the menu is longest. Vegetarian food is easy to find; strict Jain preparation is available at a smaller number of places and usually needs asking for. Street food is safest mid-morning and early evening when it is freshly made. Tap water is not recommended; sealed bottles and filtered refills are widely available.",en-IN,98,KV Place Guide / Jodhpur / food,emb_place_242f7d8d,,2026-08-18T10:00:00+05:30
kbc_59bdc00d,cty_076e8e86,,transport,Jodhpur — Transport,"Getting around Jodhpur is straightforward if you pick the right mode for the distance. Auto-rickshaws work well under three kilometres and should be metered or agreed in advance. App-based cabs are reliable in the newer parts of the city and less so in the old lanes, where drivers will often ask you to walk the last stretch. Cycling is pleasant early; less so after nine.",en-IN,84,KV Place Guide / Jodhpur / transport,emb_place_59bdc00d,,2026-08-18T10:00:00+05:30
kbc_4e8f7702,cty_076e8e86,,safety,Jodhpur — Safety,"Jodhpur is generally comfortable for travellers, with the usual caveats. Crowded market areas attract pickpocketing, so keep bags in front. Lone travellers report fewer problems in the central and heritage districts than in the outer transport hubs late at night. During winter the greater risk is heat or rain rather than crime — plan accordingly and carry water.",en-IN,75,KV Place Guide / Jodhpur / safety,emb_place_4e8f7702,,2026-08-18T10:00:00+05:30
kbc_543323e6,cty_076e8e86,,seasonal,Jodhpur — Seasonal,"Season matters more in Jodhpur than most travellers expect. winter brings the conditions most people come for, and the corresponding crowds and prices. The shoulder weeks either side are noticeably cheaper, with weather that is usually still workable. The off season is not empty — several of the best festivals fall in it — but some outlying sites reduce their hours.",en-IN,79,KV Place Guide / Jodhpur / seasonal,emb_place_543323e6,winter,2026-08-18T10:00:00+05:30
kbc_7ae89b05,cty_076e8e86,,practical,Jodhpur — Practical,"Practical notes for Jodhpur: ATMs are common in the centre and sparse near the outlying sites, so carry some cash. Most mid-range hotels will hold luggage after checkout without charging. Mobile coverage is good in the city and patchy in the hills nearby. Sunday closures affect government museums more than private ones. Allow more time than the map suggests during festival weeks.",en-IN,80,KV Place Guide / Jodhpur / practical,emb_place_7ae89b05,,2026-08-18T10:00:00+05:30
kbc_40956d4b,cty_10cbee86,,history,Jaisalmer — History,"Jaisalmer grew up around a rail junction, and the shape of the old town still follows it. The Mughal period brought the walls and the gate names that survive on street signs today; the twentieth century brought the railway, which moved the commercial centre about two kilometres from where it had sat for four hundred years. Visitors who only see the modern centre often miss that the older quarter is walkable in an afternoon and considerably more interesting.",en-IN,101,KV Place Guide / Jaisalmer / history,emb_place_40956d4b,,2026-08-18T10:00:00+05:30
kbc_eb1c236a,cty_10cbee86,,culture,Jaisalmer — Culture,"Daily rhythm in Jaisalmer is worth understanding before you plan a day. Mornings start early — markets are busiest before nine — and the middle of the day slows noticeably, particularly in winter. Evenings are social: the a royal hunting reserve fills up after seven and stays busy until quite late. Music and performance are common in public spaces during festival months rather than year-round.",en-IN,84,KV Place Guide / Jaisalmer / culture,emb_place_eb1c236a,,2026-08-18T10:00:00+05:30
kbc_26a7fd86,cty_10cbee86,,etiquette,Jaisalmer — Etiquette,"A few things save awkwardness in Jaisalmer. Remove footwear at religious sites, and carry socks if the stone is hot. Photography of people, especially at prayer, is best asked about first; a gesture toward the camera is usually enough. Bargaining is expected in the bazaars and not in shops with printed prices. Tipping is modest but appreciated — rounding up is normal, twenty per cent is not.",en-IN,87,KV Place Guide / Jaisalmer / etiquette,emb_place_26a7fd86,,2026-08-18T10:00:00+05:30
kbc_fac58168,cty_10cbee86,,food,Jaisalmer — Food,"The local kitchen in Jaisalmer is built around rice and coconut, and it is worth eating where the turnover is high rather than where the menu is longest. Vegetarian food is easy to find; strict Jain preparation is available at a smaller number of places and usually needs asking for. Street food is safest mid-morning and early evening when it is freshly made. Tap water is not recommended; sealed bottles and filtered refills are widely available.",en-IN,98,KV Place Guide / Jaisalmer / food,emb_place_fac58168,,2026-08-18T10:00:00+05:30
kbc_1724711e,cty_10cbee86,,transport,Jaisalmer — Transport,"Getting around Jaisalmer is straightforward if you pick the right mode for the distance. Auto-rickshaws work well under three kilometres and should be metered or agreed in advance. App-based cabs are reliable in the newer parts of the city and less so in the old lanes, where drivers will often ask you to walk the last stretch. Cycling is pleasant early; less so after nine.",en-IN,84,KV Place Guide / Jaisalmer / transport,emb_place_1724711e,,2026-08-18T10:00:00+05:30
kbc_d7834bd7,cty_10cbee86,,safety,Jaisalmer — Safety,"Jaisalmer is generally comfortable for travellers, with the usual caveats. Crowded market areas attract pickpocketing, so keep bags in front. Lone travellers report fewer problems in the central and heritage districts than in the outer transport hubs late at night. During winter the greater risk is heat or rain rather than crime — plan accordingly and carry water.",en-IN,75,KV Place Guide / Jaisalmer / safety,emb_place_d7834bd7,,2026-08-18T10:00:00+05:30
kbc_88496397,cty_10cbee86,,seasonal,Jaisalmer — Seasonal,"Season matters more in Jaisalmer than most travellers expect. winter brings the conditions most people come for, and the corresponding crowds and prices. The shoulder weeks either side are noticeably cheaper, with weather that is usually still workable. The off season is not empty — several of the best festivals fall in it — but some outlying sites reduce their hours.",en-IN,79,KV Place Guide / Jaisalmer / seasonal,emb_place_88496397,winter,2026-08-18T10:00:00+05:30
kbc_a05e47f9,cty_10cbee86,,practical,Jaisalmer — Practical,"Practical notes for Jaisalmer: ATMs are common in the centre and sparse near the outlying sites, so carry some cash. Most mid-range hotels will hold luggage after checkout without charging. Mobile coverage is good in the city and patchy in the hills nearby. Sunday closures affect government museums more than private ones. Allow more time than the map suggests during festival weeks.",en-IN,80,KV Place Guide / Jaisalmer / practical,emb_place_a05e47f9,,2026-08-18T10:00:00+05:30
kbc_310a0205,cty_b43cdd57,,history,Agra — History,"Agra grew up around a fortified hill, and the shape of the old town still follows it. The Chola period brought the walls and the gate names that survive on street signs today; the twentieth century brought the railway, which moved the commercial centre about two kilometres from where it had sat for four hundred years. Visitors who only see the modern centre often miss that the older quarter is walkable in an afternoon and considerably more interesting.",en-IN,101,KV Place Guide / Agra / history,emb_place_310a0205,,2026-08-18T10:00:00+05:30
kbc_20d185fa,cty_b43cdd57,,culture,Agra — Culture,"Daily rhythm in Agra is worth understanding before you plan a day. Mornings start early — markets are busiest before nine — and the middle of the day slows noticeably, particularly in winter. Evenings are social: the a rail junction fills up after seven and stays busy until quite late. Music and performance are common in public spaces during festival months rather than year-round.",en-IN,83,KV Place Guide / Agra / culture,emb_place_20d185fa,,2026-08-18T10:00:00+05:30
kbc_ecae6fcf,cty_b43cdd57,,etiquette,Agra — Etiquette,"A few things save awkwardness in Agra. Remove footwear at religious sites, and carry socks if the stone is hot. Photography of people, especially at prayer, is best asked about first; a gesture toward the camera is usually enough. Bargaining is expected in the bazaars and not in shops with printed prices. Tipping is modest but appreciated — rounding up is normal, twenty per cent is not.",en-IN,87,KV Place Guide / Agra / etiquette,emb_place_ecae6fcf,,2026-08-18T10:00:00+05:30
kbc_5fc67bdd,cty_b43cdd57,,food,Agra — Food,"The local kitchen in Agra is built around millet and chilli, and it is worth eating where the turnover is high rather than where the menu is longest. Vegetarian food is easy to find; strict Jain preparation is available at a smaller number of places and usually needs asking for. Street food is safest mid-morning and early evening when it is freshly made. Tap water is not recommended; sealed bottles and filtered refills are widely available.",en-IN,98,KV Place Guide / Agra / food,emb_place_5fc67bdd,,2026-08-18T10:00:00+05:30
kbc_ce9c9d47,cty_b43cdd57,,transport,Agra — Transport,"Getting around Agra is straightforward if you pick the right mode for the distance. Auto-rickshaws work well under three kilometres and should be metered or agreed in advance. App-based cabs are reliable in the newer parts of the city and less so in the old lanes, where drivers will often ask you to walk the last stretch. Cycling is pleasant early; less so after nine.",en-IN,84,KV Place Guide / Agra / transport,emb_place_ce9c9d47,,2026-08-18T10:00:00+05:30
kbc_2388a9c1,cty_b43cdd57,,safety,Agra — Safety,"Agra is generally comfortable for travellers, with the usual caveats. Crowded market areas attract pickpocketing, so keep bags in front. Lone travellers report fewer problems in the central and heritage districts than in the outer transport hubs late at night. During winter the greater risk is heat or rain rather than crime — plan accordingly and carry water.",en-IN,75,KV Place Guide / Agra / safety,emb_place_2388a9c1,,2026-08-18T10:00:00+05:30
kbc_1bd4f34a,cty_b43cdd57,,seasonal,Agra — Seasonal,"Season matters more in Agra than most travellers expect. winter brings the conditions most people come for, and the corresponding crowds and prices. The shoulder weeks either side are noticeably cheaper, with weather that is usually still workable. The off season is not empty — several of the best festivals fall in it — but some outlying sites reduce their hours.",en-IN,79,KV Place Guide / Agra / seasonal,emb_place_1bd4f34a,winter,2026-08-18T10:00:00+05:30
kbc_2358fca1,cty_b43cdd57,,practical,Agra — Practical,"Practical notes for Agra: ATMs are common in the centre and sparse near the outlying sites, so carry some cash. Most mid-range hotels will hold luggage after checkout without charging. Mobile coverage is good in the city and patchy in the hills nearby. Sunday closures affect government museums more than private ones. Allow more time than the map suggests during festival weeks.",en-IN,80,KV Place Guide / Agra / practical,emb_place_2358fca1,,2026-08-18T10:00:00+05:30
kbc_0c4bbf44,cty_c97e6cd5,,history,Varanasi — History,"Varanasi grew up around a royal hunting reserve, and the shape of the old town still follows it. The Mughal period brought the walls and the gate names that survive on street signs today; the twentieth century brought the railway, which moved the commercial centre about two kilometres from where it had sat for four hundred years. Visitors who only see the modern centre often miss that the older quarter is walkable in an afternoon and considerably more interesting.",en-IN,102,KV Place Guide / Varanasi / history,emb_place_0c4bbf44,,2026-08-18T10:00:00+05:30
kbc_2970e9ba,cty_c97e6cd5,,culture,Varanasi — Culture,"Daily rhythm in Varanasi is worth understanding before you plan a day. Mornings start early — markets are busiest before nine — and the middle of the day slows noticeably, particularly in winter. Evenings are social: the a natural harbour fills up after seven and stays busy until quite late. Music and performance are common in public spaces during festival months rather than year-round.",en-IN,83,KV Place Guide / Varanasi / culture,emb_place_2970e9ba,,2026-08-18T10:00:00+05:30
kbc_3c463c9f,cty_c97e6cd5,,etiquette,Varanasi — Etiquette,"A few things save awkwardness in Varanasi. Remove footwear at religious sites, and carry socks if the stone is hot. Photography of people, especially at prayer, is best asked about first; a gesture toward the camera is usually enough. Bargaining is expected in the bazaars and not in shops with printed prices. Tipping is modest but appreciated — rounding up is normal, twenty per cent is not.",en-IN,87,KV Place Guide / Varanasi / etiquette,emb_place_3c463c9f,,2026-08-18T10:00:00+05:30
kbc_cb289552,cty_c97e6cd5,,food,Varanasi — Food,"The local kitchen in Varanasi is built around fermented batters, and it is worth eating where the turnover is high rather than where the menu is longest. Vegetarian food is easy to find; strict Jain preparation is available at a smaller number of places and usually needs asking for. Street food is safest mid-morning and early evening when it is freshly made. Tap water is not recommended; sealed bottles and filtered refills are widely available.",en-IN,97,KV Place Guide / Varanasi / food,emb_place_cb289552,,2026-08-18T10:00:00+05:30
kbc_7b1dd4d5,cty_c97e6cd5,,transport,Varanasi — Transport,"Getting around Varanasi is straightforward if you pick the right mode for the distance. Auto-rickshaws work well under three kilometres and should be metered or agreed in advance. App-based cabs are reliable in the newer parts of the city and less so in the old lanes, where drivers will often ask you to walk the last stretch. Cycling is pleasant early; less so after nine.",en-IN,84,KV Place Guide / Varanasi / transport,emb_place_7b1dd4d5,,2026-08-18T10:00:00+05:30
kbc_f12dfd8c,cty_c97e6cd5,,safety,Varanasi — Safety,"Varanasi is generally comfortable for travellers, with the usual caveats. Crowded market areas attract pickpocketing, so keep bags in front. Lone travellers report fewer problems in the central and heritage districts than in the outer transport hubs late at night. During winter the greater risk is heat or rain rather than crime — plan accordingly and carry water.",en-IN,75,KV Place Guide / Varanasi / safety,emb_place_f12dfd8c,,2026-08-18T10:00:00+05:30
kbc_7b49ff29,cty_c97e6cd5,,seasonal,Varanasi — Seasonal,"Season matters more in Varanasi than most travellers expect. winter brings the conditions most people come for, and the corresponding crowds and prices. The shoulder weeks either side are noticeably cheaper, with weather that is usually still workable. The off season is not empty — several of the best festivals fall in it — but some outlying sites reduce their hours.",en-IN,79,KV Place Guide / Varanasi / seasonal,emb_place_7b49ff29,winter,2026-08-18T10:00:00+05:30
kbc_c2e713d9,cty_c97e6cd5,,practical,Varanasi — Practical,"Practical notes for Varanasi: ATMs are common in the centre and sparse near the outlying sites, so carry some cash. Most mid-range hotels will hold luggage after checkout without charging. Mobile coverage is good in the city and patchy in the hills nearby. Sunday closures affect government museums more than private ones. Allow more time than the map suggests during festival weeks.",en-IN,80,KV Place Guide / Varanasi / practical,emb_place_c2e713d9,,2026-08-18T10:00:00+05:30
kbc_d317edd5,cty_5698a7ab,,history,Lucknow — History,"Lucknow grew up around a temple tank, and the shape of the old town still follows it. The early modern period brought the walls and the gate names that survive on street signs today; the twentieth century brought the railway, which moved the commercial centre about two kilometres from where it had sat for four hundred years. Visitors who only see the modern centre often miss that the older quarter is walkable in an afternoon and considerably more interesting.",en-IN,102,KV Place Guide / Lucknow / history,emb_place_d317edd5,,2026-08-18T10:00:00+05:30
kbc_a1497bee,cty_5698a7ab,,culture,Lucknow — Culture,"Daily rhythm in Lucknow is worth understanding before you plan a day. Mornings start early — markets are busiest before nine — and the middle of the day slows noticeably, particularly in winter. Evenings are social: the a fortified hill fills up after seven and stays busy until quite late. Music and performance are common in public spaces during festival months rather than year-round.",en-IN,83,KV Place Guide / Lucknow / culture,emb_place_a1497bee,,2026-08-18T10:00:00+05:30
kbc_14f6c58f,cty_5698a7ab,,etiquette,Lucknow — Etiquette,"A few things save awkwardness in Lucknow. Remove footwear at religious sites, and carry socks if the stone is hot. Photography of people, especially at prayer, is best asked about first; a gesture toward the camera is usually enough. Bargaining is expected in the bazaars and not in shops with printed prices. Tipping is modest but appreciated — rounding up is normal, twenty per cent is not.",en-IN,87,KV Place Guide / Lucknow / etiquette,emb_place_14f6c58f,,2026-08-18T10:00:00+05:30
kbc_708bf18c,cty_5698a7ab,,food,Lucknow — Food,"The local kitchen in Lucknow is built around fish and tamarind, and it is worth eating where the turnover is high rather than where the menu is longest. Vegetarian food is easy to find; strict Jain preparation is available at a smaller number of places and usually needs asking for. Street food is safest mid-morning and early evening when it is freshly made. Tap water is not recommended; sealed bottles and filtered refills are widely available.",en-IN,98,KV Place Guide / Lucknow / food,emb_place_708bf18c,,2026-08-18T10:00:00+05:30
kbc_839829f9,cty_5698a7ab,,transport,Lucknow — Transport,"Getting around Lucknow is straightforward if you pick the right mode for the distance. Auto-rickshaws work well under three kilometres and should be metered or agreed in advance. App-based cabs are reliable in the newer parts of the city and less so in the old lanes, where drivers will often ask you to walk the last stretch. Cycling is pleasant early; less so after nine.",en-IN,84,KV Place Guide / Lucknow / transport,emb_place_839829f9,,2026-08-18T10:00:00+05:30
kbc_3f69cbdb,cty_5698a7ab,,safety,Lucknow — Safety,"Lucknow is generally comfortable for travellers, with the usual caveats. Crowded market areas attract pickpocketing, so keep bags in front. Lone travellers report fewer problems in the central and heritage districts than in the outer transport hubs late at night. During winter the greater risk is heat or rain rather than crime — plan accordingly and carry water.",en-IN,75,KV Place Guide / Lucknow / safety,emb_place_3f69cbdb,,2026-08-18T10:00:00+05:30
kbc_e5522789,cty_5698a7ab,,seasonal,Lucknow — Seasonal,"Season matters more in Lucknow than most travellers expect. winter brings the conditions most people come for, and the corresponding crowds and prices. The shoulder weeks either side are noticeably cheaper, with weather that is usually still workable. The off season is not empty — several of the best festivals fall in it — but some outlying sites reduce their hours.",en-IN,79,KV Place Guide / Lucknow / seasonal,emb_place_e5522789,winter,2026-08-18T10:00:00+05:30
kbc_5d6d9c4e,cty_5698a7ab,,practical,Lucknow — Practical,"Practical notes for Lucknow: ATMs are common in the centre and sparse near the outlying sites, so carry some cash. Most mid-range hotels will hold luggage after checkout without charging. Mobile coverage is good in the city and patchy in the hills nearby. Sunday closures affect government museums more than private ones. Allow more time than the map suggests during festival weeks.",en-IN,80,KV Place Guide / Lucknow / practical,emb_place_5d6d9c4e,,2026-08-18T10:00:00+05:30
kbc_3813ca9f,cty_0b92e2e7,,history,New Delhi — History,"New Delhi grew up around a rail junction, and the shape of the old town still follows it. The colonial period brought the walls and the gate names that survive on street signs today; the twentieth century brought the railway, which moved the commercial centre about two kilometres from where it had sat for four hundred years. Visitors who only see the modern centre often miss that the older quarter is walkable in an afternoon and considerably more interesting.",en-IN,102,KV Place Guide / New Delhi / history,emb_place_3813ca9f,,2026-08-18T10:00:00+05:30
kbc_dffa2acf,cty_0b92e2e7,,culture,New Delhi — Culture,"Daily rhythm in New Delhi is worth understanding before you plan a day. Mornings start early — markets are busiest before nine — and the middle of the day slows noticeably, particularly in winter. Evenings are social: the a river crossing fills up after seven and stays busy until quite late. Music and performance are common in public spaces during festival months rather than year-round.",en-IN,84,KV Place Guide / New Delhi / culture,emb_place_dffa2acf,,2026-08-18T10:00:00+05:30
kbc_7c0f50ed,cty_0b92e2e7,,etiquette,New Delhi — Etiquette,"A few things save awkwardness in New Delhi. Remove footwear at religious sites, and carry socks if the stone is hot. Photography of people, especially at prayer, is best asked about first; a gesture toward the camera is usually enough. Bargaining is expected in the bazaars and not in shops with printed prices. Tipping is modest but appreciated — rounding up is normal, twenty per cent is not.",en-IN,88,KV Place Guide / New Delhi / etiquette,emb_place_7c0f50ed,,2026-08-18T10:00:00+05:30
kbc_70b841ff,cty_0b92e2e7,,food,New Delhi — Food,"The local kitchen in New Delhi is built around wheat and dairy, and it is worth eating where the turnover is high rather than where the menu is longest. Vegetarian food is easy to find; strict Jain preparation is available at a smaller number of places and usually needs asking for. Street food is safest mid-morning and early evening when it is freshly made. Tap water is not recommended; sealed bottles and filtered refills are widely available.",en-IN,100,KV Place Guide / New Delhi / food,emb_place_70b841ff,,2026-08-18T10:00:00+05:30
kbc_046d07f5,cty_0b92e2e7,,transport,New Delhi — Transport,"Getting around New Delhi is straightforward if you pick the right mode for the distance. Auto-rickshaws work well under three kilometres and should be metered or agreed in advance. App-based cabs are reliable in the newer parts of the city and less so in the old lanes, where drivers will often ask you to walk the last stretch. Cycling is pleasant early; less so after nine.",en-IN,85,KV Place Guide / New Delhi / transport,emb_place_046d07f5,,2026-08-18T10:00:00+05:30
kbc_8afd97b8,cty_0b92e2e7,,safety,New Delhi — Safety,"New Delhi is generally comfortable for travellers, with the usual caveats. Crowded market areas attract pickpocketing, so keep bags in front. Lone travellers report fewer problems in the central and heritage districts than in the outer transport hubs late at night. During winter the greater risk is heat or rain rather than crime — plan accordingly and carry water.",en-IN,76,KV Place Guide / New Delhi / safety,emb_place_8afd97b8,,2026-08-18T10:00:00+05:30
kbc_13923dd3,cty_0b92e2e7,,seasonal,New Delhi — Seasonal,"Season matters more in New Delhi than most travellers expect. winter brings the conditions most people come for, and the corresponding crowds and prices. The shoulder weeks either side are noticeably cheaper, with weather that is usually still workable. The off season is not empty — several of the best festivals fall in it — but some outlying sites reduce their hours.",en-IN,80,KV Place Guide / New Delhi / seasonal,emb_place_13923dd3,winter,2026-08-18T10:00:00+05:30
kbc_b341e50b,cty_0b92e2e7,,practical,New Delhi — Practical,"Practical notes for New Delhi: ATMs are common in the centre and sparse near the outlying sites, so carry some cash. Most mid-range hotels will hold luggage after checkout without charging. Mobile coverage is good in the city and patchy in the hills nearby. Sunday closures affect government museums more than private ones. Allow more time than the map suggests during festival weeks.",en-IN,81,KV Place Guide / New Delhi / practical,emb_place_b341e50b,,2026-08-18T10:00:00+05:30
kbc_8183bb3f,cty_0d062a51,,history,Amritsar — History,"Amritsar grew up around a royal hunting reserve, and the shape of the old town still follows it. The Chola period brought the walls and the gate names that survive on street signs today; the twentieth century brought the railway, which moved the commercial centre about two kilometres from where it had sat for four hundred years. Visitors who only see the modern centre often miss that the older quarter is walkable in an afternoon and considerably more interesting.",en-IN,102,KV Place Guide / Amritsar / history,emb_place_8183bb3f,,2026-08-18T10:00:00+05:30
kbc_e545fe7c,cty_0d062a51,,culture,Amritsar — Culture,"Daily rhythm in Amritsar is worth understanding before you plan a day. Mornings start early — markets are busiest before nine — and the middle of the day slows noticeably, particularly in winter. Evenings are social: the a rail junction fills up after seven and stays busy until quite late. Music and performance are common in public spaces during festival months rather than year-round.",en-IN,83,KV Place Guide / Amritsar / culture,emb_place_e545fe7c,,2026-08-18T10:00:00+05:30
kbc_b88afe91,cty_0d062a51,,etiquette,Amritsar — Etiquette,"A few things save awkwardness in Amritsar. Remove footwear at religious sites, and carry socks if the stone is hot. Photography of people, especially at prayer, is best asked about first; a gesture toward the camera is usually enough. Bargaining is expected in the bazaars and not in shops with printed prices. Tipping is modest but appreciated — rounding up is normal, twenty per cent is not.",en-IN,87,KV Place Guide / Amritsar / etiquette,emb_place_b88afe91,,2026-08-18T10:00:00+05:30
kbc_19bd4bb0,cty_0d062a51,,food,Amritsar — Food,"The local kitchen in Amritsar is built around fish and tamarind, and it is worth eating where the turnover is high rather than where the menu is longest. Vegetarian food is easy to find; strict Jain preparation is available at a smaller number of places and usually needs asking for. Street food is safest mid-morning and early evening when it is freshly made. Tap water is not recommended; sealed bottles and filtered refills are widely available.",en-IN,98,KV Place Guide / Amritsar / food,emb_place_19bd4bb0,,2026-08-18T10:00:00+05:30
kbc_fd3286fa,cty_0d062a51,,transport,Amritsar — Transport,"Getting around Amritsar is straightforward if you pick the right mode for the distance. Auto-rickshaws work well under three kilometres and should be metered or agreed in advance. App-based cabs are reliable in the newer parts of the city and less so in the old lanes, where drivers will often ask you to walk the last stretch. Cycling is pleasant early; less so after nine.",en-IN,84,KV Place Guide / Amritsar / transport,emb_place_fd3286fa,,2026-08-18T10:00:00+05:30
kbc_d42606e0,cty_0d062a51,,safety,Amritsar — Safety,"Amritsar is generally comfortable for travellers, with the usual caveats. Crowded market areas attract pickpocketing, so keep bags in front. Lone travellers report fewer problems in the central and heritage districts than in the outer transport hubs late at night. During winter the greater risk is heat or rain rather than crime — plan accordingly and carry water.",en-IN,75,KV Place Guide / Amritsar / safety,emb_place_d42606e0,,2026-08-18T10:00:00+05:30
kbc_a8f514c6,cty_0d062a51,,seasonal,Amritsar — Seasonal,"Season matters more in Amritsar than most travellers expect. winter brings the conditions most people come for, and the corresponding crowds and prices. The shoulder weeks either side are noticeably cheaper, with weather that is usually still workable. The off season is not empty — several of the best festivals fall in it — but some outlying sites reduce their hours.",en-IN,79,KV Place Guide / Amritsar / seasonal,emb_place_a8f514c6,winter,2026-08-18T10:00:00+05:30
kbc_4c0993fb,cty_0d062a51,,practical,Amritsar — Practical,"Practical notes for Amritsar: ATMs are common in the centre and sparse near the outlying sites, so carry some cash. Most mid-range hotels will hold luggage after checkout without charging. Mobile coverage is good in the city and patchy in the hills nearby. Sunday closures affect government museums more than private ones. Allow more time than the map suggests during festival weeks.",en-IN,80,KV Place Guide / Amritsar / practical,emb_place_4c0993fb,,2026-08-18T10:00:00+05:30
kbc_96864d87,cty_32e8e65c,,history,Shimla — History,"Shimla grew up around a rail junction, and the shape of the old town still follows it. The Chola period brought the walls and the gate names that survive on street signs today; the twentieth century brought the railway, which moved the commercial centre about two kilometres from where it had sat for four hundred years. Visitors who only see the modern centre often miss that the older quarter is walkable in an afternoon and considerably more interesting.",en-IN,101,KV Place Guide / Shimla / history,emb_place_96864d87,,2026-08-18T10:00:00+05:30
kbc_9e70d2c7,cty_32e8e65c,,culture,Shimla — Culture,"Daily rhythm in Shimla is worth understanding before you plan a day. Mornings start early — markets are busiest before nine — and the middle of the day slows noticeably, particularly in summer. Evenings are social: the a royal hunting reserve fills up after seven and stays busy until quite late. Music and performance are common in public spaces during festival months rather than year-round.",en-IN,84,KV Place Guide / Shimla / culture,emb_place_9e70d2c7,,2026-08-18T10:00:00+05:30
kbc_47c053f3,cty_32e8e65c,,etiquette,Shimla — Etiquette,"A few things save awkwardness in Shimla. Remove footwear at religious sites, and carry socks if the stone is hot. Photography of people, especially at prayer, is best asked about first; a gesture toward the camera is usually enough. Bargaining is expected in the bazaars and not in shops with printed prices. Tipping is modest but appreciated — rounding up is normal, twenty per cent is not.",en-IN,87,KV Place Guide / Shimla / etiquette,emb_place_47c053f3,,2026-08-18T10:00:00+05:30
kbc_90090477,cty_32e8e65c,,food,Shimla — Food,"The local kitchen in Shimla is built around rice and coconut, and it is worth eating where the turnover is high rather than where the menu is longest. Vegetarian food is easy to find; strict Jain preparation is available at a smaller number of places and usually needs asking for. Street food is safest mid-morning and early evening when it is freshly made. Tap water is not recommended; sealed bottles and filtered refills are widely available.",en-IN,98,KV Place Guide / Shimla / food,emb_place_90090477,,2026-08-18T10:00:00+05:30
kbc_286c2340,cty_32e8e65c,,transport,Shimla — Transport,"Getting around Shimla is straightforward if you pick the right mode for the distance. Auto-rickshaws work well under three kilometres and should be metered or agreed in advance. App-based cabs are reliable in the newer parts of the city and less so in the old lanes, where drivers will often ask you to walk the last stretch. Cycling is pleasant early; less so after nine.",en-IN,84,KV Place Guide / Shimla / transport,emb_place_286c2340,,2026-08-18T10:00:00+05:30
kbc_ae7bdd55,cty_32e8e65c,,safety,Shimla — Safety,"Shimla is generally comfortable for travellers, with the usual caveats. Crowded market areas attract pickpocketing, so keep bags in front. Lone travellers report fewer problems in the central and heritage districts than in the outer transport hubs late at night. During summer the greater risk is heat or rain rather than crime — plan accordingly and carry water.",en-IN,75,KV Place Guide / Shimla / safety,emb_place_ae7bdd55,,2026-08-18T10:00:00+05:30
kbc_1f7667c5,cty_32e8e65c,,seasonal,Shimla — Seasonal,"Season matters more in Shimla than most travellers expect. summer brings the conditions most people come for, and the corresponding crowds and prices. The shoulder weeks either side are noticeably cheaper, with weather that is usually still workable. The off season is not empty — several of the best festivals fall in it — but some outlying sites reduce their hours.",en-IN,79,KV Place Guide / Shimla / seasonal,emb_place_1f7667c5,summer,2026-08-18T10:00:00+05:30
kbc_2c8cd7db,cty_32e8e65c,,practical,Shimla — Practical,"Practical notes for Shimla: ATMs are common in the centre and sparse near the outlying sites, so carry some cash. Most mid-range hotels will hold luggage after checkout without charging. Mobile coverage is good in the city and patchy in the hills nearby. Sunday closures affect government museums more than private ones. Allow more time than the map suggests during festival weeks.",en-IN,80,KV Place Guide / Shimla / practical,emb_place_2c8cd7db,,2026-08-18T10:00:00+05:30
kbc_0eaa956e,cty_9327d518,,history,Manali — History,"Manali grew up around a royal hunting reserve, and the shape of the old town still follows it. The medieval period brought the walls and the gate names that survive on street signs today; the twentieth century brought the railway, which moved the commercial centre about two kilometres from where it had sat for four hundred years. Visitors who only see the modern centre often miss that the older quarter is walkable in an afternoon and considerably more interesting.",en-IN,102,KV Place Guide / Manali / history,emb_place_0eaa956e,,2026-08-18T10:00:00+05:30
kbc_389f4b5b,cty_9327d518,,culture,Manali — Culture,"Daily rhythm in Manali is worth understanding before you plan a day. Mornings start early — markets are busiest before nine — and the middle of the day slows noticeably, particularly in summer. Evenings are social: the a temple tank fills up after seven and stays busy until quite late. Music and performance are common in public spaces during festival months rather than year-round.",en-IN,83,KV Place Guide / Manali / culture,emb_place_389f4b5b,,2026-08-18T10:00:00+05:30
kbc_518d6f18,cty_9327d518,,etiquette,Manali — Etiquette,"A few things save awkwardness in Manali. Remove footwear at religious sites, and carry socks if the stone is hot. Photography of people, especially at prayer, is best asked about first; a gesture toward the camera is usually enough. Bargaining is expected in the bazaars and not in shops with printed prices. Tipping is modest but appreciated — rounding up is normal, twenty per cent is not.",en-IN,87,KV Place Guide / Manali / etiquette,emb_place_518d6f18,,2026-08-18T10:00:00+05:30
kbc_226d2d09,cty_9327d518,,food,Manali — Food,"The local kitchen in Manali is built around fermented batters, and it is worth eating where the turnover is high rather than where the menu is longest. Vegetarian food is easy to find; strict Jain preparation is available at a smaller number of places and usually needs asking for. Street food is safest mid-morning and early evening when it is freshly made. Tap water is not recommended; sealed bottles and filtered refills are widely available.",en-IN,97,KV Place Guide / Manali / food,emb_place_226d2d09,,2026-08-18T10:00:00+05:30
kbc_b25f1d42,cty_9327d518,,transport,Manali — Transport,"Getting around Manali is straightforward if you pick the right mode for the distance. Auto-rickshaws work well under three kilometres and should be metered or agreed in advance. App-based cabs are reliable in the newer parts of the city and less so in the old lanes, where drivers will often ask you to walk the last stretch. Cycling is pleasant early; less so after nine.",en-IN,84,KV Place Guide / Manali / transport,emb_place_b25f1d42,,2026-08-18T10:00:00+05:30
kbc_58e37752,cty_9327d518,,safety,Manali — Safety,"Manali is generally comfortable for travellers, with the usual caveats. Crowded market areas attract pickpocketing, so keep bags in front. Lone travellers report fewer problems in the central and heritage districts than in the outer transport hubs late at night. During summer the greater risk is heat or rain rather than crime — plan accordingly and carry water.",en-IN,75,KV Place Guide / Manali / safety,emb_place_58e37752,,2026-08-18T10:00:00+05:30
kbc_99007bf2,cty_9327d518,,seasonal,Manali — Seasonal,"Season matters more in Manali than most travellers expect. summer brings the conditions most people come for, and the corresponding crowds and prices. The shoulder weeks either side are noticeably cheaper, with weather that is usually still workable. The off season is not empty — several of the best festivals fall in it — but some outlying sites reduce their hours.",en-IN,79,KV Place Guide / Manali / seasonal,emb_place_99007bf2,summer,2026-08-18T10:00:00+05:30
kbc_fbe5ba9f,cty_9327d518,,practical,Manali — Practical,"Practical notes for Manali: ATMs are common in the centre and sparse near the outlying sites, so carry some cash. Most mid-range hotels will hold luggage after checkout without charging. Mobile coverage is good in the city and patchy in the hills nearby. Sunday closures affect government museums more than private ones. Allow more time than the map suggests during festival weeks.",en-IN,80,KV Place Guide / Manali / practical,emb_place_fbe5ba9f,,2026-08-18T10:00:00+05:30
kbc_6a5107fa,cty_d35a9652,,history,Rishikesh — History,"Rishikesh grew up around a natural harbour, and the shape of the old town still follows it. The colonial period brought the walls and the gate names that survive on street signs today; the twentieth century brought the railway, which moved the commercial centre about two kilometres from where it had sat for four hundred years. Visitors who only see the modern centre often miss that the older quarter is walkable in an afternoon and considerably more interesting.",en-IN,101,KV Place Guide / Rishikesh / history,emb_place_6a5107fa,,2026-08-18T10:00:00+05:30
kbc_4bd6f508,cty_d35a9652,,culture,Rishikesh — Culture,"Daily rhythm in Rishikesh is worth understanding before you plan a day. Mornings start early — markets are busiest before nine — and the middle of the day slows noticeably, particularly in spring. Evenings are social: the a caravan route fills up after seven and stays busy until quite late. Music and performance are common in public spaces during festival months rather than year-round.",en-IN,83,KV Place Guide / Rishikesh / culture,emb_place_4bd6f508,,2026-08-18T10:00:00+05:30
kbc_61148617,cty_d35a9652,,etiquette,Rishikesh — Etiquette,"A few things save awkwardness in Rishikesh. Remove footwear at religious sites, and carry socks if the stone is hot. Photography of people, especially at prayer, is best asked about first; a gesture toward the camera is usually enough. Bargaining is expected in the bazaars and not in shops with printed prices. Tipping is modest but appreciated — rounding up is normal, twenty per cent is not.",en-IN,87,KV Place Guide / Rishikesh / etiquette,emb_place_61148617,,2026-08-18T10:00:00+05:30
kbc_943bf2dc,cty_d35a9652,,food,Rishikesh — Food,"The local kitchen in Rishikesh is built around fish and tamarind, and it is worth eating where the turnover is high rather than where the menu is longest. Vegetarian food is easy to find; strict Jain preparation is available at a smaller number of places and usually needs asking for. Street food is safest mid-morning and early evening when it is freshly made. Tap water is not recommended; sealed bottles and filtered refills are widely available.",en-IN,98,KV Place Guide / Rishikesh / food,emb_place_943bf2dc,,2026-08-18T10:00:00+05:30
kbc_e8f53bde,cty_d35a9652,,transport,Rishikesh — Transport,"Getting around Rishikesh is straightforward if you pick the right mode for the distance. Auto-rickshaws work well under three kilometres and should be metered or agreed in advance. App-based cabs are reliable in the newer parts of the city and less so in the old lanes, where drivers will often ask you to walk the last stretch. Cycling is pleasant early; less so after nine.",en-IN,84,KV Place Guide / Rishikesh / transport,emb_place_e8f53bde,,2026-08-18T10:00:00+05:30
kbc_ab97e73b,cty_d35a9652,,safety,Rishikesh — Safety,"Rishikesh is generally comfortable for travellers, with the usual caveats. Crowded market areas attract pickpocketing, so keep bags in front. Lone travellers report fewer problems in the central and heritage districts than in the outer transport hubs late at night. During spring the greater risk is heat or rain rather than crime — plan accordingly and carry water.",en-IN,75,KV Place Guide / Rishikesh / safety,emb_place_ab97e73b,,2026-08-18T10:00:00+05:30
kbc_49e686e9,cty_d35a9652,,seasonal,Rishikesh — Seasonal,"Season matters more in Rishikesh than most travellers expect. spring brings the conditions most people come for, and the corresponding crowds and prices. The shoulder weeks either side are noticeably cheaper, with weather that is usually still workable. The off season is not empty — several of the best festivals fall in it — but some outlying sites reduce their hours.",en-IN,79,KV Place Guide / Rishikesh / seasonal,emb_place_49e686e9,spring,2026-08-18T10:00:00+05:30
kbc_d3381e73,cty_d35a9652,,practical,Rishikesh — Practical,"Practical notes for Rishikesh: ATMs are common in the centre and sparse near the outlying sites, so carry some cash. Most mid-range hotels will hold luggage after checkout without charging. Mobile coverage is good in the city and patchy in the hills nearby. Sunday closures affect government museums more than private ones. Allow more time than the map suggests during festival weeks.",en-IN,80,KV Place Guide / Rishikesh / practical,emb_place_d3381e73,,2026-08-18T10:00:00+05:30
kbc_57f11657,cty_0d9ab6ff,,history,Nainital — History,"Nainital grew up around a royal hunting reserve, and the shape of the old town still follows it. The Mughal period brought the walls and the gate names that survive on street signs today; the twentieth century brought the railway, which moved the commercial centre about two kilometres from where it had sat for four hundred years. Visitors who only see the modern centre often miss that the older quarter is walkable in an afternoon and considerably more interesting.",en-IN,102,KV Place Guide / Nainital / history,emb_place_57f11657,,2026-08-18T10:00:00+05:30
kbc_b211f71c,cty_0d9ab6ff,,culture,Nainital — Culture,"Daily rhythm in Nainital is worth understanding before you plan a day. Mornings start early — markets are busiest before nine — and the middle of the day slows noticeably, particularly in summer. Evenings are social: the a rail junction fills up after seven and stays busy until quite late. Music and performance are common in public spaces during festival months rather than year-round.",en-IN,83,KV Place Guide / Nainital / culture,emb_place_b211f71c,,2026-08-18T10:00:00+05:30
kbc_5e0f6642,cty_0d9ab6ff,,etiquette,Nainital — Etiquette,"A few things save awkwardness in Nainital. Remove footwear at religious sites, and carry socks if the stone is hot. Photography of people, especially at prayer, is best asked about first; a gesture toward the camera is usually enough. Bargaining is expected in the bazaars and not in shops with printed prices. Tipping is modest but appreciated — rounding up is normal, twenty per cent is not.",en-IN,87,KV Place Guide / Nainital / etiquette,emb_place_5e0f6642,,2026-08-18T10:00:00+05:30
kbc_3d547904,cty_0d9ab6ff,,food,Nainital — Food,"The local kitchen in Nainital is built around millet and chilli, and it is worth eating where the turnover is high rather than where the menu is longest. Vegetarian food is easy to find; strict Jain preparation is available at a smaller number of places and usually needs asking for. Street food is safest mid-morning and early evening when it is freshly made. Tap water is not recommended; sealed bottles and filtered refills are widely available.",en-IN,98,KV Place Guide / Nainital / food,emb_place_3d547904,,2026-08-18T10:00:00+05:30
kbc_ec845f73,cty_0d9ab6ff,,transport,Nainital — Transport,"Getting around Nainital is straightforward if you pick the right mode for the distance. Auto-rickshaws work well under three kilometres and should be metered or agreed in advance. App-based cabs are reliable in the newer parts of the city and less so in the old lanes, where drivers will often ask you to walk the last stretch. Cycling is pleasant early; less so after nine.",en-IN,84,KV Place Guide / Nainital / transport,emb_place_ec845f73,,2026-08-18T10:00:00+05:30
kbc_e96e2d13,cty_0d9ab6ff,,safety,Nainital — Safety,"Nainital is generally comfortable for travellers, with the usual caveats. Crowded market areas attract pickpocketing, so keep bags in front. Lone travellers report fewer problems in the central and heritage districts than in the outer transport hubs late at night. During summer the greater risk is heat or rain rather than crime — plan accordingly and carry water.",en-IN,75,KV Place Guide / Nainital / safety,emb_place_e96e2d13,,2026-08-18T10:00:00+05:30
kbc_79579f7d,cty_0d9ab6ff,,seasonal,Nainital — Seasonal,"Season matters more in Nainital than most travellers expect. summer brings the conditions most people come for, and the corresponding crowds and prices. The shoulder weeks either side are noticeably cheaper, with weather that is usually still workable. The off season is not empty — several of the best festivals fall in it — but some outlying sites reduce their hours.",en-IN,79,KV Place Guide / Nainital / seasonal,emb_place_79579f7d,summer,2026-08-18T10:00:00+05:30
kbc_c887978c,cty_0d9ab6ff,,practical,Nainital — Practical,"Practical notes for Nainital: ATMs are common in the centre and sparse near the outlying sites, so carry some cash. Most mid-range hotels will hold luggage after checkout without charging. Mobile coverage is good in the city and patchy in the hills nearby. Sunday closures affect government museums more than private ones. Allow more time than the map suggests during festival weeks.",en-IN,80,KV Place Guide / Nainital / practical,emb_place_c887978c,,2026-08-18T10:00:00+05:30
kbc_98bc7dc1,cty_aa759717,,history,Leh — History,"Leh grew up around a natural harbour, and the shape of the old town still follows it. The medieval period brought the walls and the gate names that survive on street signs today; the twentieth century brought the railway, which moved the commercial centre about two kilometres from where it had sat for four hundred years. Visitors who only see the modern centre often miss that the older quarter is walkable in an afternoon and considerably more interesting.",en-IN,101,KV Place Guide / Leh / history,emb_place_98bc7dc1,,2026-08-18T10:00:00+05:30
kbc_8a349fb2,cty_aa759717,,culture,Leh — Culture,"Daily rhythm in Leh is worth understanding before you plan a day. Mornings start early — markets are busiest before nine — and the middle of the day slows noticeably, particularly in summer. Evenings are social: the a fortified hill fills up after seven and stays busy until quite late. Music and performance are common in public spaces during festival months rather than year-round.",en-IN,83,KV Place Guide / Leh / culture,emb_place_8a349fb2,,2026-08-18T10:00:00+05:30
kbc_cc47eeb1,cty_aa759717,,etiquette,Leh — Etiquette,"A few things save awkwardness in Leh. Remove footwear at religious sites, and carry socks if the stone is hot. Photography of people, especially at prayer, is best asked about first; a gesture toward the camera is usually enough. Bargaining is expected in the bazaars and not in shops with printed prices. Tipping is modest but appreciated — rounding up is normal, twenty per cent is not.",en-IN,87,KV Place Guide / Leh / etiquette,emb_place_cc47eeb1,,2026-08-18T10:00:00+05:30
kbc_82b7be49,cty_aa759717,,food,Leh — Food,"The local kitchen in Leh is built around wheat and dairy, and it is worth eating where the turnover is high rather than where the menu is longest. Vegetarian food is easy to find; strict Jain preparation is available at a smaller number of places and usually needs asking for. Street food is safest mid-morning and early evening when it is freshly made. Tap water is not recommended; sealed bottles and filtered refills are widely available.",en-IN,98,KV Place Guide / Leh / food,emb_place_82b7be49,,2026-08-18T10:00:00+05:30
kbc_29cb79c4,cty_aa759717,,transport,Leh — Transport,"Getting around Leh is straightforward if you pick the right mode for the distance. Auto-rickshaws work well under three kilometres and should be metered or agreed in advance. App-based cabs are reliable in the newer parts of the city and less so in the old lanes, where drivers will often ask you to walk the last stretch. Cycling is pleasant early; less so after nine.",en-IN,84,KV Place Guide / Leh / transport,emb_place_29cb79c4,,2026-08-18T10:00:00+05:30
kbc_36f6a930,cty_aa759717,,safety,Leh — Safety,"Leh is generally comfortable for travellers, with the usual caveats. Crowded market areas attract pickpocketing, so keep bags in front. Lone travellers report fewer problems in the central and heritage districts than in the outer transport hubs late at night. During summer the greater risk is heat or rain rather than crime — plan accordingly and carry water.",en-IN,75,KV Place Guide / Leh / safety,emb_place_36f6a930,,2026-08-18T10:00:00+05:30
kbc_9395bfc7,cty_aa759717,,seasonal,Leh — Seasonal,"Season matters more in Leh than most travellers expect. summer brings the conditions most people come for, and the corresponding crowds and prices. The shoulder weeks either side are noticeably cheaper, with weather that is usually still workable. The off season is not empty — several of the best festivals fall in it — but some outlying sites reduce their hours.",en-IN,79,KV Place Guide / Leh / seasonal,emb_place_9395bfc7,summer,2026-08-18T10:00:00+05:30
kbc_d817f5dd,cty_aa759717,,practical,Leh — Practical,"Practical notes for Leh: ATMs are common in the centre and sparse near the outlying sites, so carry some cash. Most mid-range hotels will hold luggage after checkout without charging. Mobile coverage is good in the city and patchy in the hills nearby. Sunday closures affect government museums more than private ones. Allow more time than the map suggests during festival weeks.",en-IN,80,KV Place Guide / Leh / practical,emb_place_d817f5dd,,2026-08-18T10:00:00+05:30
kbc_29ad4459,cty_828a7777,,history,Srinagar — History,"Srinagar grew up around a rail junction, and the shape of the old town still follows it. The Rajput period brought the walls and the gate names that survive on street signs today; the twentieth century brought the railway, which moved the commercial centre about two kilometres from where it had sat for four hundred years. Visitors who only see the modern centre often miss that the older quarter is walkable in an afternoon and considerably more interesting.",en-IN,101,KV Place Guide / Srinagar / history,emb_place_29ad4459,,2026-08-18T10:00:00+05:30
kbc_50cd94d3,cty_828a7777,,culture,Srinagar — Culture,"Daily rhythm in Srinagar is worth understanding before you plan a day. Mornings start early — markets are busiest before nine — and the middle of the day slows noticeably, particularly in summer. Evenings are social: the a temple tank fills up after seven and stays busy until quite late. Music and performance are common in public spaces during festival months rather than year-round.",en-IN,83,KV Place Guide / Srinagar / culture,emb_place_50cd94d3,,2026-08-18T10:00:00+05:30
kbc_2489cf76,cty_828a7777,,etiquette,Srinagar — Etiquette,"A few things save awkwardness in Srinagar. Remove footwear at religious sites, and carry socks if the stone is hot. Photography of people, especially at prayer, is best asked about first; a gesture toward the camera is usually enough. Bargaining is expected in the bazaars and not in shops with printed prices. Tipping is modest but appreciated — rounding up is normal, twenty per cent is not.",en-IN,87,KV Place Guide / Srinagar / etiquette,emb_place_2489cf76,,2026-08-18T10:00:00+05:30
kbc_fc8f5b62,cty_828a7777,,food,Srinagar — Food,"The local kitchen in Srinagar is built around fish and tamarind, and it is worth eating where the turnover is high rather than where the menu is longest. Vegetarian food is easy to find; strict Jain preparation is available at a smaller number of places and usually needs asking for. Street food is safest mid-morning and early evening when it is freshly made. Tap water is not recommended; sealed bottles and filtered refills are widely available.",en-IN,98,KV Place Guide / Srinagar / food,emb_place_fc8f5b62,,2026-08-18T10:00:00+05:30
kbc_28985e82,cty_828a7777,,transport,Srinagar — Transport,"Getting around Srinagar is straightforward if you pick the right mode for the distance. Auto-rickshaws work well under three kilometres and should be metered or agreed in advance. App-based cabs are reliable in the newer parts of the city and less so in the old lanes, where drivers will often ask you to walk the last stretch. Cycling is pleasant early; less so after nine.",en-IN,84,KV Place Guide / Srinagar / transport,emb_place_28985e82,,2026-08-18T10:00:00+05:30
kbc_c7c37a90,cty_828a7777,,safety,Srinagar — Safety,"Srinagar is generally comfortable for travellers, with the usual caveats. Crowded market areas attract pickpocketing, so keep bags in front. Lone travellers report fewer problems in the central and heritage districts than in the outer transport hubs late at night. During summer the greater risk is heat or rain rather than crime — plan accordingly and carry water.",en-IN,75,KV Place Guide / Srinagar / safety,emb_place_c7c37a90,,2026-08-18T10:00:00+05:30
kbc_2e5d5e1b,cty_828a7777,,seasonal,Srinagar — Seasonal,"Season matters more in Srinagar than most travellers expect. summer brings the conditions most people come for, and the corresponding crowds and prices. The shoulder weeks either side are noticeably cheaper, with weather that is usually still workable. The off season is not empty — several of the best festivals fall in it — but some outlying sites reduce their hours.",en-IN,79,KV Place Guide / Srinagar / seasonal,emb_place_2e5d5e1b,summer,2026-08-18T10:00:00+05:30
kbc_a0f2aa89,cty_828a7777,,practical,Srinagar — Practical,"Practical notes for Srinagar: ATMs are common in the centre and sparse near the outlying sites, so carry some cash. Most mid-range hotels will hold luggage after checkout without charging. Mobile coverage is good in the city and patchy in the hills nearby. Sunday closures affect government museums more than private ones. Allow more time than the map suggests during festival weeks.",en-IN,80,KV Place Guide / Srinagar / practical,emb_place_a0f2aa89,,2026-08-18T10:00:00+05:30
kbc_7584313e,cty_95e7c8ca,,history,Mumbai — History,"Mumbai grew up around a temple tank, and the shape of the old town still follows it. The medieval period brought the walls and the gate names that survive on street signs today; the twentieth century brought the railway, which moved the commercial centre about two kilometres from where it had sat for four hundred years. Visitors who only see the modern centre often miss that the older quarter is walkable in an afternoon and considerably more interesting.",en-IN,101,KV Place Guide / Mumbai / history,emb_place_7584313e,,2026-08-18T10:00:00+05:30
kbc_281d0c7c,cty_95e7c8ca,,culture,Mumbai — Culture,"Daily rhythm in Mumbai is worth understanding before you plan a day. Mornings start early — markets are busiest before nine — and the middle of the day slows noticeably, particularly in winter. Evenings are social: the a natural harbour fills up after seven and stays busy until quite late. Music and performance are common in public spaces during festival months rather than year-round.",en-IN,83,KV Place Guide / Mumbai / culture,emb_place_281d0c7c,,2026-08-18T10:00:00+05:30
kbc_67309264,cty_95e7c8ca,,etiquette,Mumbai — Etiquette,"A few things save awkwardness in Mumbai. Remove footwear at religious sites, and carry socks if the stone is hot. Photography of people, especially at prayer, is best asked about first; a gesture toward the camera is usually enough. Bargaining is expected in the bazaars and not in shops with printed prices. Tipping is modest but appreciated — rounding up is normal, twenty per cent is not.",en-IN,87,KV Place Guide / Mumbai / etiquette,emb_place_67309264,,2026-08-18T10:00:00+05:30
kbc_4870f97d,cty_95e7c8ca,,food,Mumbai — Food,"The local kitchen in Mumbai is built around rice and coconut, and it is worth eating where the turnover is high rather than where the menu is longest. Vegetarian food is easy to find; strict Jain preparation is available at a smaller number of places and usually needs asking for. Street food is safest mid-morning and early evening when it is freshly made. Tap water is not recommended; sealed bottles and filtered refills are widely available.",en-IN,98,KV Place Guide / Mumbai / food,emb_place_4870f97d,,2026-08-18T10:00:00+05:30
kbc_d3dc9a32,cty_95e7c8ca,,transport,Mumbai — Transport,"Getting around Mumbai is straightforward if you pick the right mode for the distance. Auto-rickshaws work well under three kilometres and should be metered or agreed in advance. App-based cabs are reliable in the newer parts of the city and less so in the old lanes, where drivers will often ask you to walk the last stretch. Cycling is pleasant early; less so after nine.",en-IN,84,KV Place Guide / Mumbai / transport,emb_place_d3dc9a32,,2026-08-18T10:00:00+05:30
kbc_7cf08ec4,cty_95e7c8ca,,safety,Mumbai — Safety,"Mumbai is generally comfortable for travellers, with the usual caveats. Crowded market areas attract pickpocketing, so keep bags in front. Lone travellers report fewer problems in the central and heritage districts than in the outer transport hubs late at night. During winter the greater risk is heat or rain rather than crime — plan accordingly and carry water.",en-IN,75,KV Place Guide / Mumbai / safety,emb_place_7cf08ec4,,2026-08-18T10:00:00+05:30
kbc_6f4448e4,cty_95e7c8ca,,seasonal,Mumbai — Seasonal,"Season matters more in Mumbai than most travellers expect. winter brings the conditions most people come for, and the corresponding crowds and prices. The shoulder weeks either side are noticeably cheaper, with weather that is usually still workable. The off season is not empty — several of the best festivals fall in it — but some outlying sites reduce their hours.",en-IN,79,KV Place Guide / Mumbai / seasonal,emb_place_6f4448e4,winter,2026-08-18T10:00:00+05:30
kbc_1240145d,cty_95e7c8ca,,practical,Mumbai — Practical,"Practical notes for Mumbai: ATMs are common in the centre and sparse near the outlying sites, so carry some cash. Most mid-range hotels will hold luggage after checkout without charging. Mobile coverage is good in the city and patchy in the hills nearby. Sunday closures affect government museums more than private ones. Allow more time than the map suggests during festival weeks.",en-IN,80,KV Place Guide / Mumbai / practical,emb_place_1240145d,,2026-08-18T10:00:00+05:30
kbc_19082fa3,cty_621f4a84,,history,Pune — History,"Pune grew up around a fortified hill, and the shape of the old town still follows it. The Mughal period brought the walls and the gate names that survive on street signs today; the twentieth century brought the railway, which moved the commercial centre about two kilometres from where it had sat for four hundred years. Visitors who only see the modern centre often miss that the older quarter is walkable in an afternoon and considerably more interesting.",en-IN,101,KV Place Guide / Pune / history,emb_place_19082fa3,,2026-08-18T10:00:00+05:30
kbc_91856b86,cty_621f4a84,,culture,Pune — Culture,"Daily rhythm in Pune is worth understanding before you plan a day. Mornings start early — markets are busiest before nine — and the middle of the day slows noticeably, particularly in post monsoon. Evenings are social: the a temple tank fills up after seven and stays busy until quite late. Music and performance are common in public spaces during festival months rather than year-round.",en-IN,84,KV Place Guide / Pune / culture,emb_place_91856b86,,2026-08-18T10:00:00+05:30
kbc_442e8eba,cty_621f4a84,,etiquette,Pune — Etiquette,"A few things save awkwardness in Pune. Remove footwear at religious sites, and carry socks if the stone is hot. Photography of people, especially at prayer, is best asked about first; a gesture toward the camera is usually enough. Bargaining is expected in the bazaars and not in shops with printed prices. Tipping is modest but appreciated — rounding up is normal, twenty per cent is not.",en-IN,87,KV Place Guide / Pune / etiquette,emb_place_442e8eba,,2026-08-18T10:00:00+05:30
kbc_4e4e1445,cty_621f4a84,,food,Pune — Food,"The local kitchen in Pune is built around wheat and dairy, and it is worth eating where the turnover is high rather than where the menu is longest. Vegetarian food is easy to find; strict Jain preparation is available at a smaller number of places and usually needs asking for. Street food is safest mid-morning and early evening when it is freshly made. Tap water is not recommended; sealed bottles and filtered refills are widely available.",en-IN,98,KV Place Guide / Pune / food,emb_place_4e4e1445,,2026-08-18T10:00:00+05:30
kbc_dc10b64c,cty_621f4a84,,transport,Pune — Transport,"Getting around Pune is straightforward if you pick the right mode for the distance. Auto-rickshaws work well under three kilometres and should be metered or agreed in advance. App-based cabs are reliable in the newer parts of the city and less so in the old lanes, where drivers will often ask you to walk the last stretch. Cycling is pleasant early; less so after nine.",en-IN,84,KV Place Guide / Pune / transport,emb_place_dc10b64c,,2026-08-18T10:00:00+05:30
kbc_bcdf368f,cty_621f4a84,,safety,Pune — Safety,"Pune is generally comfortable for travellers, with the usual caveats. Crowded market areas attract pickpocketing, so keep bags in front. Lone travellers report fewer problems in the central and heritage districts than in the outer transport hubs late at night. During post monsoon the greater risk is heat or rain rather than crime — plan accordingly and carry water.",en-IN,76,KV Place Guide / Pune / safety,emb_place_bcdf368f,,2026-08-18T10:00:00+05:30
kbc_1f57e01f,cty_621f4a84,,seasonal,Pune — Seasonal,"Season matters more in Pune than most travellers expect. post monsoon brings the conditions most people come for, and the corresponding crowds and prices. The shoulder weeks either side are noticeably cheaper, with weather that is usually still workable. The off season is not empty — several of the best festivals fall in it — but some outlying sites reduce their hours.",en-IN,80,KV Place Guide / Pune / seasonal,emb_place_1f57e01f,post_monsoon,2026-08-18T10:00:00+05:30
kbc_3c1e0ab3,cty_621f4a84,,practical,Pune — Practical,"Practical notes for Pune: ATMs are common in the centre and sparse near the outlying sites, so carry some cash. Most mid-range hotels will hold luggage after checkout without charging. Mobile coverage is good in the city and patchy in the hills nearby. Sunday closures affect government museums more than private ones. Allow more time than the map suggests during festival weeks.",en-IN,80,KV Place Guide / Pune / practical,emb_place_3c1e0ab3,,2026-08-18T10:00:00+05:30
kbc_6066d30d,cty_f29656ff,,history,Aurangabad — History,"Aurangabad grew up around a temple tank, and the shape of the old town still follows it. The medieval period brought the walls and the gate names that survive on street signs today; the twentieth century brought the railway, which moved the commercial centre about two kilometres from where it had sat for four hundred years. Visitors who only see the modern centre often miss that the older quarter is walkable in an afternoon and considerably more interesting.",en-IN,101,KV Place Guide / Aurangabad / history,emb_place_6066d30d,,2026-08-18T10:00:00+05:30
kbc_fee8a660,cty_f29656ff,,culture,Aurangabad — Culture,"Daily rhythm in Aurangabad is worth understanding before you plan a day. Mornings start early — markets are busiest before nine — and the middle of the day slows noticeably, particularly in winter. Evenings are social: the a royal hunting reserve fills up after seven and stays busy until quite late. Music and performance are common in public spaces during festival months rather than year-round.",en-IN,84,KV Place Guide / Aurangabad / culture,emb_place_fee8a660,,2026-08-18T10:00:00+05:30
kbc_4c23b55f,cty_f29656ff,,etiquette,Aurangabad — Etiquette,"A few things save awkwardness in Aurangabad. Remove footwear at religious sites, and carry socks if the stone is hot. Photography of people, especially at prayer, is best asked about first; a gesture toward the camera is usually enough. Bargaining is expected in the bazaars and not in shops with printed prices. Tipping is modest but appreciated — rounding up is normal, twenty per cent is not.",en-IN,87,KV Place Guide / Aurangabad / etiquette,emb_place_4c23b55f,,2026-08-18T10:00:00+05:30
kbc_4ef2f2c2,cty_f29656ff,,food,Aurangabad — Food,"The local kitchen in Aurangabad is built around fermented batters, and it is worth eating where the turnover is high rather than where the menu is longest. Vegetarian food is easy to find; strict Jain preparation is available at a smaller number of places and usually needs asking for. Street food is safest mid-morning and early evening when it is freshly made. Tap water is not recommended; sealed bottles and filtered refills are widely available.",en-IN,97,KV Place Guide / Aurangabad / food,emb_place_4ef2f2c2,,2026-08-18T10:00:00+05:30
kbc_5fcbd32f,cty_f29656ff,,transport,Aurangabad — Transport,"Getting around Aurangabad is straightforward if you pick the right mode for the distance. Auto-rickshaws work well under three kilometres and should be metered or agreed in advance. App-based cabs are reliable in the newer parts of the city and less so in the old lanes, where drivers will often ask you to walk the last stretch. Cycling is pleasant early; less so after nine.",en-IN,84,KV Place Guide / Aurangabad / transport,emb_place_5fcbd32f,,2026-08-18T10:00:00+05:30
kbc_fae78148,cty_f29656ff,,safety,Aurangabad — Safety,"Aurangabad is generally comfortable for travellers, with the usual caveats. Crowded market areas attract pickpocketing, so keep bags in front. Lone travellers report fewer problems in the central and heritage districts than in the outer transport hubs late at night. During winter the greater risk is heat or rain rather than crime — plan accordingly and carry water.",en-IN,75,KV Place Guide / Aurangabad / safety,emb_place_fae78148,,2026-08-18T10:00:00+05:30
kbc_64da273e,cty_f29656ff,,seasonal,Aurangabad — Seasonal,"Season matters more in Aurangabad than most travellers expect. winter brings the conditions most people come for, and the corresponding crowds and prices. The shoulder weeks either side are noticeably cheaper, with weather that is usually still workable. The off season is not empty — several of the best festivals fall in it — but some outlying sites reduce their hours.",en-IN,79,KV Place Guide / Aurangabad / seasonal,emb_place_64da273e,winter,2026-08-18T10:00:00+05:30
kbc_3a0de98c,cty_f29656ff,,practical,Aurangabad — Practical,"Practical notes for Aurangabad: ATMs are common in the centre and sparse near the outlying sites, so carry some cash. Most mid-range hotels will hold luggage after checkout without charging. Mobile coverage is good in the city and patchy in the hills nearby. Sunday closures affect government museums more than private ones. Allow more time than the map suggests during festival weeks.",en-IN,80,KV Place Guide / Aurangabad / practical,emb_place_3a0de98c,,2026-08-18T10:00:00+05:30
kbc_cfefd949,cty_cfec17b6,,history,Ahmedabad — History,"Ahmedabad grew up around a river crossing, and the shape of the old town still follows it. The Maratha period brought the walls and the gate names that survive on street signs today; the twentieth century brought the railway, which moved the commercial centre about two kilometres from where it had sat for four hundred years. Visitors who only see the modern centre often miss that the older quarter is walkable in an afternoon and considerably more interesting.",en-IN,101,KV Place Guide / Ahmedabad / history,emb_place_cfefd949,,2026-08-18T10:00:00+05:30
kbc_3a61ea8a,cty_cfec17b6,,culture,Ahmedabad — Culture,"Daily rhythm in Ahmedabad is worth understanding before you plan a day. Mornings start early — markets are busiest before nine — and the middle of the day slows noticeably, particularly in winter. Evenings are social: the a rail junction fills up after seven and stays busy until quite late. Music and performance are common in public spaces during festival months rather than year-round.",en-IN,83,KV Place Guide / Ahmedabad / culture,emb_place_3a61ea8a,,2026-08-18T10:00:00+05:30
kbc_4069f4c0,cty_cfec17b6,,etiquette,Ahmedabad — Etiquette,"A few things save awkwardness in Ahmedabad. Remove footwear at religious sites, and carry socks if the stone is hot. Photography of people, especially at prayer, is best asked about first; a gesture toward the camera is usually enough. Bargaining is expected in the bazaars and not in shops with printed prices. Tipping is modest but appreciated — rounding up is normal, twenty per cent is not.",en-IN,87,KV Place Guide / Ahmedabad / etiquette,emb_place_4069f4c0,,2026-08-18T10:00:00+05:30
kbc_c81bd2d3,cty_cfec17b6,,food,Ahmedabad — Food,"The local kitchen in Ahmedabad is built around wheat and dairy, and it is worth eating where the turnover is high rather than where the menu is longest. Vegetarian food is easy to find; strict Jain preparation is available at a smaller number of places and usually needs asking for. Street food is safest mid-morning and early evening when it is freshly made. Tap water is not recommended; sealed bottles and filtered refills are widely available.",en-IN,98,KV Place Guide / Ahmedabad / food,emb_place_c81bd2d3,,2026-08-18T10:00:00+05:30
kbc_6c5c64a4,cty_cfec17b6,,transport,Ahmedabad — Transport,"Getting around Ahmedabad is straightforward if you pick the right mode for the distance. Auto-rickshaws work well under three kilometres and should be metered or agreed in advance. App-based cabs are reliable in the newer parts of the city and less so in the old lanes, where drivers will often ask you to walk the last stretch. Cycling is pleasant early; less so after nine.",en-IN,84,KV Place Guide / Ahmedabad / transport,emb_place_6c5c64a4,,2026-08-18T10:00:00+05:30
kbc_6296f177,cty_cfec17b6,,safety,Ahmedabad — Safety,"Ahmedabad is generally comfortable for travellers, with the usual caveats. Crowded market areas attract pickpocketing, so keep bags in front. Lone travellers report fewer problems in the central and heritage districts than in the outer transport hubs late at night. During winter the greater risk is heat or rain rather than crime — plan accordingly and carry water.",en-IN,75,KV Place Guide / Ahmedabad / safety,emb_place_6296f177,,2026-08-18T10:00:00+05:30
kbc_e2397e2e,cty_cfec17b6,,seasonal,Ahmedabad — Seasonal,"Season matters more in Ahmedabad than most travellers expect. winter brings the conditions most people come for, and the corresponding crowds and prices. The shoulder weeks either side are noticeably cheaper, with weather that is usually still workable. The off season is not empty — several of the best festivals fall in it — but some outlying sites reduce their hours.",en-IN,79,KV Place Guide / Ahmedabad / seasonal,emb_place_e2397e2e,winter,2026-08-18T10:00:00+05:30
kbc_c60c16ab,cty_cfec17b6,,practical,Ahmedabad — Practical,"Practical notes for Ahmedabad: ATMs are common in the centre and sparse near the outlying sites, so carry some cash. Most mid-range hotels will hold luggage after checkout without charging. Mobile coverage is good in the city and patchy in the hills nearby. Sunday closures affect government museums more than private ones. Allow more time than the map suggests during festival weeks.",en-IN,80,KV Place Guide / Ahmedabad / practical,emb_place_c60c16ab,,2026-08-18T10:00:00+05:30
kbc_b8c6aa0b,cty_caf3c1ee,,history,Bhuj — History,"Bhuj grew up around a rail junction, and the shape of the old town still follows it. The Maratha period brought the walls and the gate names that survive on street signs today; the twentieth century brought the railway, which moved the commercial centre about two kilometres from where it had sat for four hundred years. Visitors who only see the modern centre often miss that the older quarter is walkable in an afternoon and considerably more interesting.",en-IN,101,KV Place Guide / Bhuj / history,emb_place_b8c6aa0b,,2026-08-18T10:00:00+05:30
kbc_59d40fa0,cty_caf3c1ee,,culture,Bhuj — Culture,"Daily rhythm in Bhuj is worth understanding before you plan a day. Mornings start early — markets are busiest before nine — and the middle of the day slows noticeably, particularly in winter. Evenings are social: the a royal hunting reserve fills up after seven and stays busy until quite late. Music and performance are common in public spaces during festival months rather than year-round.",en-IN,84,KV Place Guide / Bhuj / culture,emb_place_59d40fa0,,2026-08-18T10:00:00+05:30
kbc_59bb14fa,cty_caf3c1ee,,etiquette,Bhuj — Etiquette,"A few things save awkwardness in Bhuj. Remove footwear at religious sites, and carry socks if the stone is hot. Photography of people, especially at prayer, is best asked about first; a gesture toward the camera is usually enough. Bargaining is expected in the bazaars and not in shops with printed prices. Tipping is modest but appreciated — rounding up is normal, twenty per cent is not.",en-IN,87,KV Place Guide / Bhuj / etiquette,emb_place_59bb14fa,,2026-08-18T10:00:00+05:30
kbc_9aac4609,cty_caf3c1ee,,food,Bhuj — Food,"The local kitchen in Bhuj is built around millet and chilli, and it is worth eating where the turnover is high rather than where the menu is longest. Vegetarian food is easy to find; strict Jain preparation is available at a smaller number of places and usually needs asking for. Street food is safest mid-morning and early evening when it is freshly made. Tap water is not recommended; sealed bottles and filtered refills are widely available.",en-IN,98,KV Place Guide / Bhuj / food,emb_place_9aac4609,,2026-08-18T10:00:00+05:30
kbc_22e354e2,cty_caf3c1ee,,transport,Bhuj — Transport,"Getting around Bhuj is straightforward if you pick the right mode for the distance. Auto-rickshaws work well under three kilometres and should be metered or agreed in advance. App-based cabs are reliable in the newer parts of the city and less so in the old lanes, where drivers will often ask you to walk the last stretch. Cycling is pleasant early; less so after nine.",en-IN,84,KV Place Guide / Bhuj / transport,emb_place_22e354e2,,2026-08-18T10:00:00+05:30
kbc_24704dee,cty_caf3c1ee,,safety,Bhuj — Safety,"Bhuj is generally comfortable for travellers, with the usual caveats. Crowded market areas attract pickpocketing, so keep bags in front. Lone travellers report fewer problems in the central and heritage districts than in the outer transport hubs late at night. During winter the greater risk is heat or rain rather than crime — plan accordingly and carry water.",en-IN,75,KV Place Guide / Bhuj / safety,emb_place_24704dee,,2026-08-18T10:00:00+05:30
kbc_fc23a07f,cty_caf3c1ee,,seasonal,Bhuj — Seasonal,"Season matters more in Bhuj than most travellers expect. winter brings the conditions most people come for, and the corresponding crowds and prices. The shoulder weeks either side are noticeably cheaper, with weather that is usually still workable. The off season is not empty — several of the best festivals fall in it — but some outlying sites reduce their hours.",en-IN,79,KV Place Guide / Bhuj / seasonal,emb_place_fc23a07f,winter,2026-08-18T10:00:00+05:30
kbc_6ae7d00f,cty_caf3c1ee,,practical,Bhuj — Practical,"Practical notes for Bhuj: ATMs are common in the centre and sparse near the outlying sites, so carry some cash. Most mid-range hotels will hold luggage after checkout without charging. Mobile coverage is good in the city and patchy in the hills nearby. Sunday closures affect government museums more than private ones. Allow more time than the map suggests during festival weeks.",en-IN,80,KV Place Guide / Bhuj / practical,emb_place_6ae7d00f,,2026-08-18T10:00:00+05:30
kbc_fba8c82f,cty_43d0a650,,history,Panaji — History,"Panaji grew up around a temple tank, and the shape of the old town still follows it. The Rajput period brought the walls and the gate names that survive on street signs today; the twentieth century brought the railway, which moved the commercial centre about two kilometres from where it had sat for four hundred years. Visitors who only see the modern centre often miss that the older quarter is walkable in an afternoon and considerably more interesting.",en-IN,101,KV Place Guide / Panaji / history,emb_place_fba8c82f,,2026-08-18T10:00:00+05:30
kbc_f2100053,cty_43d0a650,,culture,Panaji — Culture,"Daily rhythm in Panaji is worth understanding before you plan a day. Mornings start early — markets are busiest before nine — and the middle of the day slows noticeably, particularly in winter. Evenings are social: the a natural harbour fills up after seven and stays busy until quite late. Music and performance are common in public spaces during festival months rather than year-round.",en-IN,83,KV Place Guide / Panaji / culture,emb_place_f2100053,,2026-08-18T10:00:00+05:30
kbc_16c046d1,cty_43d0a650,,etiquette,Panaji — Etiquette,"A few things save awkwardness in Panaji. Remove footwear at religious sites, and carry socks if the stone is hot. Photography of people, especially at prayer, is best asked about first; a gesture toward the camera is usually enough. Bargaining is expected in the bazaars and not in shops with printed prices. Tipping is modest but appreciated — rounding up is normal, twenty per cent is not.",en-IN,87,KV Place Guide / Panaji / etiquette,emb_place_16c046d1,,2026-08-18T10:00:00+05:30
kbc_91570e4a,cty_43d0a650,,food,Panaji — Food,"The local kitchen in Panaji is built around wheat and dairy, and it is worth eating where the turnover is high rather than where the menu is longest. Vegetarian food is easy to find; strict Jain preparation is available at a smaller number of places and usually needs asking for. Street food is safest mid-morning and early evening when it is freshly made. Tap water is not recommended; sealed bottles and filtered refills are widely available.",en-IN,98,KV Place Guide / Panaji / food,emb_place_91570e4a,,2026-08-18T10:00:00+05:30
kbc_76243005,cty_43d0a650,,transport,Panaji — Transport,"Getting around Panaji is straightforward if you pick the right mode for the distance. Auto-rickshaws work well under three kilometres and should be metered or agreed in advance. App-based cabs are reliable in the newer parts of the city and less so in the old lanes, where drivers will often ask you to walk the last stretch. Cycling is pleasant early; less so after nine.",en-IN,84,KV Place Guide / Panaji / transport,emb_place_76243005,,2026-08-18T10:00:00+05:30
kbc_b4ad0242,cty_43d0a650,,safety,Panaji — Safety,"Panaji is generally comfortable for travellers, with the usual caveats. Crowded market areas attract pickpocketing, so keep bags in front. Lone travellers report fewer problems in the central and heritage districts than in the outer transport hubs late at night. During winter the greater risk is heat or rain rather than crime — plan accordingly and carry water.",en-IN,75,KV Place Guide / Panaji / safety,emb_place_b4ad0242,,2026-08-18T10:00:00+05:30
kbc_2ecf988a,cty_43d0a650,,seasonal,Panaji — Seasonal,"Season matters more in Panaji than most travellers expect. winter brings the conditions most people come for, and the corresponding crowds and prices. The shoulder weeks either side are noticeably cheaper, with weather that is usually still workable. The off season is not empty — several of the best festivals fall in it — but some outlying sites reduce their hours.",en-IN,79,KV Place Guide / Panaji / seasonal,emb_place_2ecf988a,winter,2026-08-18T10:00:00+05:30
kbc_08792a1d,cty_43d0a650,,practical,Panaji — Practical,"Practical notes for Panaji: ATMs are common in the centre and sparse near the outlying sites, so carry some cash. Most mid-range hotels will hold luggage after checkout without charging. Mobile coverage is good in the city and patchy in the hills nearby. Sunday closures affect government museums more than private ones. Allow more time than the map suggests during festival weeks.",en-IN,80,KV Place Guide / Panaji / practical,emb_place_08792a1d,,2026-08-18T10:00:00+05:30
kbc_e0f7d5ed,cty_17b8ef2f,,history,Bengaluru — History,"Bengaluru grew up around a royal hunting reserve, and the shape of the old town still follows it. The early modern period brought the walls and the gate names that survive on street signs today; the twentieth century brought the railway, which moved the commercial centre about two kilometres from where it had sat for four hundred years. Visitors who only see the modern centre often miss that the older quarter is walkable in an afternoon and considerably more interesting.",en-IN,104,KV Place Guide / Bengaluru / history,emb_place_e0f7d5ed,,2026-08-18T10:00:00+05:30
kbc_1a1b6b6b,cty_17b8ef2f,,culture,Bengaluru — Culture,"Daily rhythm in Bengaluru is worth understanding before you plan a day. Mornings start early — markets are busiest before nine — and the middle of the day slows noticeably, particularly in post monsoon. Evenings are social: the a royal hunting reserve fills up after seven and stays busy until quite late. Music and performance are common in public spaces during festival months rather than year-round.",en-IN,85,KV Place Guide / Bengaluru / culture,emb_place_1a1b6b6b,,2026-08-18T10:00:00+05:30
kbc_b16a8343,cty_17b8ef2f,,etiquette,Bengaluru — Etiquette,"A few things save awkwardness in Bengaluru. Remove footwear at religious sites, and carry socks if the stone is hot. Photography of people, especially at prayer, is best asked about first; a gesture toward the camera is usually enough. Bargaining is expected in the bazaars and not in shops with printed prices. Tipping is modest but appreciated — rounding up is normal, twenty per cent is not.",en-IN,87,KV Place Guide / Bengaluru / etiquette,emb_place_b16a8343,,2026-08-18T10:00:00+05:30
kbc_4f0b881f,cty_17b8ef2f,,food,Bengaluru — Food,"The local kitchen in Bengaluru is built around rice and coconut, and it is worth eating where the turnover is high rather than where the menu is longest. Vegetarian food is easy to find; strict Jain preparation is available at a smaller number of places and usually needs asking for. Street food is safest mid-morning and early evening when it is freshly made. Tap water is not recommended; sealed bottles and filtered refills are widely available.",en-IN,98,KV Place Guide / Bengaluru / food,emb_place_4f0b881f,,2026-08-18T10:00:00+05:30
kbc_57c02d4b,cty_17b8ef2f,,transport,Bengaluru — Transport,"Getting around Bengaluru is straightforward if you pick the right mode for the distance. Auto-rickshaws work well under three kilometres and should be metered or agreed in advance. App-based cabs are reliable in the newer parts of the city and less so in the old lanes, where drivers will often ask you to walk the last stretch. Cycling is pleasant early; less so after nine.",en-IN,84,KV Place Guide / Bengaluru / transport,emb_place_57c02d4b,,2026-08-18T10:00:00+05:30
kbc_cde279f7,cty_17b8ef2f,,safety,Bengaluru — Safety,"Bengaluru is generally comfortable for travellers, with the usual caveats. Crowded market areas attract pickpocketing, so keep bags in front. Lone travellers report fewer problems in the central and heritage districts than in the outer transport hubs late at night. During post monsoon the greater risk is heat or rain rather than crime — plan accordingly and carry water.",en-IN,76,KV Place Guide / Bengaluru / safety,emb_place_cde279f7,,2026-08-18T10:00:00+05:30
kbc_c5b4d383,cty_17b8ef2f,,seasonal,Bengaluru — Seasonal,"Season matters more in Bengaluru than most travellers expect. post monsoon brings the conditions most people come for, and the corresponding crowds and prices. The shoulder weeks either side are noticeably cheaper, with weather that is usually still workable. The off season is not empty — several of the best festivals fall in it — but some outlying sites reduce their hours.",en-IN,80,KV Place Guide / Bengaluru / seasonal,emb_place_c5b4d383,post_monsoon,2026-08-18T10:00:00+05:30
kbc_4b801bfb,cty_17b8ef2f,,practical,Bengaluru — Practical,"Practical notes for Bengaluru: ATMs are common in the centre and sparse near the outlying sites, so carry some cash. Most mid-range hotels will hold luggage after checkout without charging. Mobile coverage is good in the city and patchy in the hills nearby. Sunday closures affect government museums more than private ones. Allow more time than the map suggests during festival weeks.",en-IN,80,KV Place Guide / Bengaluru / practical,emb_place_4b801bfb,,2026-08-18T10:00:00+05:30
kbc_41768946,cty_8fc1539e,,history,Mysuru — History,"Mysuru grew up around a fortified hill, and the shape of the old town still follows it. The Chola period brought the walls and the gate names that survive on street signs today; the twentieth century brought the railway, which moved the commercial centre about two kilometres from where it had sat for four hundred years. Visitors who only see the modern centre often miss that the older quarter is walkable in an afternoon and considerably more interesting.",en-IN,101,KV Place Guide / Mysuru / history,emb_place_41768946,,2026-08-18T10:00:00+05:30
kbc_e6ae5c9b,cty_8fc1539e,,culture,Mysuru — Culture,"Daily rhythm in Mysuru is worth understanding before you plan a day. Mornings start early — markets are busiest before nine — and the middle of the day slows noticeably, particularly in post monsoon. Evenings are social: the a fortified hill fills up after seven and stays busy until quite late. Music and performance are common in public spaces during festival months rather than year-round.",en-IN,84,KV Place Guide / Mysuru / culture,emb_place_e6ae5c9b,,2026-08-18T10:00:00+05:30
kbc_6aba1468,cty_8fc1539e,,etiquette,Mysuru — Etiquette,"A few things save awkwardness in Mysuru. Remove footwear at religious sites, and carry socks if the stone is hot. Photography of people, especially at prayer, is best asked about first; a gesture toward the camera is usually enough. Bargaining is expected in the bazaars and not in shops with printed prices. Tipping is modest but appreciated — rounding up is normal, twenty per cent is not.",en-IN,87,KV Place Guide / Mysuru / etiquette,emb_place_6aba1468,,2026-08-18T10:00:00+05:30
kbc_0c545f81,cty_8fc1539e,,food,Mysuru — Food,"The local kitchen in Mysuru is built around wheat and dairy, and it is worth eating where the turnover is high rather than where the menu is longest. Vegetarian food is easy to find; strict Jain preparation is available at a smaller number of places and usually needs asking for. Street food is safest mid-morning and early evening when it is freshly made. Tap water is not recommended; sealed bottles and filtered refills are widely available.",en-IN,98,KV Place Guide / Mysuru / food,emb_place_0c545f81,,2026-08-18T10:00:00+05:30
kbc_15c82bcf,cty_8fc1539e,,transport,Mysuru — Transport,"Getting around Mysuru is straightforward if you pick the right mode for the distance. Auto-rickshaws work well under three kilometres and should be metered or agreed in advance. App-based cabs are reliable in the newer parts of the city and less so in the old lanes, where drivers will often ask you to walk the last stretch. Cycling is pleasant early; less so after nine.",en-IN,84,KV Place Guide / Mysuru / transport,emb_place_15c82bcf,,2026-08-18T10:00:00+05:30
kbc_6b1e5e6d,cty_8fc1539e,,safety,Mysuru — Safety,"Mysuru is generally comfortable for travellers, with the usual caveats. Crowded market areas attract pickpocketing, so keep bags in front. Lone travellers report fewer problems in the central and heritage districts than in the outer transport hubs late at night. During post monsoon the greater risk is heat or rain rather than crime — plan accordingly and carry water.",en-IN,76,KV Place Guide / Mysuru / safety,emb_place_6b1e5e6d,,2026-08-18T10:00:00+05:30
kbc_e9b6e7c8,cty_8fc1539e,,seasonal,Mysuru — Seasonal,"Season matters more in Mysuru than most travellers expect. post monsoon brings the conditions most people come for, and the corresponding crowds and prices. The shoulder weeks either side are noticeably cheaper, with weather that is usually still workable. The off season is not empty — several of the best festivals fall in it — but some outlying sites reduce their hours.",en-IN,80,KV Place Guide / Mysuru / seasonal,emb_place_e9b6e7c8,post_monsoon,2026-08-18T10:00:00+05:30
kbc_6556d28a,cty_8fc1539e,,practical,Mysuru — Practical,"Practical notes for Mysuru: ATMs are common in the centre and sparse near the outlying sites, so carry some cash. Most mid-range hotels will hold luggage after checkout without charging. Mobile coverage is good in the city and patchy in the hills nearby. Sunday closures affect government museums more than private ones. Allow more time than the map suggests during festival weeks.",en-IN,80,KV Place Guide / Mysuru / practical,emb_place_6556d28a,,2026-08-18T10:00:00+05:30
kbc_efd7ff91,cty_bbb31d67,,history,Hampi — History,"Hampi grew up around a river crossing, and the shape of the old town still follows it. The Maratha period brought the walls and the gate names that survive on street signs today; the twentieth century brought the railway, which moved the commercial centre about two kilometres from where it had sat for four hundred years. Visitors who only see the modern centre often miss that the older quarter is walkable in an afternoon and considerably more interesting.",en-IN,101,KV Place Guide / Hampi / history,emb_place_efd7ff91,,2026-08-18T10:00:00+05:30
kbc_ca21f152,cty_bbb31d67,,culture,Hampi — Culture,"Daily rhythm in Hampi is worth understanding before you plan a day. Mornings start early — markets are busiest before nine — and the middle of the day slows noticeably, particularly in winter. Evenings are social: the a temple tank fills up after seven and stays busy until quite late. Music and performance are common in public spaces during festival months rather than year-round.",en-IN,83,KV Place Guide / Hampi / culture,emb_place_ca21f152,,2026-08-18T10:00:00+05:30
kbc_2d1beb32,cty_bbb31d67,,etiquette,Hampi — Etiquette,"A few things save awkwardness in Hampi. Remove footwear at religious sites, and carry socks if the stone is hot. Photography of people, especially at prayer, is best asked about first; a gesture toward the camera is usually enough. Bargaining is expected in the bazaars and not in shops with printed prices. Tipping is modest but appreciated — rounding up is normal, twenty per cent is not.",en-IN,87,KV Place Guide / Hampi / etiquette,emb_place_2d1beb32,,2026-08-18T10:00:00+05:30
kbc_dd680e5a,cty_bbb31d67,,food,Hampi — Food,"The local kitchen in Hampi is built around fish and tamarind, and it is worth eating where the turnover is high rather than where the menu is longest. Vegetarian food is easy to find; strict Jain preparation is available at a smaller number of places and usually needs asking for. Street food is safest mid-morning and early evening when it is freshly made. Tap water is not recommended; sealed bottles and filtered refills are widely available.",en-IN,98,KV Place Guide / Hampi / food,emb_place_dd680e5a,,2026-08-18T10:00:00+05:30
kbc_2468ac3b,cty_bbb31d67,,transport,Hampi — Transport,"Getting around Hampi is straightforward if you pick the right mode for the distance. Auto-rickshaws work well under three kilometres and should be metered or agreed in advance. App-based cabs are reliable in the newer parts of the city and less so in the old lanes, where drivers will often ask you to walk the last stretch. Cycling is pleasant early; less so after nine.",en-IN,84,KV Place Guide / Hampi / transport,emb_place_2468ac3b,,2026-08-18T10:00:00+05:30
kbc_f13a8c2b,cty_bbb31d67,,safety,Hampi — Safety,"Hampi is generally comfortable for travellers, with the usual caveats. Crowded market areas attract pickpocketing, so keep bags in front. Lone travellers report fewer problems in the central and heritage districts than in the outer transport hubs late at night. During winter the greater risk is heat or rain rather than crime — plan accordingly and carry water.",en-IN,75,KV Place Guide / Hampi / safety,emb_place_f13a8c2b,,2026-08-18T10:00:00+05:30
kbc_f150e6cd,cty_bbb31d67,,seasonal,Hampi — Seasonal,"Season matters more in Hampi than most travellers expect. winter brings the conditions most people come for, and the corresponding crowds and prices. The shoulder weeks either side are noticeably cheaper, with weather that is usually still workable. The off season is not empty — several of the best festivals fall in it — but some outlying sites reduce their hours.",en-IN,79,KV Place Guide / Hampi / seasonal,emb_place_f150e6cd,winter,2026-08-18T10:00:00+05:30
kbc_05fc92f5,cty_bbb31d67,,practical,Hampi — Practical,"Practical notes for Hampi: ATMs are common in the centre and sparse near the outlying sites, so carry some cash. Most mid-range hotels will hold luggage after checkout without charging. Mobile coverage is good in the city and patchy in the hills nearby. Sunday closures affect government museums more than private ones. Allow more time than the map suggests during festival weeks.",en-IN,80,KV Place Guide / Hampi / practical,emb_place_05fc92f5,,2026-08-18T10:00:00+05:30
kbc_a14d6ad1,cty_a97c33ad,,history,Gokarna — History,"Gokarna grew up around a natural harbour, and the shape of the old town still follows it. The medieval period brought the walls and the gate names that survive on street signs today; the twentieth century brought the railway, which moved the commercial centre about two kilometres from where it had sat for four hundred years. Visitors who only see the modern centre often miss that the older quarter is walkable in an afternoon and considerably more interesting.",en-IN,101,KV Place Guide / Gokarna / history,emb_place_a14d6ad1,,2026-08-18T10:00:00+05:30
kbc_b2b9a6c0,cty_a97c33ad,,culture,Gokarna — Culture,"Daily rhythm in Gokarna is worth understanding before you plan a day. Mornings start early — markets are busiest before nine — and the middle of the day slows noticeably, particularly in winter. Evenings are social: the a royal hunting reserve fills up after seven and stays busy until quite late. Music and performance are common in public spaces during festival months rather than year-round.",en-IN,84,KV Place Guide / Gokarna / culture,emb_place_b2b9a6c0,,2026-08-18T10:00:00+05:30
kbc_f312e853,cty_a97c33ad,,etiquette,Gokarna — Etiquette,"A few things save awkwardness in Gokarna. Remove footwear at religious sites, and carry socks if the stone is hot. Photography of people, especially at prayer, is best asked about first; a gesture toward the camera is usually enough. Bargaining is expected in the bazaars and not in shops with printed prices. Tipping is modest but appreciated — rounding up is normal, twenty per cent is not.",en-IN,87,KV Place Guide / Gokarna / etiquette,emb_place_f312e853,,2026-08-18T10:00:00+05:30
kbc_9deb8128,cty_a97c33ad,,food,Gokarna — Food,"The local kitchen in Gokarna is built around millet and chilli, and it is worth eating where the turnover is high rather than where the menu is longest. Vegetarian food is easy to find; strict Jain preparation is available at a smaller number of places and usually needs asking for. Street food is safest mid-morning and early evening when it is freshly made. Tap water is not recommended; sealed bottles and filtered refills are widely available.",en-IN,98,KV Place Guide / Gokarna / food,emb_place_9deb8128,,2026-08-18T10:00:00+05:30
kbc_9bc17e26,cty_a97c33ad,,transport,Gokarna — Transport,"Getting around Gokarna is straightforward if you pick the right mode for the distance. Auto-rickshaws work well under three kilometres and should be metered or agreed in advance. App-based cabs are reliable in the newer parts of the city and less so in the old lanes, where drivers will often ask you to walk the last stretch. Cycling is pleasant early; less so after nine.",en-IN,84,KV Place Guide / Gokarna / transport,emb_place_9bc17e26,,2026-08-18T10:00:00+05:30
kbc_62af88a6,cty_a97c33ad,,safety,Gokarna — Safety,"Gokarna is generally comfortable for travellers, with the usual caveats. Crowded market areas attract pickpocketing, so keep bags in front. Lone travellers report fewer problems in the central and heritage districts than in the outer transport hubs late at night. During winter the greater risk is heat or rain rather than crime — plan accordingly and carry water.",en-IN,75,KV Place Guide / Gokarna / safety,emb_place_62af88a6,,2026-08-18T10:00:00+05:30
kbc_8338892a,cty_a97c33ad,,seasonal,Gokarna — Seasonal,"Season matters more in Gokarna than most travellers expect. winter brings the conditions most people come for, and the corresponding crowds and prices. The shoulder weeks either side are noticeably cheaper, with weather that is usually still workable. The off season is not empty — several of the best festivals fall in it — but some outlying sites reduce their hours.",en-IN,79,KV Place Guide / Gokarna / seasonal,emb_place_8338892a,winter,2026-08-18T10:00:00+05:30
kbc_23c1930d,cty_a97c33ad,,practical,Gokarna — Practical,"Practical notes for Gokarna: ATMs are common in the centre and sparse near the outlying sites, so carry some cash. Most mid-range hotels will hold luggage after checkout without charging. Mobile coverage is good in the city and patchy in the hills nearby. Sunday closures affect government museums more than private ones. Allow more time than the map suggests during festival weeks.",en-IN,80,KV Place Guide / Gokarna / practical,emb_place_23c1930d,,2026-08-18T10:00:00+05:30
kbc_89fd82e3,cty_f8b75f8e,,history,Chennai — History,"Chennai grew up around a fortified hill, and the shape of the old town still follows it. The Mughal period brought the walls and the gate names that survive on street signs today; the twentieth century brought the railway, which moved the commercial centre about two kilometres from where it had sat for four hundred years. Visitors who only see the modern centre often miss that the older quarter is walkable in an afternoon and considerably more interesting.",en-IN,101,KV Place Guide / Chennai / history,emb_place_89fd82e3,,2026-08-18T10:00:00+05:30
kbc_dd9dc100,cty_f8b75f8e,,culture,Chennai — Culture,"Daily rhythm in Chennai is worth understanding before you plan a day. Mornings start early — markets are busiest before nine — and the middle of the day slows noticeably, particularly in winter. Evenings are social: the a fortified hill fills up after seven and stays busy until quite late. Music and performance are common in public spaces during festival months rather than year-round.",en-IN,83,KV Place Guide / Chennai / culture,emb_place_dd9dc100,,2026-08-18T10:00:00+05:30
kbc_8f5ee07d,cty_f8b75f8e,,etiquette,Chennai — Etiquette,"A few things save awkwardness in Chennai. Remove footwear at religious sites, and carry socks if the stone is hot. Photography of people, especially at prayer, is best asked about first; a gesture toward the camera is usually enough. Bargaining is expected in the bazaars and not in shops with printed prices. Tipping is modest but appreciated — rounding up is normal, twenty per cent is not.",en-IN,87,KV Place Guide / Chennai / etiquette,emb_place_8f5ee07d,,2026-08-18T10:00:00+05:30
kbc_9f917699,cty_f8b75f8e,,food,Chennai — Food,"The local kitchen in Chennai is built around wheat and dairy, and it is worth eating where the turnover is high rather than where the menu is longest. Vegetarian food is easy to find; strict Jain preparation is available at a smaller number of places and usually needs asking for. Street food is safest mid-morning and early evening when it is freshly made. Tap water is not recommended; sealed bottles and filtered refills are widely available.",en-IN,98,KV Place Guide / Chennai / food,emb_place_9f917699,,2026-08-18T10:00:00+05:30
kbc_3fa23814,cty_f8b75f8e,,transport,Chennai — Transport,"Getting around Chennai is straightforward if you pick the right mode for the distance. Auto-rickshaws work well under three kilometres and should be metered or agreed in advance. App-based cabs are reliable in the newer parts of the city and less so in the old lanes, where drivers will often ask you to walk the last stretch. Cycling is pleasant early; less so after nine.",en-IN,84,KV Place Guide / Chennai / transport,emb_place_3fa23814,,2026-08-18T10:00:00+05:30
kbc_5c287cad,cty_f8b75f8e,,safety,Chennai — Safety,"Chennai is generally comfortable for travellers, with the usual caveats. Crowded market areas attract pickpocketing, so keep bags in front. Lone travellers report fewer problems in the central and heritage districts than in the outer transport hubs late at night. During winter the greater risk is heat or rain rather than crime — plan accordingly and carry water.",en-IN,75,KV Place Guide / Chennai / safety,emb_place_5c287cad,,2026-08-18T10:00:00+05:30
kbc_c1e76aaf,cty_f8b75f8e,,seasonal,Chennai — Seasonal,"Season matters more in Chennai than most travellers expect. winter brings the conditions most people come for, and the corresponding crowds and prices. The shoulder weeks either side are noticeably cheaper, with weather that is usually still workable. The off season is not empty — several of the best festivals fall in it — but some outlying sites reduce their hours.",en-IN,79,KV Place Guide / Chennai / seasonal,emb_place_c1e76aaf,winter,2026-08-18T10:00:00+05:30
kbc_628adea6,cty_f8b75f8e,,practical,Chennai — Practical,"Practical notes for Chennai: ATMs are common in the centre and sparse near the outlying sites, so carry some cash. Most mid-range hotels will hold luggage after checkout without charging. Mobile coverage is good in the city and patchy in the hills nearby. Sunday closures affect government museums more than private ones. Allow more time than the map suggests during festival weeks.",en-IN,80,KV Place Guide / Chennai / practical,emb_place_628adea6,,2026-08-18T10:00:00+05:30
kbc_fe2cb094,cty_3503e391,,history,Madurai — History,"Madurai grew up around a temple tank, and the shape of the old town still follows it. The Maratha period brought the walls and the gate names that survive on street signs today; the twentieth century brought the railway, which moved the commercial centre about two kilometres from where it had sat for four hundred years. Visitors who only see the modern centre often miss that the older quarter is walkable in an afternoon and considerably more interesting.",en-IN,101,KV Place Guide / Madurai / history,emb_place_fe2cb094,,2026-08-18T10:00:00+05:30
kbc_c1293214,cty_3503e391,,culture,Madurai — Culture,"Daily rhythm in Madurai is worth understanding before you plan a day. Mornings start early — markets are busiest before nine — and the middle of the day slows noticeably, particularly in winter. Evenings are social: the a rail junction fills up after seven and stays busy until quite late. Music and performance are common in public spaces during festival months rather than year-round.",en-IN,83,KV Place Guide / Madurai / culture,emb_place_c1293214,,2026-08-18T10:00:00+05:30
kbc_9a44bc00,cty_3503e391,,etiquette,Madurai — Etiquette,"A few things save awkwardness in Madurai. Remove footwear at religious sites, and carry socks if the stone is hot. Photography of people, especially at prayer, is best asked about first; a gesture toward the camera is usually enough. Bargaining is expected in the bazaars and not in shops with printed prices. Tipping is modest but appreciated — rounding up is normal, twenty per cent is not.",en-IN,87,KV Place Guide / Madurai / etiquette,emb_place_9a44bc00,,2026-08-18T10:00:00+05:30
kbc_6c2158c6,cty_3503e391,,food,Madurai — Food,"The local kitchen in Madurai is built around wheat and dairy, and it is worth eating where the turnover is high rather than where the menu is longest. Vegetarian food is easy to find; strict Jain preparation is available at a smaller number of places and usually needs asking for. Street food is safest mid-morning and early evening when it is freshly made. Tap water is not recommended; sealed bottles and filtered refills are widely available.",en-IN,98,KV Place Guide / Madurai / food,emb_place_6c2158c6,,2026-08-18T10:00:00+05:30
kbc_59a1c10b,cty_3503e391,,transport,Madurai — Transport,"Getting around Madurai is straightforward if you pick the right mode for the distance. Auto-rickshaws work well under three kilometres and should be metered or agreed in advance. App-based cabs are reliable in the newer parts of the city and less so in the old lanes, where drivers will often ask you to walk the last stretch. Cycling is pleasant early; less so after nine.",en-IN,84,KV Place Guide / Madurai / transport,emb_place_59a1c10b,,2026-08-18T10:00:00+05:30
kbc_1c5c6213,cty_3503e391,,safety,Madurai — Safety,"Madurai is generally comfortable for travellers, with the usual caveats. Crowded market areas attract pickpocketing, so keep bags in front. Lone travellers report fewer problems in the central and heritage districts than in the outer transport hubs late at night. During winter the greater risk is heat or rain rather than crime — plan accordingly and carry water.",en-IN,75,KV Place Guide / Madurai / safety,emb_place_1c5c6213,,2026-08-18T10:00:00+05:30
kbc_826831df,cty_3503e391,,seasonal,Madurai — Seasonal,"Season matters more in Madurai than most travellers expect. winter brings the conditions most people come for, and the corresponding crowds and prices. The shoulder weeks either side are noticeably cheaper, with weather that is usually still workable. The off season is not empty — several of the best festivals fall in it — but some outlying sites reduce their hours.",en-IN,79,KV Place Guide / Madurai / seasonal,emb_place_826831df,winter,2026-08-18T10:00:00+05:30
kbc_e2abd641,cty_3503e391,,practical,Madurai — Practical,"Practical notes for Madurai: ATMs are common in the centre and sparse near the outlying sites, so carry some cash. Most mid-range hotels will hold luggage after checkout without charging. Mobile coverage is good in the city and patchy in the hills nearby. Sunday closures affect government museums more than private ones. Allow more time than the map suggests during festival weeks.",en-IN,80,KV Place Guide / Madurai / practical,emb_place_e2abd641,,2026-08-18T10:00:00+05:30
kbc_93273dbe,cty_7fc82336,,history,Ooty — History,"Ooty grew up around a natural harbour, and the shape of the old town still follows it. The Mughal period brought the walls and the gate names that survive on street signs today; the twentieth century brought the railway, which moved the commercial centre about two kilometres from where it had sat for four hundred years. Visitors who only see the modern centre often miss that the older quarter is walkable in an afternoon and considerably more interesting.",en-IN,101,KV Place Guide / Ooty / history,emb_place_93273dbe,,2026-08-18T10:00:00+05:30
kbc_4efdccef,cty_7fc82336,,culture,Ooty — Culture,"Daily rhythm in Ooty is worth understanding before you plan a day. Mornings start early — markets are busiest before nine — and the middle of the day slows noticeably, particularly in summer. Evenings are social: the a river crossing fills up after seven and stays busy until quite late. Music and performance are common in public spaces during festival months rather than year-round.",en-IN,83,KV Place Guide / Ooty / culture,emb_place_4efdccef,,2026-08-18T10:00:00+05:30
kbc_0cf48601,cty_7fc82336,,etiquette,Ooty — Etiquette,"A few things save awkwardness in Ooty. Remove footwear at religious sites, and carry socks if the stone is hot. Photography of people, especially at prayer, is best asked about first; a gesture toward the camera is usually enough. Bargaining is expected in the bazaars and not in shops with printed prices. Tipping is modest but appreciated — rounding up is normal, twenty per cent is not.",en-IN,87,KV Place Guide / Ooty / etiquette,emb_place_0cf48601,,2026-08-18T10:00:00+05:30
kbc_b3e87a7c,cty_7fc82336,,food,Ooty — Food,"The local kitchen in Ooty is built around rice and coconut, and it is worth eating where the turnover is high rather than where the menu is longest. Vegetarian food is easy to find; strict Jain preparation is available at a smaller number of places and usually needs asking for. Street food is safest mid-morning and early evening when it is freshly made. Tap water is not recommended; sealed bottles and filtered refills are widely available.",en-IN,98,KV Place Guide / Ooty / food,emb_place_b3e87a7c,,2026-08-18T10:00:00+05:30
kbc_3b313991,cty_7fc82336,,transport,Ooty — Transport,"Getting around Ooty is straightforward if you pick the right mode for the distance. Auto-rickshaws work well under three kilometres and should be metered or agreed in advance. App-based cabs are reliable in the newer parts of the city and less so in the old lanes, where drivers will often ask you to walk the last stretch. Cycling is pleasant early; less so after nine.",en-IN,84,KV Place Guide / Ooty / transport,emb_place_3b313991,,2026-08-18T10:00:00+05:30
kbc_dff24750,cty_7fc82336,,safety,Ooty — Safety,"Ooty is generally comfortable for travellers, with the usual caveats. Crowded market areas attract pickpocketing, so keep bags in front. Lone travellers report fewer problems in the central and heritage districts than in the outer transport hubs late at night. During summer the greater risk is heat or rain rather than crime — plan accordingly and carry water.",en-IN,75,KV Place Guide / Ooty / safety,emb_place_dff24750,,2026-08-18T10:00:00+05:30
kbc_669adf2f,cty_7fc82336,,seasonal,Ooty — Seasonal,"Season matters more in Ooty than most travellers expect. summer brings the conditions most people come for, and the corresponding crowds and prices. The shoulder weeks either side are noticeably cheaper, with weather that is usually still workable. The off season is not empty — several of the best festivals fall in it — but some outlying sites reduce their hours.",en-IN,79,KV Place Guide / Ooty / seasonal,emb_place_669adf2f,summer,2026-08-18T10:00:00+05:30
kbc_3c16ca3f,cty_7fc82336,,practical,Ooty — Practical,"Practical notes for Ooty: ATMs are common in the centre and sparse near the outlying sites, so carry some cash. Most mid-range hotels will hold luggage after checkout without charging. Mobile coverage is good in the city and patchy in the hills nearby. Sunday closures affect government museums more than private ones. Allow more time than the map suggests during festival weeks.",en-IN,80,KV Place Guide / Ooty / practical,emb_place_3c16ca3f,,2026-08-18T10:00:00+05:30
kbc_165a55f1,cty_f288c6a0,,history,Pondicherry — History,"Pondicherry grew up around a temple tank, and the shape of the old town still follows it. The Rajput period brought the walls and the gate names that survive on street signs today; the twentieth century brought the railway, which moved the commercial centre about two kilometres from where it had sat for four hundred years. Visitors who only see the modern centre often miss that the older quarter is walkable in an afternoon and considerably more interesting.",en-IN,101,KV Place Guide / Pondicherry / history,emb_place_165a55f1,,2026-08-18T10:00:00+05:30
kbc_0424f0d3,cty_f288c6a0,,culture,Pondicherry — Culture,"Daily rhythm in Pondicherry is worth understanding before you plan a day. Mornings start early — markets are busiest before nine — and the middle of the day slows noticeably, particularly in winter. Evenings are social: the a royal hunting reserve fills up after seven and stays busy until quite late. Music and performance are common in public spaces during festival months rather than year-round.",en-IN,84,KV Place Guide / Pondicherry / culture,emb_place_0424f0d3,,2026-08-18T10:00:00+05:30
kbc_821aee5d,cty_f288c6a0,,etiquette,Pondicherry — Etiquette,"A few things save awkwardness in Pondicherry. Remove footwear at religious sites, and carry socks if the stone is hot. Photography of people, especially at prayer, is best asked about first; a gesture toward the camera is usually enough. Bargaining is expected in the bazaars and not in shops with printed prices. Tipping is modest but appreciated — rounding up is normal, twenty per cent is not.",en-IN,87,KV Place Guide / Pondicherry / etiquette,emb_place_821aee5d,,2026-08-18T10:00:00+05:30
kbc_ade17b83,cty_f288c6a0,,food,Pondicherry — Food,"The local kitchen in Pondicherry is built around wheat and dairy, and it is worth eating where the turnover is high rather than where the menu is longest. Vegetarian food is easy to find; strict Jain preparation is available at a smaller number of places and usually needs asking for. Street food is safest mid-morning and early evening when it is freshly made. Tap water is not recommended; sealed bottles and filtered refills are widely available.",en-IN,98,KV Place Guide / Pondicherry / food,emb_place_ade17b83,,2026-08-18T10:00:00+05:30
kbc_2a14f81a,cty_f288c6a0,,transport,Pondicherry — Transport,"Getting around Pondicherry is straightforward if you pick the right mode for the distance. Auto-rickshaws work well under three kilometres and should be metered or agreed in advance. App-based cabs are reliable in the newer parts of the city and less so in the old lanes, where drivers will often ask you to walk the last stretch. Cycling is pleasant early; less so after nine.",en-IN,84,KV Place Guide / Pondicherry / transport,emb_place_2a14f81a,,2026-08-18T10:00:00+05:30
kbc_bf9755e7,cty_f288c6a0,,safety,Pondicherry — Safety,"Pondicherry is generally comfortable for travellers, with the usual caveats. Crowded market areas attract pickpocketing, so keep bags in front. Lone travellers report fewer problems in the central and heritage districts than in the outer transport hubs late at night. During winter the greater risk is heat or rain rather than crime — plan accordingly and carry water.",en-IN,75,KV Place Guide / Pondicherry / safety,emb_place_bf9755e7,,2026-08-18T10:00:00+05:30
kbc_0c91c5b6,cty_f288c6a0,,seasonal,Pondicherry — Seasonal,"Season matters more in Pondicherry than most travellers expect. winter brings the conditions most people come for, and the corresponding crowds and prices. The shoulder weeks either side are noticeably cheaper, with weather that is usually still workable. The off season is not empty — several of the best festivals fall in it — but some outlying sites reduce their hours.",en-IN,79,KV Place Guide / Pondicherry / seasonal,emb_place_0c91c5b6,winter,2026-08-18T10:00:00+05:30
kbc_1460cbbe,cty_f288c6a0,,practical,Pondicherry — Practical,"Practical notes for Pondicherry: ATMs are common in the centre and sparse near the outlying sites, so carry some cash. Most mid-range hotels will hold luggage after checkout without charging. Mobile coverage is good in the city and patchy in the hills nearby. Sunday closures affect government museums more than private ones. Allow more time than the map suggests during festival weeks.",en-IN,80,KV Place Guide / Pondicherry / practical,emb_place_1460cbbe,,2026-08-18T10:00:00+05:30
kbc_4d0688d9,cty_7f673457,,history,Thanjavur — History,"Thanjavur grew up around a river crossing, and the shape of the old town still follows it. The Mughal period brought the walls and the gate names that survive on street signs today; the twentieth century brought the railway, which moved the commercial centre about two kilometres from where it had sat for four hundred years. Visitors who only see the modern centre often miss that the older quarter is walkable in an afternoon and considerably more interesting.",en-IN,101,KV Place Guide / Thanjavur / history,emb_place_4d0688d9,,2026-08-18T10:00:00+05:30
kbc_a02d603e,cty_7f673457,,culture,Thanjavur — Culture,"Daily rhythm in Thanjavur is worth understanding before you plan a day. Mornings start early — markets are busiest before nine — and the middle of the day slows noticeably, particularly in winter. Evenings are social: the a caravan route fills up after seven and stays busy until quite late. Music and performance are common in public spaces during festival months rather than year-round.",en-IN,83,KV Place Guide / Thanjavur / culture,emb_place_a02d603e,,2026-08-18T10:00:00+05:30
kbc_c6ad823d,cty_7f673457,,etiquette,Thanjavur — Etiquette,"A few things save awkwardness in Thanjavur. Remove footwear at religious sites, and carry socks if the stone is hot. Photography of people, especially at prayer, is best asked about first; a gesture toward the camera is usually enough. Bargaining is expected in the bazaars and not in shops with printed prices. Tipping is modest but appreciated — rounding up is normal, twenty per cent is not.",en-IN,87,KV Place Guide / Thanjavur / etiquette,emb_place_c6ad823d,,2026-08-18T10:00:00+05:30
kbc_43b3eb12,cty_7f673457,,food,Thanjavur — Food,"The local kitchen in Thanjavur is built around fish and tamarind, and it is worth eating where the turnover is high rather than where the menu is longest. Vegetarian food is easy to find; strict Jain preparation is available at a smaller number of places and usually needs asking for. Street food is safest mid-morning and early evening when it is freshly made. Tap water is not recommended; sealed bottles and filtered refills are widely available.",en-IN,98,KV Place Guide / Thanjavur / food,emb_place_43b3eb12,,2026-08-18T10:00:00+05:30
kbc_2e3e2ad5,cty_7f673457,,transport,Thanjavur — Transport,"Getting around Thanjavur is straightforward if you pick the right mode for the distance. Auto-rickshaws work well under three kilometres and should be metered or agreed in advance. App-based cabs are reliable in the newer parts of the city and less so in the old lanes, where drivers will often ask you to walk the last stretch. Cycling is pleasant early; less so after nine.",en-IN,84,KV Place Guide / Thanjavur / transport,emb_place_2e3e2ad5,,2026-08-18T10:00:00+05:30
kbc_ee792d91,cty_7f673457,,safety,Thanjavur — Safety,"Thanjavur is generally comfortable for travellers, with the usual caveats. Crowded market areas attract pickpocketing, so keep bags in front. Lone travellers report fewer problems in the central and heritage districts than in the outer transport hubs late at night. During winter the greater risk is heat or rain rather than crime — plan accordingly and carry water.",en-IN,75,KV Place Guide / Thanjavur / safety,emb_place_ee792d91,,2026-08-18T10:00:00+05:30
kbc_67b1a93b,cty_7f673457,,seasonal,Thanjavur — Seasonal,"Season matters more in Thanjavur than most travellers expect. winter brings the conditions most people come for, and the corresponding crowds and prices. The shoulder weeks either side are noticeably cheaper, with weather that is usually still workable. The off season is not empty — several of the best festivals fall in it — but some outlying sites reduce their hours.",en-IN,79,KV Place Guide / Thanjavur / seasonal,emb_place_67b1a93b,winter,2026-08-18T10:00:00+05:30
kbc_853ee07d,cty_7f673457,,practical,Thanjavur — Practical,"Practical notes for Thanjavur: ATMs are common in the centre and sparse near the outlying sites, so carry some cash. Most mid-range hotels will hold luggage after checkout without charging. Mobile coverage is good in the city and patchy in the hills nearby. Sunday closures affect government museums more than private ones. Allow more time than the map suggests during festival weeks.",en-IN,80,KV Place Guide / Thanjavur / practical,emb_place_853ee07d,,2026-08-18T10:00:00+05:30
kbc_d13c5685,cty_8b6b1652,,history,Kochi — History,"Kochi grew up around a rail junction, and the shape of the old town still follows it. The early modern period brought the walls and the gate names that survive on street signs today; the twentieth century brought the railway, which moved the commercial centre about two kilometres from where it had sat for four hundred years. Visitors who only see the modern centre often miss that the older quarter is walkable in an afternoon and considerably more interesting.",en-IN,102,KV Place Guide / Kochi / history,emb_place_d13c5685,,2026-08-18T10:00:00+05:30
kbc_a8ae9b88,cty_8b6b1652,,culture,Kochi — Culture,"Daily rhythm in Kochi is worth understanding before you plan a day. Mornings start early — markets are busiest before nine — and the middle of the day slows noticeably, particularly in winter. Evenings are social: the a caravan route fills up after seven and stays busy until quite late. Music and performance are common in public spaces during festival months rather than year-round.",en-IN,83,KV Place Guide / Kochi / culture,emb_place_a8ae9b88,,2026-08-18T10:00:00+05:30
kbc_70dfd662,cty_8b6b1652,,etiquette,Kochi — Etiquette,"A few things save awkwardness in Kochi. Remove footwear at religious sites, and carry socks if the stone is hot. Photography of people, especially at prayer, is best asked about first; a gesture toward the camera is usually enough. Bargaining is expected in the bazaars and not in shops with printed prices. Tipping is modest but appreciated — rounding up is normal, twenty per cent is not.",en-IN,87,KV Place Guide / Kochi / etiquette,emb_place_70dfd662,,2026-08-18T10:00:00+05:30
kbc_c414aa63,cty_8b6b1652,,food,Kochi — Food,"The local kitchen in Kochi is built around fermented batters, and it is worth eating where the turnover is high rather than where the menu is longest. Vegetarian food is easy to find; strict Jain preparation is available at a smaller number of places and usually needs asking for. Street food is safest mid-morning and early evening when it is freshly made. Tap water is not recommended; sealed bottles and filtered refills are widely available.",en-IN,97,KV Place Guide / Kochi / food,emb_place_c414aa63,,2026-08-18T10:00:00+05:30
kbc_2f50e47e,cty_8b6b1652,,transport,Kochi — Transport,"Getting around Kochi is straightforward if you pick the right mode for the distance. Auto-rickshaws work well under three kilometres and should be metered or agreed in advance. App-based cabs are reliable in the newer parts of the city and less so in the old lanes, where drivers will often ask you to walk the last stretch. Cycling is pleasant early; less so after nine.",en-IN,84,KV Place Guide / Kochi / transport,emb_place_2f50e47e,,2026-08-18T10:00:00+05:30
kbc_b0ee2f96,cty_8b6b1652,,safety,Kochi — Safety,"Kochi is generally comfortable for travellers, with the usual caveats. Crowded market areas attract pickpocketing, so keep bags in front. Lone travellers report fewer problems in the central and heritage districts than in the outer transport hubs late at night. During winter the greater risk is heat or rain rather than crime — plan accordingly and carry water.",en-IN,75,KV Place Guide / Kochi / safety,emb_place_b0ee2f96,,2026-08-18T10:00:00+05:30
kbc_fb69869a,cty_8b6b1652,,seasonal,Kochi — Seasonal,"Season matters more in Kochi than most travellers expect. winter brings the conditions most people come for, and the corresponding crowds and prices. The shoulder weeks either side are noticeably cheaper, with weather that is usually still workable. The off season is not empty — several of the best festivals fall in it — but some outlying sites reduce their hours.",en-IN,79,KV Place Guide / Kochi / seasonal,emb_place_fb69869a,winter,2026-08-18T10:00:00+05:30
kbc_b33a228d,cty_8b6b1652,,practical,Kochi — Practical,"Practical notes for Kochi: ATMs are common in the centre and sparse near the outlying sites, so carry some cash. Most mid-range hotels will hold luggage after checkout without charging. Mobile coverage is good in the city and patchy in the hills nearby. Sunday closures affect government museums more than private ones. Allow more time than the map suggests during festival weeks.",en-IN,80,KV Place Guide / Kochi / practical,emb_place_b33a228d,,2026-08-18T10:00:00+05:30
kbc_b6e78bd1,cty_34bbfdfe,,history,Alleppey — History,"Alleppey grew up around a royal hunting reserve, and the shape of the old town still follows it. The Rajput period brought the walls and the gate names that survive on street signs today; the twentieth century brought the railway, which moved the commercial centre about two kilometres from where it had sat for four hundred years. Visitors who only see the modern centre often miss that the older quarter is walkable in an afternoon and considerably more interesting.",en-IN,102,KV Place Guide / Alleppey / history,emb_place_b6e78bd1,,2026-08-18T10:00:00+05:30
kbc_3d67a253,cty_34bbfdfe,,culture,Alleppey — Culture,"Daily rhythm in Alleppey is worth understanding before you plan a day. Mornings start early — markets are busiest before nine — and the middle of the day slows noticeably, particularly in winter. Evenings are social: the a fortified hill fills up after seven and stays busy until quite late. Music and performance are common in public spaces during festival months rather than year-round.",en-IN,83,KV Place Guide / Alleppey / culture,emb_place_3d67a253,,2026-08-18T10:00:00+05:30
kbc_25af1d3c,cty_34bbfdfe,,etiquette,Alleppey — Etiquette,"A few things save awkwardness in Alleppey. Remove footwear at religious sites, and carry socks if the stone is hot. Photography of people, especially at prayer, is best asked about first; a gesture toward the camera is usually enough. Bargaining is expected in the bazaars and not in shops with printed prices. Tipping is modest but appreciated — rounding up is normal, twenty per cent is not.",en-IN,87,KV Place Guide / Alleppey / etiquette,emb_place_25af1d3c,,2026-08-18T10:00:00+05:30
kbc_07b90023,cty_34bbfdfe,,food,Alleppey — Food,"The local kitchen in Alleppey is built around fish and tamarind, and it is worth eating where the turnover is high rather than where the menu is longest. Vegetarian food is easy to find; strict Jain preparation is available at a smaller number of places and usually needs asking for. Street food is safest mid-morning and early evening when it is freshly made. Tap water is not recommended; sealed bottles and filtered refills are widely available.",en-IN,98,KV Place Guide / Alleppey / food,emb_place_07b90023,,2026-08-18T10:00:00+05:30
kbc_309c7acb,cty_34bbfdfe,,transport,Alleppey — Transport,"Getting around Alleppey is straightforward if you pick the right mode for the distance. Auto-rickshaws work well under three kilometres and should be metered or agreed in advance. App-based cabs are reliable in the newer parts of the city and less so in the old lanes, where drivers will often ask you to walk the last stretch. Cycling is pleasant early; less so after nine.",en-IN,84,KV Place Guide / Alleppey / transport,emb_place_309c7acb,,2026-08-18T10:00:00+05:30
kbc_7908c8f3,cty_34bbfdfe,,safety,Alleppey — Safety,"Alleppey is generally comfortable for travellers, with the usual caveats. Crowded market areas attract pickpocketing, so keep bags in front. Lone travellers report fewer problems in the central and heritage districts than in the outer transport hubs late at night. During winter the greater risk is heat or rain rather than crime — plan accordingly and carry water.",en-IN,75,KV Place Guide / Alleppey / safety,emb_place_7908c8f3,,2026-08-18T10:00:00+05:30
kbc_45d31416,cty_34bbfdfe,,seasonal,Alleppey — Seasonal,"Season matters more in Alleppey than most travellers expect. winter brings the conditions most people come for, and the corresponding crowds and prices. The shoulder weeks either side are noticeably cheaper, with weather that is usually still workable. The off season is not empty — several of the best festivals fall in it — but some outlying sites reduce their hours.",en-IN,79,KV Place Guide / Alleppey / seasonal,emb_place_45d31416,winter,2026-08-18T10:00:00+05:30
kbc_a0d33eff,cty_34bbfdfe,,practical,Alleppey — Practical,"Practical notes for Alleppey: ATMs are common in the centre and sparse near the outlying sites, so carry some cash. Most mid-range hotels will hold luggage after checkout without charging. Mobile coverage is good in the city and patchy in the hills nearby. Sunday closures affect government museums more than private ones. Allow more time than the map suggests during festival weeks.",en-IN,80,KV Place Guide / Alleppey / practical,emb_place_a0d33eff,,2026-08-18T10:00:00+05:30
kbc_de919bfe,cty_d401ef6b,,history,Munnar — History,"Munnar grew up around a temple tank, and the shape of the old town still follows it. The colonial period brought the walls and the gate names that survive on street signs today; the twentieth century brought the railway, which moved the commercial centre about two kilometres from where it had sat for four hundred years. Visitors who only see the modern centre often miss that the older quarter is walkable in an afternoon and considerably more interesting.",en-IN,101,KV Place Guide / Munnar / history,emb_place_de919bfe,,2026-08-18T10:00:00+05:30
kbc_5a701f48,cty_d401ef6b,,culture,Munnar — Culture,"Daily rhythm in Munnar is worth understanding before you plan a day. Mornings start early — markets are busiest before nine — and the middle of the day slows noticeably, particularly in winter. Evenings are social: the a fortified hill fills up after seven and stays busy until quite late. Music and performance are common in public spaces during festival months rather than year-round.",en-IN,83,KV Place Guide / Munnar / culture,emb_place_5a701f48,,2026-08-18T10:00:00+05:30
kbc_dfe632a6,cty_d401ef6b,,etiquette,Munnar — Etiquette,"A few things save awkwardness in Munnar. Remove footwear at religious sites, and carry socks if the stone is hot. Photography of people, especially at prayer, is best asked about first; a gesture toward the camera is usually enough. Bargaining is expected in the bazaars and not in shops with printed prices. Tipping is modest but appreciated — rounding up is normal, twenty per cent is not.",en-IN,87,KV Place Guide / Munnar / etiquette,emb_place_dfe632a6,,2026-08-18T10:00:00+05:30
kbc_5502ff34,cty_d401ef6b,,food,Munnar — Food,"The local kitchen in Munnar is built around fermented batters, and it is worth eating where the turnover is high rather than where the menu is longest. Vegetarian food is easy to find; strict Jain preparation is available at a smaller number of places and usually needs asking for. Street food is safest mid-morning and early evening when it is freshly made. Tap water is not recommended; sealed bottles and filtered refills are widely available.",en-IN,97,KV Place Guide / Munnar / food,emb_place_5502ff34,,2026-08-18T10:00:00+05:30
kbc_7445779b,cty_d401ef6b,,transport,Munnar — Transport,"Getting around Munnar is straightforward if you pick the right mode for the distance. Auto-rickshaws work well under three kilometres and should be metered or agreed in advance. App-based cabs are reliable in the newer parts of the city and less so in the old lanes, where drivers will often ask you to walk the last stretch. Cycling is pleasant early; less so after nine.",en-IN,84,KV Place Guide / Munnar / transport,emb_place_7445779b,,2026-08-18T10:00:00+05:30
kbc_63024f48,cty_d401ef6b,,safety,Munnar — Safety,"Munnar is generally comfortable for travellers, with the usual caveats. Crowded market areas attract pickpocketing, so keep bags in front. Lone travellers report fewer problems in the central and heritage districts than in the outer transport hubs late at night. During winter the greater risk is heat or rain rather than crime — plan accordingly and carry water.",en-IN,75,KV Place Guide / Munnar / safety,emb_place_63024f48,,2026-08-18T10:00:00+05:30
kbc_7427c10b,cty_d401ef6b,,seasonal,Munnar — Seasonal,"Season matters more in Munnar than most travellers expect. winter brings the conditions most people come for, and the corresponding crowds and prices. The shoulder weeks either side are noticeably cheaper, with weather that is usually still workable. The off season is not empty — several of the best festivals fall in it — but some outlying sites reduce their hours.",en-IN,79,KV Place Guide / Munnar / seasonal,emb_place_7427c10b,winter,2026-08-18T10:00:00+05:30
kbc_05ef2479,cty_d401ef6b,,practical,Munnar — Practical,"Practical notes for Munnar: ATMs are common in the centre and sparse near the outlying sites, so carry some cash. Most mid-range hotels will hold luggage after checkout without charging. Mobile coverage is good in the city and patchy in the hills nearby. Sunday closures affect government museums more than private ones. Allow more time than the map suggests during festival weeks.",en-IN,80,KV Place Guide / Munnar / practical,emb_place_05ef2479,,2026-08-18T10:00:00+05:30
kbc_9dec7327,cty_67ee7f6f,,history,Thiruvananthapuram — History,"Thiruvananthapuram grew up around a natural harbour, and the shape of the old town still follows it. The Mughal period brought the walls and the gate names that survive on street signs today; the twentieth century brought the railway, which moved the commercial centre about two kilometres from where it had sat for four hundred years. Visitors who only see the modern centre often miss that the older quarter is walkable in an afternoon and considerably more interesting.",en-IN,101,KV Place Guide / Thiruvananthapuram / history,emb_place_9dec7327,,2026-08-18T10:00:00+05:30
kbc_1b0366df,cty_67ee7f6f,,culture,Thiruvananthapuram — Culture,"Daily rhythm in Thiruvananthapuram is worth understanding before you plan a day. Mornings start early — markets are busiest before nine — and the middle of the day slows noticeably, particularly in winter. Evenings are social: the a temple tank fills up after seven and stays busy until quite late. Music and performance are common in public spaces during festival months rather than year-round.",en-IN,83,KV Place Guide / Thiruvananthapuram / culture,emb_place_1b0366df,,2026-08-18T10:00:00+05:30
kbc_8c6652e4,cty_67ee7f6f,,etiquette,Thiruvananthapuram — Etiquette,"A few things save awkwardness in Thiruvananthapuram. Remove footwear at religious sites, and carry socks if the stone is hot. Photography of people, especially at prayer, is best asked about first; a gesture toward the camera is usually enough. Bargaining is expected in the bazaars and not in shops with printed prices. Tipping is modest but appreciated — rounding up is normal, twenty per cent is not.",en-IN,87,KV Place Guide / Thiruvananthapuram / etiquette,emb_place_8c6652e4,,2026-08-18T10:00:00+05:30
kbc_21cddf0a,cty_67ee7f6f,,food,Thiruvananthapuram — Food,"The local kitchen in Thiruvananthapuram is built around rice and coconut, and it is worth eating where the turnover is high rather than where the menu is longest. Vegetarian food is easy to find; strict Jain preparation is available at a smaller number of places and usually needs asking for. Street food is safest mid-morning and early evening when it is freshly made. Tap water is not recommended; sealed bottles and filtered refills are widely available.",en-IN,98,KV Place Guide / Thiruvananthapuram / food,emb_place_21cddf0a,,2026-08-18T10:00:00+05:30
kbc_2498532f,cty_67ee7f6f,,transport,Thiruvananthapuram — Transport,"Getting around Thiruvananthapuram is straightforward if you pick the right mode for the distance. Auto-rickshaws work well under three kilometres and should be metered or agreed in advance. App-based cabs are reliable in the newer parts of the city and less so in the old lanes, where drivers will often ask you to walk the last stretch. Cycling is pleasant early; less so after nine.",en-IN,84,KV Place Guide / Thiruvananthapuram / transport,emb_place_2498532f,,2026-08-18T10:00:00+05:30
kbc_60deb402,cty_67ee7f6f,,safety,Thiruvananthapuram — Safety,"Thiruvananthapuram is generally comfortable for travellers, with the usual caveats. Crowded market areas attract pickpocketing, so keep bags in front. Lone travellers report fewer problems in the central and heritage districts than in the outer transport hubs late at night. During winter the greater risk is heat or rain rather than crime — plan accordingly and carry water.",en-IN,75,KV Place Guide / Thiruvananthapuram / safety,emb_place_60deb402,,2026-08-18T10:00:00+05:30
kbc_bce09bea,cty_67ee7f6f,,seasonal,Thiruvananthapuram — Seasonal,"Season matters more in Thiruvananthapuram than most travellers expect. winter brings the conditions most people come for, and the corresponding crowds and prices. The shoulder weeks either side are noticeably cheaper, with weather that is usually still workable. The off season is not empty — several of the best festivals fall in it — but some outlying sites reduce their hours.",en-IN,79,KV Place Guide / Thiruvananthapuram / seasonal,emb_place_bce09bea,winter,2026-08-18T10:00:00+05:30
kbc_9ebfaaec,cty_67ee7f6f,,practical,Thiruvananthapuram — Practical,"Practical notes for Thiruvananthapuram: ATMs are common in the centre and sparse near the outlying sites, so carry some cash. Most mid-range hotels will hold luggage after checkout without charging. Mobile coverage is good in the city and patchy in the hills nearby. Sunday closures affect government museums more than private ones. Allow more time than the map suggests during festival weeks.",en-IN,80,KV Place Guide / Thiruvananthapuram / practical,emb_place_9ebfaaec,,2026-08-18T10:00:00+05:30
kbc_493be374,cty_541018a9,,history,Wayanad — History,"Wayanad grew up around a river crossing, and the shape of the old town still follows it. The Rajput period brought the walls and the gate names that survive on street signs today; the twentieth century brought the railway, which moved the commercial centre about two kilometres from where it had sat for four hundred years. Visitors who only see the modern centre often miss that the older quarter is walkable in an afternoon and considerably more interesting.",en-IN,101,KV Place Guide / Wayanad / history,emb_place_493be374,,2026-08-18T10:00:00+05:30
kbc_07017108,cty_541018a9,,culture,Wayanad — Culture,"Daily rhythm in Wayanad is worth understanding before you plan a day. Mornings start early — markets are busiest before nine — and the middle of the day slows noticeably, particularly in post monsoon. Evenings are social: the a temple tank fills up after seven and stays busy until quite late. Music and performance are common in public spaces during festival months rather than year-round.",en-IN,84,KV Place Guide / Wayanad / culture,emb_place_07017108,,2026-08-18T10:00:00+05:30
kbc_ca689a90,cty_541018a9,,etiquette,Wayanad — Etiquette,"A few things save awkwardness in Wayanad. Remove footwear at religious sites, and carry socks if the stone is hot. Photography of people, especially at prayer, is best asked about first; a gesture toward the camera is usually enough. Bargaining is expected in the bazaars and not in shops with printed prices. Tipping is modest but appreciated — rounding up is normal, twenty per cent is not.",en-IN,87,KV Place Guide / Wayanad / etiquette,emb_place_ca689a90,,2026-08-18T10:00:00+05:30
kbc_56e69ee4,cty_541018a9,,food,Wayanad — Food,"The local kitchen in Wayanad is built around fish and tamarind, and it is worth eating where the turnover is high rather than where the menu is longest. Vegetarian food is easy to find; strict Jain preparation is available at a smaller number of places and usually needs asking for. Street food is safest mid-morning and early evening when it is freshly made. Tap water is not recommended; sealed bottles and filtered refills are widely available.",en-IN,98,KV Place Guide / Wayanad / food,emb_place_56e69ee4,,2026-08-18T10:00:00+05:30
kbc_c8313205,cty_541018a9,,transport,Wayanad — Transport,"Getting around Wayanad is straightforward if you pick the right mode for the distance. Auto-rickshaws work well under three kilometres and should be metered or agreed in advance. App-based cabs are reliable in the newer parts of the city and less so in the old lanes, where drivers will often ask you to walk the last stretch. Cycling is pleasant early; less so after nine.",en-IN,84,KV Place Guide / Wayanad / transport,emb_place_c8313205,,2026-08-18T10:00:00+05:30
kbc_e534bac2,cty_541018a9,,safety,Wayanad — Safety,"Wayanad is generally comfortable for travellers, with the usual caveats. Crowded market areas attract pickpocketing, so keep bags in front. Lone travellers report fewer problems in the central and heritage districts than in the outer transport hubs late at night. During post monsoon the greater risk is heat or rain rather than crime — plan accordingly and carry water.",en-IN,76,KV Place Guide / Wayanad / safety,emb_place_e534bac2,,2026-08-18T10:00:00+05:30
kbc_9e6b8f37,cty_541018a9,,seasonal,Wayanad — Seasonal,"Season matters more in Wayanad than most travellers expect. post monsoon brings the conditions most people come for, and the corresponding crowds and prices. The shoulder weeks either side are noticeably cheaper, with weather that is usually still workable. The off season is not empty — several of the best festivals fall in it — but some outlying sites reduce their hours.",en-IN,80,KV Place Guide / Wayanad / seasonal,emb_place_9e6b8f37,post_monsoon,2026-08-18T10:00:00+05:30
kbc_40ddaedd,cty_541018a9,,practical,Wayanad — Practical,"Practical notes for Wayanad: ATMs are common in the centre and sparse near the outlying sites, so carry some cash. Most mid-range hotels will hold luggage after checkout without charging. Mobile coverage is good in the city and patchy in the hills nearby. Sunday closures affect government museums more than private ones. Allow more time than the map suggests during festival weeks.",en-IN,80,KV Place Guide / Wayanad / practical,emb_place_40ddaedd,,2026-08-18T10:00:00+05:30
kbc_778c1dce,cty_718f03c7,,history,Hyderabad — History,"Hyderabad grew up around a caravan route, and the shape of the old town still follows it. The Mughal period brought the walls and the gate names that survive on street signs today; the twentieth century brought the railway, which moved the commercial centre about two kilometres from where it had sat for four hundred years. Visitors who only see the modern centre often miss that the older quarter is walkable in an afternoon and considerably more interesting.",en-IN,101,KV Place Guide / Hyderabad / history,emb_place_778c1dce,,2026-08-18T10:00:00+05:30
kbc_a255c63a,cty_718f03c7,,culture,Hyderabad — Culture,"Daily rhythm in Hyderabad is worth understanding before you plan a day. Mornings start early — markets are busiest before nine — and the middle of the day slows noticeably, particularly in winter. Evenings are social: the a temple tank fills up after seven and stays busy until quite late. Music and performance are common in public spaces during festival months rather than year-round.",en-IN,83,KV Place Guide / Hyderabad / culture,emb_place_a255c63a,,2026-08-18T10:00:00+05:30
kbc_ffb4f5db,cty_718f03c7,,etiquette,Hyderabad — Etiquette,"A few things save awkwardness in Hyderabad. Remove footwear at religious sites, and carry socks if the stone is hot. Photography of people, especially at prayer, is best asked about first; a gesture toward the camera is usually enough. Bargaining is expected in the bazaars and not in shops with printed prices. Tipping is modest but appreciated — rounding up is normal, twenty per cent is not.",en-IN,87,KV Place Guide / Hyderabad / etiquette,emb_place_ffb4f5db,,2026-08-18T10:00:00+05:30
kbc_5b354ae7,cty_718f03c7,,food,Hyderabad — Food,"The local kitchen in Hyderabad is built around millet and chilli, and it is worth eating where the turnover is high rather than where the menu is longest. Vegetarian food is easy to find; strict Jain preparation is available at a smaller number of places and usually needs asking for. Street food is safest mid-morning and early evening when it is freshly made. Tap water is not recommended; sealed bottles and filtered refills are widely available.",en-IN,98,KV Place Guide / Hyderabad / food,emb_place_5b354ae7,,2026-08-18T10:00:00+05:30
kbc_f17ae296,cty_718f03c7,,transport,Hyderabad — Transport,"Getting around Hyderabad is straightforward if you pick the right mode for the distance. Auto-rickshaws work well under three kilometres and should be metered or agreed in advance. App-based cabs are reliable in the newer parts of the city and less so in the old lanes, where drivers will often ask you to walk the last stretch. Cycling is pleasant early; less so after nine.",en-IN,84,KV Place Guide / Hyderabad / transport,emb_place_f17ae296,,2026-08-18T10:00:00+05:30
kbc_f2259c2f,cty_718f03c7,,safety,Hyderabad — Safety,"Hyderabad is generally comfortable for travellers, with the usual caveats. Crowded market areas attract pickpocketing, so keep bags in front. Lone travellers report fewer problems in the central and heritage districts than in the outer transport hubs late at night. During winter the greater risk is heat or rain rather than crime — plan accordingly and carry water.",en-IN,75,KV Place Guide / Hyderabad / safety,emb_place_f2259c2f,,2026-08-18T10:00:00+05:30
kbc_9b097555,cty_718f03c7,,seasonal,Hyderabad — Seasonal,"Season matters more in Hyderabad than most travellers expect. winter brings the conditions most people come for, and the corresponding crowds and prices. The shoulder weeks either side are noticeably cheaper, with weather that is usually still workable. The off season is not empty — several of the best festivals fall in it — but some outlying sites reduce their hours.",en-IN,79,KV Place Guide / Hyderabad / seasonal,emb_place_9b097555,winter,2026-08-18T10:00:00+05:30
kbc_7c640ddf,cty_718f03c7,,practical,Hyderabad — Practical,"Practical notes for Hyderabad: ATMs are common in the centre and sparse near the outlying sites, so carry some cash. Most mid-range hotels will hold luggage after checkout without charging. Mobile coverage is good in the city and patchy in the hills nearby. Sunday closures affect government museums more than private ones. Allow more time than the map suggests during festival weeks.",en-IN,80,KV Place Guide / Hyderabad / practical,emb_place_7c640ddf,,2026-08-18T10:00:00+05:30
kbc_e35e16c7,cty_7cb0b529,,history,Visakhapatnam — History,"Visakhapatnam grew up around a fortified hill, and the shape of the old town still follows it. The medieval period brought the walls and the gate names that survive on street signs today; the twentieth century brought the railway, which moved the commercial centre about two kilometres from where it had sat for four hundred years. Visitors who only see the modern centre often miss that the older quarter is walkable in an afternoon and considerably more interesting.",en-IN,101,KV Place Guide / Visakhapatnam / history,emb_place_e35e16c7,,2026-08-18T10:00:00+05:30
kbc_8e2cc6bf,cty_7cb0b529,,culture,Visakhapatnam — Culture,"Daily rhythm in Visakhapatnam is worth understanding before you plan a day. Mornings start early — markets are busiest before nine — and the middle of the day slows noticeably, particularly in winter. Evenings are social: the a caravan route fills up after seven and stays busy until quite late. Music and performance are common in public spaces during festival months rather than year-round.",en-IN,83,KV Place Guide / Visakhapatnam / culture,emb_place_8e2cc6bf,,2026-08-18T10:00:00+05:30
kbc_4aa6b81d,cty_7cb0b529,,etiquette,Visakhapatnam — Etiquette,"A few things save awkwardness in Visakhapatnam. Remove footwear at religious sites, and carry socks if the stone is hot. Photography of people, especially at prayer, is best asked about first; a gesture toward the camera is usually enough. Bargaining is expected in the bazaars and not in shops with printed prices. Tipping is modest but appreciated — rounding up is normal, twenty per cent is not.",en-IN,87,KV Place Guide / Visakhapatnam / etiquette,emb_place_4aa6b81d,,2026-08-18T10:00:00+05:30
kbc_b50f90b9,cty_7cb0b529,,food,Visakhapatnam — Food,"The local kitchen in Visakhapatnam is built around millet and chilli, and it is worth eating where the turnover is high rather than where the menu is longest. Vegetarian food is easy to find; strict Jain preparation is available at a smaller number of places and usually needs asking for. Street food is safest mid-morning and early evening when it is freshly made. Tap water is not recommended; sealed bottles and filtered refills are widely available.",en-IN,98,KV Place Guide / Visakhapatnam / food,emb_place_b50f90b9,,2026-08-18T10:00:00+05:30
kbc_29758503,cty_7cb0b529,,transport,Visakhapatnam — Transport,"Getting around Visakhapatnam is straightforward if you pick the right mode for the distance. Auto-rickshaws work well under three kilometres and should be metered or agreed in advance. App-based cabs are reliable in the newer parts of the city and less so in the old lanes, where drivers will often ask you to walk the last stretch. Cycling is pleasant early; less so after nine.",en-IN,84,KV Place Guide / Visakhapatnam / transport,emb_place_29758503,,2026-08-18T10:00:00+05:30
kbc_15b77ded,cty_7cb0b529,,safety,Visakhapatnam — Safety,"Visakhapatnam is generally comfortable for travellers, with the usual caveats. Crowded market areas attract pickpocketing, so keep bags in front. Lone travellers report fewer problems in the central and heritage districts than in the outer transport hubs late at night. During winter the greater risk is heat or rain rather than crime — plan accordingly and carry water.",en-IN,75,KV Place Guide / Visakhapatnam / safety,emb_place_15b77ded,,2026-08-18T10:00:00+05:30
kbc_8b05a60f,cty_7cb0b529,,seasonal,Visakhapatnam — Seasonal,"Season matters more in Visakhapatnam than most travellers expect. winter brings the conditions most people come for, and the corresponding crowds and prices. The shoulder weeks either side are noticeably cheaper, with weather that is usually still workable. The off season is not empty — several of the best festivals fall in it — but some outlying sites reduce their hours.",en-IN,79,KV Place Guide / Visakhapatnam / seasonal,emb_place_8b05a60f,winter,2026-08-18T10:00:00+05:30
kbc_26f344dd,cty_7cb0b529,,practical,Visakhapatnam — Practical,"Practical notes for Visakhapatnam: ATMs are common in the centre and sparse near the outlying sites, so carry some cash. Most mid-range hotels will hold luggage after checkout without charging. Mobile coverage is good in the city and patchy in the hills nearby. Sunday closures affect government museums more than private ones. Allow more time than the map suggests during festival weeks.",en-IN,80,KV Place Guide / Visakhapatnam / practical,emb_place_26f344dd,,2026-08-18T10:00:00+05:30
kbc_a0aafca1,cty_d4f5e3a5,,history,Tirupati — History,"Tirupati grew up around a royal hunting reserve, and the shape of the old town still follows it. The Rajput period brought the walls and the gate names that survive on street signs today; the twentieth century brought the railway, which moved the commercial centre about two kilometres from where it had sat for four hundred years. Visitors who only see the modern centre often miss that the older quarter is walkable in an afternoon and considerably more interesting.",en-IN,102,KV Place Guide / Tirupati / history,emb_place_a0aafca1,,2026-08-18T10:00:00+05:30
kbc_5e26714c,cty_d4f5e3a5,,culture,Tirupati — Culture,"Daily rhythm in Tirupati is worth understanding before you plan a day. Mornings start early — markets are busiest before nine — and the middle of the day slows noticeably, particularly in winter. Evenings are social: the a royal hunting reserve fills up after seven and stays busy until quite late. Music and performance are common in public spaces during festival months rather than year-round.",en-IN,84,KV Place Guide / Tirupati / culture,emb_place_5e26714c,,2026-08-18T10:00:00+05:30
kbc_fc6971fb,cty_d4f5e3a5,,etiquette,Tirupati — Etiquette,"A few things save awkwardness in Tirupati. Remove footwear at religious sites, and carry socks if the stone is hot. Photography of people, especially at prayer, is best asked about first; a gesture toward the camera is usually enough. Bargaining is expected in the bazaars and not in shops with printed prices. Tipping is modest but appreciated — rounding up is normal, twenty per cent is not.",en-IN,87,KV Place Guide / Tirupati / etiquette,emb_place_fc6971fb,,2026-08-18T10:00:00+05:30
kbc_bd7b29e7,cty_d4f5e3a5,,food,Tirupati — Food,"The local kitchen in Tirupati is built around millet and chilli, and it is worth eating where the turnover is high rather than where the menu is longest. Vegetarian food is easy to find; strict Jain preparation is available at a smaller number of places and usually needs asking for. Street food is safest mid-morning and early evening when it is freshly made. Tap water is not recommended; sealed bottles and filtered refills are widely available.",en-IN,98,KV Place Guide / Tirupati / food,emb_place_bd7b29e7,,2026-08-18T10:00:00+05:30
kbc_dbbf0f17,cty_d4f5e3a5,,transport,Tirupati — Transport,"Getting around Tirupati is straightforward if you pick the right mode for the distance. Auto-rickshaws work well under three kilometres and should be metered or agreed in advance. App-based cabs are reliable in the newer parts of the city and less so in the old lanes, where drivers will often ask you to walk the last stretch. Cycling is pleasant early; less so after nine.",en-IN,84,KV Place Guide / Tirupati / transport,emb_place_dbbf0f17,,2026-08-18T10:00:00+05:30
kbc_f2633ccc,cty_d4f5e3a5,,safety,Tirupati — Safety,"Tirupati is generally comfortable for travellers, with the usual caveats. Crowded market areas attract pickpocketing, so keep bags in front. Lone travellers report fewer problems in the central and heritage districts than in the outer transport hubs late at night. During winter the greater risk is heat or rain rather than crime — plan accordingly and carry water.",en-IN,75,KV Place Guide / Tirupati / safety,emb_place_f2633ccc,,2026-08-18T10:00:00+05:30
kbc_8177d4fd,cty_d4f5e3a5,,seasonal,Tirupati — Seasonal,"Season matters more in Tirupati than most travellers expect. winter brings the conditions most people come for, and the corresponding crowds and prices. The shoulder weeks either side are noticeably cheaper, with weather that is usually still workable. The off season is not empty — several of the best festivals fall in it — but some outlying sites reduce their hours.",en-IN,79,KV Place Guide / Tirupati / seasonal,emb_place_8177d4fd,winter,2026-08-18T10:00:00+05:30
kbc_ed01b4f1,cty_d4f5e3a5,,practical,Tirupati — Practical,"Practical notes for Tirupati: ATMs are common in the centre and sparse near the outlying sites, so carry some cash. Most mid-range hotels will hold luggage after checkout without charging. Mobile coverage is good in the city and patchy in the hills nearby. Sunday closures affect government museums more than private ones. Allow more time than the map suggests during festival weeks.",en-IN,80,KV Place Guide / Tirupati / practical,emb_place_ed01b4f1,,2026-08-18T10:00:00+05:30
kbc_d89faaa6,cty_ab50efee,,history,Kolkata — History,"Kolkata grew up around a river crossing, and the shape of the old town still follows it. The early modern period brought the walls and the gate names that survive on street signs today; the twentieth century brought the railway, which moved the commercial centre about two kilometres from where it had sat for four hundred years. Visitors who only see the modern centre often miss that the older quarter is walkable in an afternoon and considerably more interesting.",en-IN,102,KV Place Guide / Kolkata / history,emb_place_d89faaa6,,2026-08-18T10:00:00+05:30
kbc_8001c46a,cty_ab50efee,,culture,Kolkata — Culture,"Daily rhythm in Kolkata is worth understanding before you plan a day. Mornings start early — markets are busiest before nine — and the middle of the day slows noticeably, particularly in winter. Evenings are social: the a fortified hill fills up after seven and stays busy until quite late. Music and performance are common in public spaces during festival months rather than year-round.",en-IN,83,KV Place Guide / Kolkata / culture,emb_place_8001c46a,,2026-08-18T10:00:00+05:30
kbc_864a11bb,cty_ab50efee,,etiquette,Kolkata — Etiquette,"A few things save awkwardness in Kolkata. Remove footwear at religious sites, and carry socks if the stone is hot. Photography of people, especially at prayer, is best asked about first; a gesture toward the camera is usually enough. Bargaining is expected in the bazaars and not in shops with printed prices. Tipping is modest but appreciated — rounding up is normal, twenty per cent is not.",en-IN,87,KV Place Guide / Kolkata / etiquette,emb_place_864a11bb,,2026-08-18T10:00:00+05:30
kbc_689c579e,cty_ab50efee,,food,Kolkata — Food,"The local kitchen in Kolkata is built around lentils and ghee, and it is worth eating where the turnover is high rather than where the menu is longest. Vegetarian food is easy to find; strict Jain preparation is available at a smaller number of places and usually needs asking for. Street food is safest mid-morning and early evening when it is freshly made. Tap water is not recommended; sealed bottles and filtered refills are widely available.",en-IN,98,KV Place Guide / Kolkata / food,emb_place_689c579e,,2026-08-18T10:00:00+05:30
kbc_9f6a2a8b,cty_ab50efee,,transport,Kolkata — Transport,"Getting around Kolkata is straightforward if you pick the right mode for the distance. Auto-rickshaws work well under three kilometres and should be metered or agreed in advance. App-based cabs are reliable in the newer parts of the city and less so in the old lanes, where drivers will often ask you to walk the last stretch. Cycling is pleasant early; less so after nine.",en-IN,84,KV Place Guide / Kolkata / transport,emb_place_9f6a2a8b,,2026-08-18T10:00:00+05:30
kbc_0fc1dbc5,cty_ab50efee,,safety,Kolkata — Safety,"Kolkata is generally comfortable for travellers, with the usual caveats. Crowded market areas attract pickpocketing, so keep bags in front. Lone travellers report fewer problems in the central and heritage districts than in the outer transport hubs late at night. During winter the greater risk is heat or rain rather than crime — plan accordingly and carry water.",en-IN,75,KV Place Guide / Kolkata / safety,emb_place_0fc1dbc5,,2026-08-18T10:00:00+05:30
kbc_ba306740,cty_ab50efee,,seasonal,Kolkata — Seasonal,"Season matters more in Kolkata than most travellers expect. winter brings the conditions most people come for, and the corresponding crowds and prices. The shoulder weeks either side are noticeably cheaper, with weather that is usually still workable. The off season is not empty — several of the best festivals fall in it — but some outlying sites reduce their hours.",en-IN,79,KV Place Guide / Kolkata / seasonal,emb_place_ba306740,winter,2026-08-18T10:00:00+05:30
kbc_3ed23185,cty_ab50efee,,practical,Kolkata — Practical,"Practical notes for Kolkata: ATMs are common in the centre and sparse near the outlying sites, so carry some cash. Most mid-range hotels will hold luggage after checkout without charging. Mobile coverage is good in the city and patchy in the hills nearby. Sunday closures affect government museums more than private ones. Allow more time than the map suggests during festival weeks.",en-IN,80,KV Place Guide / Kolkata / practical,emb_place_3ed23185,,2026-08-18T10:00:00+05:30
kbc_08deb534,cty_c43cfa94,,history,Darjeeling — History,"Darjeeling grew up around a caravan route, and the shape of the old town still follows it. The Mughal period brought the walls and the gate names that survive on street signs today; the twentieth century brought the railway, which moved the commercial centre about two kilometres from where it had sat for four hundred years. Visitors who only see the modern centre often miss that the older quarter is walkable in an afternoon and considerably more interesting.",en-IN,101,KV Place Guide / Darjeeling / history,emb_place_08deb534,,2026-08-18T10:00:00+05:30
kbc_73ad708d,cty_c43cfa94,,culture,Darjeeling — Culture,"Daily rhythm in Darjeeling is worth understanding before you plan a day. Mornings start early — markets are busiest before nine — and the middle of the day slows noticeably, particularly in spring. Evenings are social: the a fortified hill fills up after seven and stays busy until quite late. Music and performance are common in public spaces during festival months rather than year-round.",en-IN,83,KV Place Guide / Darjeeling / culture,emb_place_73ad708d,,2026-08-18T10:00:00+05:30
kbc_85af5fb3,cty_c43cfa94,,etiquette,Darjeeling — Etiquette,"A few things save awkwardness in Darjeeling. Remove footwear at religious sites, and carry socks if the stone is hot. Photography of people, especially at prayer, is best asked about first; a gesture toward the camera is usually enough. Bargaining is expected in the bazaars and not in shops with printed prices. Tipping is modest but appreciated — rounding up is normal, twenty per cent is not.",en-IN,87,KV Place Guide / Darjeeling / etiquette,emb_place_85af5fb3,,2026-08-18T10:00:00+05:30
kbc_c7782b3e,cty_c43cfa94,,food,Darjeeling — Food,"The local kitchen in Darjeeling is built around millet and chilli, and it is worth eating where the turnover is high rather than where the menu is longest. Vegetarian food is easy to find; strict Jain preparation is available at a smaller number of places and usually needs asking for. Street food is safest mid-morning and early evening when it is freshly made. Tap water is not recommended; sealed bottles and filtered refills are widely available.",en-IN,98,KV Place Guide / Darjeeling / food,emb_place_c7782b3e,,2026-08-18T10:00:00+05:30
kbc_238a8091,cty_c43cfa94,,transport,Darjeeling — Transport,"Getting around Darjeeling is straightforward if you pick the right mode for the distance. Auto-rickshaws work well under three kilometres and should be metered or agreed in advance. App-based cabs are reliable in the newer parts of the city and less so in the old lanes, where drivers will often ask you to walk the last stretch. Cycling is pleasant early; less so after nine.",en-IN,84,KV Place Guide / Darjeeling / transport,emb_place_238a8091,,2026-08-18T10:00:00+05:30
kbc_565b30d9,cty_c43cfa94,,safety,Darjeeling — Safety,"Darjeeling is generally comfortable for travellers, with the usual caveats. Crowded market areas attract pickpocketing, so keep bags in front. Lone travellers report fewer problems in the central and heritage districts than in the outer transport hubs late at night. During spring the greater risk is heat or rain rather than crime — plan accordingly and carry water.",en-IN,75,KV Place Guide / Darjeeling / safety,emb_place_565b30d9,,2026-08-18T10:00:00+05:30
kbc_dadd1a73,cty_c43cfa94,,seasonal,Darjeeling — Seasonal,"Season matters more in Darjeeling than most travellers expect. spring brings the conditions most people come for, and the corresponding crowds and prices. The shoulder weeks either side are noticeably cheaper, with weather that is usually still workable. The off season is not empty — several of the best festivals fall in it — but some outlying sites reduce their hours.",en-IN,79,KV Place Guide / Darjeeling / seasonal,emb_place_dadd1a73,spring,2026-08-18T10:00:00+05:30
kbc_772abeb2,cty_c43cfa94,,practical,Darjeeling — Practical,"Practical notes for Darjeeling: ATMs are common in the centre and sparse near the outlying sites, so carry some cash. Most mid-range hotels will hold luggage after checkout without charging. Mobile coverage is good in the city and patchy in the hills nearby. Sunday closures affect government museums more than private ones. Allow more time than the map suggests during festival weeks.",en-IN,80,KV Place Guide / Darjeeling / practical,emb_place_772abeb2,,2026-08-18T10:00:00+05:30
kbc_bfac40f5,cty_b6ccbb3b,,history,Puri — History,"Puri grew up around a fortified hill, and the shape of the old town still follows it. The Mughal period brought the walls and the gate names that survive on street signs today; the twentieth century brought the railway, which moved the commercial centre about two kilometres from where it had sat for four hundred years. Visitors who only see the modern centre often miss that the older quarter is walkable in an afternoon and considerably more interesting.",en-IN,101,KV Place Guide / Puri / history,emb_place_bfac40f5,,2026-08-18T10:00:00+05:30
kbc_fb356df6,cty_b6ccbb3b,,culture,Puri — Culture,"Daily rhythm in Puri is worth understanding before you plan a day. Mornings start early — markets are busiest before nine — and the middle of the day slows noticeably, particularly in winter. Evenings are social: the a natural harbour fills up after seven and stays busy until quite late. Music and performance are common in public spaces during festival months rather than year-round.",en-IN,83,KV Place Guide / Puri / culture,emb_place_fb356df6,,2026-08-18T10:00:00+05:30
kbc_a0a9aeca,cty_b6ccbb3b,,etiquette,Puri — Etiquette,"A few things save awkwardness in Puri. Remove footwear at religious sites, and carry socks if the stone is hot. Photography of people, especially at prayer, is best asked about first; a gesture toward the camera is usually enough. Bargaining is expected in the bazaars and not in shops with printed prices. Tipping is modest but appreciated — rounding up is normal, twenty per cent is not.",en-IN,87,KV Place Guide / Puri / etiquette,emb_place_a0a9aeca,,2026-08-18T10:00:00+05:30
kbc_cb36a417,cty_b6ccbb3b,,food,Puri — Food,"The local kitchen in Puri is built around fish and tamarind, and it is worth eating where the turnover is high rather than where the menu is longest. Vegetarian food is easy to find; strict Jain preparation is available at a smaller number of places and usually needs asking for. Street food is safest mid-morning and early evening when it is freshly made. Tap water is not recommended; sealed bottles and filtered refills are widely available.",en-IN,98,KV Place Guide / Puri / food,emb_place_cb36a417,,2026-08-18T10:00:00+05:30
kbc_f1198793,cty_b6ccbb3b,,transport,Puri — Transport,"Getting around Puri is straightforward if you pick the right mode for the distance. Auto-rickshaws work well under three kilometres and should be metered or agreed in advance. App-based cabs are reliable in the newer parts of the city and less so in the old lanes, where drivers will often ask you to walk the last stretch. Cycling is pleasant early; less so after nine.",en-IN,84,KV Place Guide / Puri / transport,emb_place_f1198793,,2026-08-18T10:00:00+05:30
kbc_34042ba3,cty_b6ccbb3b,,safety,Puri — Safety,"Puri is generally comfortable for travellers, with the usual caveats. Crowded market areas attract pickpocketing, so keep bags in front. Lone travellers report fewer problems in the central and heritage districts than in the outer transport hubs late at night. During winter the greater risk is heat or rain rather than crime — plan accordingly and carry water.",en-IN,75,KV Place Guide / Puri / safety,emb_place_34042ba3,,2026-08-18T10:00:00+05:30
kbc_69b9b9f4,cty_b6ccbb3b,,seasonal,Puri — Seasonal,"Season matters more in Puri than most travellers expect. winter brings the conditions most people come for, and the corresponding crowds and prices. The shoulder weeks either side are noticeably cheaper, with weather that is usually still workable. The off season is not empty — several of the best festivals fall in it — but some outlying sites reduce their hours.",en-IN,79,KV Place Guide / Puri / seasonal,emb_place_69b9b9f4,winter,2026-08-18T10:00:00+05:30
kbc_7f5236ce,cty_b6ccbb3b,,practical,Puri — Practical,"Practical notes for Puri: ATMs are common in the centre and sparse near the outlying sites, so carry some cash. Most mid-range hotels will hold luggage after checkout without charging. Mobile coverage is good in the city and patchy in the hills nearby. Sunday closures affect government museums more than private ones. Allow more time than the map suggests during festival weeks.",en-IN,80,KV Place Guide / Puri / practical,emb_place_7f5236ce,,2026-08-18T10:00:00+05:30
kbc_426b0d03,cty_7be8559f,,history,Bhubaneswar — History,"Bhubaneswar grew up around a rail junction, and the shape of the old town still follows it. The Mughal period brought the walls and the gate names that survive on street signs today; the twentieth century brought the railway, which moved the commercial centre about two kilometres from where it had sat for four hundred years. Visitors who only see the modern centre often miss that the older quarter is walkable in an afternoon and considerably more interesting.",en-IN,101,KV Place Guide / Bhubaneswar / history,emb_place_426b0d03,,2026-08-18T10:00:00+05:30
kbc_2112ce58,cty_7be8559f,,culture,Bhubaneswar — Culture,"Daily rhythm in Bhubaneswar is worth understanding before you plan a day. Mornings start early — markets are busiest before nine — and the middle of the day slows noticeably, particularly in winter. Evenings are social: the a rail junction fills up after seven and stays busy until quite late. Music and performance are common in public spaces during festival months rather than year-round.",en-IN,83,KV Place Guide / Bhubaneswar / culture,emb_place_2112ce58,,2026-08-18T10:00:00+05:30
kbc_b0c3d8ea,cty_7be8559f,,etiquette,Bhubaneswar — Etiquette,"A few things save awkwardness in Bhubaneswar. Remove footwear at religious sites, and carry socks if the stone is hot. Photography of people, especially at prayer, is best asked about first; a gesture toward the camera is usually enough. Bargaining is expected in the bazaars and not in shops with printed prices. Tipping is modest but appreciated — rounding up is normal, twenty per cent is not.",en-IN,87,KV Place Guide / Bhubaneswar / etiquette,emb_place_b0c3d8ea,,2026-08-18T10:00:00+05:30
kbc_82cc0845,cty_7be8559f,,food,Bhubaneswar — Food,"The local kitchen in Bhubaneswar is built around lentils and ghee, and it is worth eating where the turnover is high rather than where the menu is longest. Vegetarian food is easy to find; strict Jain preparation is available at a smaller number of places and usually needs asking for. Street food is safest mid-morning and early evening when it is freshly made. Tap water is not recommended; sealed bottles and filtered refills are widely available.",en-IN,98,KV Place Guide / Bhubaneswar / food,emb_place_82cc0845,,2026-08-18T10:00:00+05:30
kbc_411a8b69,cty_7be8559f,,transport,Bhubaneswar — Transport,"Getting around Bhubaneswar is straightforward if you pick the right mode for the distance. Auto-rickshaws work well under three kilometres and should be metered or agreed in advance. App-based cabs are reliable in the newer parts of the city and less so in the old lanes, where drivers will often ask you to walk the last stretch. Cycling is pleasant early; less so after nine.",en-IN,84,KV Place Guide / Bhubaneswar / transport,emb_place_411a8b69,,2026-08-18T10:00:00+05:30
kbc_07f919f5,cty_7be8559f,,safety,Bhubaneswar — Safety,"Bhubaneswar is generally comfortable for travellers, with the usual caveats. Crowded market areas attract pickpocketing, so keep bags in front. Lone travellers report fewer problems in the central and heritage districts than in the outer transport hubs late at night. During winter the greater risk is heat or rain rather than crime — plan accordingly and carry water.",en-IN,75,KV Place Guide / Bhubaneswar / safety,emb_place_07f919f5,,2026-08-18T10:00:00+05:30
kbc_9ebb05c2,cty_7be8559f,,seasonal,Bhubaneswar — Seasonal,"Season matters more in Bhubaneswar than most travellers expect. winter brings the conditions most people come for, and the corresponding crowds and prices. The shoulder weeks either side are noticeably cheaper, with weather that is usually still workable. The off season is not empty — several of the best festivals fall in it — but some outlying sites reduce their hours.",en-IN,79,KV Place Guide / Bhubaneswar / seasonal,emb_place_9ebb05c2,winter,2026-08-18T10:00:00+05:30
kbc_8fbc0cfb,cty_7be8559f,,practical,Bhubaneswar — Practical,"Practical notes for Bhubaneswar: ATMs are common in the centre and sparse near the outlying sites, so carry some cash. Most mid-range hotels will hold luggage after checkout without charging. Mobile coverage is good in the city and patchy in the hills nearby. Sunday closures affect government museums more than private ones. Allow more time than the map suggests during festival weeks.",en-IN,80,KV Place Guide / Bhubaneswar / practical,emb_place_8fbc0cfb,,2026-08-18T10:00:00+05:30
kbc_fec21327,cty_cf1c6ac5,,history,Guwahati — History,"Guwahati grew up around a royal hunting reserve, and the shape of the old town still follows it. The colonial period brought the walls and the gate names that survive on street signs today; the twentieth century brought the railway, which moved the commercial centre about two kilometres from where it had sat for four hundred years. Visitors who only see the modern centre often miss that the older quarter is walkable in an afternoon and considerably more interesting.",en-IN,102,KV Place Guide / Guwahati / history,emb_place_fec21327,,2026-08-18T10:00:00+05:30
kbc_765688c4,cty_cf1c6ac5,,culture,Guwahati — Culture,"Daily rhythm in Guwahati is worth understanding before you plan a day. Mornings start early — markets are busiest before nine — and the middle of the day slows noticeably, particularly in post monsoon. Evenings are social: the a caravan route fills up after seven and stays busy until quite late. Music and performance are common in public spaces during festival months rather than year-round.",en-IN,84,KV Place Guide / Guwahati / culture,emb_place_765688c4,,2026-08-18T10:00:00+05:30
kbc_f7becdd6,cty_cf1c6ac5,,etiquette,Guwahati — Etiquette,"A few things save awkwardness in Guwahati. Remove footwear at religious sites, and carry socks if the stone is hot. Photography of people, especially at prayer, is best asked about first; a gesture toward the camera is usually enough. Bargaining is expected in the bazaars and not in shops with printed prices. Tipping is modest but appreciated — rounding up is normal, twenty per cent is not.",en-IN,87,KV Place Guide / Guwahati / etiquette,emb_place_f7becdd6,,2026-08-18T10:00:00+05:30
kbc_1755f363,cty_cf1c6ac5,,food,Guwahati — Food,"The local kitchen in Guwahati is built around wheat and dairy, and it is worth eating where the turnover is high rather than where the menu is longest. Vegetarian food is easy to find; strict Jain preparation is available at a smaller number of places and usually needs asking for. Street food is safest mid-morning and early evening when it is freshly made. Tap water is not recommended; sealed bottles and filtered refills are widely available.",en-IN,98,KV Place Guide / Guwahati / food,emb_place_1755f363,,2026-08-18T10:00:00+05:30
kbc_26be158c,cty_cf1c6ac5,,transport,Guwahati — Transport,"Getting around Guwahati is straightforward if you pick the right mode for the distance. Auto-rickshaws work well under three kilometres and should be metered or agreed in advance. App-based cabs are reliable in the newer parts of the city and less so in the old lanes, where drivers will often ask you to walk the last stretch. Cycling is pleasant early; less so after nine.",en-IN,84,KV Place Guide / Guwahati / transport,emb_place_26be158c,,2026-08-18T10:00:00+05:30
kbc_f1be8fd5,cty_cf1c6ac5,,safety,Guwahati — Safety,"Guwahati is generally comfortable for travellers, with the usual caveats. Crowded market areas attract pickpocketing, so keep bags in front. Lone travellers report fewer problems in the central and heritage districts than in the outer transport hubs late at night. During post monsoon the greater risk is heat or rain rather than crime — plan accordingly and carry water.",en-IN,76,KV Place Guide / Guwahati / safety,emb_place_f1be8fd5,,2026-08-18T10:00:00+05:30
kbc_e96ebef7,cty_cf1c6ac5,,seasonal,Guwahati — Seasonal,"Season matters more in Guwahati than most travellers expect. post monsoon brings the conditions most people come for, and the corresponding crowds and prices. The shoulder weeks either side are noticeably cheaper, with weather that is usually still workable. The off season is not empty — several of the best festivals fall in it — but some outlying sites reduce their hours.",en-IN,80,KV Place Guide / Guwahati / seasonal,emb_place_e96ebef7,post_monsoon,2026-08-18T10:00:00+05:30
kbc_2a5b013e,cty_cf1c6ac5,,practical,Guwahati — Practical,"Practical notes for Guwahati: ATMs are common in the centre and sparse near the outlying sites, so carry some cash. Most mid-range hotels will hold luggage after checkout without charging. Mobile coverage is good in the city and patchy in the hills nearby. Sunday closures affect government museums more than private ones. Allow more time than the map suggests during festival weeks.",en-IN,80,KV Place Guide / Guwahati / practical,emb_place_2a5b013e,,2026-08-18T10:00:00+05:30
kbc_c866845b,cty_590d4b7b,,history,Shillong — History,"Shillong grew up around a rail junction, and the shape of the old town still follows it. The colonial period brought the walls and the gate names that survive on street signs today; the twentieth century brought the railway, which moved the commercial centre about two kilometres from where it had sat for four hundred years. Visitors who only see the modern centre often miss that the older quarter is walkable in an afternoon and considerably more interesting.",en-IN,101,KV Place Guide / Shillong / history,emb_place_c866845b,,2026-08-18T10:00:00+05:30
kbc_a6b9d769,cty_590d4b7b,,culture,Shillong — Culture,"Daily rhythm in Shillong is worth understanding before you plan a day. Mornings start early — markets are busiest before nine — and the middle of the day slows noticeably, particularly in post monsoon. Evenings are social: the a temple tank fills up after seven and stays busy until quite late. Music and performance are common in public spaces during festival months rather than year-round.",en-IN,84,KV Place Guide / Shillong / culture,emb_place_a6b9d769,,2026-08-18T10:00:00+05:30
kbc_8dbbaeba,cty_590d4b7b,,etiquette,Shillong — Etiquette,"A few things save awkwardness in Shillong. Remove footwear at religious sites, and carry socks if the stone is hot. Photography of people, especially at prayer, is best asked about first; a gesture toward the camera is usually enough. Bargaining is expected in the bazaars and not in shops with printed prices. Tipping is modest but appreciated — rounding up is normal, twenty per cent is not.",en-IN,87,KV Place Guide / Shillong / etiquette,emb_place_8dbbaeba,,2026-08-18T10:00:00+05:30
kbc_c2383716,cty_590d4b7b,,food,Shillong — Food,"The local kitchen in Shillong is built around fish and tamarind, and it is worth eating where the turnover is high rather than where the menu is longest. Vegetarian food is easy to find; strict Jain preparation is available at a smaller number of places and usually needs asking for. Street food is safest mid-morning and early evening when it is freshly made. Tap water is not recommended; sealed bottles and filtered refills are widely available.",en-IN,98,KV Place Guide / Shillong / food,emb_place_c2383716,,2026-08-18T10:00:00+05:30
kbc_a7167f62,cty_590d4b7b,,transport,Shillong — Transport,"Getting around Shillong is straightforward if you pick the right mode for the distance. Auto-rickshaws work well under three kilometres and should be metered or agreed in advance. App-based cabs are reliable in the newer parts of the city and less so in the old lanes, where drivers will often ask you to walk the last stretch. Cycling is pleasant early; less so after nine.",en-IN,84,KV Place Guide / Shillong / transport,emb_place_a7167f62,,2026-08-18T10:00:00+05:30
kbc_39ec9eba,cty_590d4b7b,,safety,Shillong — Safety,"Shillong is generally comfortable for travellers, with the usual caveats. Crowded market areas attract pickpocketing, so keep bags in front. Lone travellers report fewer problems in the central and heritage districts than in the outer transport hubs late at night. During post monsoon the greater risk is heat or rain rather than crime — plan accordingly and carry water.",en-IN,76,KV Place Guide / Shillong / safety,emb_place_39ec9eba,,2026-08-18T10:00:00+05:30
kbc_caf76816,cty_590d4b7b,,seasonal,Shillong — Seasonal,"Season matters more in Shillong than most travellers expect. post monsoon brings the conditions most people come for, and the corresponding crowds and prices. The shoulder weeks either side are noticeably cheaper, with weather that is usually still workable. The off season is not empty — several of the best festivals fall in it — but some outlying sites reduce their hours.",en-IN,80,KV Place Guide / Shillong / seasonal,emb_place_caf76816,post_monsoon,2026-08-18T10:00:00+05:30
kbc_f50e9b3a,cty_590d4b7b,,practical,Shillong — Practical,"Practical notes for Shillong: ATMs are common in the centre and sparse near the outlying sites, so carry some cash. Most mid-range hotels will hold luggage after checkout without charging. Mobile coverage is good in the city and patchy in the hills nearby. Sunday closures affect government museums more than private ones. Allow more time than the map suggests during festival weeks.",en-IN,80,KV Place Guide / Shillong / practical,emb_place_f50e9b3a,,2026-08-18T10:00:00+05:30
kbc_815a23ce,cty_ccb4fb74,,history,Gangtok — History,"Gangtok grew up around a natural harbour, and the shape of the old town still follows it. The medieval period brought the walls and the gate names that survive on street signs today; the twentieth century brought the railway, which moved the commercial centre about two kilometres from where it had sat for four hundred years. Visitors who only see the modern centre often miss that the older quarter is walkable in an afternoon and considerably more interesting.",en-IN,101,KV Place Guide / Gangtok / history,emb_place_815a23ce,,2026-08-18T10:00:00+05:30
kbc_078e7538,cty_ccb4fb74,,culture,Gangtok — Culture,"Daily rhythm in Gangtok is worth understanding before you plan a day. Mornings start early — markets are busiest before nine — and the middle of the day slows noticeably, particularly in spring. Evenings are social: the a caravan route fills up after seven and stays busy until quite late. Music and performance are common in public spaces during festival months rather than year-round.",en-IN,83,KV Place Guide / Gangtok / culture,emb_place_078e7538,,2026-08-18T10:00:00+05:30
kbc_143b34d6,cty_ccb4fb74,,etiquette,Gangtok — Etiquette,"A few things save awkwardness in Gangtok. Remove footwear at religious sites, and carry socks if the stone is hot. Photography of people, especially at prayer, is best asked about first; a gesture toward the camera is usually enough. Bargaining is expected in the bazaars and not in shops with printed prices. Tipping is modest but appreciated — rounding up is normal, twenty per cent is not.",en-IN,87,KV Place Guide / Gangtok / etiquette,emb_place_143b34d6,,2026-08-18T10:00:00+05:30
kbc_f1ce3464,cty_ccb4fb74,,food,Gangtok — Food,"The local kitchen in Gangtok is built around wheat and dairy, and it is worth eating where the turnover is high rather than where the menu is longest. Vegetarian food is easy to find; strict Jain preparation is available at a smaller number of places and usually needs asking for. Street food is safest mid-morning and early evening when it is freshly made. Tap water is not recommended; sealed bottles and filtered refills are widely available.",en-IN,98,KV Place Guide / Gangtok / food,emb_place_f1ce3464,,2026-08-18T10:00:00+05:30
kbc_6966cb0c,cty_ccb4fb74,,transport,Gangtok — Transport,"Getting around Gangtok is straightforward if you pick the right mode for the distance. Auto-rickshaws work well under three kilometres and should be metered or agreed in advance. App-based cabs are reliable in the newer parts of the city and less so in the old lanes, where drivers will often ask you to walk the last stretch. Cycling is pleasant early; less so after nine.",en-IN,84,KV Place Guide / Gangtok / transport,emb_place_6966cb0c,,2026-08-18T10:00:00+05:30
kbc_66e43aae,cty_ccb4fb74,,safety,Gangtok — Safety,"Gangtok is generally comfortable for travellers, with the usual caveats. Crowded market areas attract pickpocketing, so keep bags in front. Lone travellers report fewer problems in the central and heritage districts than in the outer transport hubs late at night. During spring the greater risk is heat or rain rather than crime — plan accordingly and carry water.",en-IN,75,KV Place Guide / Gangtok / safety,emb_place_66e43aae,,2026-08-18T10:00:00+05:30
kbc_2ff30d78,cty_ccb4fb74,,seasonal,Gangtok — Seasonal,"Season matters more in Gangtok than most travellers expect. spring brings the conditions most people come for, and the corresponding crowds and prices. The shoulder weeks either side are noticeably cheaper, with weather that is usually still workable. The off season is not empty — several of the best festivals fall in it — but some outlying sites reduce their hours.",en-IN,79,KV Place Guide / Gangtok / seasonal,emb_place_2ff30d78,spring,2026-08-18T10:00:00+05:30
kbc_fd3526e9,cty_ccb4fb74,,practical,Gangtok — Practical,"Practical notes for Gangtok: ATMs are common in the centre and sparse near the outlying sites, so carry some cash. Most mid-range hotels will hold luggage after checkout without charging. Mobile coverage is good in the city and patchy in the hills nearby. Sunday closures affect government museums more than private ones. Allow more time than the map suggests during festival weeks.",en-IN,80,KV Place Guide / Gangtok / practical,emb_place_fd3526e9,,2026-08-18T10:00:00+05:30
kbc_08b0ac25,cty_a50bc5dd,,history,Colombo — History,"Colombo grew up around a temple tank, and the shape of the old town still follows it. The early modern period brought the walls and the gate names that survive on street signs today; the twentieth century brought the railway, which moved the commercial centre about two kilometres from where it had sat for four hundred years. Visitors who only see the modern centre often miss that the older quarter is walkable in an afternoon and considerably more interesting.",en-IN,102,KV Place Guide / Colombo / history,emb_place_08b0ac25,,2026-08-18T10:00:00+05:30
kbc_99891f46,cty_a50bc5dd,,culture,Colombo — Culture,"Daily rhythm in Colombo is worth understanding before you plan a day. Mornings start early — markets are busiest before nine — and the middle of the day slows noticeably, particularly in winter. Evenings are social: the a royal hunting reserve fills up after seven and stays busy until quite late. Music and performance are common in public spaces during festival months rather than year-round.",en-IN,84,KV Place Guide / Colombo / culture,emb_place_99891f46,,2026-08-18T10:00:00+05:30
kbc_c8244155,cty_a50bc5dd,,etiquette,Colombo — Etiquette,"A few things save awkwardness in Colombo. Remove footwear at religious sites, and carry socks if the stone is hot. Photography of people, especially at prayer, is best asked about first; a gesture toward the camera is usually enough. Bargaining is expected in the bazaars and not in shops with printed prices. Tipping is modest but appreciated — rounding up is normal, twenty per cent is not.",en-IN,87,KV Place Guide / Colombo / etiquette,emb_place_c8244155,,2026-08-18T10:00:00+05:30
kbc_ad94af49,cty_a50bc5dd,,food,Colombo — Food,"The local kitchen in Colombo is built around fermented batters, and it is worth eating where the turnover is high rather than where the menu is longest. Vegetarian food is easy to find; strict Jain preparation is available at a smaller number of places and usually needs asking for. Street food is safest mid-morning and early evening when it is freshly made. Tap water is not recommended; sealed bottles and filtered refills are widely available.",en-IN,97,KV Place Guide / Colombo / food,emb_place_ad94af49,,2026-08-18T10:00:00+05:30
kbc_bb56744e,cty_a50bc5dd,,transport,Colombo — Transport,"Getting around Colombo is straightforward if you pick the right mode for the distance. Auto-rickshaws work well under three kilometres and should be metered or agreed in advance. App-based cabs are reliable in the newer parts of the city and less so in the old lanes, where drivers will often ask you to walk the last stretch. Cycling is pleasant early; less so after nine.",en-IN,84,KV Place Guide / Colombo / transport,emb_place_bb56744e,,2026-08-18T10:00:00+05:30
kbc_15c9c322,cty_a50bc5dd,,safety,Colombo — Safety,"Colombo is generally comfortable for travellers, with the usual caveats. Crowded market areas attract pickpocketing, so keep bags in front. Lone travellers report fewer problems in the central and heritage districts than in the outer transport hubs late at night. During winter the greater risk is heat or rain rather than crime — plan accordingly and carry water.",en-IN,75,KV Place Guide / Colombo / safety,emb_place_15c9c322,,2026-08-18T10:00:00+05:30
kbc_a36c63fe,cty_a50bc5dd,,seasonal,Colombo — Seasonal,"Season matters more in Colombo than most travellers expect. winter brings the conditions most people come for, and the corresponding crowds and prices. The shoulder weeks either side are noticeably cheaper, with weather that is usually still workable. The off season is not empty — several of the best festivals fall in it — but some outlying sites reduce their hours.",en-IN,79,KV Place Guide / Colombo / seasonal,emb_place_a36c63fe,winter,2026-08-18T10:00:00+05:30
kbc_0af0a8a7,cty_a50bc5dd,,practical,Colombo — Practical,"Practical notes for Colombo: ATMs are common in the centre and sparse near the outlying sites, so carry some cash. Most mid-range hotels will hold luggage after checkout without charging. Mobile coverage is good in the city and patchy in the hills nearby. Sunday closures affect government museums more than private ones. Allow more time than the map suggests during festival weeks.",en-IN,80,KV Place Guide / Colombo / practical,emb_place_0af0a8a7,,2026-08-18T10:00:00+05:30
kbc_d3284925,cty_009c9fd2,,history,Kandy — History,"Kandy grew up around a natural harbour, and the shape of the old town still follows it. The Rajput period brought the walls and the gate names that survive on street signs today; the twentieth century brought the railway, which moved the commercial centre about two kilometres from where it had sat for four hundred years. Visitors who only see the modern centre often miss that the older quarter is walkable in an afternoon and considerably more interesting.",en-IN,101,KV Place Guide / Kandy / history,emb_place_d3284925,,2026-08-18T10:00:00+05:30
kbc_a95db3d1,cty_009c9fd2,,culture,Kandy — Culture,"Daily rhythm in Kandy is worth understanding before you plan a day. Mornings start early — markets are busiest before nine — and the middle of the day slows noticeably, particularly in winter. Evenings are social: the a fortified hill fills up after seven and stays busy until quite late. Music and performance are common in public spaces during festival months rather than year-round.",en-IN,83,KV Place Guide / Kandy / culture,emb_place_a95db3d1,,2026-08-18T10:00:00+05:30
kbc_e11370e9,cty_009c9fd2,,etiquette,Kandy — Etiquette,"A few things save awkwardness in Kandy. Remove footwear at religious sites, and carry socks if the stone is hot. Photography of people, especially at prayer, is best asked about first; a gesture toward the camera is usually enough. Bargaining is expected in the bazaars and not in shops with printed prices. Tipping is modest but appreciated — rounding up is normal, twenty per cent is not.",en-IN,87,KV Place Guide / Kandy / etiquette,emb_place_e11370e9,,2026-08-18T10:00:00+05:30
kbc_72b26460,cty_009c9fd2,,food,Kandy — Food,"The local kitchen in Kandy is built around millet and chilli, and it is worth eating where the turnover is high rather than where the menu is longest. Vegetarian food is easy to find; strict Jain preparation is available at a smaller number of places and usually needs asking for. Street food is safest mid-morning and early evening when it is freshly made. Tap water is not recommended; sealed bottles and filtered refills are widely available.",en-IN,98,KV Place Guide / Kandy / food,emb_place_72b26460,,2026-08-18T10:00:00+05:30
kbc_4eac93bd,cty_009c9fd2,,transport,Kandy — Transport,"Getting around Kandy is straightforward if you pick the right mode for the distance. Auto-rickshaws work well under three kilometres and should be metered or agreed in advance. App-based cabs are reliable in the newer parts of the city and less so in the old lanes, where drivers will often ask you to walk the last stretch. Cycling is pleasant early; less so after nine.",en-IN,84,KV Place Guide / Kandy / transport,emb_place_4eac93bd,,2026-08-18T10:00:00+05:30
kbc_d099a89d,cty_009c9fd2,,safety,Kandy — Safety,"Kandy is generally comfortable for travellers, with the usual caveats. Crowded market areas attract pickpocketing, so keep bags in front. Lone travellers report fewer problems in the central and heritage districts than in the outer transport hubs late at night. During winter the greater risk is heat or rain rather than crime — plan accordingly and carry water.",en-IN,75,KV Place Guide / Kandy / safety,emb_place_d099a89d,,2026-08-18T10:00:00+05:30
kbc_2a8c5422,cty_009c9fd2,,seasonal,Kandy — Seasonal,"Season matters more in Kandy than most travellers expect. winter brings the conditions most people come for, and the corresponding crowds and prices. The shoulder weeks either side are noticeably cheaper, with weather that is usually still workable. The off season is not empty — several of the best festivals fall in it — but some outlying sites reduce their hours.",en-IN,79,KV Place Guide / Kandy / seasonal,emb_place_2a8c5422,winter,2026-08-18T10:00:00+05:30
kbc_615a0365,cty_009c9fd2,,practical,Kandy — Practical,"Practical notes for Kandy: ATMs are common in the centre and sparse near the outlying sites, so carry some cash. Most mid-range hotels will hold luggage after checkout without charging. Mobile coverage is good in the city and patchy in the hills nearby. Sunday closures affect government museums more than private ones. Allow more time than the map suggests during festival weeks.",en-IN,80,KV Place Guide / Kandy / practical,emb_place_615a0365,,2026-08-18T10:00:00+05:30
kbc_9c4a4b16,cty_c0f2d9de,,history,Kathmandu — History,"Kathmandu grew up around a temple tank, and the shape of the old town still follows it. The Rajput period brought the walls and the gate names that survive on street signs today; the twentieth century brought the railway, which moved the commercial centre about two kilometres from where it had sat for four hundred years. Visitors who only see the modern centre often miss that the older quarter is walkable in an afternoon and considerably more interesting.",en-IN,101,KV Place Guide / Kathmandu / history,emb_place_9c4a4b16,,2026-08-18T10:00:00+05:30
kbc_94911b53,cty_c0f2d9de,,culture,Kathmandu — Culture,"Daily rhythm in Kathmandu is worth understanding before you plan a day. Mornings start early — markets are busiest before nine — and the middle of the day slows noticeably, particularly in autumn. Evenings are social: the a temple tank fills up after seven and stays busy until quite late. Music and performance are common in public spaces during festival months rather than year-round.",en-IN,83,KV Place Guide / Kathmandu / culture,emb_place_94911b53,,2026-08-18T10:00:00+05:30
kbc_5ec41e1e,cty_c0f2d9de,,etiquette,Kathmandu — Etiquette,"A few things save awkwardness in Kathmandu. Remove footwear at religious sites, and carry socks if the stone is hot. Photography of people, especially at prayer, is best asked about first; a gesture toward the camera is usually enough. Bargaining is expected in the bazaars and not in shops with printed prices. Tipping is modest but appreciated — rounding up is normal, twenty per cent is not.",en-IN,87,KV Place Guide / Kathmandu / etiquette,emb_place_5ec41e1e,,2026-08-18T10:00:00+05:30
kbc_5df7d684,cty_c0f2d9de,,food,Kathmandu — Food,"The local kitchen in Kathmandu is built around millet and chilli, and it is worth eating where the turnover is high rather than where the menu is longest. Vegetarian food is easy to find; strict Jain preparation is available at a smaller number of places and usually needs asking for. Street food is safest mid-morning and early evening when it is freshly made. Tap water is not recommended; sealed bottles and filtered refills are widely available.",en-IN,98,KV Place Guide / Kathmandu / food,emb_place_5df7d684,,2026-08-18T10:00:00+05:30
kbc_8e8fb206,cty_c0f2d9de,,transport,Kathmandu — Transport,"Getting around Kathmandu is straightforward if you pick the right mode for the distance. Auto-rickshaws work well under three kilometres and should be metered or agreed in advance. App-based cabs are reliable in the newer parts of the city and less so in the old lanes, where drivers will often ask you to walk the last stretch. Cycling is pleasant early; less so after nine.",en-IN,84,KV Place Guide / Kathmandu / transport,emb_place_8e8fb206,,2026-08-18T10:00:00+05:30
kbc_05fd3591,cty_c0f2d9de,,safety,Kathmandu — Safety,"Kathmandu is generally comfortable for travellers, with the usual caveats. Crowded market areas attract pickpocketing, so keep bags in front. Lone travellers report fewer problems in the central and heritage districts than in the outer transport hubs late at night. During autumn the greater risk is heat or rain rather than crime — plan accordingly and carry water.",en-IN,75,KV Place Guide / Kathmandu / safety,emb_place_05fd3591,,2026-08-18T10:00:00+05:30
kbc_75ea00ba,cty_c0f2d9de,,seasonal,Kathmandu — Seasonal,"Season matters more in Kathmandu than most travellers expect. autumn brings the conditions most people come for, and the corresponding crowds and prices. The shoulder weeks either side are noticeably cheaper, with weather that is usually still workable. The off season is not empty — several of the best festivals fall in it — but some outlying sites reduce their hours.",en-IN,79,KV Place Guide / Kathmandu / seasonal,emb_place_75ea00ba,autumn,2026-08-18T10:00:00+05:30
kbc_e3bb27f4,cty_c0f2d9de,,practical,Kathmandu — Practical,"Practical notes for Kathmandu: ATMs are common in the centre and sparse near the outlying sites, so carry some cash. Most mid-range hotels will hold luggage after checkout without charging. Mobile coverage is good in the city and patchy in the hills nearby. Sunday closures affect government museums more than private ones. Allow more time than the map suggests during festival weeks.",en-IN,80,KV Place Guide / Kathmandu / practical,emb_place_e3bb27f4,,2026-08-18T10:00:00+05:30
kbc_88f61260,cty_95d040d8,,history,Pokhara — History,"Pokhara grew up around a temple tank, and the shape of the old town still follows it. The Mughal period brought the walls and the gate names that survive on street signs today; the twentieth century brought the railway, which moved the commercial centre about two kilometres from where it had sat for four hundred years. Visitors who only see the modern centre often miss that the older quarter is walkable in an afternoon and considerably more interesting.",en-IN,101,KV Place Guide / Pokhara / history,emb_place_88f61260,,2026-08-18T10:00:00+05:30
kbc_77993116,cty_95d040d8,,culture,Pokhara — Culture,"Daily rhythm in Pokhara is worth understanding before you plan a day. Mornings start early — markets are busiest before nine — and the middle of the day slows noticeably, particularly in autumn. Evenings are social: the a caravan route fills up after seven and stays busy until quite late. Music and performance are common in public spaces during festival months rather than year-round.",en-IN,83,KV Place Guide / Pokhara / culture,emb_place_77993116,,2026-08-18T10:00:00+05:30
kbc_5c5d3be0,cty_95d040d8,,etiquette,Pokhara — Etiquette,"A few things save awkwardness in Pokhara. Remove footwear at religious sites, and carry socks if the stone is hot. Photography of people, especially at prayer, is best asked about first; a gesture toward the camera is usually enough. Bargaining is expected in the bazaars and not in shops with printed prices. Tipping is modest but appreciated — rounding up is normal, twenty per cent is not.",en-IN,87,KV Place Guide / Pokhara / etiquette,emb_place_5c5d3be0,,2026-08-18T10:00:00+05:30
kbc_2cc27690,cty_95d040d8,,food,Pokhara — Food,"The local kitchen in Pokhara is built around fish and tamarind, and it is worth eating where the turnover is high rather than where the menu is longest. Vegetarian food is easy to find; strict Jain preparation is available at a smaller number of places and usually needs asking for. Street food is safest mid-morning and early evening when it is freshly made. Tap water is not recommended; sealed bottles and filtered refills are widely available.",en-IN,98,KV Place Guide / Pokhara / food,emb_place_2cc27690,,2026-08-18T10:00:00+05:30
kbc_5ef073f5,cty_95d040d8,,transport,Pokhara — Transport,"Getting around Pokhara is straightforward if you pick the right mode for the distance. Auto-rickshaws work well under three kilometres and should be metered or agreed in advance. App-based cabs are reliable in the newer parts of the city and less so in the old lanes, where drivers will often ask you to walk the last stretch. Cycling is pleasant early; less so after nine.",en-IN,84,KV Place Guide / Pokhara / transport,emb_place_5ef073f5,,2026-08-18T10:00:00+05:30
kbc_b2f36db1,cty_95d040d8,,safety,Pokhara — Safety,"Pokhara is generally comfortable for travellers, with the usual caveats. Crowded market areas attract pickpocketing, so keep bags in front. Lone travellers report fewer problems in the central and heritage districts than in the outer transport hubs late at night. During autumn the greater risk is heat or rain rather than crime — plan accordingly and carry water.",en-IN,75,KV Place Guide / Pokhara / safety,emb_place_b2f36db1,,2026-08-18T10:00:00+05:30
kbc_9c014c96,cty_95d040d8,,seasonal,Pokhara — Seasonal,"Season matters more in Pokhara than most travellers expect. autumn brings the conditions most people come for, and the corresponding crowds and prices. The shoulder weeks either side are noticeably cheaper, with weather that is usually still workable. The off season is not empty — several of the best festivals fall in it — but some outlying sites reduce their hours.",en-IN,79,KV Place Guide / Pokhara / seasonal,emb_place_9c014c96,autumn,2026-08-18T10:00:00+05:30
kbc_509cfe76,cty_95d040d8,,practical,Pokhara — Practical,"Practical notes for Pokhara: ATMs are common in the centre and sparse near the outlying sites, so carry some cash. Most mid-range hotels will hold luggage after checkout without charging. Mobile coverage is good in the city and patchy in the hills nearby. Sunday closures affect government museums more than private ones. Allow more time than the map suggests during festival weeks.",en-IN,80,KV Place Guide / Pokhara / practical,emb_place_509cfe76,,2026-08-18T10:00:00+05:30
kbc_d3fb48cb,cty_79cbc59b,,history,Thimphu — History,"Thimphu grew up around a rail junction, and the shape of the old town still follows it. The Chola period brought the walls and the gate names that survive on street signs today; the twentieth century brought the railway, which moved the commercial centre about two kilometres from where it had sat for four hundred years. Visitors who only see the modern centre often miss that the older quarter is walkable in an afternoon and considerably more interesting.",en-IN,101,KV Place Guide / Thimphu / history,emb_place_d3fb48cb,,2026-08-18T10:00:00+05:30
kbc_0bd60acb,cty_79cbc59b,,culture,Thimphu — Culture,"Daily rhythm in Thimphu is worth understanding before you plan a day. Mornings start early — markets are busiest before nine — and the middle of the day slows noticeably, particularly in spring. Evenings are social: the a temple tank fills up after seven and stays busy until quite late. Music and performance are common in public spaces during festival months rather than year-round.",en-IN,83,KV Place Guide / Thimphu / culture,emb_place_0bd60acb,,2026-08-18T10:00:00+05:30
kbc_c11b9f96,cty_79cbc59b,,etiquette,Thimphu — Etiquette,"A few things save awkwardness in Thimphu. Remove footwear at religious sites, and carry socks if the stone is hot. Photography of people, especially at prayer, is best asked about first; a gesture toward the camera is usually enough. Bargaining is expected in the bazaars and not in shops with printed prices. Tipping is modest but appreciated — rounding up is normal, twenty per cent is not.",en-IN,87,KV Place Guide / Thimphu / etiquette,emb_place_c11b9f96,,2026-08-18T10:00:00+05:30
kbc_25d90637,cty_79cbc59b,,food,Thimphu — Food,"The local kitchen in Thimphu is built around fermented batters, and it is worth eating where the turnover is high rather than where the menu is longest. Vegetarian food is easy to find; strict Jain preparation is available at a smaller number of places and usually needs asking for. Street food is safest mid-morning and early evening when it is freshly made. Tap water is not recommended; sealed bottles and filtered refills are widely available.",en-IN,97,KV Place Guide / Thimphu / food,emb_place_25d90637,,2026-08-18T10:00:00+05:30
kbc_8c97d5b7,cty_79cbc59b,,transport,Thimphu — Transport,"Getting around Thimphu is straightforward if you pick the right mode for the distance. Auto-rickshaws work well under three kilometres and should be metered or agreed in advance. App-based cabs are reliable in the newer parts of the city and less so in the old lanes, where drivers will often ask you to walk the last stretch. Cycling is pleasant early; less so after nine.",en-IN,84,KV Place Guide / Thimphu / transport,emb_place_8c97d5b7,,2026-08-18T10:00:00+05:30
kbc_03bee5de,cty_79cbc59b,,safety,Thimphu — Safety,"Thimphu is generally comfortable for travellers, with the usual caveats. Crowded market areas attract pickpocketing, so keep bags in front. Lone travellers report fewer problems in the central and heritage districts than in the outer transport hubs late at night. During spring the greater risk is heat or rain rather than crime — plan accordingly and carry water.",en-IN,75,KV Place Guide / Thimphu / safety,emb_place_03bee5de,,2026-08-18T10:00:00+05:30
kbc_a8c6c0e2,cty_79cbc59b,,seasonal,Thimphu — Seasonal,"Season matters more in Thimphu than most travellers expect. spring brings the conditions most people come for, and the corresponding crowds and prices. The shoulder weeks either side are noticeably cheaper, with weather that is usually still workable. The off season is not empty — several of the best festivals fall in it — but some outlying sites reduce their hours.",en-IN,79,KV Place Guide / Thimphu / seasonal,emb_place_a8c6c0e2,spring,2026-08-18T10:00:00+05:30
kbc_e3bc9d86,cty_79cbc59b,,practical,Thimphu — Practical,"Practical notes for Thimphu: ATMs are common in the centre and sparse near the outlying sites, so carry some cash. Most mid-range hotels will hold luggage after checkout without charging. Mobile coverage is good in the city and patchy in the hills nearby. Sunday closures affect government museums more than private ones. Allow more time than the map suggests during festival weeks.",en-IN,80,KV Place Guide / Thimphu / practical,emb_place_e3bc9d86,,2026-08-18T10:00:00+05:30
kbc_6b3368ef,cty_9aa02925,,history,Male — History,"Male grew up around a caravan route, and the shape of the old town still follows it. The Chola period brought the walls and the gate names that survive on street signs today; the twentieth century brought the railway, which moved the commercial centre about two kilometres from where it had sat for four hundred years. Visitors who only see the modern centre often miss that the older quarter is walkable in an afternoon and considerably more interesting.",en-IN,101,KV Place Guide / Male / history,emb_place_6b3368ef,,2026-08-18T10:00:00+05:30
kbc_ef20f7af,cty_9aa02925,,culture,Male — Culture,"Daily rhythm in Male is worth understanding before you plan a day. Mornings start early — markets are busiest before nine — and the middle of the day slows noticeably, particularly in winter. Evenings are social: the a royal hunting reserve fills up after seven and stays busy until quite late. Music and performance are common in public spaces during festival months rather than year-round.",en-IN,84,KV Place Guide / Male / culture,emb_place_ef20f7af,,2026-08-18T10:00:00+05:30
kbc_9bdebe5e,cty_9aa02925,,etiquette,Male — Etiquette,"A few things save awkwardness in Male. Remove footwear at religious sites, and carry socks if the stone is hot. Photography of people, especially at prayer, is best asked about first; a gesture toward the camera is usually enough. Bargaining is expected in the bazaars and not in shops with printed prices. Tipping is modest but appreciated — rounding up is normal, twenty per cent is not.",en-IN,87,KV Place Guide / Male / etiquette,emb_place_9bdebe5e,,2026-08-18T10:00:00+05:30
kbc_623b3a9d,cty_9aa02925,,food,Male — Food,"The local kitchen in Male is built around fish and tamarind, and it is worth eating where the turnover is high rather than where the menu is longest. Vegetarian food is easy to find; strict Jain preparation is available at a smaller number of places and usually needs asking for. Street food is safest mid-morning and early evening when it is freshly made. Tap water is not recommended; sealed bottles and filtered refills are widely available.",en-IN,98,KV Place Guide / Male / food,emb_place_623b3a9d,,2026-08-18T10:00:00+05:30
kbc_44abafbc,cty_9aa02925,,transport,Male — Transport,"Getting around Male is straightforward if you pick the right mode for the distance. Auto-rickshaws work well under three kilometres and should be metered or agreed in advance. App-based cabs are reliable in the newer parts of the city and less so in the old lanes, where drivers will often ask you to walk the last stretch. Cycling is pleasant early; less so after nine.",en-IN,84,KV Place Guide / Male / transport,emb_place_44abafbc,,2026-08-18T10:00:00+05:30
kbc_201d4646,cty_9aa02925,,safety,Male — Safety,"Male is generally comfortable for travellers, with the usual caveats. Crowded market areas attract pickpocketing, so keep bags in front. Lone travellers report fewer problems in the central and heritage districts than in the outer transport hubs late at night. During winter the greater risk is heat or rain rather than crime — plan accordingly and carry water.",en-IN,75,KV Place Guide / Male / safety,emb_place_201d4646,,2026-08-18T10:00:00+05:30
kbc_2cf0a1b6,cty_9aa02925,,seasonal,Male — Seasonal,"Season matters more in Male than most travellers expect. winter brings the conditions most people come for, and the corresponding crowds and prices. The shoulder weeks either side are noticeably cheaper, with weather that is usually still workable. The off season is not empty — several of the best festivals fall in it — but some outlying sites reduce their hours.",en-IN,79,KV Place Guide / Male / seasonal,emb_place_2cf0a1b6,winter,2026-08-18T10:00:00+05:30
kbc_2594994c,cty_9aa02925,,practical,Male — Practical,"Practical notes for Male: ATMs are common in the centre and sparse near the outlying sites, so carry some cash. Most mid-range hotels will hold luggage after checkout without charging. Mobile coverage is good in the city and patchy in the hills nearby. Sunday closures affect government museums more than private ones. Allow more time than the map suggests during festival weeks.",en-IN,80,KV Place Guide / Male / practical,emb_place_2594994c,,2026-08-18T10:00:00+05:30
kbc_7ec009a3,cty_7b89639e,,history,Dubai — History,"Dubai grew up around a rail junction, and the shape of the old town still follows it. The Chola period brought the walls and the gate names that survive on street signs today; the twentieth century brought the railway, which moved the commercial centre about two kilometres from where it had sat for four hundred years. Visitors who only see the modern centre often miss that the older quarter is walkable in an afternoon and considerably more interesting.",en-IN,101,KV Place Guide / Dubai / history,emb_place_7ec009a3,,2026-08-18T10:00:00+05:30
kbc_2781cd15,cty_7b89639e,,culture,Dubai — Culture,"Daily rhythm in Dubai is worth understanding before you plan a day. Mornings start early — markets are busiest before nine — and the middle of the day slows noticeably, particularly in winter. Evenings are social: the a temple tank fills up after seven and stays busy until quite late. Music and performance are common in public spaces during festival months rather than year-round.",en-IN,83,KV Place Guide / Dubai / culture,emb_place_2781cd15,,2026-08-18T10:00:00+05:30
kbc_70d3bd98,cty_7b89639e,,etiquette,Dubai — Etiquette,"A few things save awkwardness in Dubai. Remove footwear at religious sites, and carry socks if the stone is hot. Photography of people, especially at prayer, is best asked about first; a gesture toward the camera is usually enough. Bargaining is expected in the bazaars and not in shops with printed prices. Tipping is modest but appreciated — rounding up is normal, twenty per cent is not.",en-IN,87,KV Place Guide / Dubai / etiquette,emb_place_70d3bd98,,2026-08-18T10:00:00+05:30
kbc_49c92af8,cty_7b89639e,,food,Dubai — Food,"The local kitchen in Dubai is built around millet and chilli, and it is worth eating where the turnover is high rather than where the menu is longest. Vegetarian food is easy to find; strict Jain preparation is available at a smaller number of places and usually needs asking for. Street food is safest mid-morning and early evening when it is freshly made. Tap water is not recommended; sealed bottles and filtered refills are widely available.",en-IN,98,KV Place Guide / Dubai / food,emb_place_49c92af8,,2026-08-18T10:00:00+05:30
kbc_52be0872,cty_7b89639e,,transport,Dubai — Transport,"Getting around Dubai is straightforward if you pick the right mode for the distance. Auto-rickshaws work well under three kilometres and should be metered or agreed in advance. App-based cabs are reliable in the newer parts of the city and less so in the old lanes, where drivers will often ask you to walk the last stretch. Cycling is pleasant early; less so after nine.",en-IN,84,KV Place Guide / Dubai / transport,emb_place_52be0872,,2026-08-18T10:00:00+05:30
kbc_eacbec44,cty_7b89639e,,safety,Dubai — Safety,"Dubai is generally comfortable for travellers, with the usual caveats. Crowded market areas attract pickpocketing, so keep bags in front. Lone travellers report fewer problems in the central and heritage districts than in the outer transport hubs late at night. During winter the greater risk is heat or rain rather than crime — plan accordingly and carry water.",en-IN,75,KV Place Guide / Dubai / safety,emb_place_eacbec44,,2026-08-18T10:00:00+05:30
kbc_40381eb0,cty_7b89639e,,seasonal,Dubai — Seasonal,"Season matters more in Dubai than most travellers expect. winter brings the conditions most people come for, and the corresponding crowds and prices. The shoulder weeks either side are noticeably cheaper, with weather that is usually still workable. The off season is not empty — several of the best festivals fall in it — but some outlying sites reduce their hours.",en-IN,79,KV Place Guide / Dubai / seasonal,emb_place_40381eb0,winter,2026-08-18T10:00:00+05:30
kbc_5c23580c,cty_7b89639e,,practical,Dubai — Practical,"Practical notes for Dubai: ATMs are common in the centre and sparse near the outlying sites, so carry some cash. Most mid-range hotels will hold luggage after checkout without charging. Mobile coverage is good in the city and patchy in the hills nearby. Sunday closures affect government museums more than private ones. Allow more time than the map suggests during festival weeks.",en-IN,80,KV Place Guide / Dubai / practical,emb_place_5c23580c,,2026-08-18T10:00:00+05:30
kbc_c705b651,cty_1ced6ede,,history,Abu Dhabi — History,"Abu Dhabi grew up around a caravan route, and the shape of the old town still follows it. The Chola period brought the walls and the gate names that survive on street signs today; the twentieth century brought the railway, which moved the commercial centre about two kilometres from where it had sat for four hundred years. Visitors who only see the modern centre often miss that the older quarter is walkable in an afternoon and considerably more interesting.",en-IN,102,KV Place Guide / Abu Dhabi / history,emb_place_c705b651,,2026-08-18T10:00:00+05:30
kbc_7fb82630,cty_1ced6ede,,culture,Abu Dhabi — Culture,"Daily rhythm in Abu Dhabi is worth understanding before you plan a day. Mornings start early — markets are busiest before nine — and the middle of the day slows noticeably, particularly in winter. Evenings are social: the a river crossing fills up after seven and stays busy until quite late. Music and performance are common in public spaces during festival months rather than year-round.",en-IN,84,KV Place Guide / Abu Dhabi / culture,emb_place_7fb82630,,2026-08-18T10:00:00+05:30
kbc_246edda5,cty_1ced6ede,,etiquette,Abu Dhabi — Etiquette,"A few things save awkwardness in Abu Dhabi. Remove footwear at religious sites, and carry socks if the stone is hot. Photography of people, especially at prayer, is best asked about first; a gesture toward the camera is usually enough. Bargaining is expected in the bazaars and not in shops with printed prices. Tipping is modest but appreciated — rounding up is normal, twenty per cent is not.",en-IN,88,KV Place Guide / Abu Dhabi / etiquette,emb_place_246edda5,,2026-08-18T10:00:00+05:30
kbc_a3e9b451,cty_1ced6ede,,food,Abu Dhabi — Food,"The local kitchen in Abu Dhabi is built around fish and tamarind, and it is worth eating where the turnover is high rather than where the menu is longest. Vegetarian food is easy to find; strict Jain preparation is available at a smaller number of places and usually needs asking for. Street food is safest mid-morning and early evening when it is freshly made. Tap water is not recommended; sealed bottles and filtered refills are widely available.",en-IN,100,KV Place Guide / Abu Dhabi / food,emb_place_a3e9b451,,2026-08-18T10:00:00+05:30
kbc_7c0a4e49,cty_1ced6ede,,transport,Abu Dhabi — Transport,"Getting around Abu Dhabi is straightforward if you pick the right mode for the distance. Auto-rickshaws work well under three kilometres and should be metered or agreed in advance. App-based cabs are reliable in the newer parts of the city and less so in the old lanes, where drivers will often ask you to walk the last stretch. Cycling is pleasant early; less so after nine.",en-IN,85,KV Place Guide / Abu Dhabi / transport,emb_place_7c0a4e49,,2026-08-18T10:00:00+05:30
kbc_3dbb4b2f,cty_1ced6ede,,safety,Abu Dhabi — Safety,"Abu Dhabi is generally comfortable for travellers, with the usual caveats. Crowded market areas attract pickpocketing, so keep bags in front. Lone travellers report fewer problems in the central and heritage districts than in the outer transport hubs late at night. During winter the greater risk is heat or rain rather than crime — plan accordingly and carry water.",en-IN,76,KV Place Guide / Abu Dhabi / safety,emb_place_3dbb4b2f,,2026-08-18T10:00:00+05:30
kbc_ed259a94,cty_1ced6ede,,seasonal,Abu Dhabi — Seasonal,"Season matters more in Abu Dhabi than most travellers expect. winter brings the conditions most people come for, and the corresponding crowds and prices. The shoulder weeks either side are noticeably cheaper, with weather that is usually still workable. The off season is not empty — several of the best festivals fall in it — but some outlying sites reduce their hours.",en-IN,80,KV Place Guide / Abu Dhabi / seasonal,emb_place_ed259a94,winter,2026-08-18T10:00:00+05:30
kbc_0b645364,cty_1ced6ede,,practical,Abu Dhabi — Practical,"Practical notes for Abu Dhabi: ATMs are common in the centre and sparse near the outlying sites, so carry some cash. Most mid-range hotels will hold luggage after checkout without charging. Mobile coverage is good in the city and patchy in the hills nearby. Sunday closures affect government museums more than private ones. Allow more time than the map suggests during festival weeks.",en-IN,81,KV Place Guide / Abu Dhabi / practical,emb_place_0b645364,,2026-08-18T10:00:00+05:30
kbc_8b595ba9,cty_6320eea9,,history,Doha — History,"Doha grew up around a rail junction, and the shape of the old town still follows it. The Rajput period brought the walls and the gate names that survive on street signs today; the twentieth century brought the railway, which moved the commercial centre about two kilometres from where it had sat for four hundred years. Visitors who only see the modern centre often miss that the older quarter is walkable in an afternoon and considerably more interesting.",en-IN,101,KV Place Guide / Doha / history,emb_place_8b595ba9,,2026-08-18T10:00:00+05:30
kbc_580955b1,cty_6320eea9,,culture,Doha — Culture,"Daily rhythm in Doha is worth understanding before you plan a day. Mornings start early — markets are busiest before nine — and the middle of the day slows noticeably, particularly in winter. Evenings are social: the a river crossing fills up after seven and stays busy until quite late. Music and performance are common in public spaces during festival months rather than year-round.",en-IN,83,KV Place Guide / Doha / culture,emb_place_580955b1,,2026-08-18T10:00:00+05:30
kbc_3b5147bf,cty_6320eea9,,etiquette,Doha — Etiquette,"A few things save awkwardness in Doha. Remove footwear at religious sites, and carry socks if the stone is hot. Photography of people, especially at prayer, is best asked about first; a gesture toward the camera is usually enough. Bargaining is expected in the bazaars and not in shops with printed prices. Tipping is modest but appreciated — rounding up is normal, twenty per cent is not.",en-IN,87,KV Place Guide / Doha / etiquette,emb_place_3b5147bf,,2026-08-18T10:00:00+05:30
kbc_56bf1b95,cty_6320eea9,,food,Doha — Food,"The local kitchen in Doha is built around wheat and dairy, and it is worth eating where the turnover is high rather than where the menu is longest. Vegetarian food is easy to find; strict Jain preparation is available at a smaller number of places and usually needs asking for. Street food is safest mid-morning and early evening when it is freshly made. Tap water is not recommended; sealed bottles and filtered refills are widely available.",en-IN,98,KV Place Guide / Doha / food,emb_place_56bf1b95,,2026-08-18T10:00:00+05:30
kbc_b48f86e2,cty_6320eea9,,transport,Doha — Transport,"Getting around Doha is straightforward if you pick the right mode for the distance. Auto-rickshaws work well under three kilometres and should be metered or agreed in advance. App-based cabs are reliable in the newer parts of the city and less so in the old lanes, where drivers will often ask you to walk the last stretch. Cycling is pleasant early; less so after nine.",en-IN,84,KV Place Guide / Doha / transport,emb_place_b48f86e2,,2026-08-18T10:00:00+05:30
kbc_a6e9acb9,cty_6320eea9,,safety,Doha — Safety,"Doha is generally comfortable for travellers, with the usual caveats. Crowded market areas attract pickpocketing, so keep bags in front. Lone travellers report fewer problems in the central and heritage districts than in the outer transport hubs late at night. During winter the greater risk is heat or rain rather than crime — plan accordingly and carry water.",en-IN,75,KV Place Guide / Doha / safety,emb_place_a6e9acb9,,2026-08-18T10:00:00+05:30
kbc_6e1d07fb,cty_6320eea9,,seasonal,Doha — Seasonal,"Season matters more in Doha than most travellers expect. winter brings the conditions most people come for, and the corresponding crowds and prices. The shoulder weeks either side are noticeably cheaper, with weather that is usually still workable. The off season is not empty — several of the best festivals fall in it — but some outlying sites reduce their hours.",en-IN,79,KV Place Guide / Doha / seasonal,emb_place_6e1d07fb,winter,2026-08-18T10:00:00+05:30
kbc_5bb1cd8e,cty_6320eea9,,practical,Doha — Practical,"Practical notes for Doha: ATMs are common in the centre and sparse near the outlying sites, so carry some cash. Most mid-range hotels will hold luggage after checkout without charging. Mobile coverage is good in the city and patchy in the hills nearby. Sunday closures affect government museums more than private ones. Allow more time than the map suggests during festival weeks.",en-IN,80,KV Place Guide / Doha / practical,emb_place_5bb1cd8e,,2026-08-18T10:00:00+05:30
kbc_1c6b25c4,cty_905fd8a1,,history,Singapore — History,"Singapore grew up around a royal hunting reserve, and the shape of the old town still follows it. The early modern period brought the walls and the gate names that survive on street signs today; the twentieth century brought the railway, which moved the commercial centre about two kilometres from where it had sat for four hundred years. Visitors who only see the modern centre often miss that the older quarter is walkable in an afternoon and considerably more interesting.",en-IN,104,KV Place Guide / Singapore / history,emb_place_1c6b25c4,,2026-08-18T10:00:00+05:30
kbc_62de7843,cty_905fd8a1,,culture,Singapore — Culture,"Daily rhythm in Singapore is worth understanding before you plan a day. Mornings start early — markets are busiest before nine — and the middle of the day slows noticeably, particularly in summer. Evenings are social: the a caravan route fills up after seven and stays busy until quite late. Music and performance are common in public spaces during festival months rather than year-round.",en-IN,83,KV Place Guide / Singapore / culture,emb_place_62de7843,,2026-08-18T10:00:00+05:30
kbc_084b9067,cty_905fd8a1,,etiquette,Singapore — Etiquette,"A few things save awkwardness in Singapore. Remove footwear at religious sites, and carry socks if the stone is hot. Photography of people, especially at prayer, is best asked about first; a gesture toward the camera is usually enough. Bargaining is expected in the bazaars and not in shops with printed prices. Tipping is modest but appreciated — rounding up is normal, twenty per cent is not.",en-IN,87,KV Place Guide / Singapore / etiquette,emb_place_084b9067,,2026-08-18T10:00:00+05:30
kbc_c674d659,cty_905fd8a1,,food,Singapore — Food,"The local kitchen in Singapore is built around lentils and ghee, and it is worth eating where the turnover is high rather than where the menu is longest. Vegetarian food is easy to find; strict Jain preparation is available at a smaller number of places and usually needs asking for. Street food is safest mid-morning and early evening when it is freshly made. Tap water is not recommended; sealed bottles and filtered refills are widely available.",en-IN,98,KV Place Guide / Singapore / food,emb_place_c674d659,,2026-08-18T10:00:00+05:30
kbc_f898be13,cty_905fd8a1,,transport,Singapore — Transport,"Getting around Singapore is straightforward if you pick the right mode for the distance. Auto-rickshaws work well under three kilometres and should be metered or agreed in advance. App-based cabs are reliable in the newer parts of the city and less so in the old lanes, where drivers will often ask you to walk the last stretch. Cycling is pleasant early; less so after nine.",en-IN,84,KV Place Guide / Singapore / transport,emb_place_f898be13,,2026-08-18T10:00:00+05:30
kbc_d6220791,cty_905fd8a1,,safety,Singapore — Safety,"Singapore is generally comfortable for travellers, with the usual caveats. Crowded market areas attract pickpocketing, so keep bags in front. Lone travellers report fewer problems in the central and heritage districts than in the outer transport hubs late at night. During summer the greater risk is heat or rain rather than crime — plan accordingly and carry water.",en-IN,75,KV Place Guide / Singapore / safety,emb_place_d6220791,,2026-08-18T10:00:00+05:30
kbc_ef6e9f2a,cty_905fd8a1,,seasonal,Singapore — Seasonal,"Season matters more in Singapore than most travellers expect. summer brings the conditions most people come for, and the corresponding crowds and prices. The shoulder weeks either side are noticeably cheaper, with weather that is usually still workable. The off season is not empty — several of the best festivals fall in it — but some outlying sites reduce their hours.",en-IN,79,KV Place Guide / Singapore / seasonal,emb_place_ef6e9f2a,summer,2026-08-18T10:00:00+05:30
kbc_2fee3979,cty_905fd8a1,,practical,Singapore — Practical,"Practical notes for Singapore: ATMs are common in the centre and sparse near the outlying sites, so carry some cash. Most mid-range hotels will hold luggage after checkout without charging. Mobile coverage is good in the city and patchy in the hills nearby. Sunday closures affect government museums more than private ones. Allow more time than the map suggests during festival weeks.",en-IN,80,KV Place Guide / Singapore / practical,emb_place_2fee3979,,2026-08-18T10:00:00+05:30
kbc_491d800b,cty_a5f16904,,history,Bangkok — History,"Bangkok grew up around a temple tank, and the shape of the old town still follows it. The medieval period brought the walls and the gate names that survive on street signs today; the twentieth century brought the railway, which moved the commercial centre about two kilometres from where it had sat for four hundred years. Visitors who only see the modern centre often miss that the older quarter is walkable in an afternoon and considerably more interesting.",en-IN,101,KV Place Guide / Bangkok / history,emb_place_491d800b,,2026-08-18T10:00:00+05:30
kbc_b2747e0a,cty_a5f16904,,culture,Bangkok — Culture,"Daily rhythm in Bangkok is worth understanding before you plan a day. Mornings start early — markets are busiest before nine — and the middle of the day slows noticeably, particularly in winter. Evenings are social: the a royal hunting reserve fills up after seven and stays busy until quite late. Music and performance are common in public spaces during festival months rather than year-round.",en-IN,84,KV Place Guide / Bangkok / culture,emb_place_b2747e0a,,2026-08-18T10:00:00+05:30
kbc_c9330271,cty_a5f16904,,etiquette,Bangkok — Etiquette,"A few things save awkwardness in Bangkok. Remove footwear at religious sites, and carry socks if the stone is hot. Photography of people, especially at prayer, is best asked about first; a gesture toward the camera is usually enough. Bargaining is expected in the bazaars and not in shops with printed prices. Tipping is modest but appreciated — rounding up is normal, twenty per cent is not.",en-IN,87,KV Place Guide / Bangkok / etiquette,emb_place_c9330271,,2026-08-18T10:00:00+05:30
kbc_926f0d95,cty_a5f16904,,food,Bangkok — Food,"The local kitchen in Bangkok is built around millet and chilli, and it is worth eating where the turnover is high rather than where the menu is longest. Vegetarian food is easy to find; strict Jain preparation is available at a smaller number of places and usually needs asking for. Street food is safest mid-morning and early evening when it is freshly made. Tap water is not recommended; sealed bottles and filtered refills are widely available.",en-IN,98,KV Place Guide / Bangkok / food,emb_place_926f0d95,,2026-08-18T10:00:00+05:30
kbc_a97a39df,cty_a5f16904,,transport,Bangkok — Transport,"Getting around Bangkok is straightforward if you pick the right mode for the distance. Auto-rickshaws work well under three kilometres and should be metered or agreed in advance. App-based cabs are reliable in the newer parts of the city and less so in the old lanes, where drivers will often ask you to walk the last stretch. Cycling is pleasant early; less so after nine.",en-IN,84,KV Place Guide / Bangkok / transport,emb_place_a97a39df,,2026-08-18T10:00:00+05:30
kbc_ae71821d,cty_a5f16904,,safety,Bangkok — Safety,"Bangkok is generally comfortable for travellers, with the usual caveats. Crowded market areas attract pickpocketing, so keep bags in front. Lone travellers report fewer problems in the central and heritage districts than in the outer transport hubs late at night. During winter the greater risk is heat or rain rather than crime — plan accordingly and carry water.",en-IN,75,KV Place Guide / Bangkok / safety,emb_place_ae71821d,,2026-08-18T10:00:00+05:30
kbc_bc7db637,cty_a5f16904,,seasonal,Bangkok — Seasonal,"Season matters more in Bangkok than most travellers expect. winter brings the conditions most people come for, and the corresponding crowds and prices. The shoulder weeks either side are noticeably cheaper, with weather that is usually still workable. The off season is not empty — several of the best festivals fall in it — but some outlying sites reduce their hours.",en-IN,79,KV Place Guide / Bangkok / seasonal,emb_place_bc7db637,winter,2026-08-18T10:00:00+05:30
kbc_5cf58d26,cty_a5f16904,,practical,Bangkok — Practical,"Practical notes for Bangkok: ATMs are common in the centre and sparse near the outlying sites, so carry some cash. Most mid-range hotels will hold luggage after checkout without charging. Mobile coverage is good in the city and patchy in the hills nearby. Sunday closures affect government museums more than private ones. Allow more time than the map suggests during festival weeks.",en-IN,80,KV Place Guide / Bangkok / practical,emb_place_5cf58d26,,2026-08-18T10:00:00+05:30
kbc_5c02ff48,cty_c9f34ba7,,history,Kuala Lumpur — History,"Kuala Lumpur grew up around a rail junction, and the shape of the old town still follows it. The Maratha period brought the walls and the gate names that survive on street signs today; the twentieth century brought the railway, which moved the commercial centre about two kilometres from where it had sat for four hundred years. Visitors who only see the modern centre often miss that the older quarter is walkable in an afternoon and considerably more interesting.",en-IN,102,KV Place Guide / Kuala Lumpur / history,emb_place_5c02ff48,,2026-08-18T10:00:00+05:30
kbc_5e787ec2,cty_c9f34ba7,,culture,Kuala Lumpur — Culture,"Daily rhythm in Kuala Lumpur is worth understanding before you plan a day. Mornings start early — markets are busiest before nine — and the middle of the day slows noticeably, particularly in summer. Evenings are social: the a natural harbour fills up after seven and stays busy until quite late. Music and performance are common in public spaces during festival months rather than year-round.",en-IN,84,KV Place Guide / Kuala Lumpur / culture,emb_place_5e787ec2,,2026-08-18T10:00:00+05:30
kbc_bfb014ab,cty_c9f34ba7,,etiquette,Kuala Lumpur — Etiquette,"A few things save awkwardness in Kuala Lumpur. Remove footwear at religious sites, and carry socks if the stone is hot. Photography of people, especially at prayer, is best asked about first; a gesture toward the camera is usually enough. Bargaining is expected in the bazaars and not in shops with printed prices. Tipping is modest but appreciated — rounding up is normal, twenty per cent is not.",en-IN,88,KV Place Guide / Kuala Lumpur / etiquette,emb_place_bfb014ab,,2026-08-18T10:00:00+05:30
kbc_e494a9c0,cty_c9f34ba7,,food,Kuala Lumpur — Food,"The local kitchen in Kuala Lumpur is built around fish and tamarind, and it is worth eating where the turnover is high rather than where the menu is longest. Vegetarian food is easy to find; strict Jain preparation is available at a smaller number of places and usually needs asking for. Street food is safest mid-morning and early evening when it is freshly made. Tap water is not recommended; sealed bottles and filtered refills are widely available.",en-IN,100,KV Place Guide / Kuala Lumpur / food,emb_place_e494a9c0,,2026-08-18T10:00:00+05:30
kbc_5e59ac55,cty_c9f34ba7,,transport,Kuala Lumpur — Transport,"Getting around Kuala Lumpur is straightforward if you pick the right mode for the distance. Auto-rickshaws work well under three kilometres and should be metered or agreed in advance. App-based cabs are reliable in the newer parts of the city and less so in the old lanes, where drivers will often ask you to walk the last stretch. Cycling is pleasant early; less so after nine.",en-IN,85,KV Place Guide / Kuala Lumpur / transport,emb_place_5e59ac55,,2026-08-18T10:00:00+05:30
kbc_ea7a57a5,cty_c9f34ba7,,safety,Kuala Lumpur — Safety,"Kuala Lumpur is generally comfortable for travellers, with the usual caveats. Crowded market areas attract pickpocketing, so keep bags in front. Lone travellers report fewer problems in the central and heritage districts than in the outer transport hubs late at night. During summer the greater risk is heat or rain rather than crime — plan accordingly and carry water.",en-IN,76,KV Place Guide / Kuala Lumpur / safety,emb_place_ea7a57a5,,2026-08-18T10:00:00+05:30
kbc_6894c5aa,cty_c9f34ba7,,seasonal,Kuala Lumpur — Seasonal,"Season matters more in Kuala Lumpur than most travellers expect. summer brings the conditions most people come for, and the corresponding crowds and prices. The shoulder weeks either side are noticeably cheaper, with weather that is usually still workable. The off season is not empty — several of the best festivals fall in it — but some outlying sites reduce their hours.",en-IN,80,KV Place Guide / Kuala Lumpur / seasonal,emb_place_6894c5aa,summer,2026-08-18T10:00:00+05:30
kbc_10367a7e,cty_c9f34ba7,,practical,Kuala Lumpur — Practical,"Practical notes for Kuala Lumpur: ATMs are common in the centre and sparse near the outlying sites, so carry some cash. Most mid-range hotels will hold luggage after checkout without charging. Mobile coverage is good in the city and patchy in the hills nearby. Sunday closures affect government museums more than private ones. Allow more time than the map suggests during festival weeks.",en-IN,81,KV Place Guide / Kuala Lumpur / practical,emb_place_10367a7e,,2026-08-18T10:00:00+05:30
kbc_32a31bbb,cty_36afaa5c,,history,Bali — History,"Bali grew up around a rail junction, and the shape of the old town still follows it. The early modern period brought the walls and the gate names that survive on street signs today; the twentieth century brought the railway, which moved the commercial centre about two kilometres from where it had sat for four hundred years. Visitors who only see the modern centre often miss that the older quarter is walkable in an afternoon and considerably more interesting.",en-IN,102,KV Place Guide / Bali / history,emb_place_32a31bbb,,2026-08-18T10:00:00+05:30
kbc_5d80ad96,cty_36afaa5c,,culture,Bali — Culture,"Daily rhythm in Bali is worth understanding before you plan a day. Mornings start early — markets are busiest before nine — and the middle of the day slows noticeably, particularly in summer. Evenings are social: the a temple tank fills up after seven and stays busy until quite late. Music and performance are common in public spaces during festival months rather than year-round.",en-IN,83,KV Place Guide / Bali / culture,emb_place_5d80ad96,,2026-08-18T10:00:00+05:30
kbc_f1d44d21,cty_36afaa5c,,etiquette,Bali — Etiquette,"A few things save awkwardness in Bali. Remove footwear at religious sites, and carry socks if the stone is hot. Photography of people, especially at prayer, is best asked about first; a gesture toward the camera is usually enough. Bargaining is expected in the bazaars and not in shops with printed prices. Tipping is modest but appreciated — rounding up is normal, twenty per cent is not.",en-IN,87,KV Place Guide / Bali / etiquette,emb_place_f1d44d21,,2026-08-18T10:00:00+05:30
kbc_df8dccc0,cty_36afaa5c,,food,Bali — Food,"The local kitchen in Bali is built around fermented batters, and it is worth eating where the turnover is high rather than where the menu is longest. Vegetarian food is easy to find; strict Jain preparation is available at a smaller number of places and usually needs asking for. Street food is safest mid-morning and early evening when it is freshly made. Tap water is not recommended; sealed bottles and filtered refills are widely available.",en-IN,97,KV Place Guide / Bali / food,emb_place_df8dccc0,,2026-08-18T10:00:00+05:30
kbc_537b3960,cty_36afaa5c,,transport,Bali — Transport,"Getting around Bali is straightforward if you pick the right mode for the distance. Auto-rickshaws work well under three kilometres and should be metered or agreed in advance. App-based cabs are reliable in the newer parts of the city and less so in the old lanes, where drivers will often ask you to walk the last stretch. Cycling is pleasant early; less so after nine.",en-IN,84,KV Place Guide / Bali / transport,emb_place_537b3960,,2026-08-18T10:00:00+05:30
kbc_f7d4c795,cty_36afaa5c,,safety,Bali — Safety,"Bali is generally comfortable for travellers, with the usual caveats. Crowded market areas attract pickpocketing, so keep bags in front. Lone travellers report fewer problems in the central and heritage districts than in the outer transport hubs late at night. During summer the greater risk is heat or rain rather than crime — plan accordingly and carry water.",en-IN,75,KV Place Guide / Bali / safety,emb_place_f7d4c795,,2026-08-18T10:00:00+05:30
kbc_e1933adf,cty_36afaa5c,,seasonal,Bali — Seasonal,"Season matters more in Bali than most travellers expect. summer brings the conditions most people come for, and the corresponding crowds and prices. The shoulder weeks either side are noticeably cheaper, with weather that is usually still workable. The off season is not empty — several of the best festivals fall in it — but some outlying sites reduce their hours.",en-IN,79,KV Place Guide / Bali / seasonal,emb_place_e1933adf,summer,2026-08-18T10:00:00+05:30
kbc_2dd23dee,cty_36afaa5c,,practical,Bali — Practical,"Practical notes for Bali: ATMs are common in the centre and sparse near the outlying sites, so carry some cash. Most mid-range hotels will hold luggage after checkout without charging. Mobile coverage is good in the city and patchy in the hills nearby. Sunday closures affect government museums more than private ones. Allow more time than the map suggests during festival weeks.",en-IN,80,KV Place Guide / Bali / practical,emb_place_2dd23dee,,2026-08-18T10:00:00+05:30
kbc_d2b64ebe,cty_51a149b7,,history,Kyoto — History,"Kyoto grew up around a river crossing, and the shape of the old town still follows it. The colonial period brought the walls and the gate names that survive on street signs today; the twentieth century brought the railway, which moved the commercial centre about two kilometres from where it had sat for four hundred years. Visitors who only see the modern centre often miss that the older quarter is walkable in an afternoon and considerably more interesting.",en-IN,101,KV Place Guide / Kyoto / history,emb_place_d2b64ebe,,2026-08-18T10:00:00+05:30
kbc_2ae6ac36,cty_51a149b7,,culture,Kyoto — Culture,"Daily rhythm in Kyoto is worth understanding before you plan a day. Mornings start early — markets are busiest before nine — and the middle of the day slows noticeably, particularly in spring. Evenings are social: the a temple tank fills up after seven and stays busy until quite late. Music and performance are common in public spaces during festival months rather than year-round.",en-IN,83,KV Place Guide / Kyoto / culture,emb_place_2ae6ac36,,2026-08-18T10:00:00+05:30
kbc_d00fd482,cty_51a149b7,,etiquette,Kyoto — Etiquette,"A few things save awkwardness in Kyoto. Remove footwear at religious sites, and carry socks if the stone is hot. Photography of people, especially at prayer, is best asked about first; a gesture toward the camera is usually enough. Bargaining is expected in the bazaars and not in shops with printed prices. Tipping is modest but appreciated — rounding up is normal, twenty per cent is not.",en-IN,87,KV Place Guide / Kyoto / etiquette,emb_place_d00fd482,,2026-08-18T10:00:00+05:30
kbc_05c96ef6,cty_51a149b7,,food,Kyoto — Food,"The local kitchen in Kyoto is built around lentils and ghee, and it is worth eating where the turnover is high rather than where the menu is longest. Vegetarian food is easy to find; strict Jain preparation is available at a smaller number of places and usually needs asking for. Street food is safest mid-morning and early evening when it is freshly made. Tap water is not recommended; sealed bottles and filtered refills are widely available.",en-IN,98,KV Place Guide / Kyoto / food,emb_place_05c96ef6,,2026-08-18T10:00:00+05:30
kbc_1386bd42,cty_51a149b7,,transport,Kyoto — Transport,"Getting around Kyoto is straightforward if you pick the right mode for the distance. Auto-rickshaws work well under three kilometres and should be metered or agreed in advance. App-based cabs are reliable in the newer parts of the city and less so in the old lanes, where drivers will often ask you to walk the last stretch. Cycling is pleasant early; less so after nine.",en-IN,84,KV Place Guide / Kyoto / transport,emb_place_1386bd42,,2026-08-18T10:00:00+05:30
kbc_1ab6fe2b,cty_51a149b7,,safety,Kyoto — Safety,"Kyoto is generally comfortable for travellers, with the usual caveats. Crowded market areas attract pickpocketing, so keep bags in front. Lone travellers report fewer problems in the central and heritage districts than in the outer transport hubs late at night. During spring the greater risk is heat or rain rather than crime — plan accordingly and carry water.",en-IN,75,KV Place Guide / Kyoto / safety,emb_place_1ab6fe2b,,2026-08-18T10:00:00+05:30
kbc_aee00c17,cty_51a149b7,,seasonal,Kyoto — Seasonal,"Season matters more in Kyoto than most travellers expect. spring brings the conditions most people come for, and the corresponding crowds and prices. The shoulder weeks either side are noticeably cheaper, with weather that is usually still workable. The off season is not empty — several of the best festivals fall in it — but some outlying sites reduce their hours.",en-IN,79,KV Place Guide / Kyoto / seasonal,emb_place_aee00c17,spring,2026-08-18T10:00:00+05:30
kbc_092ca349,cty_51a149b7,,practical,Kyoto — Practical,"Practical notes for Kyoto: ATMs are common in the centre and sparse near the outlying sites, so carry some cash. Most mid-range hotels will hold luggage after checkout without charging. Mobile coverage is good in the city and patchy in the hills nearby. Sunday closures affect government museums more than private ones. Allow more time than the map suggests during festival weeks.",en-IN,80,KV Place Guide / Kyoto / practical,emb_place_092ca349,,2026-08-18T10:00:00+05:30
kbc_ddeb2f31,cty_0b7f5985,,history,Zurich — History,"Zurich grew up around a caravan route, and the shape of the old town still follows it. The Mughal period brought the walls and the gate names that survive on street signs today; the twentieth century brought the railway, which moved the commercial centre about two kilometres from where it had sat for four hundred years. Visitors who only see the modern centre often miss that the older quarter is walkable in an afternoon and considerably more interesting.",en-IN,101,KV Place Guide / Zurich / history,emb_place_ddeb2f31,,2026-08-18T10:00:00+05:30
kbc_28524017,cty_0b7f5985,,culture,Zurich — Culture,"Daily rhythm in Zurich is worth understanding before you plan a day. Mornings start early — markets are busiest before nine — and the middle of the day slows noticeably, particularly in summer. Evenings are social: the a fortified hill fills up after seven and stays busy until quite late. Music and performance are common in public spaces during festival months rather than year-round.",en-IN,83,KV Place Guide / Zurich / culture,emb_place_28524017,,2026-08-18T10:00:00+05:30
kbc_073234ab,cty_0b7f5985,,etiquette,Zurich — Etiquette,"A few things save awkwardness in Zurich. Remove footwear at religious sites, and carry socks if the stone is hot. Photography of people, especially at prayer, is best asked about first; a gesture toward the camera is usually enough. Bargaining is expected in the bazaars and not in shops with printed prices. Tipping is modest but appreciated — rounding up is normal, twenty per cent is not.",en-IN,87,KV Place Guide / Zurich / etiquette,emb_place_073234ab,,2026-08-18T10:00:00+05:30
kbc_d9b8dd71,cty_0b7f5985,,food,Zurich — Food,"The local kitchen in Zurich is built around fish and tamarind, and it is worth eating where the turnover is high rather than where the menu is longest. Vegetarian food is easy to find; strict Jain preparation is available at a smaller number of places and usually needs asking for. Street food is safest mid-morning and early evening when it is freshly made. Tap water is not recommended; sealed bottles and filtered refills are widely available.",en-IN,98,KV Place Guide / Zurich / food,emb_place_d9b8dd71,,2026-08-18T10:00:00+05:30
kbc_b50f6182,cty_0b7f5985,,transport,Zurich — Transport,"Getting around Zurich is straightforward if you pick the right mode for the distance. Auto-rickshaws work well under three kilometres and should be metered or agreed in advance. App-based cabs are reliable in the newer parts of the city and less so in the old lanes, where drivers will often ask you to walk the last stretch. Cycling is pleasant early; less so after nine.",en-IN,84,KV Place Guide / Zurich / transport,emb_place_b50f6182,,2026-08-18T10:00:00+05:30
kbc_224a33ad,cty_0b7f5985,,safety,Zurich — Safety,"Zurich is generally comfortable for travellers, with the usual caveats. Crowded market areas attract pickpocketing, so keep bags in front. Lone travellers report fewer problems in the central and heritage districts than in the outer transport hubs late at night. During summer the greater risk is heat or rain rather than crime — plan accordingly and carry water.",en-IN,75,KV Place Guide / Zurich / safety,emb_place_224a33ad,,2026-08-18T10:00:00+05:30
kbc_6a170f29,cty_0b7f5985,,seasonal,Zurich — Seasonal,"Season matters more in Zurich than most travellers expect. summer brings the conditions most people come for, and the corresponding crowds and prices. The shoulder weeks either side are noticeably cheaper, with weather that is usually still workable. The off season is not empty — several of the best festivals fall in it — but some outlying sites reduce their hours.",en-IN,79,KV Place Guide / Zurich / seasonal,emb_place_6a170f29,summer,2026-08-18T10:00:00+05:30
kbc_bfe5e56a,cty_0b7f5985,,practical,Zurich — Practical,"Practical notes for Zurich: ATMs are common in the centre and sparse near the outlying sites, so carry some cash. Most mid-range hotels will hold luggage after checkout without charging. Mobile coverage is good in the city and patchy in the hills nearby. Sunday closures affect government museums more than private ones. Allow more time than the map suggests during festival weeks.",en-IN,80,KV Place Guide / Zurich / practical,emb_place_bfe5e56a,,2026-08-18T10:00:00+05:30
kbc_c31735df,,poi_d349b995,culture,Hot Springs — visitor notes,"Hot Springs sits in Kathmandu and takes about 60 minutes to see properly. The fresco panel is the reason most people come, but the inner sanctum approach behind it is quieter and arguably better. There is shade at the entrance but very little inside.",en-IN,57,KV Place Guide / Kathmandu / Hot Springs,emb_place_c31735df,,2026-08-18T10:00:00+05:30
kbc_f418e2d7,,poi_4c0e8968,seasonal,Hot Air Balloon Field — visitor notes,"Hot Air Balloon Field sits in Abu Dhabi and takes about 120 minutes to see properly. Locals treat it as a park as much as a monument, which is worth knowing before you arrive expecting silence. The nearest usable toilets are across the road, not on site.",en-IN,61,KV Place Guide / Abu Dhabi / Hot Air Balloon Field,emb_place_f418e2d7,,2026-08-18T10:00:00+05:30
kbc_948c5b82,,poi_9737e8e9,seasonal,Fishermen's Cove — visitor notes,Fishermen's Cove sits in Mysuru and takes about 150 minutes to see properly. Busiest between ten and one. Come at opening or an hour before closing and it is a different place entirely. Photography is permitted except in the inner chamber.,en-IN,53,KV Place Guide / Mysuru / Fishermen's Cove,emb_place_948c5b82,post_monsoon,2026-08-18T10:00:00+05:30
kbc_befdfcb5,,poi_710b6716,seasonal,Ridge Lookout — visitor notes,"Ridge Lookout sits in Madurai and takes about 60 minutes to see properly. Restored in the 1990s with mixed results — the north courtyard is authentic, the lattice screen is not. Photography is permitted except in the inner chamber.",en-IN,50,KV Place Guide / Madurai / Ridge Lookout,emb_place_befdfcb5,,2026-08-18T10:00:00+05:30
kbc_12bd2bb2,,poi_ee4038b4,history,Mumbai Bazaar — visitor notes,"Mumbai Bazaar sits in Mumbai and takes about 120 minutes to see properly. Built in stages between the fourteenth and eighteenth centuries, it repays a slow visit; the lattice screen on the colonnade is easy to miss from the main path. The nearest usable toilets are across the road, not on site.",en-IN,67,KV Place Guide / Mumbai / Mumbai Bazaar,emb_place_12bd2bb2,winter,2026-08-18T10:00:00+05:30
kbc_f4444887,,poi_36905b4d,history,Maritime Museum — visitor notes,"Maritime Museum sits in Panaji and takes about 75 minutes to see properly. Small enough to see in an hour, dense enough to reward two. Signage is uneven, so a guide helps. A guide is worth it here — the signage explains almost nothing.",en-IN,57,KV Place Guide / Panaji / Maritime Museum,emb_place_f4444887,,2026-08-18T10:00:00+05:30
kbc_199b1c4c,,poi_a89bd0b6,practical,Riverside Lounge — visitor notes,"Riverside Lounge sits in Mumbai and takes about 120 minutes to see properly. Locals treat it as a park as much as a monument, which is worth knowing before you arrive expecting silence. The nearest usable toilets are across the road, not on site.",en-IN,57,KV Place Guide / Mumbai / Riverside Lounge,emb_place_199b1c4c,winter,2026-08-18T10:00:00+05:30
kbc_f2b7caf2,,poi_eb938fe9,culture,Lighthouse Beach — visitor notes,"Lighthouse Beach sits in Munnar and takes about 90 minutes to see properly. The carved lintel is the reason most people come, but the north courtyard behind it is quieter and arguably better. A guide is worth it here — the signage explains almost nothing.",en-IN,58,KV Place Guide / Munnar / Lighthouse Beach,emb_place_f2b7caf2,,2026-08-18T10:00:00+05:30
kbc_8ddf2e85,,poi_c192ae9d,history,Handloom Cooperative — visitor notes,"Handloom Cooperative sits in Jaipur and takes about 120 minutes to see properly. Built in stages between the fourteenth and eighteenth centuries, it repays a slow visit; the fresco panel on the riverside steps is easy to miss from the main path. Photography is permitted except in the inner chamber.",en-IN,65,KV Place Guide / Jaipur / Handloom Cooperative,emb_place_8ddf2e85,,2026-08-18T10:00:00+05:30
kbc_f0818e6e,,poi_537e1423,culture,Hot Springs — visitor notes,"Hot Springs sits in Lucknow and takes about 60 minutes to see properly. Small enough to see in an hour, dense enough to reward two. Signage is uneven, so a guide helps. A guide is worth it here — the signage explains almost nothing.",en-IN,57,KV Place Guide / Lucknow / Hot Springs,emb_place_f0818e6e,,2026-08-18T10:00:00+05:30
kbc_c6dbd557,,poi_d10153d7,culture,Hot Springs — visitor notes,"Hot Springs sits in Gokarna and takes about 150 minutes to see properly. The lattice screen is the reason most people come, but the riverside steps behind it is quieter and arguably better. Entry is straightforward; queues build after eleven.",en-IN,52,KV Place Guide / Gokarna / Hot Springs,emb_place_c6dbd557,,2026-08-18T10:00:00+05:30
kbc_840f008b,,poi_36527647,culture,Rooftop Live Music — visitor notes,"Rooftop Live Music sits in Ahmedabad and takes about 45 minutes to see properly. Restored in the 1990s with mixed results — the riverside steps is authentic, the inscription is not. There is shade at the entrance but very little inside.",en-IN,53,KV Place Guide / Ahmedabad / Rooftop Live Music,emb_place_840f008b,,2026-08-18T10:00:00+05:30
kbc_d61be70d,,poi_08ddfd62,culture,Watchtower Terrace — visitor notes,"Watchtower Terrace sits in Kathmandu and takes about 75 minutes to see properly. Locals treat it as a park as much as a monument, which is worth knowing before you arrive expecting silence. Entry is straightforward; queues build after eleven.",en-IN,52,KV Place Guide / Kathmandu / Watchtower Terrace,emb_place_d61be70d,,2026-08-18T10:00:00+05:30
kbc_b76d6f6e,,poi_38e00d19,seasonal,City Walls Walk — visitor notes,"City Walls Walk sits in Puri and takes about 180 minutes to see properly. The step-well geometry is the reason most people come, but the north courtyard behind it is quieter and arguably better. There is shade at the entrance but very little inside.",en-IN,57,KV Place Guide / Puri / City Walls Walk,emb_place_b76d6f6e,,2026-08-18T10:00:00+05:30
kbc_dec87378,,poi_5f6b0929,practical,Jaisalmer Temple — visitor notes,Jaisalmer Temple sits in Jaisalmer and takes about 240 minutes to see properly. Busiest between ten and one. Come at opening or an hour before closing and it is a different place entirely. Entry is straightforward; queues build after eleven.,en-IN,52,KV Place Guide / Jaisalmer / Jaisalmer Temple,emb_place_dec87378,,2026-08-18T10:00:00+05:30
kbc_1fa770b5,,poi_ba424444,culture,Royal Cenotaphs — visitor notes,"Royal Cenotaphs sits in Pune and takes about 240 minutes to see properly. Small enough to see in an hour, dense enough to reward two. Signage is uneven, so a guide helps. Entry is straightforward; queues build after eleven.",en-IN,50,KV Place Guide / Pune / Royal Cenotaphs,emb_place_1fa770b5,,2026-08-18T10:00:00+05:30
kbc_17612d2f,,poi_09642bc5,history,Lighthouse Beach — visitor notes,"Lighthouse Beach sits in Puri and takes about 180 minutes to see properly. Restored in the 1990s with mixed results — the colonnade is authentic, the tile mosaic is not. There is shade at the entrance but very little inside.",en-IN,52,KV Place Guide / Puri / Lighthouse Beach,emb_place_17612d2f,,2026-08-18T10:00:00+05:30
kbc_92b6a89c,,poi_e29c4169,culture,Jain Temple Complex — visitor notes,"Jain Temple Complex sits in Jaisalmer and takes about 180 minutes to see properly. Locals treat it as a park as much as a monument, which is worth knowing before you arrive expecting silence. Entry is straightforward; queues build after eleven.",en-IN,53,KV Place Guide / Jaisalmer / Jain Temple Complex,emb_place_92b6a89c,,2026-08-18T10:00:00+05:30
kbc_ae9e0882,,poi_4733b6f0,seasonal,Yoga Shala — visitor notes,"Yoga Shala sits in Agra and takes about 240 minutes to see properly. The carved lintel is the reason most people come, but the riverside steps behind it is quieter and arguably better. Entry is straightforward; queues build after eleven.",en-IN,52,KV Place Guide / Agra / Yoga Shala,emb_place_ae9e0882,,2026-08-18T10:00:00+05:30
kbc_be1a664a,,poi_fb5f89ab,culture,Watchtower Terrace — visitor notes,"Watchtower Terrace sits in Aurangabad and takes about 75 minutes to see properly. Built in stages between the fourteenth and eighteenth centuries, it repays a slow visit; the brass door on the riverside steps is easy to miss from the main path. The nearest usable toilets are across the road, not on site.",en-IN,68,KV Place Guide / Aurangabad / Watchtower Terrace,emb_place_be1a664a,,2026-08-18T10:00:00+05:30
kbc_bd6eed1d,,poi_45a913e2,practical,Lighthouse Beach — visitor notes,Lighthouse Beach sits in Kandy and takes about 150 minutes to see properly. Busiest between ten and one. Come at opening or an hour before closing and it is a different place entirely. There is shade at the entrance but very little inside.,en-IN,55,KV Place Guide / Kandy / Lighthouse Beach,emb_place_bd6eed1d,,2026-08-18T10:00:00+05:30
kbc_2c6b49b1,,poi_4490728b,seasonal,Night Food Bazaar — visitor notes,"Night Food Bazaar sits in Pondicherry and takes about 240 minutes to see properly. Built in stages between the fourteenth and eighteenth centuries, it repays a slow visit; the inscription on the inner sanctum approach is easy to miss from the main path. Entry is straightforward; queues build after eleven.",en-IN,65,KV Place Guide / Pondicherry / Night Food Bazaar,emb_place_2c6b49b1,,2026-08-18T10:00:00+05:30
kbc_11534ac7,,poi_465030ce,seasonal,Backwater Channel — visitor notes,Backwater Channel sits in Gokarna and takes about 45 minutes to see properly. Busiest between ten and one. Come at opening or an hour before closing and it is a different place entirely. A guide is worth it here — the signage explains almost nothing.,en-IN,58,KV Place Guide / Gokarna / Backwater Channel,emb_place_11534ac7,winter,2026-08-18T10:00:00+05:30
kbc_a2f26291,,poi_b7e5ce86,culture,Antique Lane — visitor notes,"Antique Lane sits in Guwahati and takes about 150 minutes to see properly. Restored in the 1990s with mixed results — the inner sanctum approach is authentic, the step-well geometry is not. A guide is worth it here — the signage explains almost nothing.",en-IN,57,KV Place Guide / Guwahati / Antique Lane,emb_place_a2f26291,,2026-08-18T10:00:00+05:30
kbc_da4e60a0,,poi_0f2aad38,seasonal,Elephant Camp — visitor notes,"Elephant Camp sits in New Delhi and takes about 60 minutes to see properly. Locals treat it as a park as much as a monument, which is worth knowing before you arrive expecting silence. There is shade at the entrance but very little inside.",en-IN,57,KV Place Guide / New Delhi / Elephant Camp,emb_place_da4e60a0,winter,2026-08-18T10:00:00+05:30
kbc_01f1842d,,poi_8d8ccc5b,history,Backwater Channel — visitor notes,"Backwater Channel sits in Munnar and takes about 45 minutes to see properly. Restored in the 1990s with mixed results — the colonnade is authentic, the step-well geometry is not. The nearest usable toilets are across the road, not on site.",en-IN,53,KV Place Guide / Munnar / Backwater Channel,emb_place_01f1842d,,2026-08-18T10:00:00+05:30
kbc_0c58bc1d,,poi_7d1dd83c,history,Cycling Loop — visitor notes,"Cycling Loop sits in Abu Dhabi and takes about 120 minutes to see properly. Built in stages between the fourteenth and eighteenth centuries, it repays a slow visit; the mirror work on the rear terrace is easy to miss from the main path. Entry is straightforward; queues build after eleven.",en-IN,65,KV Place Guide / Abu Dhabi / Cycling Loop,emb_place_0c58bc1d,,2026-08-18T10:00:00+05:30
kbc_266a5834,,poi_7584624c,practical,Hot Springs — visitor notes,"Hot Springs sits in Thiruvananthapuram and takes about 150 minutes to see properly. Busiest between ten and one. Come at opening or an hour before closing and it is a different place entirely. The nearest usable toilets are across the road, not on site.",en-IN,57,KV Place Guide / Thiruvananthapuram / Hot Springs,emb_place_266a5834,,2026-08-18T10:00:00+05:30
kbc_ad183d10,,poi_6c6cefc3,practical,Rock Garden — visitor notes,"Rock Garden sits in Srinagar and takes about 45 minutes to see properly. Built in stages between the fourteenth and eighteenth centuries, it repays a slow visit; the lattice screen on the colonnade is easy to miss from the main path. Entry is straightforward; queues build after eleven.",en-IN,62,KV Place Guide / Srinagar / Rock Garden,emb_place_ad183d10,summer,2026-08-18T10:00:00+05:30
kbc_8d748f2d,,poi_a23e13bb,practical,Kayaking at Puri — visitor notes,"Kayaking at Puri sits in Puri and takes about 120 minutes to see properly. Built in stages between the fourteenth and eighteenth centuries, it repays a slow visit; the tile mosaic on the rear terrace is easy to miss from the main path. There is shade at the entrance but very little inside.",en-IN,68,KV Place Guide / Puri / Kayaking at Puri,emb_place_8d748f2d,winter,2026-08-18T10:00:00+05:30
kbc_34e571cf,,poi_58be1c10,history,Ridge Lookout — visitor notes,"Ridge Lookout sits in Leh and takes about 150 minutes to see properly. Locals treat it as a park as much as a monument, which is worth knowing before you arrive expecting silence. Photography is permitted except in the inner chamber.",en-IN,53,KV Place Guide / Leh / Ridge Lookout,emb_place_34e571cf,summer,2026-08-18T10:00:00+05:30
kbc_bb6a1d80,,poi_fc2fe936,practical,Hilltop Shrine — visitor notes,"Hilltop Shrine sits in Thanjavur and takes about 75 minutes to see properly. Built in stages between the fourteenth and eighteenth centuries, it repays a slow visit; the fresco panel on the riverside steps is easy to miss from the main path. There is shade at the entrance but very little inside.",en-IN,67,KV Place Guide / Thanjavur / Hilltop Shrine,emb_place_bb6a1d80,winter,2026-08-18T10:00:00+05:30
kbc_8235bc1d,,poi_9e725958,seasonal,Udaipur Street Food Lane — visitor notes,"Udaipur Street Food Lane sits in Udaipur and takes about 60 minutes to see properly. Built in stages between the fourteenth and eighteenth centuries, it repays a slow visit; the fresco panel on the north courtyard is easy to miss from the main path. The nearest usable toilets are across the road, not on site.",en-IN,71,KV Place Guide / Udaipur / Udaipur Street Food Lane,emb_place_8235bc1d,winter,2026-08-18T10:00:00+05:30
kbc_1ff9393b,,poi_930952ab,history,"St Mary's Church, Guwahati — visitor notes","St Mary's Church, Guwahati sits in Guwahati and takes about 90 minutes to see properly. Small enough to see in an hour, dense enough to reward two. Signage is uneven, so a guide helps. The nearest usable toilets are across the road, not on site.",en-IN,58,"KV Place Guide / Guwahati / St Mary's Church, Guwahati",emb_place_1ff9393b,,2026-08-18T10:00:00+05:30
kbc_e1eb8ec2,,poi_be89732e,culture,Hot Springs — visitor notes,"Hot Springs sits in Kolkata and takes about 45 minutes to see properly. Locals treat it as a park as much as a monument, which is worth knowing before you arrive expecting silence. The nearest usable toilets are across the road, not on site.",en-IN,57,KV Place Guide / Kolkata / Hot Springs,emb_place_e1eb8ec2,,2026-08-18T10:00:00+05:30
kbc_7dd9c1de,,poi_9af6a696,history,Male Lake — visitor notes,Male Lake sits in Male and takes about 180 minutes to see properly. Busiest between ten and one. Come at opening or an hour before closing and it is a different place entirely. Entry is straightforward; queues build after eleven.,en-IN,52,KV Place Guide / Male / Male Lake,emb_place_7dd9c1de,winter,2026-08-18T10:00:00+05:30
kbc_e3bcc375,,poi_3ca459f1,history,Fishermen's Cove — visitor notes,Fishermen's Cove sits in Mysuru and takes about 60 minutes to see properly. Busiest between ten and one. Come at opening or an hour before closing and it is a different place entirely. Entry is straightforward; queues build after eleven.,en-IN,52,KV Place Guide / Mysuru / Fishermen's Cove,emb_place_e3bcc375,,2026-08-18T10:00:00+05:30
kbc_2848b404,,poi_a73142fa,history,Ridge Lookout — visitor notes,"Ridge Lookout sits in Shillong and takes about 60 minutes to see properly. Small enough to see in an hour, dense enough to reward two. Signage is uneven, so a guide helps. Photography is permitted except in the inner chamber.",en-IN,52,KV Place Guide / Shillong / Ridge Lookout,emb_place_2848b404,,2026-08-18T10:00:00+05:30
kbc_79d31f1b,,poi_e6d9039a,culture,Botanical Gardens — visitor notes,"Botanical Gardens sits in Darjeeling and takes about 60 minutes to see properly. Built in stages between the fourteenth and eighteenth centuries, it repays a slow visit; the lattice screen on the rear terrace is easy to miss from the main path. The nearest usable toilets are across the road, not on site.",en-IN,68,KV Place Guide / Darjeeling / Botanical Gardens,emb_place_79d31f1b,,2026-08-18T10:00:00+05:30
kbc_46fa3634,,poi_c295f116,culture,Zipline Point — visitor notes,"Zipline Point sits in Mysuru and takes about 75 minutes to see properly. Restored in the 1990s with mixed results — the north courtyard is authentic, the inscription is not. Photography is permitted except in the inner chamber.",en-IN,49,KV Place Guide / Mysuru / Zipline Point,emb_place_46fa3634,,2026-08-18T10:00:00+05:30
kbc_f22e72ff,,poi_101f364b,seasonal,Night Food Bazaar — visitor notes,"Night Food Bazaar sits in Ooty and takes about 150 minutes to see properly. The inscription is the reason most people come, but the colonnade behind it is quieter and arguably better. Photography is permitted except in the inner chamber.",en-IN,52,KV Place Guide / Ooty / Night Food Bazaar,emb_place_f22e72ff,,2026-08-18T10:00:00+05:30
kbc_52810e99,,poi_4ae9c459,seasonal,Handloom Cooperative — visitor notes,"Handloom Cooperative sits in Jodhpur and takes about 90 minutes to see properly. Restored in the 1990s with mixed results — the colonnade is authentic, the lattice screen is not. Entry is straightforward; queues build after eleven.",en-IN,48,KV Place Guide / Jodhpur / Handloom Cooperative,emb_place_52810e99,winter,2026-08-18T10:00:00+05:30
kbc_4fd50982,,poi_493eac5b,culture,"St Mary's Church, Kandy — visitor notes","St Mary's Church, Kandy sits in Kandy and takes about 180 minutes to see properly. Busiest between ten and one. Come at opening or an hour before closing and it is a different place entirely. The nearest usable toilets are across the road, not on site.",en-IN,59,"KV Place Guide / Kandy / St Mary's Church, Kandy",emb_place_4fd50982,winter,2026-08-18T10:00:00+05:30
kbc_8cffdc7d,,poi_c66c8fbc,seasonal,Sunset Point — visitor notes,"Sunset Point sits in Mysuru and takes about 60 minutes to see properly. Busiest between ten and one. Come at opening or an hour before closing and it is a different place entirely. The nearest usable toilets are across the road, not on site.",en-IN,57,KV Place Guide / Mysuru / Sunset Point,emb_place_8cffdc7d,,2026-08-18T10:00:00+05:30
kbc_7aafac9d,,poi_2ef9dd71,practical,Dubai Bird Sanctuary — visitor notes,"Dubai Bird Sanctuary sits in Dubai and takes about 45 minutes to see properly. Built in stages between the fourteenth and eighteenth centuries, it repays a slow visit; the brass door on the rear terrace is easy to miss from the main path. There is shade at the entrance but very little inside.",en-IN,68,KV Place Guide / Dubai / Dubai Bird Sanctuary,emb_place_7aafac9d,winter,2026-08-18T10:00:00+05:30
kbc_d25b5eac,,poi_b961944a,history,Quiet Bay — visitor notes,Quiet Bay sits in Aurangabad and takes about 240 minutes to see properly. Busiest between ten and one. Come at opening or an hour before closing and it is a different place entirely. Entry is straightforward; queues build after eleven.,en-IN,52,KV Place Guide / Aurangabad / Quiet Bay,emb_place_d25b5eac,winter,2026-08-18T10:00:00+05:30
kbc_80901469,,poi_7b3b06ba,seasonal,Jain Temple Complex — visitor notes,"Jain Temple Complex sits in Kyoto and takes about 180 minutes to see properly. Built in stages between the fourteenth and eighteenth centuries, it repays a slow visit; the lattice screen on the inner sanctum approach is easy to miss from the main path. Entry is straightforward; queues build after eleven.",en-IN,66,KV Place Guide / Kyoto / Jain Temple Complex,emb_place_80901469,spring,2026-08-18T10:00:00+05:30
kbc_041ebf22,,poi_afcb7beb,practical,Chhatri Complex — visitor notes,"Chhatri Complex sits in Jaipur and takes about 75 minutes to see properly. Built in stages between the fourteenth and eighteenth centuries, it repays a slow visit; the tile mosaic on the upper gallery is easy to miss from the main path. The nearest usable toilets are across the road, not on site.",en-IN,68,KV Place Guide / Jaipur / Chhatri Complex,emb_place_041ebf22,,2026-08-18T10:00:00+05:30
kbc_12cf91d6,,poi_b8450f6f,culture,Pokhara Street Food Lane — visitor notes,"Pokhara Street Food Lane sits in Pokhara and takes about 60 minutes to see properly. Locals treat it as a park as much as a monument, which is worth knowing before you arrive expecting silence. There is shade at the entrance but very little inside.",en-IN,58,KV Place Guide / Pokhara / Pokhara Street Food Lane,emb_place_12cf91d6,,2026-08-18T10:00:00+05:30
kbc_264f7288,,poi_6d2179fc,history,Lucknow Bird Sanctuary — visitor notes,"Lucknow Bird Sanctuary sits in Lucknow and takes about 60 minutes to see properly. Locals treat it as a park as much as a monument, which is worth knowing before you arrive expecting silence. A guide is worth it here — the signage explains almost nothing.",en-IN,59,KV Place Guide / Lucknow / Lucknow Bird Sanctuary,emb_place_264f7288,winter,2026-08-18T10:00:00+05:30
kbc_d0ae31e5,,poi_7a6df998,culture,Pondicherry Lake — visitor notes,"Pondicherry Lake sits in Pondicherry and takes about 75 minutes to see properly. Locals treat it as a park as much as a monument, which is worth knowing before you arrive expecting silence. The nearest usable toilets are across the road, not on site.",en-IN,57,KV Place Guide / Pondicherry / Pondicherry Lake,emb_place_d0ae31e5,winter,2026-08-18T10:00:00+05:30
kbc_1168fe0c,,poi_3457ab13,culture,Sunset Point — visitor notes,"Sunset Point sits in Male and takes about 45 minutes to see properly. Locals treat it as a park as much as a monument, which is worth knowing before you arrive expecting silence. Entry is straightforward; queues build after eleven.",en-IN,52,KV Place Guide / Male / Sunset Point,emb_place_1168fe0c,,2026-08-18T10:00:00+05:30
kbc_252b3841,,poi_16ee7fea,history,Crocodile Park — visitor notes,"Crocodile Park sits in Visakhapatnam and takes about 60 minutes to see properly. Busiest between ten and one. Come at opening or an hour before closing and it is a different place entirely. The nearest usable toilets are across the road, not on site.",en-IN,57,KV Place Guide / Visakhapatnam / Crocodile Park,emb_place_252b3841,,2026-08-18T10:00:00+05:30
kbc_d5dba13f,,poi_64085486,practical,Hot Springs — visitor notes,"Hot Springs sits in Bangkok and takes about 150 minutes to see properly. Built in stages between the fourteenth and eighteenth centuries, it repays a slow visit; the lattice screen on the inner sanctum approach is easy to miss from the main path. Entry is straightforward; queues build after eleven.",en-IN,65,KV Place Guide / Bangkok / Hot Springs,emb_place_d5dba13f,,2026-08-18T10:00:00+05:30
kbc_85e49707,,poi_83511939,practical,City Walls Walk — visitor notes,"City Walls Walk sits in Bhubaneswar and takes about 180 minutes to see properly. Built in stages between the fourteenth and eighteenth centuries, it repays a slow visit; the brass door on the north courtyard is easy to miss from the main path. A guide is worth it here — the signage explains almost nothing.",en-IN,71,KV Place Guide / Bhubaneswar / City Walls Walk,emb_place_85e49707,,2026-08-18T10:00:00+05:30
kbc_e69dbfb3,,poi_be136c8b,history,Ahmedabad Viewpoint — visitor notes,"Ahmedabad Viewpoint sits in Ahmedabad and takes about 180 minutes to see properly. Locals treat it as a park as much as a monument, which is worth knowing before you arrive expecting silence. A guide is worth it here — the signage explains almost nothing.",en-IN,58,KV Place Guide / Ahmedabad / Ahmedabad Viewpoint,emb_place_e69dbfb3,winter,2026-08-18T10:00:00+05:30
kbc_2e418d6b,,poi_78b732e3,practical,Botanical Gardens — visitor notes,"Botanical Gardens sits in Male and takes about 180 minutes to see properly. The fresco panel is the reason most people come, but the inner sanctum approach behind it is quieter and arguably better. Photography is permitted except in the inner chamber.",en-IN,54,KV Place Guide / Male / Botanical Gardens,emb_place_2e418d6b,,2026-08-18T10:00:00+05:30
kbc_b3b0e389,,poi_03e96e6b,history,Backwater Channel — visitor notes,"Backwater Channel sits in Leh and takes about 75 minutes to see properly. Restored in the 1990s with mixed results — the upper gallery is authentic, the inscription is not. The nearest usable toilets are across the road, not on site.",en-IN,53,KV Place Guide / Leh / Backwater Channel,emb_place_b3b0e389,,2026-08-18T10:00:00+05:30
kbc_cea60c45,,poi_ceb016d6,history,Fishermen's Cove — visitor notes,"Fishermen's Cove sits in Gangtok and takes about 60 minutes to see properly. Locals treat it as a park as much as a monument, which is worth knowing before you arrive expecting silence. Entry is straightforward; queues build after eleven.",en-IN,52,KV Place Guide / Gangtok / Fishermen's Cove,emb_place_cea60c45,spring,2026-08-18T10:00:00+05:30
kbc_c241efeb,,poi_48e7f870,history,Blue Pottery Workshop — visitor notes,Blue Pottery Workshop sits in Shillong and takes about 180 minutes to see properly. Busiest between ten and one. Come at opening or an hour before closing and it is a different place entirely. Entry is straightforward; queues build after eleven.,en-IN,53,KV Place Guide / Shillong / Blue Pottery Workshop,emb_place_c241efeb,post_monsoon,2026-08-18T10:00:00+05:30
kbc_80adb3d4,,poi_042b5737,culture,Riverside Lounge — visitor notes,Riverside Lounge sits in Gangtok and takes about 60 minutes to see properly. Busiest between ten and one. Come at opening or an hour before closing and it is a different place entirely. Entry is straightforward; queues build after eleven.,en-IN,52,KV Place Guide / Gangtok / Riverside Lounge,emb_place_80adb3d4,spring,2026-08-18T10:00:00+05:30
kbc_6d8c51a4,,poi_660b0d33,practical,Rock Garden — visitor notes,"Rock Garden sits in Shimla and takes about 240 minutes to see properly. Restored in the 1990s with mixed results — the upper gallery is authentic, the inscription is not. Entry is straightforward; queues build after eleven.",en-IN,48,KV Place Guide / Shimla / Rock Garden,emb_place_6d8c51a4,,2026-08-18T10:00:00+05:30
kbc_85f03894,,poi_aef75f2a,culture,Rooftop Live Music — visitor notes,"Rooftop Live Music sits in Bengaluru and takes about 45 minutes to see properly. Small enough to see in an hour, dense enough to reward two. Signage is uneven, so a guide helps. Photography is permitted except in the inner chamber.",en-IN,53,KV Place Guide / Bengaluru / Rooftop Live Music,emb_place_85f03894,,2026-08-18T10:00:00+05:30
kbc_07603235,,poi_1559dff8,history,Riverside Lounge — visitor notes,"Riverside Lounge sits in Udaipur and takes about 75 minutes to see properly. Built in stages between the fourteenth and eighteenth centuries, it repays a slow visit; the step-well geometry on the riverside steps is easy to miss from the main path. Photography is permitted except in the inner chamber.",en-IN,65,KV Place Guide / Udaipur / Riverside Lounge,emb_place_07603235,,2026-08-18T10:00:00+05:30
kbc_a70fb684,,poi_ec061425,practical,Crocodile Park — visitor notes,"Crocodile Park sits in Srinagar and takes about 180 minutes to see properly. Busiest between ten and one. Come at opening or an hour before closing and it is a different place entirely. The nearest usable toilets are across the road, not on site.",en-IN,57,KV Place Guide / Srinagar / Crocodile Park,emb_place_a70fb684,summer,2026-08-18T10:00:00+05:30
kbc_5a2ce8a9,,poi_01826480,culture,Shillong Bird Sanctuary — visitor notes,"Shillong Bird Sanctuary sits in Shillong and takes about 90 minutes to see properly. Restored in the 1990s with mixed results — the riverside steps is authentic, the tile mosaic is not. The nearest usable toilets are across the road, not on site.",en-IN,55,KV Place Guide / Shillong / Shillong Bird Sanctuary,emb_place_5a2ce8a9,post_monsoon,2026-08-18T10:00:00+05:30
kbc_ce749792,,poi_68cc2f6d,seasonal,Quiet Bay — visitor notes,"Quiet Bay sits in Thimphu and takes about 45 minutes to see properly. Built in stages between the fourteenth and eighteenth centuries, it repays a slow visit; the lattice screen on the rear terrace is easy to miss from the main path. There is shade at the entrance but very little inside.",en-IN,67,KV Place Guide / Thimphu / Quiet Bay,emb_place_ce749792,spring,2026-08-18T10:00:00+05:30
kbc_9c2b7bd9,,poi_facb346b,history,Singapore Viewpoint — visitor notes,"Singapore Viewpoint sits in Singapore and takes about 45 minutes to see properly. Locals treat it as a park as much as a monument, which is worth knowing before you arrive expecting silence. Photography is permitted except in the inner chamber.",en-IN,53,KV Place Guide / Singapore / Singapore Viewpoint,emb_place_9c2b7bd9,,2026-08-18T10:00:00+05:30
kbc_400579bf,,poi_d85873d4,seasonal,Ridge Lookout — visitor notes,"Ridge Lookout sits in Munnar and takes about 45 minutes to see properly. The brass door is the reason most people come, but the riverside steps behind it is quieter and arguably better. The nearest usable toilets are across the road, not on site.",en-IN,57,KV Place Guide / Munnar / Ridge Lookout,emb_place_400579bf,,2026-08-18T10:00:00+05:30
kbc_cd313ade,,poi_127d23a8,seasonal,Fishermen's Cove — visitor notes,Fishermen's Cove sits in Madurai and takes about 240 minutes to see properly. Busiest between ten and one. Come at opening or an hour before closing and it is a different place entirely. There is shade at the entrance but very little inside.,en-IN,55,KV Place Guide / Madurai / Fishermen's Cove,emb_place_cd313ade,,2026-08-18T10:00:00+05:30
kbc_5f70d01f,,poi_cfa920ab,seasonal,Great Mosque of Kandy — visitor notes,"Great Mosque of Kandy sits in Kandy and takes about 45 minutes to see properly. Built in stages between the fourteenth and eighteenth centuries, it repays a slow visit; the fresco panel on the riverside steps is easy to miss from the main path. Photography is permitted except in the inner chamber.",en-IN,67,KV Place Guide / Kandy / Great Mosque of Kandy,emb_place_5f70d01f,,2026-08-18T10:00:00+05:30
kbc_408214ad,,poi_6532241a,seasonal,Cliff Walk — visitor notes,"Cliff Walk sits in Thimphu and takes about 45 minutes to see properly. Locals treat it as a park as much as a monument, which is worth knowing before you arrive expecting silence. A guide is worth it here — the signage explains almost nothing.",en-IN,58,KV Place Guide / Thimphu / Cliff Walk,emb_place_408214ad,,2026-08-18T10:00:00+05:30
kbc_8ee7d303,,poi_b35717f6,practical,Lighthouse Beach — visitor notes,"Lighthouse Beach sits in Shimla and takes about 45 minutes to see properly. The step-well geometry is the reason most people come, but the rear terrace behind it is quieter and arguably better. A guide is worth it here — the signage explains almost nothing.",en-IN,58,KV Place Guide / Shimla / Lighthouse Beach,emb_place_8ee7d303,summer,2026-08-18T10:00:00+05:30
kbc_4931c784,,poi_f2cb7eae,culture,Puppet Museum — visitor notes,"Puppet Museum sits in Kochi and takes about 120 minutes to see properly. Restored in the 1990s with mixed results — the riverside steps is authentic, the fresco panel is not. A guide is worth it here — the signage explains almost nothing.",en-IN,55,KV Place Guide / Kochi / Puppet Museum,emb_place_4931c784,,2026-08-18T10:00:00+05:30
kbc_fea0cd2e,,poi_de929193,seasonal,Rock Garden — visitor notes,"Rock Garden sits in Agra and takes about 120 minutes to see properly. Small enough to see in an hour, dense enough to reward two. Signage is uneven, so a guide helps. Photography is permitted except in the inner chamber.",en-IN,52,KV Place Guide / Agra / Rock Garden,emb_place_fea0cd2e,,2026-08-18T10:00:00+05:30
kbc_ca8e812e,,poi_3ff2e625,culture,Crocodile Park — visitor notes,Crocodile Park sits in Puri and takes about 240 minutes to see properly. Busiest between ten and one. Come at opening or an hour before closing and it is a different place entirely. Photography is permitted except in the inner chamber.,en-IN,53,KV Place Guide / Puri / Crocodile Park,emb_place_ca8e812e,,2026-08-18T10:00:00+05:30
kbc_be38e9ee,,poi_99d11758,practical,Hot Springs — visitor notes,"Hot Springs sits in Darjeeling and takes about 150 minutes to see properly. Built in stages between the fourteenth and eighteenth centuries, it repays a slow visit; the inscription on the rear terrace is easy to miss from the main path. There is shade at the entrance but very little inside.",en-IN,66,KV Place Guide / Darjeeling / Hot Springs,emb_place_be38e9ee,,2026-08-18T10:00:00+05:30
kbc_daa83260,,poi_87e0c24e,seasonal,Thiruvananthapuram Street Food Lane — visitor notes,"Thiruvananthapuram Street Food Lane sits in Thiruvananthapuram and takes about 150 minutes to see properly. Built in stages between the fourteenth and eighteenth centuries, it repays a slow visit; the lattice screen on the north courtyard is easy to miss from the main path. A guide is worth it here — the signage explains almost nothing.",en-IN,72,KV Place Guide / Thiruvananthapuram / Thiruvananthapuram Street Food Lane,emb_place_daa83260,,2026-08-18T10:00:00+05:30
kbc_14e5279b,,poi_d1c73e68,history,Museum of Coins — visitor notes,"Museum of Coins sits in Kyoto and takes about 240 minutes to see properly. Locals treat it as a park as much as a monument, which is worth knowing before you arrive expecting silence. Photography is permitted except in the inner chamber.",en-IN,54,KV Place Guide / Kyoto / Museum of Coins,emb_place_14e5279b,,2026-08-18T10:00:00+05:30
kbc_54022949,,poi_ff4e53c7,seasonal,Coffee Roastery Tour — visitor notes,"Coffee Roastery Tour sits in Bhuj and takes about 90 minutes to see properly. Locals treat it as a park as much as a monument, which is worth knowing before you arrive expecting silence. Entry is straightforward; queues build after eleven.",en-IN,53,KV Place Guide / Bhuj / Coffee Roastery Tour,emb_place_54022949,winter,2026-08-18T10:00:00+05:30
kbc_e2a7fa66,,poi_0b57a65c,culture,Rooftop Live Music — visitor notes,"Rooftop Live Music sits in Dubai and takes about 75 minutes to see properly. Built in stages between the fourteenth and eighteenth centuries, it repays a slow visit; the brass door on the upper gallery is easy to miss from the main path. A guide is worth it here — the signage explains almost nothing.",en-IN,71,KV Place Guide / Dubai / Rooftop Live Music,emb_place_e2a7fa66,winter,2026-08-18T10:00:00+05:30
kbc_55918f7b,,poi_c82b2d5e,culture,Textile Museum — visitor notes,Textile Museum sits in Bali and takes about 240 minutes to see properly. Busiest between ten and one. Come at opening or an hour before closing and it is a different place entirely. Entry is straightforward; queues build after eleven.,en-IN,52,KV Place Guide / Bali / Textile Museum,emb_place_55918f7b,summer,2026-08-18T10:00:00+05:30
kbc_20398a14,,poi_04a93c99,history,Butterfly Reserve — visitor notes,Butterfly Reserve sits in New Delhi and takes about 60 minutes to see properly. Busiest between ten and one. Come at opening or an hour before closing and it is a different place entirely. A guide is worth it here — the signage explains almost nothing.,en-IN,59,KV Place Guide / New Delhi / Butterfly Reserve,emb_place_20398a14,winter,2026-08-18T10:00:00+05:30
kbc_5d93df4b,,poi_43e21947,practical,"Jazz Cellar, Leh — visitor notes","Jazz Cellar, Leh sits in Leh and takes about 150 minutes to see properly. Locals treat it as a park as much as a monument, which is worth knowing before you arrive expecting silence. There is shade at the entrance but very little inside.",en-IN,57,"KV Place Guide / Leh / Jazz Cellar, Leh",emb_place_5d93df4b,summer,2026-08-18T10:00:00+05:30
kbc_a03a44f0,,poi_9cf22283,practical,Spice Market Walk — visitor notes,"Spice Market Walk sits in Tirupati and takes about 75 minutes to see properly. The lattice screen is the reason most people come, but the upper gallery behind it is quieter and arguably better. The nearest usable toilets are across the road, not on site.",en-IN,58,KV Place Guide / Tirupati / Spice Market Walk,emb_place_a03a44f0,,2026-08-18T10:00:00+05:30
kbc_9aad652c,,poi_a4f7cc8b,practical,Quiet Bay — visitor notes,Quiet Bay sits in Pokhara and takes about 120 minutes to see properly. Busiest between ten and one. Come at opening or an hour before closing and it is a different place entirely. Entry is straightforward; queues build after eleven.,en-IN,52,KV Place Guide / Pokhara / Quiet Bay,emb_place_9aad652c,autumn,2026-08-18T10:00:00+05:30
kbc_4c5af3d2,,poi_4395d2bd,culture,Antique Lane — visitor notes,"Antique Lane sits in Colombo and takes about 150 minutes to see properly. Restored in the 1990s with mixed results — the north courtyard is authentic, the brass door is not. Entry is straightforward; queues build after eleven.",en-IN,49,KV Place Guide / Colombo / Antique Lane,emb_place_4c5af3d2,,2026-08-18T10:00:00+05:30
kbc_0b377dda,,poi_838093bd,seasonal,Yoga Shala — visitor notes,"Yoga Shala sits in Chennai and takes about 120 minutes to see properly. Locals treat it as a park as much as a monument, which is worth knowing before you arrive expecting silence. Entry is straightforward; queues build after eleven.",en-IN,52,KV Place Guide / Chennai / Yoga Shala,emb_place_0b377dda,,2026-08-18T10:00:00+05:30
kbc_1a83ab56,,poi_425aeafb,practical,Hot Springs — visitor notes,"Hot Springs sits in Dubai and takes about 150 minutes to see properly. Locals treat it as a park as much as a monument, which is worth knowing before you arrive expecting silence. Entry is straightforward; queues build after eleven.",en-IN,52,KV Place Guide / Dubai / Hot Springs,emb_place_1a83ab56,,2026-08-18T10:00:00+05:30
kbc_ec94fa80,,poi_6be08c1c,practical,Antique Lane — visitor notes,Antique Lane sits in Abu Dhabi and takes about 240 minutes to see properly. Busiest between ten and one. Come at opening or an hour before closing and it is a different place entirely. A guide is worth it here — the signage explains almost nothing.,en-IN,59,KV Place Guide / Abu Dhabi / Antique Lane,emb_place_ec94fa80,,2026-08-18T10:00:00+05:30
kbc_2558b946,,poi_7bd45bdd,practical,Fishermen's Cove — visitor notes,"Fishermen's Cove sits in Rishikesh and takes about 45 minutes to see properly. Built in stages between the fourteenth and eighteenth centuries, it repays a slow visit; the step-well geometry on the rear terrace is easy to miss from the main path. The nearest usable toilets are across the road, not on site.",en-IN,68,KV Place Guide / Rishikesh / Fishermen's Cove,emb_place_2558b946,,2026-08-18T10:00:00+05:30
kbc_3cde25b0,,poi_c00a070e,practical,Ridge Lookout — visitor notes,"Ridge Lookout sits in Ooty and takes about 45 minutes to see properly. The mirror work is the reason most people come, but the upper gallery behind it is quieter and arguably better. The nearest usable toilets are across the road, not on site.",en-IN,57,KV Place Guide / Ooty / Ridge Lookout,emb_place_3cde25b0,,2026-08-18T10:00:00+05:30
kbc_dc9abba6,,poi_26b74a30,history,Elephant Camp — visitor notes,"Elephant Camp sits in Leh and takes about 45 minutes to see properly. Small enough to see in an hour, dense enough to reward two. Signage is uneven, so a guide helps. There is shade at the entrance but very little inside.",en-IN,54,KV Place Guide / Leh / Elephant Camp,emb_place_dc9abba6,,2026-08-18T10:00:00+05:30
kbc_0bfa55a5,,poi_294cdf8b,seasonal,Ayurveda Centre — visitor notes,"Ayurveda Centre sits in Chennai and takes about 150 minutes to see properly. Locals treat it as a park as much as a monument, which is worth knowing before you arrive expecting silence. A guide is worth it here — the signage explains almost nothing.",en-IN,58,KV Place Guide / Chennai / Ayurveda Centre,emb_place_0bfa55a5,,2026-08-18T10:00:00+05:30
kbc_038dc6b1,,poi_89dfcf7d,seasonal,Kayaking at Gangtok — visitor notes,"Kayaking at Gangtok sits in Gangtok and takes about 240 minutes to see properly. Small enough to see in an hour, dense enough to reward two. Signage is uneven, so a guide helps. A guide is worth it here — the signage explains almost nothing.",en-IN,58,KV Place Guide / Gangtok / Kayaking at Gangtok,emb_place_038dc6b1,spring,2026-08-18T10:00:00+05:30
kbc_75e979c3,,poi_9a25581d,culture,Bangkok Bird Sanctuary — visitor notes,"Bangkok Bird Sanctuary sits in Bangkok and takes about 120 minutes to see properly. The carved lintel is the reason most people come, but the rear terrace behind it is quieter and arguably better. Entry is straightforward; queues build after eleven.",en-IN,53,KV Place Guide / Bangkok / Bangkok Bird Sanctuary,emb_place_75e979c3,,2026-08-18T10:00:00+05:30
kbc_98e399f4,,poi_55ce6c84,culture,Chhatri Complex — visitor notes,"Chhatri Complex sits in Mysuru and takes about 60 minutes to see properly. Locals treat it as a park as much as a monument, which is worth knowing before you arrive expecting silence. A guide is worth it here — the signage explains almost nothing.",en-IN,58,KV Place Guide / Mysuru / Chhatri Complex,emb_place_98e399f4,,2026-08-18T10:00:00+05:30
kbc_1e04e718,,poi_eafd4622,practical,Ayurveda Centre — visitor notes,"Ayurveda Centre sits in Ahmedabad and takes about 150 minutes to see properly. Locals treat it as a park as much as a monument, which is worth knowing before you arrive expecting silence. Entry is straightforward; queues build after eleven.",en-IN,52,KV Place Guide / Ahmedabad / Ayurveda Centre,emb_place_1e04e718,,2026-08-18T10:00:00+05:30
kbc_4a0c5944,,poi_cf0b559b,history,Rock Climbing Wall — visitor notes,"Rock Climbing Wall sits in Hyderabad and takes about 45 minutes to see properly. Built in stages between the fourteenth and eighteenth centuries, it repays a slow visit; the fresco panel on the north courtyard is easy to miss from the main path. There is shade at the entrance but very little inside.",en-IN,68,KV Place Guide / Hyderabad / Rock Climbing Wall,emb_place_4a0c5944,winter,2026-08-18T10:00:00+05:30
kbc_ab4a7f43,,poi_d30698db,culture,Museum of Coins — visitor notes,"Museum of Coins sits in Singapore and takes about 45 minutes to see properly. Built in stages between the fourteenth and eighteenth centuries, it repays a slow visit; the mirror work on the north courtyard is easy to miss from the main path. Entry is straightforward; queues build after eleven.",en-IN,65,KV Place Guide / Singapore / Museum of Coins,emb_place_ab4a7f43,summer,2026-08-18T10:00:00+05:30
kbc_5699e9f9,,poi_27e69b68,seasonal,Zipline Point — visitor notes,"Zipline Point sits in Manali and takes about 180 minutes to see properly. Built in stages between the fourteenth and eighteenth centuries, it repays a slow visit; the step-well geometry on the riverside steps is easy to miss from the main path. There is shade at the entrance but very little inside.",en-IN,67,KV Place Guide / Manali / Zipline Point,emb_place_5699e9f9,,2026-08-18T10:00:00+05:30
kbc_5a877183,,poi_5cc799a4,seasonal,Gangtok Stepwell — visitor notes,"Gangtok Stepwell sits in Gangtok and takes about 240 minutes to see properly. The fresco panel is the reason most people come, but the colonnade behind it is quieter and arguably better. Entry is straightforward; queues build after eleven.",en-IN,50,KV Place Guide / Gangtok / Gangtok Stepwell,emb_place_5a877183,,2026-08-18T10:00:00+05:30
kbc_8f067e5f,,poi_4fc9345d,culture,North Beach — visitor notes,North Beach sits in Abu Dhabi and takes about 240 minutes to see properly. Busiest between ten and one. Come at opening or an hour before closing and it is a different place entirely. Entry is straightforward; queues build after eleven.,en-IN,53,KV Place Guide / Abu Dhabi / North Beach,emb_place_8f067e5f,winter,2026-08-18T10:00:00+05:30
kbc_d7fdf6f2,,poi_b1aec06c,practical,Spice Market Walk — visitor notes,"Spice Market Walk sits in Visakhapatnam and takes about 180 minutes to see properly. The fresco panel is the reason most people come, but the upper gallery behind it is quieter and arguably better. There is shade at the entrance but very little inside.",en-IN,57,KV Place Guide / Visakhapatnam / Spice Market Walk,emb_place_d7fdf6f2,,2026-08-18T10:00:00+05:30
kbc_c3568ba2,,poi_d668af53,seasonal,Cycling Loop — visitor notes,"Cycling Loop sits in Alleppey and takes about 120 minutes to see properly. Locals treat it as a park as much as a monument, which is worth knowing before you arrive expecting silence. Entry is straightforward; queues build after eleven.",en-IN,52,KV Place Guide / Alleppey / Cycling Loop,emb_place_c3568ba2,,2026-08-18T10:00:00+05:30
kbc_d74de5ec,,poi_39c95ec6,history,Blue Pottery Workshop — visitor notes,"Blue Pottery Workshop sits in Udaipur and takes about 75 minutes to see properly. Small enough to see in an hour, dense enough to reward two. Signage is uneven, so a guide helps. Entry is straightforward; queues build after eleven.",en-IN,52,KV Place Guide / Udaipur / Blue Pottery Workshop,emb_place_d74de5ec,winter,2026-08-18T10:00:00+05:30
kbc_c8c24953,,poi_d607a9e8,seasonal,Yoga Shala — visitor notes,"Yoga Shala sits in Jodhpur and takes about 180 minutes to see properly. Restored in the 1990s with mixed results — the inner sanctum approach is authentic, the brass door is not. Entry is straightforward; queues build after eleven.",en-IN,50,KV Place Guide / Jodhpur / Yoga Shala,emb_place_c8c24953,winter,2026-08-18T10:00:00+05:30
kbc_eaa7d743,,poi_dc28b40b,culture,"Jazz Cellar, Guwahati — visitor notes","Jazz Cellar, Guwahati sits in Guwahati and takes about 60 minutes to see properly. Restored in the 1990s with mixed results — the north courtyard is authentic, the inscription is not. The nearest usable toilets are across the road, not on site.",en-IN,54,"KV Place Guide / Guwahati / Jazz Cellar, Guwahati",emb_place_eaa7d743,post_monsoon,2026-08-18T10:00:00+05:30
kbc_d4eee078,,poi_ddafcd82,practical,Hilltop Shrine — visitor notes,Hilltop Shrine sits in Alleppey and takes about 150 minutes to see properly. Busiest between ten and one. Come at opening or an hour before closing and it is a different place entirely. Entry is straightforward; queues build after eleven.,en-IN,52,KV Place Guide / Alleppey / Hilltop Shrine,emb_place_d4eee078,,2026-08-18T10:00:00+05:30
kbc_82f6d8fc,,poi_1b1c636a,history,Lucknow Stepwell — visitor notes,"Lucknow Stepwell sits in Lucknow and takes about 45 minutes to see properly. Locals treat it as a park as much as a monument, which is worth knowing before you arrive expecting silence. The nearest usable toilets are across the road, not on site.",en-IN,57,KV Place Guide / Lucknow / Lucknow Stepwell,emb_place_82f6d8fc,,2026-08-18T10:00:00+05:30
kbc_febb9420,,poi_fe237777,seasonal,Blue Pottery Workshop — visitor notes,"Blue Pottery Workshop sits in Darjeeling and takes about 90 minutes to see properly. The tile mosaic is the reason most people come, but the rear terrace behind it is quieter and arguably better. Entry is straightforward; queues build after eleven.",en-IN,53,KV Place Guide / Darjeeling / Blue Pottery Workshop,emb_place_febb9420,,2026-08-18T10:00:00+05:30
kbc_5e16b9a3,,poi_adcad9c8,history,Textile Museum — visitor notes,Textile Museum sits in Kolkata and takes about 120 minutes to see properly. Busiest between ten and one. Come at opening or an hour before closing and it is a different place entirely. Photography is permitted except in the inner chamber.,en-IN,53,KV Place Guide / Kolkata / Textile Museum,emb_place_5e16b9a3,winter,2026-08-18T10:00:00+05:30
kbc_38f8c24b,,poi_0d5f59c1,practical,"St Mary's Church, Puri — visitor notes","St Mary's Church, Puri sits in Puri and takes about 180 minutes to see properly. Locals treat it as a park as much as a monument, which is worth knowing before you arrive expecting silence. The nearest usable toilets are across the road, not on site.",en-IN,59,"KV Place Guide / Puri / St Mary's Church, Puri",emb_place_38f8c24b,,2026-08-18T10:00:00+05:30
kbc_94caa79a,,poi_fec61450,practical,Jain Temple Complex — visitor notes,"Jain Temple Complex sits in Shimla and takes about 180 minutes to see properly. Restored in the 1990s with mixed results — the north courtyard is authentic, the step-well geometry is not. The nearest usable toilets are across the road, not on site.",en-IN,55,KV Place Guide / Shimla / Jain Temple Complex,emb_place_94caa79a,,2026-08-18T10:00:00+05:30
kbc_dd015665,,poi_fe8a867b,culture,Jaipur Fort — visitor notes,"Jaipur Fort sits in Jaipur and takes about 240 minutes to see properly. Busiest between ten and one. Come at opening or an hour before closing and it is a different place entirely. The nearest usable toilets are across the road, not on site.",en-IN,57,KV Place Guide / Jaipur / Jaipur Fort,emb_place_dd015665,winter,2026-08-18T10:00:00+05:30
kbc_ba781049,,poi_d0aa4cac,history,Watchtower Terrace — visitor notes,"Watchtower Terrace sits in Manali and takes about 240 minutes to see properly. The brass door is the reason most people come, but the inner sanctum approach behind it is quieter and arguably better. Entry is straightforward; queues build after eleven.",en-IN,53,KV Place Guide / Manali / Watchtower Terrace,emb_place_ba781049,,2026-08-18T10:00:00+05:30
kbc_1607a880,,poi_d2d9d668,history,Crocodile Park — visitor notes,"Crocodile Park sits in Wayanad and takes about 150 minutes to see properly. Locals treat it as a park as much as a monument, which is worth knowing before you arrive expecting silence. There is shade at the entrance but very little inside.",en-IN,55,KV Place Guide / Wayanad / Crocodile Park,emb_place_1607a880,,2026-08-18T10:00:00+05:30
kbc_cf98dd9d,,poi_1b0e68c0,seasonal,Abu Dhabi Street Food Lane — visitor notes,"Abu Dhabi Street Food Lane sits in Abu Dhabi and takes about 75 minutes to see properly. The inscription is the reason most people come, but the colonnade behind it is quieter and arguably better. The nearest usable toilets are across the road, not on site.",en-IN,59,KV Place Guide / Abu Dhabi / Abu Dhabi Street Food Lane,emb_place_cf98dd9d,,2026-08-18T10:00:00+05:30
kbc_df9f2cdf,,poi_654970ad,seasonal,Hot Springs — visitor notes,"Hot Springs sits in Lucknow and takes about 150 minutes to see properly. Small enough to see in an hour, dense enough to reward two. Signage is uneven, so a guide helps. A guide is worth it here — the signage explains almost nothing.",en-IN,57,KV Place Guide / Lucknow / Hot Springs,emb_place_df9f2cdf,,2026-08-18T10:00:00+05:30
kbc_20766987,,poi_e5aee907,history,Ridge Lookout — visitor notes,"Ridge Lookout sits in Bengaluru and takes about 45 minutes to see properly. Locals treat it as a park as much as a monument, which is worth knowing before you arrive expecting silence. A guide is worth it here — the signage explains almost nothing.",en-IN,58,KV Place Guide / Bengaluru / Ridge Lookout,emb_place_20766987,,2026-08-18T10:00:00+05:30
kbc_404275f9,,poi_997aec22,practical,Darjeeling Street Food Lane — visitor notes,"Darjeeling Street Food Lane sits in Darjeeling and takes about 60 minutes to see properly. Small enough to see in an hour, dense enough to reward two. Signage is uneven, so a guide helps. The nearest usable toilets are across the road, not on site.",en-IN,58,KV Place Guide / Darjeeling / Darjeeling Street Food Lane,emb_place_404275f9,spring,2026-08-18T10:00:00+05:30
kbc_639e335a,,poi_ce379b2f,seasonal,Varanasi Viewpoint — visitor notes,"Varanasi Viewpoint sits in Varanasi and takes about 60 minutes to see properly. Built in stages between the fourteenth and eighteenth centuries, it repays a slow visit; the mirror work on the rear terrace is easy to miss from the main path. The nearest usable toilets are across the road, not on site.",en-IN,68,KV Place Guide / Varanasi / Varanasi Viewpoint,emb_place_639e335a,,2026-08-18T10:00:00+05:30
kbc_5d715e5d,,poi_78cfd33b,practical,Spice Market Walk — visitor notes,"Spice Market Walk sits in Panaji and takes about 90 minutes to see properly. The mirror work is the reason most people come, but the inner sanctum approach behind it is quieter and arguably better. Entry is straightforward; queues build after eleven.",en-IN,54,KV Place Guide / Panaji / Spice Market Walk,emb_place_5d715e5d,,2026-08-18T10:00:00+05:30
kbc_9a2a860b,,poi_eccc86ce,culture,Maritime Museum — visitor notes,"Maritime Museum sits in Shimla and takes about 180 minutes to see properly. Locals treat it as a park as much as a monument, which is worth knowing before you arrive expecting silence. There is shade at the entrance but very little inside.",en-IN,55,KV Place Guide / Shimla / Maritime Museum,emb_place_9a2a860b,,2026-08-18T10:00:00+05:30
kbc_89cd15bc,,poi_567aa575,history,Male Observatory — visitor notes,"Male Observatory sits in Male and takes about 150 minutes to see properly. Built in stages between the fourteenth and eighteenth centuries, it repays a slow visit; the tile mosaic on the colonnade is easy to miss from the main path. The nearest usable toilets are across the road, not on site.",en-IN,67,KV Place Guide / Male / Male Observatory,emb_place_89cd15bc,,2026-08-18T10:00:00+05:30
kbc_6f87a262,,poi_ebc96348,seasonal,Zipline Point — visitor notes,"Zipline Point sits in Alleppey and takes about 150 minutes to see properly. Small enough to see in an hour, dense enough to reward two. Signage is uneven, so a guide helps. There is shade at the entrance but very little inside.",en-IN,54,KV Place Guide / Alleppey / Zipline Point,emb_place_6f87a262,winter,2026-08-18T10:00:00+05:30
kbc_517766cd,,poi_2254e322,practical,Spice Market Walk — visitor notes,"Spice Market Walk sits in Doha and takes about 120 minutes to see properly. Small enough to see in an hour, dense enough to reward two. Signage is uneven, so a guide helps. Photography is permitted except in the inner chamber.",en-IN,53,KV Place Guide / Doha / Spice Market Walk,emb_place_517766cd,,2026-08-18T10:00:00+05:30
kbc_936a11c1,,poi_11e096fc,culture,Rock Garden — visitor notes,"Rock Garden sits in Pokhara and takes about 75 minutes to see properly. Restored in the 1990s with mixed results — the rear terrace is authentic, the inscription is not. Photography is permitted except in the inner chamber.",en-IN,49,KV Place Guide / Pokhara / Rock Garden,emb_place_936a11c1,,2026-08-18T10:00:00+05:30
kbc_ae1553b6,,poi_252f76b3,history,Royal Cenotaphs — visitor notes,"Royal Cenotaphs sits in Kathmandu and takes about 45 minutes to see properly. The tile mosaic is the reason most people come, but the inner sanctum approach behind it is quieter and arguably better. A guide is worth it here — the signage explains almost nothing.",en-IN,59,KV Place Guide / Kathmandu / Royal Cenotaphs,emb_place_ae1553b6,autumn,2026-08-18T10:00:00+05:30
kbc_da3390b7,,poi_4b6fd669,culture,Fishermen's Cove — visitor notes,"Fishermen's Cove sits in Varanasi and takes about 45 minutes to see properly. Busiest between ten and one. Come at opening or an hour before closing and it is a different place entirely. The nearest usable toilets are across the road, not on site.",en-IN,57,KV Place Guide / Varanasi / Fishermen's Cove,emb_place_da3390b7,,2026-08-18T10:00:00+05:30
kbc_0846fbb2,,poi_38456be9,seasonal,Kathmandu Street Food Lane — visitor notes,"Kathmandu Street Food Lane sits in Kathmandu and takes about 75 minutes to see properly. Restored in the 1990s with mixed results — the rear terrace is authentic, the mirror work is not. Photography is permitted except in the inner chamber.",en-IN,53,KV Place Guide / Kathmandu / Kathmandu Street Food Lane,emb_place_0846fbb2,,2026-08-18T10:00:00+05:30
kbc_63c19363,,poi_cbc7b76a,practical,Hot Springs — visitor notes,"Hot Springs sits in Ahmedabad and takes about 240 minutes to see properly. Restored in the 1990s with mixed results — the rear terrace is authentic, the fresco panel is not. Photography is permitted except in the inner chamber.",en-IN,50,KV Place Guide / Ahmedabad / Hot Springs,emb_place_63c19363,,2026-08-18T10:00:00+05:30
kbc_9725cf91,,poi_1b12b60f,history,Elephant Camp — visitor notes,"Elephant Camp sits in Kyoto and takes about 90 minutes to see properly. Restored in the 1990s with mixed results — the riverside steps is authentic, the mirror work is not. A guide is worth it here — the signage explains almost nothing.",en-IN,55,KV Place Guide / Kyoto / Elephant Camp,emb_place_9725cf91,spring,2026-08-18T10:00:00+05:30
kbc_485191d0,,poi_e5100a66,history,Coffee Roastery Tour — visitor notes,"Coffee Roastery Tour sits in Shimla and takes about 90 minutes to see properly. The mirror work is the reason most people come, but the north courtyard behind it is quieter and arguably better. A guide is worth it here — the signage explains almost nothing.",en-IN,59,KV Place Guide / Shimla / Coffee Roastery Tour,emb_place_485191d0,,2026-08-18T10:00:00+05:30
kbc_ac723189,,poi_8e3a62a3,history,Doha Viewpoint — visitor notes,"Doha Viewpoint sits in Doha and takes about 150 minutes to see properly. Small enough to see in an hour, dense enough to reward two. Signage is uneven, so a guide helps. Entry is straightforward; queues build after eleven.",en-IN,50,KV Place Guide / Doha / Doha Viewpoint,emb_place_ac723189,winter,2026-08-18T10:00:00+05:30
kbc_fb137b53,,poi_e5f3caea,seasonal,"Old Palace, Kandy — visitor notes","Old Palace, Kandy sits in Kandy and takes about 90 minutes to see properly. Locals treat it as a park as much as a monument, which is worth knowing before you arrive expecting silence. Photography is permitted except in the inner chamber.",en-IN,54,"KV Place Guide / Kandy / Old Palace, Kandy",emb_place_fb137b53,,2026-08-18T10:00:00+05:30
kbc_1f93a0b5,,poi_d4ce5bf9,seasonal,Ayurveda Centre — visitor notes,"Ayurveda Centre sits in Tirupati and takes about 120 minutes to see properly. Small enough to see in an hour, dense enough to reward two. Signage is uneven, so a guide helps. The nearest usable toilets are across the road, not on site.",en-IN,55,KV Place Guide / Tirupati / Ayurveda Centre,emb_place_1f93a0b5,winter,2026-08-18T10:00:00+05:30
kbc_bb0915b1,,poi_5a4b1db1,culture,Lighthouse Beach — visitor notes,"Lighthouse Beach sits in Shillong and takes about 120 minutes to see properly. The mirror work is the reason most people come, but the upper gallery behind it is quieter and arguably better. A guide is worth it here — the signage explains almost nothing.",en-IN,58,KV Place Guide / Shillong / Lighthouse Beach,emb_place_bb0915b1,,2026-08-18T10:00:00+05:30
kbc_ff5f05d3,,poi_2b00dd1d,history,Textile Museum — visitor notes,Textile Museum sits in Leh and takes about 60 minutes to see properly. Busiest between ten and one. Come at opening or an hour before closing and it is a different place entirely. A guide is worth it here — the signage explains almost nothing.,en-IN,58,KV Place Guide / Leh / Textile Museum,emb_place_ff5f05d3,summer,2026-08-18T10:00:00+05:30
kbc_a15d723d,,poi_0d199b84,history,Rooftop Live Music — visitor notes,"Rooftop Live Music sits in Kathmandu and takes about 240 minutes to see properly. The fresco panel is the reason most people come, but the upper gallery behind it is quieter and arguably better. Photography is permitted except in the inner chamber.",en-IN,54,KV Place Guide / Kathmandu / Rooftop Live Music,emb_place_a15d723d,,2026-08-18T10:00:00+05:30
kbc_d54b750e,,poi_566ecbdf,seasonal,Ridge Lookout — visitor notes,Ridge Lookout sits in Kuala Lumpur and takes about 60 minutes to see properly. Busiest between ten and one. Come at opening or an hour before closing and it is a different place entirely. Entry is straightforward; queues build after eleven.,en-IN,53,KV Place Guide / Kuala Lumpur / Ridge Lookout,emb_place_d54b750e,,2026-08-18T10:00:00+05:30
kbc_046d108f,,poi_90ae8bdc,practical,City Walls Walk — visitor notes,"City Walls Walk sits in Wayanad and takes about 180 minutes to see properly. Locals treat it as a park as much as a monument, which is worth knowing before you arrive expecting silence. A guide is worth it here — the signage explains almost nothing.",en-IN,59,KV Place Guide / Wayanad / City Walls Walk,emb_place_046d108f,post_monsoon,2026-08-18T10:00:00+05:30
kbc_0abd3c71,,poi_4f63e9d4,practical,Yoga Shala — visitor notes,"Yoga Shala sits in Jaisalmer and takes about 90 minutes to see properly. The inscription is the reason most people come, but the inner sanctum approach behind it is quieter and arguably better. A guide is worth it here — the signage explains almost nothing.",en-IN,58,KV Place Guide / Jaisalmer / Yoga Shala,emb_place_0abd3c71,,2026-08-18T10:00:00+05:30
kbc_c5724869,,poi_76c67412,practical,Water Palace — visitor notes,"Water Palace sits in Gangtok and takes about 180 minutes to see properly. Locals treat it as a park as much as a monument, which is worth knowing before you arrive expecting silence. There is shade at the entrance but very little inside.",en-IN,55,KV Place Guide / Gangtok / Water Palace,emb_place_c5724869,,2026-08-18T10:00:00+05:30
kbc_6991f12e,,poi_d87edd8a,culture,Riverside Lounge — visitor notes,"Riverside Lounge sits in Thanjavur and takes about 75 minutes to see properly. Small enough to see in an hour, dense enough to reward two. Signage is uneven, so a guide helps. There is shade at the entrance but very little inside.",en-IN,54,KV Place Guide / Thanjavur / Riverside Lounge,emb_place_6991f12e,,2026-08-18T10:00:00+05:30
kbc_9e19a92c,,poi_8743dced,practical,Jain Temple Complex — visitor notes,"Jain Temple Complex sits in Kathmandu and takes about 45 minutes to see properly. The fresco panel is the reason most people come, but the rear terrace behind it is quieter and arguably better. Photography is permitted except in the inner chamber.",en-IN,54,KV Place Guide / Kathmandu / Jain Temple Complex,emb_place_9e19a92c,autumn,2026-08-18T10:00:00+05:30
kbc_91109d51,,poi_0c725142,seasonal,Kayaking at Madurai — visitor notes,"Kayaking at Madurai sits in Madurai and takes about 75 minutes to see properly. Small enough to see in an hour, dense enough to reward two. Signage is uneven, so a guide helps. A guide is worth it here — the signage explains almost nothing.",en-IN,58,KV Place Guide / Madurai / Kayaking at Madurai,emb_place_91109d51,,2026-08-18T10:00:00+05:30
kbc_102a9c28,,poi_26b3387f,seasonal,Kayaking at Wayanad — visitor notes,"Kayaking at Wayanad sits in Wayanad and takes about 45 minutes to see properly. The carved lintel is the reason most people come, but the inner sanctum approach behind it is quieter and arguably better. A guide is worth it here — the signage explains almost nothing.",en-IN,61,KV Place Guide / Wayanad / Kayaking at Wayanad,emb_place_102a9c28,post_monsoon,2026-08-18T10:00:00+05:30
kbc_4efc3604,,poi_85d28439,practical,Great Mosque of Male — visitor notes,"Great Mosque of Male sits in Male and takes about 90 minutes to see properly. Locals treat it as a park as much as a monument, which is worth knowing before you arrive expecting silence. Entry is straightforward; queues build after eleven.",en-IN,54,KV Place Guide / Male / Great Mosque of Male,emb_place_4efc3604,,2026-08-18T10:00:00+05:30
kbc_2ecca6ba,,poi_02a01ef8,culture,Paragliding Launch — visitor notes,"Paragliding Launch sits in Aurangabad and takes about 240 minutes to see properly. Locals treat it as a park as much as a monument, which is worth knowing before you arrive expecting silence. The nearest usable toilets are across the road, not on site.",en-IN,57,KV Place Guide / Aurangabad / Paragliding Launch,emb_place_2ecca6ba,,2026-08-18T10:00:00+05:30
kbc_57b898a8,,poi_82b1e711,history,Jaisalmer Temple — visitor notes,"Jaisalmer Temple sits in Jaisalmer and takes about 120 minutes to see properly. Restored in the 1990s with mixed results — the inner sanctum approach is authentic, the step-well geometry is not. Entry is straightforward; queues build after eleven.",en-IN,50,KV Place Guide / Jaisalmer / Jaisalmer Temple,emb_place_57b898a8,,2026-08-18T10:00:00+05:30
kbc_0c664cbf,,poi_ade17493,history,Kayaking at Pune — visitor notes,"Kayaking at Pune sits in Pune and takes about 150 minutes to see properly. Locals treat it as a park as much as a monument, which is worth knowing before you arrive expecting silence. The nearest usable toilets are across the road, not on site.",en-IN,58,KV Place Guide / Pune / Kayaking at Pune,emb_place_0c664cbf,,2026-08-18T10:00:00+05:30
kbc_a62fe23a,,poi_90b70970,practical,Watchtower Terrace — visitor notes,"Watchtower Terrace sits in Bangkok and takes about 150 minutes to see properly. Small enough to see in an hour, dense enough to reward two. Signage is uneven, so a guide helps. There is shade at the entrance but very little inside.",en-IN,54,KV Place Guide / Bangkok / Watchtower Terrace,emb_place_a62fe23a,,2026-08-18T10:00:00+05:30
kbc_e3440989,,poi_65bb95f4,seasonal,Riverside Lounge — visitor notes,"Riverside Lounge sits in Bengaluru and takes about 180 minutes to see properly. Restored in the 1990s with mixed results — the colonnade is authentic, the inscription is not. Photography is permitted except in the inner chamber.",en-IN,48,KV Place Guide / Bengaluru / Riverside Lounge,emb_place_e3440989,post_monsoon,2026-08-18T10:00:00+05:30
kbc_daeb8f43,,poi_ae95e1be,seasonal,Hot Springs — visitor notes,"Hot Springs sits in Dubai and takes about 60 minutes to see properly. Restored in the 1990s with mixed results — the rear terrace is authentic, the lattice screen is not. Photography is permitted except in the inner chamber.",en-IN,50,KV Place Guide / Dubai / Hot Springs,emb_place_daeb8f43,,2026-08-18T10:00:00+05:30
kbc_071d1342,,poi_f2c367a7,culture,Cliff Walk — visitor notes,"Cliff Walk sits in Ahmedabad and takes about 45 minutes to see properly. Built in stages between the fourteenth and eighteenth centuries, it repays a slow visit; the mirror work on the north courtyard is easy to miss from the main path. A guide is worth it here — the signage explains almost nothing.",en-IN,70,KV Place Guide / Ahmedabad / Cliff Walk,emb_place_071d1342,,2026-08-18T10:00:00+05:30
kbc_c79143f6,,poi_789930fb,seasonal,Leh City Museum — visitor notes,Leh City Museum sits in Leh and takes about 180 minutes to see properly. Busiest between ten and one. Come at opening or an hour before closing and it is a different place entirely. Entry is straightforward; queues build after eleven.,en-IN,53,KV Place Guide / Leh / Leh City Museum,emb_place_c79143f6,,2026-08-18T10:00:00+05:30
kbc_aac91b43,,poi_9cf7145d,history,Night Food Bazaar — visitor notes,Night Food Bazaar sits in Bhuj and takes about 180 minutes to see properly. Busiest between ten and one. Come at opening or an hour before closing and it is a different place entirely. There is shade at the entrance but very little inside.,en-IN,57,KV Place Guide / Bhuj / Night Food Bazaar,emb_place_aac91b43,,2026-08-18T10:00:00+05:30
kbc_9668cb42,,poi_048c1097,seasonal,Rooftop Live Music — visitor notes,Rooftop Live Music sits in Bhubaneswar and takes about 60 minutes to see properly. Busiest between ten and one. Come at opening or an hour before closing and it is a different place entirely. Entry is straightforward; queues build after eleven.,en-IN,53,KV Place Guide / Bhubaneswar / Rooftop Live Music,emb_place_9668cb42,,2026-08-18T10:00:00+05:30
kbc_477a7c44,,poi_f10b95a4,culture,Butterfly Reserve — visitor notes,"Butterfly Reserve sits in Tirupati and takes about 240 minutes to see properly. Built in stages between the fourteenth and eighteenth centuries, it repays a slow visit; the tile mosaic on the colonnade is easy to miss from the main path. The nearest usable toilets are across the road, not on site.",en-IN,67,KV Place Guide / Tirupati / Butterfly Reserve,emb_place_477a7c44,,2026-08-18T10:00:00+05:30
kbc_e53666b6,,poi_3ca0d3de,culture,Maritime Museum — visitor notes,"Maritime Museum sits in Udaipur and takes about 60 minutes to see properly. Small enough to see in an hour, dense enough to reward two. Signage is uneven, so a guide helps. There is shade at the entrance but very little inside.",en-IN,54,KV Place Guide / Udaipur / Maritime Museum,emb_place_e53666b6,,2026-08-18T10:00:00+05:30
kbc_f13161fb,,poi_fac2a28d,culture,Cliff Walk — visitor notes,"Cliff Walk sits in Pondicherry and takes about 180 minutes to see properly. Small enough to see in an hour, dense enough to reward two. Signage is uneven, so a guide helps. A guide is worth it here — the signage explains almost nothing.",en-IN,57,KV Place Guide / Pondicherry / Cliff Walk,emb_place_f13161fb,,2026-08-18T10:00:00+05:30
kbc_02a9af5a,,poi_047adfc6,practical,Kayaking at Jaisalmer — visitor notes,"Kayaking at Jaisalmer sits in Jaisalmer and takes about 150 minutes to see properly. Built in stages between the fourteenth and eighteenth centuries, it repays a slow visit; the mirror work on the inner sanctum approach is easy to miss from the main path. A guide is worth it here — the signage explains almost nothing.",en-IN,72,KV Place Guide / Jaisalmer / Kayaking at Jaisalmer,emb_place_02a9af5a,winter,2026-08-18T10:00:00+05:30
kbc_c72a6b7b,,poi_3611521b,culture,Zipline Point — visitor notes,Zipline Point sits in Aurangabad and takes about 120 minutes to see properly. Busiest between ten and one. Come at opening or an hour before closing and it is a different place entirely. A guide is worth it here — the signage explains almost nothing.,en-IN,58,KV Place Guide / Aurangabad / Zipline Point,emb_place_c72a6b7b,winter,2026-08-18T10:00:00+05:30
kbc_58181d5a,,poi_80e3ffe4,culture,Antique Lane — visitor notes,"Antique Lane sits in Singapore and takes about 45 minutes to see properly. Locals treat it as a park as much as a monument, which is worth knowing before you arrive expecting silence. There is shade at the entrance but very little inside.",en-IN,55,KV Place Guide / Singapore / Antique Lane,emb_place_58181d5a,,2026-08-18T10:00:00+05:30
kbc_184a030b,,poi_691b9d78,seasonal,Kayaking at Zurich — visitor notes,"Kayaking at Zurich sits in Zurich and takes about 120 minutes to see properly. Built in stages between the fourteenth and eighteenth centuries, it repays a slow visit; the brass door on the riverside steps is easy to miss from the main path. Entry is straightforward; queues build after eleven.",en-IN,65,KV Place Guide / Zurich / Kayaking at Zurich,emb_place_184a030b,summer,2026-08-18T10:00:00+05:30
kbc_c23145c9,,poi_34992d1f,history,Handloom Cooperative — visitor notes,"Handloom Cooperative sits in Dubai and takes about 45 minutes to see properly. The carved lintel is the reason most people come, but the inner sanctum approach behind it is quieter and arguably better. Entry is straightforward; queues build after eleven.",en-IN,53,KV Place Guide / Dubai / Handloom Cooperative,emb_place_c23145c9,,2026-08-18T10:00:00+05:30
kbc_39ba9b9a,,poi_04f0ba08,culture,Rock Garden — visitor notes,"Rock Garden sits in Jodhpur and takes about 120 minutes to see properly. Locals treat it as a park as much as a monument, which is worth knowing before you arrive expecting silence. A guide is worth it here — the signage explains almost nothing.",en-IN,58,KV Place Guide / Jodhpur / Rock Garden,emb_place_39ba9b9a,,2026-08-18T10:00:00+05:30
kbc_0fe4a6d0,,poi_ac60ca43,history,Wayanad Viewpoint — visitor notes,"Wayanad Viewpoint sits in Wayanad and takes about 75 minutes to see properly. The inscription is the reason most people come, but the riverside steps behind it is quieter and arguably better. The nearest usable toilets are across the road, not on site.",en-IN,55,KV Place Guide / Wayanad / Wayanad Viewpoint,emb_place_0fe4a6d0,,2026-08-18T10:00:00+05:30
kbc_9cd713a9,,poi_baa25090,culture,Water Palace — visitor notes,"Water Palace sits in Amritsar and takes about 150 minutes to see properly. The lattice screen is the reason most people come, but the north courtyard behind it is quieter and arguably better. Photography is permitted except in the inner chamber.",en-IN,53,KV Place Guide / Amritsar / Water Palace,emb_place_9cd713a9,winter,2026-08-18T10:00:00+05:30
kbc_8d8a0a84,,poi_0e67fddb,culture,Butterfly Reserve — visitor notes,Butterfly Reserve sits in Tirupati and takes about 60 minutes to see properly. Busiest between ten and one. Come at opening or an hour before closing and it is a different place entirely. Photography is permitted except in the inner chamber.,en-IN,53,KV Place Guide / Tirupati / Butterfly Reserve,emb_place_8d8a0a84,,2026-08-18T10:00:00+05:30
kbc_1a44c0b0,,poi_080ec099,seasonal,Hilltop Shrine — visitor notes,"Hilltop Shrine sits in Manali and takes about 120 minutes to see properly. The inscription is the reason most people come, but the inner sanctum approach behind it is quieter and arguably better. Entry is straightforward; queues build after eleven.",en-IN,52,KV Place Guide / Manali / Hilltop Shrine,emb_place_1a44c0b0,summer,2026-08-18T10:00:00+05:30
kbc_7c5b8607,,poi_5ff5c84a,practical,Fishermen's Cove — visitor notes,"Fishermen's Cove sits in Guwahati and takes about 75 minutes to see properly. Built in stages between the fourteenth and eighteenth centuries, it repays a slow visit; the carved lintel on the rear terrace is easy to miss from the main path. Photography is permitted except in the inner chamber.",en-IN,65,KV Place Guide / Guwahati / Fishermen's Cove,emb_place_7c5b8607,,2026-08-18T10:00:00+05:30
kbc_9753f099,,poi_90420dc8,seasonal,Hot Springs — visitor notes,"Hot Springs sits in Thanjavur and takes about 45 minutes to see properly. Built in stages between the fourteenth and eighteenth centuries, it repays a slow visit; the tile mosaic on the north courtyard is easy to miss from the main path. Photography is permitted except in the inner chamber.",en-IN,65,KV Place Guide / Thanjavur / Hot Springs,emb_place_9753f099,,2026-08-18T10:00:00+05:30
kbc_9bf24928,,poi_29af0a10,history,Coffee Roastery Tour — visitor notes,"Coffee Roastery Tour sits in Bali and takes about 120 minutes to see properly. Restored in the 1990s with mixed results — the north courtyard is authentic, the lattice screen is not. The nearest usable toilets are across the road, not on site.",en-IN,55,KV Place Guide / Bali / Coffee Roastery Tour,emb_place_9bf24928,summer,2026-08-18T10:00:00+05:30
kbc_1be69d24,,poi_932b65dc,culture,Riverside Ghats — visitor notes,"Riverside Ghats sits in Kandy and takes about 60 minutes to see properly. Restored in the 1990s with mixed results — the upper gallery is authentic, the lattice screen is not. Photography is permitted except in the inner chamber.",en-IN,50,KV Place Guide / Kandy / Riverside Ghats,emb_place_1be69d24,winter,2026-08-18T10:00:00+05:30
kbc_40ad601f,,poi_f5507243,history,Riverside Lounge — visitor notes,"Riverside Lounge sits in Jodhpur and takes about 240 minutes to see properly. Built in stages between the fourteenth and eighteenth centuries, it repays a slow visit; the mirror work on the north courtyard is easy to miss from the main path. There is shade at the entrance but very little inside.",en-IN,67,KV Place Guide / Jodhpur / Riverside Lounge,emb_place_40ad601f,,2026-08-18T10:00:00+05:30
kbc_e509ad99,,poi_41fadb4a,practical,Visakhapatnam Stepwell — visitor notes,"Visakhapatnam Stepwell sits in Visakhapatnam and takes about 90 minutes to see properly. Restored in the 1990s with mixed results — the riverside steps is authentic, the inscription is not. There is shade at the entrance but very little inside.",en-IN,52,KV Place Guide / Visakhapatnam / Visakhapatnam Stepwell,emb_place_e509ad99,,2026-08-18T10:00:00+05:30
kbc_c029a0db,,poi_47522fff,history,Blue Pottery Workshop — visitor notes,"Blue Pottery Workshop sits in Bali and takes about 75 minutes to see properly. Locals treat it as a park as much as a monument, which is worth knowing before you arrive expecting silence. There is shade at the entrance but very little inside.",en-IN,57,KV Place Guide / Bali / Blue Pottery Workshop,emb_place_c029a0db,,2026-08-18T10:00:00+05:30
kbc_876cff96,,poi_5438f7a0,culture,Crocodile Park — visitor notes,"Crocodile Park sits in Leh and takes about 60 minutes to see properly. Locals treat it as a park as much as a monument, which is worth knowing before you arrive expecting silence. Photography is permitted except in the inner chamber.",en-IN,53,KV Place Guide / Leh / Crocodile Park,emb_place_876cff96,summer,2026-08-18T10:00:00+05:30
kbc_9e0a758d,,poi_a2683340,seasonal,Cliff Walk — visitor notes,"Cliff Walk sits in Zurich and takes about 45 minutes to see properly. The tile mosaic is the reason most people come, but the colonnade behind it is quieter and arguably better. Photography is permitted except in the inner chamber.",en-IN,52,KV Place Guide / Zurich / Cliff Walk,emb_place_9e0a758d,,2026-08-18T10:00:00+05:30
kbc_a7459b21,,poi_31a91abe,practical,Tea Estate Trail — visitor notes,"Tea Estate Trail sits in Bengaluru and takes about 120 minutes to see properly. Locals treat it as a park as much as a monument, which is worth knowing before you arrive expecting silence. Photography is permitted except in the inner chamber.",en-IN,54,KV Place Guide / Bengaluru / Tea Estate Trail,emb_place_a7459b21,,2026-08-18T10:00:00+05:30
kbc_3018d1fa,,poi_45d40c26,history,Bali City Museum — visitor notes,"Bali City Museum sits in Bali and takes about 120 minutes to see properly. The lattice screen is the reason most people come, but the colonnade behind it is quieter and arguably better. A guide is worth it here — the signage explains almost nothing.",en-IN,58,KV Place Guide / Bali / Bali City Museum,emb_place_3018d1fa,,2026-08-18T10:00:00+05:30
kbc_680e18be,,poi_9b3237a3,culture,Butterfly Reserve — visitor notes,"Butterfly Reserve sits in Male and takes about 90 minutes to see properly. Restored in the 1990s with mixed results — the colonnade is authentic, the carved lintel is not. Photography is permitted except in the inner chamber.",en-IN,49,KV Place Guide / Male / Butterfly Reserve,emb_place_680e18be,,2026-08-18T10:00:00+05:30
kbc_a21984b7,,poi_c8da2549,culture,Hot Springs — visitor notes,"Hot Springs sits in Munnar and takes about 180 minutes to see properly. Small enough to see in an hour, dense enough to reward two. Signage is uneven, so a guide helps. A guide is worth it here — the signage explains almost nothing.",en-IN,57,KV Place Guide / Munnar / Hot Springs,emb_place_a21984b7,winter,2026-08-18T10:00:00+05:30
kbc_c7b592bc,,poi_77a0ad40,practical,Yoga Shala — visitor notes,"Yoga Shala sits in Shillong and takes about 120 minutes to see properly. Restored in the 1990s with mixed results — the rear terrace is authentic, the carved lintel is not. Photography is permitted except in the inner chamber.",en-IN,50,KV Place Guide / Shillong / Yoga Shala,emb_place_c7b592bc,post_monsoon,2026-08-18T10:00:00+05:30
kbc_b7bf1721,,poi_3253659e,history,Colombo Bird Sanctuary — visitor notes,"Colombo Bird Sanctuary sits in Colombo and takes about 45 minutes to see properly. Built in stages between the fourteenth and eighteenth centuries, it repays a slow visit; the fresco panel on the colonnade is easy to miss from the main path. A guide is worth it here — the signage explains almost nothing.",en-IN,70,KV Place Guide / Colombo / Colombo Bird Sanctuary,emb_place_b7bf1721,,2026-08-18T10:00:00+05:30
kbc_a0640a33,,poi_387a71ad,culture,Kathmandu Lake — visitor notes,Kathmandu Lake sits in Kathmandu and takes about 240 minutes to see properly. Busiest between ten and one. Come at opening or an hour before closing and it is a different place entirely. There is shade at the entrance but very little inside.,en-IN,55,KV Place Guide / Kathmandu / Kathmandu Lake,emb_place_a0640a33,,2026-08-18T10:00:00+05:30
kbc_a7f97d25,,poi_91f66035,practical,Hot Springs — visitor notes,"Hot Springs sits in Bangkok and takes about 45 minutes to see properly. Built in stages between the fourteenth and eighteenth centuries, it repays a slow visit; the brass door on the riverside steps is easy to miss from the main path. Photography is permitted except in the inner chamber.",en-IN,65,KV Place Guide / Bangkok / Hot Springs,emb_place_a7f97d25,winter,2026-08-18T10:00:00+05:30
kbc_ab364be4,,poi_a94aa23b,seasonal,Quiet Bay — visitor notes,"Quiet Bay sits in Ooty and takes about 120 minutes to see properly. Restored in the 1990s with mixed results — the north courtyard is authentic, the lattice screen is not. There is shade at the entrance but very little inside.",en-IN,53,KV Place Guide / Ooty / Quiet Bay,emb_place_ab364be4,,2026-08-18T10:00:00+05:30
kbc_52c52ef4,,poi_a9b62025,culture,Aurangabad Bird Sanctuary — visitor notes,"Aurangabad Bird Sanctuary sits in Aurangabad and takes about 180 minutes to see properly. The step-well geometry is the reason most people come, but the rear terrace behind it is quieter and arguably better. A guide is worth it here — the signage explains almost nothing.",en-IN,59,KV Place Guide / Aurangabad / Aurangabad Bird Sanctuary,emb_place_52c52ef4,winter,2026-08-18T10:00:00+05:30
kbc_b2aa984f,,poi_55efa344,culture,Rishikesh Bazaar — visitor notes,"Rishikesh Bazaar sits in Rishikesh and takes about 150 minutes to see properly. Restored in the 1990s with mixed results — the rear terrace is authentic, the step-well geometry is not. A guide is worth it here — the signage explains almost nothing.",en-IN,55,KV Place Guide / Rishikesh / Rishikesh Bazaar,emb_place_b2aa984f,,2026-08-18T10:00:00+05:30
kbc_acc7bef9,,poi_0856e669,practical,Fishermen's Cove — visitor notes,Fishermen's Cove sits in Pune and takes about 120 minutes to see properly. Busiest between ten and one. Come at opening or an hour before closing and it is a different place entirely. A guide is worth it here — the signage explains almost nothing.,en-IN,58,KV Place Guide / Pune / Fishermen's Cove,emb_place_acc7bef9,,2026-08-18T10:00:00+05:30
kbc_6f68609d,,poi_dd011b96,seasonal,Spice Market Walk — visitor notes,Spice Market Walk sits in Kuala Lumpur and takes about 120 minutes to see properly. Busiest between ten and one. Come at opening or an hour before closing and it is a different place entirely. There is shade at the entrance but very little inside.,en-IN,58,KV Place Guide / Kuala Lumpur / Spice Market Walk,emb_place_6f68609d,,2026-08-18T10:00:00+05:30
kbc_5bc5c7ac,,poi_c2f1a07e,practical,Night Food Bazaar — visitor notes,"Night Food Bazaar sits in Bhubaneswar and takes about 45 minutes to see properly. The carved lintel is the reason most people come, but the colonnade behind it is quieter and arguably better. The nearest usable toilets are across the road, not on site.",en-IN,57,KV Place Guide / Bhubaneswar / Night Food Bazaar,emb_place_5bc5c7ac,winter,2026-08-18T10:00:00+05:30
kbc_ab7b3525,,poi_6f0e4bb1,history,Bengaluru Viewpoint — visitor notes,"Bengaluru Viewpoint sits in Bengaluru and takes about 60 minutes to see properly. Built in stages between the fourteenth and eighteenth centuries, it repays a slow visit; the mirror work on the north courtyard is easy to miss from the main path. There is shade at the entrance but very little inside.",en-IN,67,KV Place Guide / Bengaluru / Bengaluru Viewpoint,emb_place_ab7b3525,,2026-08-18T10:00:00+05:30
kbc_1a489050,,poi_87f14af2,seasonal,Backwater Channel — visitor notes,"Backwater Channel sits in Udaipur and takes about 45 minutes to see properly. The inscription is the reason most people come, but the inner sanctum approach behind it is quieter and arguably better. Photography is permitted except in the inner chamber.",en-IN,53,KV Place Guide / Udaipur / Backwater Channel,emb_place_1a489050,,2026-08-18T10:00:00+05:30
kbc_828c6830,,poi_9147fba7,culture,Pune Street Food Lane — visitor notes,Pune Street Food Lane sits in Pune and takes about 90 minutes to see properly. Busiest between ten and one. Come at opening or an hour before closing and it is a different place entirely. There is shade at the entrance but very little inside.,en-IN,58,KV Place Guide / Pune / Pune Street Food Lane,emb_place_828c6830,,2026-08-18T10:00:00+05:30
kbc_e893ac63,,poi_09155f8c,seasonal,Quiet Bay — visitor notes,"Quiet Bay sits in Shimla and takes about 45 minutes to see properly. The inscription is the reason most people come, but the upper gallery behind it is quieter and arguably better. There is shade at the entrance but very little inside.",en-IN,54,KV Place Guide / Shimla / Quiet Bay,emb_place_e893ac63,summer,2026-08-18T10:00:00+05:30
kbc_e6c8870e,,poi_bbd7ce43,practical,Rishikesh Bazaar — visitor notes,"Rishikesh Bazaar sits in Rishikesh and takes about 150 minutes to see properly. Restored in the 1990s with mixed results — the riverside steps is authentic, the brass door is not. Entry is straightforward; queues build after eleven.",en-IN,49,KV Place Guide / Rishikesh / Rishikesh Bazaar,emb_place_e6c8870e,,2026-08-18T10:00:00+05:30
kbc_765b6d26,,poi_39331eca,culture,Quiet Bay — visitor notes,"Quiet Bay sits in Munnar and takes about 60 minutes to see properly. Locals treat it as a park as much as a monument, which is worth knowing before you arrive expecting silence. The nearest usable toilets are across the road, not on site.",en-IN,57,KV Place Guide / Munnar / Quiet Bay,emb_place_765b6d26,,2026-08-18T10:00:00+05:30
kbc_6c6570dd,,poi_090cc669,seasonal,Butterfly Reserve — visitor notes,"Butterfly Reserve sits in Rishikesh and takes about 45 minutes to see properly. Small enough to see in an hour, dense enough to reward two. Signage is uneven, so a guide helps. There is shade at the entrance but very little inside.",en-IN,54,KV Place Guide / Rishikesh / Butterfly Reserve,emb_place_6c6570dd,,2026-08-18T10:00:00+05:30
kbc_fe8e72d4,,poi_df352f3a,history,Puppet Museum — visitor notes,"Puppet Museum sits in Kandy and takes about 75 minutes to see properly. The tile mosaic is the reason most people come, but the rear terrace behind it is quieter and arguably better. Photography is permitted except in the inner chamber.",en-IN,53,KV Place Guide / Kandy / Puppet Museum,emb_place_fe8e72d4,,2026-08-18T10:00:00+05:30
kbc_08d25c58,,poi_2a817bf0,practical,Museum of Coins — visitor notes,"Museum of Coins sits in Aurangabad and takes about 120 minutes to see properly. Restored in the 1990s with mixed results — the upper gallery is authentic, the tile mosaic is not. A guide is worth it here — the signage explains almost nothing.",en-IN,57,KV Place Guide / Aurangabad / Museum of Coins,emb_place_08d25c58,,2026-08-18T10:00:00+05:30
kbc_e1b3d444,,poi_4014708e,culture,Yoga Shala — visitor notes,"Yoga Shala sits in Lucknow and takes about 60 minutes to see properly. The lattice screen is the reason most people come, but the inner sanctum approach behind it is quieter and arguably better. Entry is straightforward; queues build after eleven.",en-IN,53,KV Place Guide / Lucknow / Yoga Shala,emb_place_e1b3d444,,2026-08-18T10:00:00+05:30
kbc_d9b39da8,,poi_6b9d7461,seasonal,Backwater Channel — visitor notes,"Backwater Channel sits in Alleppey and takes about 180 minutes to see properly. Small enough to see in an hour, dense enough to reward two. Signage is uneven, so a guide helps. A guide is worth it here — the signage explains almost nothing.",en-IN,57,KV Place Guide / Alleppey / Backwater Channel,emb_place_d9b39da8,,2026-08-18T10:00:00+05:30
kbc_48d50c8e,,poi_7b4e4d8d,practical,Jodhpur Bird Sanctuary — visitor notes,Jodhpur Bird Sanctuary sits in Jodhpur and takes about 90 minutes to see properly. Busiest between ten and one. Come at opening or an hour before closing and it is a different place entirely. There is shade at the entrance but very little inside.,en-IN,57,KV Place Guide / Jodhpur / Jodhpur Bird Sanctuary,emb_place_48d50c8e,,2026-08-18T10:00:00+05:30
kbc_fc55040e,,poi_dde08770,practical,Riverside Lounge — visitor notes,"Riverside Lounge sits in Thanjavur and takes about 180 minutes to see properly. Small enough to see in an hour, dense enough to reward two. Signage is uneven, so a guide helps. The nearest usable toilets are across the road, not on site.",en-IN,55,KV Place Guide / Thanjavur / Riverside Lounge,emb_place_fc55040e,winter,2026-08-18T10:00:00+05:30
kbc_ef7b41c1,,poi_6e8951e7,history,Textile Museum — visitor notes,"Textile Museum sits in Thanjavur and takes about 45 minutes to see properly. Restored in the 1990s with mixed results — the inner sanctum approach is authentic, the lattice screen is not. A guide is worth it here — the signage explains almost nothing.",en-IN,57,KV Place Guide / Thanjavur / Textile Museum,emb_place_ef7b41c1,winter,2026-08-18T10:00:00+05:30
kbc_200edc57,,poi_a9a7d6f1,culture,Elephant Camp — visitor notes,"Elephant Camp sits in Srinagar and takes about 150 minutes to see properly. Built in stages between the fourteenth and eighteenth centuries, it repays a slow visit; the mirror work on the riverside steps is easy to miss from the main path. The nearest usable toilets are across the road, not on site.",en-IN,68,KV Place Guide / Srinagar / Elephant Camp,emb_place_200edc57,,2026-08-18T10:00:00+05:30
kbc_e7695396,,poi_39f134c5,seasonal,Zipline Point — visitor notes,"Zipline Point sits in Pokhara and takes about 45 minutes to see properly. Locals treat it as a park as much as a monument, which is worth knowing before you arrive expecting silence. Photography is permitted except in the inner chamber.",en-IN,53,KV Place Guide / Pokhara / Zipline Point,emb_place_e7695396,,2026-08-18T10:00:00+05:30
kbc_fc0a70c2,,poi_a9d48230,history,Riverside Lounge — visitor notes,"Riverside Lounge sits in Aurangabad and takes about 90 minutes to see properly. Locals treat it as a park as much as a monument, which is worth knowing before you arrive expecting silence. A guide is worth it here — the signage explains almost nothing.",en-IN,58,KV Place Guide / Aurangabad / Riverside Lounge,emb_place_fc0a70c2,,2026-08-18T10:00:00+05:30
kbc_90d0a59e,,poi_b68d9ac4,practical,North Beach — visitor notes,"North Beach sits in Kuala Lumpur and takes about 180 minutes to see properly. Built in stages between the fourteenth and eighteenth centuries, it repays a slow visit; the fresco panel on the colonnade is easy to miss from the main path. Photography is permitted except in the inner chamber.",en-IN,65,KV Place Guide / Kuala Lumpur / North Beach,emb_place_90d0a59e,summer,2026-08-18T10:00:00+05:30
kbc_b419510b,,poi_3def22c2,culture,Kayaking at Darjeeling — visitor notes,"Kayaking at Darjeeling sits in Darjeeling and takes about 150 minutes to see properly. Locals treat it as a park as much as a monument, which is worth knowing before you arrive expecting silence. There is shade at the entrance but very little inside.",en-IN,57,KV Place Guide / Darjeeling / Kayaking at Darjeeling,emb_place_b419510b,spring,2026-08-18T10:00:00+05:30
kbc_e1d2b322,,poi_4ea03993,seasonal,Jaisalmer Bird Sanctuary — visitor notes,Jaisalmer Bird Sanctuary sits in Jaisalmer and takes about 90 minutes to see properly. Busiest between ten and one. Come at opening or an hour before closing and it is a different place entirely. There is shade at the entrance but very little inside.,en-IN,57,KV Place Guide / Jaisalmer / Jaisalmer Bird Sanctuary,emb_place_e1d2b322,,2026-08-18T10:00:00+05:30
kbc_3e81ed1b,,poi_a24ebe04,culture,Butterfly Reserve — visitor notes,"Butterfly Reserve sits in Jaisalmer and takes about 120 minutes to see properly. Small enough to see in an hour, dense enough to reward two. Signage is uneven, so a guide helps. There is shade at the entrance but very little inside.",en-IN,54,KV Place Guide / Jaisalmer / Butterfly Reserve,emb_place_3e81ed1b,,2026-08-18T10:00:00+05:30
kbc_fee2711e,,poi_07f7299f,history,Butterfly Reserve — visitor notes,"Butterfly Reserve sits in Shillong and takes about 150 minutes to see properly. Small enough to see in an hour, dense enough to reward two. Signage is uneven, so a guide helps. The nearest usable toilets are across the road, not on site.",en-IN,55,KV Place Guide / Shillong / Butterfly Reserve,emb_place_fee2711e,,2026-08-18T10:00:00+05:30
kbc_6390b0a5,,poi_6db4edc9,practical,Blue Pottery Workshop — visitor notes,"Blue Pottery Workshop sits in Mumbai and takes about 75 minutes to see properly. The step-well geometry is the reason most people come, but the inner sanctum approach behind it is quieter and arguably better. Photography is permitted except in the inner chamber.",en-IN,55,KV Place Guide / Mumbai / Blue Pottery Workshop,emb_place_6390b0a5,winter,2026-08-18T10:00:00+05:30
kbc_5bc9f2a9,,poi_0e9efeae,culture,Riverside Lounge — visitor notes,"Riverside Lounge sits in New Delhi and takes about 75 minutes to see properly. The lattice screen is the reason most people come, but the riverside steps behind it is quieter and arguably better. A guide is worth it here — the signage explains almost nothing.",en-IN,59,KV Place Guide / New Delhi / Riverside Lounge,emb_place_5bc9f2a9,,2026-08-18T10:00:00+05:30
kbc_2ad514ca,,poi_18f08d29,seasonal,Royal Cenotaphs — visitor notes,Royal Cenotaphs sits in Jaipur and takes about 120 minutes to see properly. Busiest between ten and one. Come at opening or an hour before closing and it is a different place entirely. A guide is worth it here — the signage explains almost nothing.,en-IN,58,KV Place Guide / Jaipur / Royal Cenotaphs,emb_place_2ad514ca,,2026-08-18T10:00:00+05:30
kbc_8865e6b2,,poi_448dd95a,history,Hot Air Balloon Field — visitor notes,"Hot Air Balloon Field sits in Kuala Lumpur and takes about 180 minutes to see properly. Restored in the 1990s with mixed results — the north courtyard is authentic, the mirror work is not. The nearest usable toilets are across the road, not on site.",en-IN,58,KV Place Guide / Kuala Lumpur / Hot Air Balloon Field,emb_place_8865e6b2,,2026-08-18T10:00:00+05:30
kbc_2ec58cb9,,poi_4c87ddee,practical,Antique Lane — visitor notes,"Antique Lane sits in Shimla and takes about 90 minutes to see properly. Built in stages between the fourteenth and eighteenth centuries, it repays a slow visit; the fresco panel on the colonnade is easy to miss from the main path. Entry is straightforward; queues build after eleven.",en-IN,62,KV Place Guide / Shimla / Antique Lane,emb_place_2ec58cb9,summer,2026-08-18T10:00:00+05:30
kbc_d5df4dec,,poi_f404c1ef,seasonal,Crocodile Park — visitor notes,Crocodile Park sits in Aurangabad and takes about 90 minutes to see properly. Busiest between ten and one. Come at opening or an hour before closing and it is a different place entirely. A guide is worth it here — the signage explains almost nothing.,en-IN,58,KV Place Guide / Aurangabad / Crocodile Park,emb_place_d5df4dec,,2026-08-18T10:00:00+05:30
kbc_701caeb0,,poi_d748ceaa,seasonal,Lighthouse Beach — visitor notes,"Lighthouse Beach sits in Thimphu and takes about 75 minutes to see properly. Small enough to see in an hour, dense enough to reward two. Signage is uneven, so a guide helps. There is shade at the entrance but very little inside.",en-IN,54,KV Place Guide / Thimphu / Lighthouse Beach,emb_place_701caeb0,,2026-08-18T10:00:00+05:30
kbc_0537a3a1,,poi_a71ffa2e,seasonal,Quiet Bay — visitor notes,"Quiet Bay sits in Male and takes about 180 minutes to see properly. Built in stages between the fourteenth and eighteenth centuries, it repays a slow visit; the tile mosaic on the inner sanctum approach is easy to miss from the main path. A guide is worth it here — the signage explains almost nothing.",en-IN,71,KV Place Guide / Male / Quiet Bay,emb_place_0537a3a1,winter,2026-08-18T10:00:00+05:30
kbc_77d81868,,poi_5a5793a8,history,Watchtower Terrace — visitor notes,"Watchtower Terrace sits in Shimla and takes about 120 minutes to see properly. Restored in the 1990s with mixed results — the inner sanctum approach is authentic, the mirror work is not. The nearest usable toilets are across the road, not on site.",en-IN,55,KV Place Guide / Shimla / Watchtower Terrace,emb_place_77d81868,,2026-08-18T10:00:00+05:30
kbc_e46478f7,,poi_5d60f7d3,culture,Varanasi Street Food Lane — visitor notes,"Varanasi Street Food Lane sits in Varanasi and takes about 180 minutes to see properly. Locals treat it as a park as much as a monument, which is worth knowing before you arrive expecting silence. Entry is straightforward; queues build after eleven.",en-IN,54,KV Place Guide / Varanasi / Varanasi Street Food Lane,emb_place_e46478f7,,2026-08-18T10:00:00+05:30
kbc_30d56c81,,poi_2751dae9,seasonal,Puppet Museum — visitor notes,"Puppet Museum sits in Zurich and takes about 45 minutes to see properly. Built in stages between the fourteenth and eighteenth centuries, it repays a slow visit; the mirror work on the upper gallery is easy to miss from the main path. Photography is permitted except in the inner chamber.",en-IN,65,KV Place Guide / Zurich / Puppet Museum,emb_place_30d56c81,,2026-08-18T10:00:00+05:30
kbc_14fadee8,,poi_995c7c81,practical,Singapore Street Food Lane — visitor notes,"Singapore Street Food Lane sits in Singapore and takes about 90 minutes to see properly. The tile mosaic is the reason most people come, but the colonnade behind it is quieter and arguably better. There is shade at the entrance but very little inside.",en-IN,57,KV Place Guide / Singapore / Singapore Street Food Lane,emb_place_14fadee8,,2026-08-18T10:00:00+05:30
kbc_8a725d34,,poi_df880d73,practical,Mumbai City Museum — visitor notes,"Mumbai City Museum sits in Mumbai and takes about 150 minutes to see properly. Locals treat it as a park as much as a monument, which is worth knowing before you arrive expecting silence. A guide is worth it here — the signage explains almost nothing.",en-IN,59,KV Place Guide / Mumbai / Mumbai City Museum,emb_place_8a725d34,winter,2026-08-18T10:00:00+05:30
kbc_f61cfbfa,,poi_23e1e6ef,culture,Riverside Ghats — visitor notes,"Riverside Ghats sits in Agra and takes about 60 minutes to see properly. Small enough to see in an hour, dense enough to reward two. Signage is uneven, so a guide helps. A guide is worth it here — the signage explains almost nothing.",en-IN,57,KV Place Guide / Agra / Riverside Ghats,emb_place_f61cfbfa,,2026-08-18T10:00:00+05:30
kbc_fe2b0bae,,poi_6dce5a76,seasonal,Ayurveda Centre — visitor notes,"Ayurveda Centre sits in New Delhi and takes about 240 minutes to see properly. Restored in the 1990s with mixed results — the rear terrace is authentic, the tile mosaic is not. The nearest usable toilets are across the road, not on site.",en-IN,55,KV Place Guide / New Delhi / Ayurveda Centre,emb_place_fe2b0bae,,2026-08-18T10:00:00+05:30
kbc_90da681a,,poi_bcc733aa,culture,North Beach — visitor notes,"North Beach sits in Thiruvananthapuram and takes about 240 minutes to see properly. Small enough to see in an hour, dense enough to reward two. Signage is uneven, so a guide helps. There is shade at the entrance but very little inside.",en-IN,54,KV Place Guide / Thiruvananthapuram / North Beach,emb_place_90da681a,,2026-08-18T10:00:00+05:30
kbc_3964d78f,,poi_11e2b165,seasonal,Hot Springs — visitor notes,"Hot Springs sits in Lucknow and takes about 120 minutes to see properly. Built in stages between the fourteenth and eighteenth centuries, it repays a slow visit; the carved lintel on the upper gallery is easy to miss from the main path. The nearest usable toilets are across the road, not on site.",en-IN,68,KV Place Guide / Lucknow / Hot Springs,emb_place_3964d78f,,2026-08-18T10:00:00+05:30
kbc_ae58639e,,poi_41810a53,practical,Hilltop Shrine — visitor notes,"Hilltop Shrine sits in Rishikesh and takes about 120 minutes to see properly. The carved lintel is the reason most people come, but the rear terrace behind it is quieter and arguably better. Photography is permitted except in the inner chamber.",en-IN,53,KV Place Guide / Rishikesh / Hilltop Shrine,emb_place_ae58639e,,2026-08-18T10:00:00+05:30
kbc_1b362737,,poi_c8a30b2b,culture,Riverside Ghats — visitor notes,"Riverside Ghats sits in Amritsar and takes about 90 minutes to see properly. Small enough to see in an hour, dense enough to reward two. Signage is uneven, so a guide helps. Entry is straightforward; queues build after eleven.",en-IN,50,KV Place Guide / Amritsar / Riverside Ghats,emb_place_1b362737,,2026-08-18T10:00:00+05:30
kbc_9e178965,,poi_1e9ed7f1,seasonal,Elephant Camp — visitor notes,"Elephant Camp sits in Wayanad and takes about 45 minutes to see properly. Restored in the 1990s with mixed results — the north courtyard is authentic, the lattice screen is not. There is shade at the entrance but very little inside.",en-IN,53,KV Place Guide / Wayanad / Elephant Camp,emb_place_9e178965,,2026-08-18T10:00:00+05:30
kbc_48073c8e,,poi_83533555,history,Dubai Observatory — visitor notes,"Dubai Observatory sits in Dubai and takes about 120 minutes to see properly. Locals treat it as a park as much as a monument, which is worth knowing before you arrive expecting silence. The nearest usable toilets are across the road, not on site.",en-IN,57,KV Place Guide / Dubai / Dubai Observatory,emb_place_48073c8e,,2026-08-18T10:00:00+05:30
kbc_1c1df682,,poi_475d7338,practical,Maritime Museum — visitor notes,"Maritime Museum sits in Rishikesh and takes about 120 minutes to see properly. Busiest between ten and one. Come at opening or an hour before closing and it is a different place entirely. The nearest usable toilets are across the road, not on site.",en-IN,57,KV Place Guide / Rishikesh / Maritime Museum,emb_place_1c1df682,,2026-08-18T10:00:00+05:30
kbc_cbec0746,,poi_9f8da737,seasonal,Hot Springs — visitor notes,"Hot Springs sits in Pondicherry and takes about 120 minutes to see properly. Built in stages between the fourteenth and eighteenth centuries, it repays a slow visit; the inscription on the north courtyard is easy to miss from the main path. Entry is straightforward; queues build after eleven.",en-IN,62,KV Place Guide / Pondicherry / Hot Springs,emb_place_cbec0746,,2026-08-18T10:00:00+05:30
kbc_46aaafdb,,poi_e607799f,seasonal,Ridge Lookout — visitor notes,"Ridge Lookout sits in Colombo and takes about 60 minutes to see properly. Restored in the 1990s with mixed results — the inner sanctum approach is authentic, the inscription is not. The nearest usable toilets are across the road, not on site.",en-IN,54,KV Place Guide / Colombo / Ridge Lookout,emb_place_46aaafdb,,2026-08-18T10:00:00+05:30
kbc_0333a965,,poi_fcf3ec8d,history,Ayurveda Centre — visitor notes,"Ayurveda Centre sits in Male and takes about 240 minutes to see properly. Restored in the 1990s with mixed results — the riverside steps is authentic, the step-well geometry is not. There is shade at the entrance but very little inside.",en-IN,53,KV Place Guide / Male / Ayurveda Centre,emb_place_0333a965,winter,2026-08-18T10:00:00+05:30
kbc_cd48dcd3,,poi_70fc506d,seasonal,Rock Climbing Wall — visitor notes,Rock Climbing Wall sits in Srinagar and takes about 90 minutes to see properly. Busiest between ten and one. Come at opening or an hour before closing and it is a different place entirely. There is shade at the entrance but very little inside.,en-IN,57,KV Place Guide / Srinagar / Rock Climbing Wall,emb_place_cd48dcd3,,2026-08-18T10:00:00+05:30
kbc_0cb54f7c,,poi_72885c51,practical,Butterfly Reserve — visitor notes,"Butterfly Reserve sits in Srinagar and takes about 45 minutes to see properly. The fresco panel is the reason most people come, but the upper gallery behind it is quieter and arguably better. Entry is straightforward; queues build after eleven.",en-IN,52,KV Place Guide / Srinagar / Butterfly Reserve,emb_place_0cb54f7c,summer,2026-08-18T10:00:00+05:30
kbc_1cbc7289,,poi_41d6dac1,culture,"Jazz Cellar, Bengaluru — visitor notes","Jazz Cellar, Bengaluru sits in Bengaluru and takes about 90 minutes to see properly. Restored in the 1990s with mixed results — the upper gallery is authentic, the carved lintel is not. Photography is permitted except in the inner chamber.",en-IN,52,"KV Place Guide / Bengaluru / Jazz Cellar, Bengaluru",emb_place_1cbc7289,,2026-08-18T10:00:00+05:30
kbc_1d72c441,,poi_44db3209,seasonal,Mysuru Observatory — visitor notes,Mysuru Observatory sits in Mysuru and takes about 75 minutes to see properly. Busiest between ten and one. Come at opening or an hour before closing and it is a different place entirely. Entry is straightforward; queues build after eleven.,en-IN,52,KV Place Guide / Mysuru / Mysuru Observatory,emb_place_1d72c441,,2026-08-18T10:00:00+05:30
kbc_592d9386,,poi_bd5ad4bb,culture,Backwater Channel — visitor notes,"Backwater Channel sits in Hyderabad and takes about 90 minutes to see properly. Restored in the 1990s with mixed results — the upper gallery is authentic, the brass door is not. Entry is straightforward; queues build after eleven.",en-IN,49,KV Place Guide / Hyderabad / Backwater Channel,emb_place_592d9386,,2026-08-18T10:00:00+05:30
kbc_73522f39,,poi_98ccdcef,history,Kayaking at Gokarna — visitor notes,"Kayaking at Gokarna sits in Gokarna and takes about 150 minutes to see properly. Restored in the 1990s with mixed results — the north courtyard is authentic, the carved lintel is not. Entry is straightforward; queues build after eleven.",en-IN,50,KV Place Guide / Gokarna / Kayaking at Gokarna,emb_place_73522f39,,2026-08-18T10:00:00+05:30
kbc_8998cb52,,poi_959f437e,culture,City Walls Walk — visitor notes,"City Walls Walk sits in Gangtok and takes about 60 minutes to see properly. Restored in the 1990s with mixed results — the riverside steps is authentic, the step-well geometry is not. Entry is straightforward; queues build after eleven.",en-IN,50,KV Place Guide / Gangtok / City Walls Walk,emb_place_8998cb52,,2026-08-18T10:00:00+05:30
kbc_1e00e3f6,,poi_96add6ac,seasonal,Fishermen's Cove — visitor notes,"Fishermen's Cove sits in Rishikesh and takes about 180 minutes to see properly. Small enough to see in an hour, dense enough to reward two. Signage is uneven, so a guide helps. There is shade at the entrance but very little inside.",en-IN,54,KV Place Guide / Rishikesh / Fishermen's Cove,emb_place_1e00e3f6,,2026-08-18T10:00:00+05:30
kbc_bd076061,,poi_c5ec38ec,culture,"Gallery of Modern Art, Bangkok — visitor notes","Gallery of Modern Art, Bangkok sits in Bangkok and takes about 75 minutes to see properly. Restored in the 1990s with mixed results — the upper gallery is authentic, the step-well geometry is not. The nearest usable toilets are across the road, not on site.",en-IN,58,"KV Place Guide / Bangkok / Gallery of Modern Art, Bangkok",emb_place_bd076061,winter,2026-08-18T10:00:00+05:30
kbc_832412d7,,poi_79477167,history,Riverside Ghats — visitor notes,"Riverside Ghats sits in Aurangabad and takes about 240 minutes to see properly. The tile mosaic is the reason most people come, but the rear terrace behind it is quieter and arguably better. A guide is worth it here — the signage explains almost nothing.",en-IN,58,KV Place Guide / Aurangabad / Riverside Ghats,emb_place_832412d7,winter,2026-08-18T10:00:00+05:30
kbc_fcdffbda,,poi_6949e353,practical,Great Mosque of Udaipur — visitor notes,"Great Mosque of Udaipur sits in Udaipur and takes about 240 minutes to see properly. Busiest between ten and one. Come at opening or an hour before closing and it is a different place entirely. The nearest usable toilets are across the road, not on site.",en-IN,59,KV Place Guide / Udaipur / Great Mosque of Udaipur,emb_place_fcdffbda,,2026-08-18T10:00:00+05:30
kbc_7202a3a9,,poi_2b595469,seasonal,Maritime Museum — visitor notes,Maritime Museum sits in Ooty and takes about 45 minutes to see properly. Busiest between ten and one. Come at opening or an hour before closing and it is a different place entirely. Photography is permitted except in the inner chamber.,en-IN,53,KV Place Guide / Ooty / Maritime Museum,emb_place_7202a3a9,,2026-08-18T10:00:00+05:30
kbc_388c49f8,,poi_7f6561ec,seasonal,Jaipur Bazaar — visitor notes,"Jaipur Bazaar sits in Jaipur and takes about 75 minutes to see properly. Built in stages between the fourteenth and eighteenth centuries, it repays a slow visit; the tile mosaic on the north courtyard is easy to miss from the main path. The nearest usable toilets are across the road, not on site.",en-IN,68,KV Place Guide / Jaipur / Jaipur Bazaar,emb_place_388c49f8,,2026-08-18T10:00:00+05:30
kbc_3fe107b9,,poi_73a4c36d,seasonal,Yoga Shala — visitor notes,"Yoga Shala sits in Gokarna and takes about 240 minutes to see properly. The inscription is the reason most people come, but the rear terrace behind it is quieter and arguably better. A guide is worth it here — the signage explains almost nothing.",en-IN,57,KV Place Guide / Gokarna / Yoga Shala,emb_place_3fe107b9,,2026-08-18T10:00:00+05:30
kbc_1d07ddd9,,poi_56fd62aa,seasonal,Aurangabad Lake — visitor notes,"Aurangabad Lake sits in Aurangabad and takes about 90 minutes to see properly. Locals treat it as a park as much as a monument, which is worth knowing before you arrive expecting silence. A guide is worth it here — the signage explains almost nothing.",en-IN,58,KV Place Guide / Aurangabad / Aurangabad Lake,emb_place_1d07ddd9,,2026-08-18T10:00:00+05:30
kbc_d44019dc,,poi_584276b6,culture,Nainital Temple — visitor notes,"Nainital Temple sits in Nainital and takes about 45 minutes to see properly. Small enough to see in an hour, dense enough to reward two. Signage is uneven, so a guide helps. A guide is worth it here — the signage explains almost nothing.",en-IN,57,KV Place Guide / Nainital / Nainital Temple,emb_place_d44019dc,,2026-08-18T10:00:00+05:30
kbc_1774177f,,poi_690e8c3f,history,"Gallery of Modern Art, Udaipur — visitor notes","Gallery of Modern Art, Udaipur sits in Udaipur and takes about 180 minutes to see properly. Built in stages between the fourteenth and eighteenth centuries, it repays a slow visit; the tile mosaic on the north courtyard is easy to miss from the main path. There is shade at the entrance but very little inside.",en-IN,71,"KV Place Guide / Udaipur / Gallery of Modern Art, Udaipur",emb_place_1774177f,,2026-08-18T10:00:00+05:30
kbc_7a3029d2,,poi_c3cf2431,culture,Royal Cenotaphs — visitor notes,"Royal Cenotaphs sits in Bangkok and takes about 90 minutes to see properly. Locals treat it as a park as much as a monument, which is worth knowing before you arrive expecting silence. Entry is straightforward; queues build after eleven.",en-IN,52,KV Place Guide / Bangkok / Royal Cenotaphs,emb_place_7a3029d2,winter,2026-08-18T10:00:00+05:30
kbc_2821f2c2,,poi_4dd2861e,practical,Elephant Camp — visitor notes,"Elephant Camp sits in Leh and takes about 120 minutes to see properly. Small enough to see in an hour, dense enough to reward two. Signage is uneven, so a guide helps. Photography is permitted except in the inner chamber.",en-IN,52,KV Place Guide / Leh / Elephant Camp,emb_place_2821f2c2,,2026-08-18T10:00:00+05:30
kbc_f76ea00c,,poi_1cdce06b,culture,Shimla Viewpoint — visitor notes,"Shimla Viewpoint sits in Shimla and takes about 60 minutes to see properly. The fresco panel is the reason most people come, but the riverside steps behind it is quieter and arguably better. Photography is permitted except in the inner chamber.",en-IN,53,KV Place Guide / Shimla / Shimla Viewpoint,emb_place_f76ea00c,,2026-08-18T10:00:00+05:30
kbc_799f7165,,poi_5e69bc20,seasonal,Handloom Cooperative — visitor notes,Handloom Cooperative sits in Nainital and takes about 90 minutes to see properly. Busiest between ten and one. Come at opening or an hour before closing and it is a different place entirely. There is shade at the entrance but very little inside.,en-IN,55,KV Place Guide / Nainital / Handloom Cooperative,emb_place_799f7165,summer,2026-08-18T10:00:00+05:30
kbc_c43fbbed,,poi_d537f687,history,Lighthouse Beach — visitor notes,"Lighthouse Beach sits in Agra and takes about 150 minutes to see properly. Built in stages between the fourteenth and eighteenth centuries, it repays a slow visit; the step-well geometry on the riverside steps is easy to miss from the main path. A guide is worth it here — the signage explains almost nothing.",en-IN,70,KV Place Guide / Agra / Lighthouse Beach,emb_place_c43fbbed,winter,2026-08-18T10:00:00+05:30
kbc_18ea9b22,,poi_3657db09,practical,Lucknow Stepwell — visitor notes,Lucknow Stepwell sits in Lucknow and takes about 180 minutes to see properly. Busiest between ten and one. Come at opening or an hour before closing and it is a different place entirely. There is shade at the entrance but very little inside.,en-IN,55,KV Place Guide / Lucknow / Lucknow Stepwell,emb_place_18ea9b22,,2026-08-18T10:00:00+05:30
kbc_65fbc43b,,poi_1e04227a,culture,"Jazz Cellar, Aurangabad — visitor notes","Jazz Cellar, Aurangabad sits in Aurangabad and takes about 90 minutes to see properly. The inscription is the reason most people come, but the upper gallery behind it is quieter and arguably better. Entry is straightforward; queues build after eleven.",en-IN,52,"KV Place Guide / Aurangabad / Jazz Cellar, Aurangabad",emb_place_65fbc43b,winter,2026-08-18T10:00:00+05:30
kbc_ddf61b6a,,poi_a00d6c5b,seasonal,Elephant Camp — visitor notes,"Elephant Camp sits in Bhuj and takes about 45 minutes to see properly. Restored in the 1990s with mixed results — the rear terrace is authentic, the lattice screen is not. Photography is permitted except in the inner chamber.",en-IN,50,KV Place Guide / Bhuj / Elephant Camp,emb_place_ddf61b6a,,2026-08-18T10:00:00+05:30
kbc_ec4cdf42,,poi_a34a401d,seasonal,Sunset Point — visitor notes,"Sunset Point sits in Alleppey and takes about 150 minutes to see properly. Small enough to see in an hour, dense enough to reward two. Signage is uneven, so a guide helps. Entry is straightforward; queues build after eleven.",en-IN,50,KV Place Guide / Alleppey / Sunset Point,emb_place_ec4cdf42,winter,2026-08-18T10:00:00+05:30
kbc_5da86a23,,poi_4eae57a0,culture,Handloom Cooperative — visitor notes,"Handloom Cooperative sits in Madurai and takes about 75 minutes to see properly. Small enough to see in an hour, dense enough to reward two. Signage is uneven, so a guide helps. Entry is straightforward; queues build after eleven.",en-IN,50,KV Place Guide / Madurai / Handloom Cooperative,emb_place_5da86a23,winter,2026-08-18T10:00:00+05:30
kbc_a57230d2,,poi_58124e0f,seasonal,Textile Museum — visitor notes,"Textile Museum sits in Jaipur and takes about 240 minutes to see properly. The mirror work is the reason most people come, but the north courtyard behind it is quieter and arguably better. A guide is worth it here — the signage explains almost nothing.",en-IN,58,KV Place Guide / Jaipur / Textile Museum,emb_place_a57230d2,winter,2026-08-18T10:00:00+05:30
kbc_9682bbe1,,poi_6779b6e6,practical,Coffee Roastery Tour — visitor notes,"Coffee Roastery Tour sits in Agra and takes about 60 minutes to see properly. Restored in the 1990s with mixed results — the north courtyard is authentic, the carved lintel is not. Photography is permitted except in the inner chamber.",en-IN,52,KV Place Guide / Agra / Coffee Roastery Tour,emb_place_9682bbe1,winter,2026-08-18T10:00:00+05:30
kbc_1e6e962d,,poi_09409c63,seasonal,City Walls Walk — visitor notes,"City Walls Walk sits in Dubai and takes about 75 minutes to see properly. Locals treat it as a park as much as a monument, which is worth knowing before you arrive expecting silence. There is shade at the entrance but very little inside.",en-IN,57,KV Place Guide / Dubai / City Walls Walk,emb_place_1e6e962d,,2026-08-18T10:00:00+05:30
kbc_f36d32a8,,poi_b678840e,seasonal,Night Food Bazaar — visitor notes,"Night Food Bazaar sits in New Delhi and takes about 45 minutes to see properly. Small enough to see in an hour, dense enough to reward two. Signage is uneven, so a guide helps. A guide is worth it here — the signage explains almost nothing.",en-IN,59,KV Place Guide / New Delhi / Night Food Bazaar,emb_place_f36d32a8,,2026-08-18T10:00:00+05:30
kbc_ba019631,,poi_cc30bc8d,culture,Quiet Bay — visitor notes,"Quiet Bay sits in Agra and takes about 150 minutes to see properly. Restored in the 1990s with mixed results — the upper gallery is authentic, the carved lintel is not. Photography is permitted except in the inner chamber.",en-IN,50,KV Place Guide / Agra / Quiet Bay,emb_place_ba019631,,2026-08-18T10:00:00+05:30
kbc_400e0a15,,poi_cc47d60b,history,Handloom Cooperative — visitor notes,Handloom Cooperative sits in Madurai and takes about 180 minutes to see properly. Busiest between ten and one. Come at opening or an hour before closing and it is a different place entirely. A guide is worth it here — the signage explains almost nothing.,en-IN,58,KV Place Guide / Madurai / Handloom Cooperative,emb_place_400e0a15,,2026-08-18T10:00:00+05:30
kbc_a68b4979,,poi_1351648f,history,Maritime Museum — visitor notes,"Maritime Museum sits in Zurich and takes about 75 minutes to see properly. The step-well geometry is the reason most people come, but the inner sanctum approach behind it is quieter and arguably better. The nearest usable toilets are across the road, not on site.",en-IN,58,KV Place Guide / Zurich / Maritime Museum,emb_place_a68b4979,,2026-08-18T10:00:00+05:30
kbc_a4c7a84f,,poi_2da4d492,culture,Gokarna Lake — visitor notes,"Gokarna Lake sits in Gokarna and takes about 90 minutes to see properly. Restored in the 1990s with mixed results — the upper gallery is authentic, the step-well geometry is not. Photography is permitted except in the inner chamber.",en-IN,50,KV Place Guide / Gokarna / Gokarna Lake,emb_place_a4c7a84f,,2026-08-18T10:00:00+05:30
kbc_3124ccb8,,poi_9c194b8c,history,Bhuj Fort — visitor notes,"Bhuj Fort sits in Bhuj and takes about 45 minutes to see properly. Restored in the 1990s with mixed results — the north courtyard is authentic, the tile mosaic is not. The nearest usable toilets are across the road, not on site.",en-IN,54,KV Place Guide / Bhuj / Bhuj Fort,emb_place_3124ccb8,,2026-08-18T10:00:00+05:30
kbc_71699013,,poi_4a4c1328,history,Yoga Shala — visitor notes,"Yoga Shala sits in Amritsar and takes about 75 minutes to see properly. Locals treat it as a park as much as a monument, which is worth knowing before you arrive expecting silence. The nearest usable toilets are across the road, not on site.",en-IN,57,KV Place Guide / Amritsar / Yoga Shala,emb_place_71699013,,2026-08-18T10:00:00+05:30
kbc_ddf6e310,,poi_854510d3,culture,Rock Garden — visitor notes,"Rock Garden sits in New Delhi and takes about 240 minutes to see properly. Built in stages between the fourteenth and eighteenth centuries, it repays a slow visit; the fresco panel on the rear terrace is easy to miss from the main path. Entry is straightforward; queues build after eleven.",en-IN,65,KV Place Guide / New Delhi / Rock Garden,emb_place_ddf6e310,winter,2026-08-18T10:00:00+05:30
kbc_035ece3d,,poi_9668f820,practical,"Jazz Cellar, Mumbai — visitor notes","Jazz Cellar, Mumbai sits in Mumbai and takes about 60 minutes to see properly. Small enough to see in an hour, dense enough to reward two. Signage is uneven, so a guide helps. The nearest usable toilets are across the road, not on site.",en-IN,57,"KV Place Guide / Mumbai / Jazz Cellar, Mumbai",emb_place_035ece3d,winter,2026-08-18T10:00:00+05:30
kbc_241f3a73,,poi_73ee7f50,practical,"St Mary's Church, Kochi — visitor notes","St Mary's Church, Kochi sits in Kochi and takes about 180 minutes to see properly. Locals treat it as a park as much as a monument, which is worth knowing before you arrive expecting silence. There is shade at the entrance but very little inside.",en-IN,58,"KV Place Guide / Kochi / St Mary's Church, Kochi",emb_place_241f3a73,winter,2026-08-18T10:00:00+05:30
kbc_08a0ee48,,poi_9a8440a8,seasonal,Shillong Bazaar — visitor notes,"Shillong Bazaar sits in Shillong and takes about 45 minutes to see properly. Busiest between ten and one. Come at opening or an hour before closing and it is a different place entirely. The nearest usable toilets are across the road, not on site.",en-IN,57,KV Place Guide / Shillong / Shillong Bazaar,emb_place_08a0ee48,post_monsoon,2026-08-18T10:00:00+05:30
kbc_02d73067,,poi_e78bfaee,history,Fishermen's Cove — visitor notes,"Fishermen's Cove sits in Rishikesh and takes about 150 minutes to see properly. Restored in the 1990s with mixed results — the inner sanctum approach is authentic, the brass door is not. Entry is straightforward; queues build after eleven.",en-IN,50,KV Place Guide / Rishikesh / Fishermen's Cove,emb_place_02d73067,,2026-08-18T10:00:00+05:30
kbc_82da65c9,,poi_f9f12b4d,practical,Yoga Shala — visitor notes,"Yoga Shala sits in Rishikesh and takes about 240 minutes to see properly. Small enough to see in an hour, dense enough to reward two. Signage is uneven, so a guide helps. A guide is worth it here — the signage explains almost nothing.",en-IN,57,KV Place Guide / Rishikesh / Yoga Shala,emb_place_82da65c9,spring,2026-08-18T10:00:00+05:30
kbc_b3d18bea,,poi_48aa21f1,culture,Male Observatory — visitor notes,"Male Observatory sits in Male and takes about 45 minutes to see properly. Restored in the 1990s with mixed results — the rear terrace is authentic, the tile mosaic is not. Photography is permitted except in the inner chamber.",en-IN,50,KV Place Guide / Male / Male Observatory,emb_place_b3d18bea,winter,2026-08-18T10:00:00+05:30
kbc_a56ab17c,,poi_91b95b2c,seasonal,Zipline Point — visitor notes,"Zipline Point sits in Zurich and takes about 45 minutes to see properly. The lattice screen is the reason most people come, but the riverside steps behind it is quieter and arguably better. Photography is permitted except in the inner chamber.",en-IN,53,KV Place Guide / Zurich / Zipline Point,emb_place_a56ab17c,summer,2026-08-18T10:00:00+05:30
kbc_1b6c80b9,,poi_7d81053b,culture,Maritime Museum — visitor notes,"Maritime Museum sits in Udaipur and takes about 75 minutes to see properly. Built in stages between the fourteenth and eighteenth centuries, it repays a slow visit; the inscription on the rear terrace is easy to miss from the main path. There is shade at the entrance but very little inside.",en-IN,66,KV Place Guide / Udaipur / Maritime Museum,emb_place_1b6c80b9,winter,2026-08-18T10:00:00+05:30
kbc_f888260f,,poi_aaf09068,history,Rooftop Live Music — visitor notes,"Rooftop Live Music sits in Hampi and takes about 75 minutes to see properly. Locals treat it as a park as much as a monument, which is worth knowing before you arrive expecting silence. The nearest usable toilets are across the road, not on site.",en-IN,58,KV Place Guide / Hampi / Rooftop Live Music,emb_place_f888260f,winter,2026-08-18T10:00:00+05:30
kbc_ec8c7e7f,,poi_6e34d5eb,history,Chhatri Complex — visitor notes,"Chhatri Complex sits in Jaisalmer and takes about 150 minutes to see properly. Restored in the 1990s with mixed results — the riverside steps is authentic, the mirror work is not. The nearest usable toilets are across the road, not on site.",en-IN,54,KV Place Guide / Jaisalmer / Chhatri Complex,emb_place_ec8c7e7f,,2026-08-18T10:00:00+05:30
kbc_0dd080cc,,poi_0893c875,practical,Maritime Museum — visitor notes,"Maritime Museum sits in Tirupati and takes about 75 minutes to see properly. Small enough to see in an hour, dense enough to reward two. Signage is uneven, so a guide helps. A guide is worth it here — the signage explains almost nothing.",en-IN,57,KV Place Guide / Tirupati / Maritime Museum,emb_place_0dd080cc,,2026-08-18T10:00:00+05:30
kbc_b21376f8,,poi_5d8f9902,practical,Fishermen's Cove — visitor notes,"Fishermen's Cove sits in Kochi and takes about 60 minutes to see properly. Restored in the 1990s with mixed results — the riverside steps is authentic, the fresco panel is not. There is shade at the entrance but very little inside.",en-IN,53,KV Place Guide / Kochi / Fishermen's Cove,emb_place_b21376f8,,2026-08-18T10:00:00+05:30
kbc_8e800950,,poi_adab11df,practical,Bali Stepwell — visitor notes,Bali Stepwell sits in Bali and takes about 120 minutes to see properly. Busiest between ten and one. Come at opening or an hour before closing and it is a different place entirely. Entry is straightforward; queues build after eleven.,en-IN,52,KV Place Guide / Bali / Bali Stepwell,emb_place_8e800950,,2026-08-18T10:00:00+05:30
kbc_a3a41010,,poi_57267cd9,practical,Hilltop Shrine — visitor notes,"Hilltop Shrine sits in Ahmedabad and takes about 60 minutes to see properly. Built in stages between the fourteenth and eighteenth centuries, it repays a slow visit; the step-well geometry on the upper gallery is easy to miss from the main path. A guide is worth it here — the signage explains almost nothing.",en-IN,70,KV Place Guide / Ahmedabad / Hilltop Shrine,emb_place_a3a41010,,2026-08-18T10:00:00+05:30
kbc_c7aae538,,poi_64524fe6,practical,Coffee Roastery Tour — visitor notes,"Coffee Roastery Tour sits in Bhubaneswar and takes about 75 minutes to see properly. Busiest between ten and one. Come at opening or an hour before closing and it is a different place entirely. The nearest usable toilets are across the road, not on site.",en-IN,58,KV Place Guide / Bhubaneswar / Coffee Roastery Tour,emb_place_c7aae538,,2026-08-18T10:00:00+05:30
kbc_f3ca632c,,poi_02b5baa6,seasonal,Puppet Museum — visitor notes,"Puppet Museum sits in Bhubaneswar and takes about 90 minutes to see properly. Locals treat it as a park as much as a monument, which is worth knowing before you arrive expecting silence. Entry is straightforward; queues build after eleven.",en-IN,52,KV Place Guide / Bhubaneswar / Puppet Museum,emb_place_f3ca632c,winter,2026-08-18T10:00:00+05:30
kbc_bba2f620,,poi_055ec68f,practical,Rooftop Live Music — visitor notes,"Rooftop Live Music sits in Singapore and takes about 240 minutes to see properly. The inscription is the reason most people come, but the colonnade behind it is quieter and arguably better. There is shade at the entrance but very little inside.",en-IN,54,KV Place Guide / Singapore / Rooftop Live Music,emb_place_bba2f620,summer,2026-08-18T10:00:00+05:30
kbc_b730ef69,,poi_048bc3b8,culture,Great Mosque of Bhuj — visitor notes,"Great Mosque of Bhuj sits in Bhuj and takes about 75 minutes to see properly. Locals treat it as a park as much as a monument, which is worth knowing before you arrive expecting silence. There is shade at the entrance but very little inside.",en-IN,58,KV Place Guide / Bhuj / Great Mosque of Bhuj,emb_place_b730ef69,,2026-08-18T10:00:00+05:30
kbc_55a7e321,,poi_9f5cc706,history,Thimphu City Museum — visitor notes,"Thimphu City Museum sits in Thimphu and takes about 45 minutes to see properly. Restored in the 1990s with mixed results — the north courtyard is authentic, the step-well geometry is not. The nearest usable toilets are across the road, not on site.",en-IN,55,KV Place Guide / Thimphu / Thimphu City Museum,emb_place_55a7e321,spring,2026-08-18T10:00:00+05:30
kbc_522a06a7,,poi_16fd3ba6,seasonal,Riverside Lounge — visitor notes,"Riverside Lounge sits in Ahmedabad and takes about 240 minutes to see properly. Restored in the 1990s with mixed results — the upper gallery is authentic, the inscription is not. Entry is straightforward; queues build after eleven.",en-IN,48,KV Place Guide / Ahmedabad / Riverside Lounge,emb_place_522a06a7,,2026-08-18T10:00:00+05:30
kbc_78279627,,poi_3d47122c,culture,Srinagar Observatory — visitor notes,"Srinagar Observatory sits in Srinagar and takes about 60 minutes to see properly. Small enough to see in an hour, dense enough to reward two. Signage is uneven, so a guide helps. There is shade at the entrance but very little inside.",en-IN,54,KV Place Guide / Srinagar / Srinagar Observatory,emb_place_78279627,summer,2026-08-18T10:00:00+05:30
kbc_65e7c9f5,,poi_e9a50799,history,City Walls Walk — visitor notes,"City Walls Walk sits in Visakhapatnam and takes about 120 minutes to see properly. Built in stages between the fourteenth and eighteenth centuries, it repays a slow visit; the tile mosaic on the upper gallery is easy to miss from the main path. There is shade at the entrance but very little inside.",en-IN,68,KV Place Guide / Visakhapatnam / City Walls Walk,emb_place_65e7c9f5,,2026-08-18T10:00:00+05:30
kbc_b6dace04,,poi_74153e8b,practical,Butterfly Reserve — visitor notes,"Butterfly Reserve sits in Colombo and takes about 60 minutes to see properly. Locals treat it as a park as much as a monument, which is worth knowing before you arrive expecting silence. There is shade at the entrance but very little inside.",en-IN,55,KV Place Guide / Colombo / Butterfly Reserve,emb_place_b6dace04,,2026-08-18T10:00:00+05:30
kbc_7eacd643,,poi_29d547a4,practical,Backwater Channel — visitor notes,"Backwater Channel sits in Pokhara and takes about 240 minutes to see properly. The inscription is the reason most people come, but the upper gallery behind it is quieter and arguably better. Entry is straightforward; queues build after eleven.",en-IN,50,KV Place Guide / Pokhara / Backwater Channel,emb_place_7eacd643,,2026-08-18T10:00:00+05:30
kbc_ae5ef94e,,poi_d68e7f7a,seasonal,Quiet Bay — visitor notes,"Quiet Bay sits in Pondicherry and takes about 180 minutes to see properly. Locals treat it as a park as much as a monument, which is worth knowing before you arrive expecting silence. Entry is straightforward; queues build after eleven.",en-IN,52,KV Place Guide / Pondicherry / Quiet Bay,emb_place_ae5ef94e,,2026-08-18T10:00:00+05:30
kbc_529bf6db,,poi_16a57a9d,culture,Blue Pottery Workshop — visitor notes,"Blue Pottery Workshop sits in Amritsar and takes about 180 minutes to see properly. Built in stages between the fourteenth and eighteenth centuries, it repays a slow visit; the brass door on the inner sanctum approach is easy to miss from the main path. A guide is worth it here — the signage explains almost nothing.",en-IN,72,KV Place Guide / Amritsar / Blue Pottery Workshop,emb_place_529bf6db,,2026-08-18T10:00:00+05:30
kbc_8a7fb23d,,poi_09ad9d0b,culture,Royal Cenotaphs — visitor notes,Royal Cenotaphs sits in Gangtok and takes about 240 minutes to see properly. Busiest between ten and one. Come at opening or an hour before closing and it is a different place entirely. A guide is worth it here — the signage explains almost nothing.,en-IN,58,KV Place Guide / Gangtok / Royal Cenotaphs,emb_place_8a7fb23d,,2026-08-18T10:00:00+05:30
kbc_4e97ecd6,,poi_d962443d,culture,Ridge Lookout — visitor notes,"Ridge Lookout sits in Shillong and takes about 75 minutes to see properly. Built in stages between the fourteenth and eighteenth centuries, it repays a slow visit; the brass door on the rear terrace is easy to miss from the main path. Entry is straightforward; queues build after eleven.",en-IN,63,KV Place Guide / Shillong / Ridge Lookout,emb_place_4e97ecd6,,2026-08-18T10:00:00+05:30
kbc_1bd1e041,,poi_ca7308ec,practical,Cycling Loop — visitor notes,"Cycling Loop sits in Chennai and takes about 150 minutes to see properly. Restored in the 1990s with mixed results — the rear terrace is authentic, the fresco panel is not. Photography is permitted except in the inner chamber.",en-IN,50,KV Place Guide / Chennai / Cycling Loop,emb_place_1bd1e041,winter,2026-08-18T10:00:00+05:30
kbc_3646e001,,poi_c8753eab,history,Crocodile Park — visitor notes,"Crocodile Park sits in Singapore and takes about 90 minutes to see properly. Locals treat it as a park as much as a monument, which is worth knowing before you arrive expecting silence. A guide is worth it here — the signage explains almost nothing.",en-IN,58,KV Place Guide / Singapore / Crocodile Park,emb_place_3646e001,,2026-08-18T10:00:00+05:30
kbc_ea313549,,poi_688a1740,history,Spice Market Walk — visitor notes,"Spice Market Walk sits in Kolkata and takes about 45 minutes to see properly. Small enough to see in an hour, dense enough to reward two. Signage is uneven, so a guide helps. Entry is straightforward; queues build after eleven.",en-IN,52,KV Place Guide / Kolkata / Spice Market Walk,emb_place_ea313549,,2026-08-18T10:00:00+05:30
kbc_ac5a79f2,,poi_c54e9c8a,seasonal,Cliff Walk — visitor notes,Cliff Walk sits in Doha and takes about 240 minutes to see properly. Busiest between ten and one. Come at opening or an hour before closing and it is a different place entirely. Entry is straightforward; queues build after eleven.,en-IN,52,KV Place Guide / Doha / Cliff Walk,emb_place_ac5a79f2,winter,2026-08-18T10:00:00+05:30
kbc_dac4f845,,poi_d1bcb16e,culture,Riverside Ghats — visitor notes,"Riverside Ghats sits in Thanjavur and takes about 240 minutes to see properly. Locals treat it as a park as much as a monument, which is worth knowing before you arrive expecting silence. A guide is worth it here — the signage explains almost nothing.",en-IN,58,KV Place Guide / Thanjavur / Riverside Ghats,emb_place_dac4f845,,2026-08-18T10:00:00+05:30
kbc_9021cdef,,poi_de5aff84,practical,Fishermen's Cove — visitor notes,"Fishermen's Cove sits in Aurangabad and takes about 240 minutes to see properly. The carved lintel is the reason most people come, but the upper gallery behind it is quieter and arguably better. Photography is permitted except in the inner chamber.",en-IN,53,KV Place Guide / Aurangabad / Fishermen's Cove,emb_place_9021cdef,winter,2026-08-18T10:00:00+05:30
kbc_45caa891,,poi_ee9f14ca,seasonal,Crocodile Park — visitor notes,"Crocodile Park sits in Munnar and takes about 75 minutes to see properly. Built in stages between the fourteenth and eighteenth centuries, it repays a slow visit; the lattice screen on the inner sanctum approach is easy to miss from the main path. A guide is worth it here — the signage explains almost nothing.",en-IN,71,KV Place Guide / Munnar / Crocodile Park,emb_place_45caa891,,2026-08-18T10:00:00+05:30
kbc_e84fad4a,,poi_651c469a,practical,Bhuj Street Food Lane — visitor notes,Bhuj Street Food Lane sits in Bhuj and takes about 90 minutes to see properly. Busiest between ten and one. Come at opening or an hour before closing and it is a different place entirely. A guide is worth it here — the signage explains almost nothing.,en-IN,61,KV Place Guide / Bhuj / Bhuj Street Food Lane,emb_place_e84fad4a,,2026-08-18T10:00:00+05:30
kbc_72fd97ab,,poi_9a0ae1b1,seasonal,Yoga Shala — visitor notes,"Yoga Shala sits in Mysuru and takes about 90 minutes to see properly. Built in stages between the fourteenth and eighteenth centuries, it repays a slow visit; the tile mosaic on the rear terrace is easy to miss from the main path. There is shade at the entrance but very little inside.",en-IN,67,KV Place Guide / Mysuru / Yoga Shala,emb_place_72fd97ab,,2026-08-18T10:00:00+05:30
kbc_fec65e76,,poi_586568b0,seasonal,Riverside Lounge — visitor notes,"Riverside Lounge sits in Kathmandu and takes about 60 minutes to see properly. Locals treat it as a park as much as a monument, which is worth knowing before you arrive expecting silence. The nearest usable toilets are across the road, not on site.",en-IN,57,KV Place Guide / Kathmandu / Riverside Lounge,emb_place_fec65e76,,2026-08-18T10:00:00+05:30
kbc_c9e2d413,,poi_3c7d9152,practical,"Jazz Cellar, Male — visitor notes","Jazz Cellar, Male sits in Male and takes about 180 minutes to see properly. Built in stages between the fourteenth and eighteenth centuries, it repays a slow visit; the lattice screen on the inner sanctum approach is easy to miss from the main path. There is shade at the entrance but very little inside.",en-IN,70,"KV Place Guide / Male / Jazz Cellar, Male",emb_place_c9e2d413,,2026-08-18T10:00:00+05:30
kbc_d9dacc1a,,poi_d5409022,practical,"St Mary's Church, Nainital — visitor notes","St Mary's Church, Nainital sits in Nainital and takes about 45 minutes to see properly. Restored in the 1990s with mixed results — the north courtyard is authentic, the inscription is not. Photography is permitted except in the inner chamber.",en-IN,52,"KV Place Guide / Nainital / St Mary's Church, Nainital",emb_place_d9dacc1a,,2026-08-18T10:00:00+05:30
kbc_6f4efc6f,,poi_65054389,culture,Lighthouse Beach — visitor notes,"Lighthouse Beach sits in Amritsar and takes about 75 minutes to see properly. Built in stages between the fourteenth and eighteenth centuries, it repays a slow visit; the inscription on the riverside steps is easy to miss from the main path. Entry is straightforward; queues build after eleven.",en-IN,62,KV Place Guide / Amritsar / Lighthouse Beach,emb_place_6f4efc6f,winter,2026-08-18T10:00:00+05:30
kbc_2adc8742,,poi_65449925,practical,Rock Climbing Wall — visitor notes,"Rock Climbing Wall sits in Lucknow and takes about 60 minutes to see properly. Restored in the 1990s with mixed results — the upper gallery is authentic, the lattice screen is not. The nearest usable toilets are across the road, not on site.",en-IN,55,KV Place Guide / Lucknow / Rock Climbing Wall,emb_place_2adc8742,winter,2026-08-18T10:00:00+05:30
kbc_038016ac,,poi_88179724,seasonal,Riverside Lounge — visitor notes,Riverside Lounge sits in Abu Dhabi and takes about 240 minutes to see properly. Busiest between ten and one. Come at opening or an hour before closing and it is a different place entirely. Photography is permitted except in the inner chamber.,en-IN,54,KV Place Guide / Abu Dhabi / Riverside Lounge,emb_place_038016ac,winter,2026-08-18T10:00:00+05:30
kbc_c8686c12,,poi_6ac0c798,history,Watchtower Terrace — visitor notes,"Watchtower Terrace sits in Pune and takes about 240 minutes to see properly. Built in stages between the fourteenth and eighteenth centuries, it repays a slow visit; the fresco panel on the rear terrace is easy to miss from the main path. The nearest usable toilets are across the road, not on site.",en-IN,68,KV Place Guide / Pune / Watchtower Terrace,emb_place_c8686c12,,2026-08-18T10:00:00+05:30
kbc_99521b9f,,poi_47d68050,culture,Ridge Lookout — visitor notes,"Ridge Lookout sits in Doha and takes about 90 minutes to see properly. Locals treat it as a park as much as a monument, which is worth knowing before you arrive expecting silence. There is shade at the entrance but very little inside.",en-IN,55,KV Place Guide / Doha / Ridge Lookout,emb_place_99521b9f,,2026-08-18T10:00:00+05:30
kbc_0d18e8c8,,poi_0e7b7fc0,history,Yoga Shala — visitor notes,"Yoga Shala sits in Rishikesh and takes about 120 minutes to see properly. Small enough to see in an hour, dense enough to reward two. Signage is uneven, so a guide helps. Photography is permitted except in the inner chamber.",en-IN,52,KV Place Guide / Rishikesh / Yoga Shala,emb_place_0d18e8c8,,2026-08-18T10:00:00+05:30
kbc_23caf905,,poi_c9a12a62,seasonal,Hot Springs — visitor notes,"Hot Springs sits in Munnar and takes about 150 minutes to see properly. Small enough to see in an hour, dense enough to reward two. Signage is uneven, so a guide helps. The nearest usable toilets are across the road, not on site.",en-IN,55,KV Place Guide / Munnar / Hot Springs,emb_place_23caf905,,2026-08-18T10:00:00+05:30
kbc_62065649,,poi_9eab0466,history,Cooking Class at Old Town — visitor notes,"Cooking Class at Old Town sits in Puri and takes about 60 minutes to see properly. Locals treat it as a park as much as a monument, which is worth knowing before you arrive expecting silence. There is shade at the entrance but very little inside.",en-IN,59,KV Place Guide / Puri / Cooking Class at Old Town,emb_place_62065649,,2026-08-18T10:00:00+05:30
kbc_a04b4357,,poi_2bbb64cc,history,Cooking Class at Old Town — visitor notes,"Cooking Class at Old Town sits in Panaji and takes about 45 minutes to see properly. Built in stages between the fourteenth and eighteenth centuries, it repays a slow visit; the inscription on the upper gallery is easy to miss from the main path. There is shade at the entrance but very little inside.",en-IN,70,KV Place Guide / Panaji / Cooking Class at Old Town,emb_place_a04b4357,,2026-08-18T10:00:00+05:30
kbc_b3868cb0,,poi_ef77702c,practical,Alleppey Bazaar — visitor notes,"Alleppey Bazaar sits in Alleppey and takes about 60 minutes to see properly. Locals treat it as a park as much as a monument, which is worth knowing before you arrive expecting silence. Entry is straightforward; queues build after eleven.",en-IN,52,KV Place Guide / Alleppey / Alleppey Bazaar,emb_place_b3868cb0,winter,2026-08-18T10:00:00+05:30
kbc_575a1871,,poi_df26bbb8,seasonal,Hot Springs — visitor notes,"Hot Springs sits in Wayanad and takes about 240 minutes to see properly. Locals treat it as a park as much as a monument, which is worth knowing before you arrive expecting silence. Entry is straightforward; queues build after eleven.",en-IN,52,KV Place Guide / Wayanad / Hot Springs,emb_place_575a1871,,2026-08-18T10:00:00+05:30
kbc_dcd25ee0,,poi_e68abae6,culture,Jaipur Bazaar — visitor notes,Jaipur Bazaar sits in Jaipur and takes about 75 minutes to see properly. Busiest between ten and one. Come at opening or an hour before closing and it is a different place entirely. Entry is straightforward; queues build after eleven.,en-IN,52,KV Place Guide / Jaipur / Jaipur Bazaar,emb_place_dcd25ee0,winter,2026-08-18T10:00:00+05:30
kbc_1eebc02c,,poi_3c0c89be,history,Sunset Point — visitor notes,"Sunset Point sits in Varanasi and takes about 240 minutes to see properly. Small enough to see in an hour, dense enough to reward two. Signage is uneven, so a guide helps. There is shade at the entrance but very little inside.",en-IN,54,KV Place Guide / Varanasi / Sunset Point,emb_place_1eebc02c,,2026-08-18T10:00:00+05:30
kbc_54091622,,poi_391f3e77,culture,Watchtower Terrace — visitor notes,"Watchtower Terrace sits in Kuala Lumpur and takes about 120 minutes to see properly. Small enough to see in an hour, dense enough to reward two. Signage is uneven, so a guide helps. The nearest usable toilets are across the road, not on site.",en-IN,57,KV Place Guide / Kuala Lumpur / Watchtower Terrace,emb_place_54091622,summer,2026-08-18T10:00:00+05:30
kbc_dce6e625,,poi_5b490311,practical,Alleppey Bazaar — visitor notes,Alleppey Bazaar sits in Alleppey and takes about 150 minutes to see properly. Busiest between ten and one. Come at opening or an hour before closing and it is a different place entirely. There is shade at the entrance but very little inside.,en-IN,55,KV Place Guide / Alleppey / Alleppey Bazaar,emb_place_dce6e625,winter,2026-08-18T10:00:00+05:30
kbc_9570b5c7,,poi_132d3868,seasonal,Cliff Walk — visitor notes,"Cliff Walk sits in Pokhara and takes about 75 minutes to see properly. Restored in the 1990s with mixed results — the upper gallery is authentic, the carved lintel is not. The nearest usable toilets are across the road, not on site.",en-IN,54,KV Place Guide / Pokhara / Cliff Walk,emb_place_9570b5c7,,2026-08-18T10:00:00+05:30
kbc_3a8a0b88,,poi_65c1c671,seasonal,Handloom Cooperative — visitor notes,"Handloom Cooperative sits in Mumbai and takes about 180 minutes to see properly. Restored in the 1990s with mixed results — the rear terrace is authentic, the fresco panel is not. Photography is permitted except in the inner chamber.",en-IN,50,KV Place Guide / Mumbai / Handloom Cooperative,emb_place_3a8a0b88,winter,2026-08-18T10:00:00+05:30
kbc_a0deaf66,,poi_b4c99618,practical,Riverside Lounge — visitor notes,Riverside Lounge sits in Bhubaneswar and takes about 60 minutes to see properly. Busiest between ten and one. Come at opening or an hour before closing and it is a different place entirely. Photography is permitted except in the inner chamber.,en-IN,53,KV Place Guide / Bhubaneswar / Riverside Lounge,emb_place_a0deaf66,,2026-08-18T10:00:00+05:30
kbc_1cea2266,,poi_9f7fc300,culture,Crocodile Park — visitor notes,Crocodile Park sits in Bhubaneswar and takes about 120 minutes to see properly. Busiest between ten and one. Come at opening or an hour before closing and it is a different place entirely. A guide is worth it here — the signage explains almost nothing.,en-IN,58,KV Place Guide / Bhubaneswar / Crocodile Park,emb_place_1cea2266,,2026-08-18T10:00:00+05:30
kbc_0de1fa29,,poi_b6b1ef8b,history,Antique Lane — visitor notes,"Antique Lane sits in Thanjavur and takes about 60 minutes to see properly. Built in stages between the fourteenth and eighteenth centuries, it repays a slow visit; the fresco panel on the north courtyard is easy to miss from the main path. Photography is permitted except in the inner chamber.",en-IN,65,KV Place Guide / Thanjavur / Antique Lane,emb_place_0de1fa29,,2026-08-18T10:00:00+05:30
kbc_8dd724d7,,poi_84400ff6,practical,Hot Springs — visitor notes,"Hot Springs sits in Zurich and takes about 60 minutes to see properly. The tile mosaic is the reason most people come, but the north courtyard behind it is quieter and arguably better. Photography is permitted except in the inner chamber.",en-IN,53,KV Place Guide / Zurich / Hot Springs,emb_place_8dd724d7,,2026-08-18T10:00:00+05:30
kbc_a7c5f431,,poi_8f09155f,practical,Dubai Street Food Lane — visitor notes,"Dubai Street Food Lane sits in Dubai and takes about 75 minutes to see properly. Built in stages between the fourteenth and eighteenth centuries, it repays a slow visit; the carved lintel on the upper gallery is easy to miss from the main path. Entry is straightforward; queues build after eleven.",en-IN,66,KV Place Guide / Dubai / Dubai Street Food Lane,emb_place_a7c5f431,winter,2026-08-18T10:00:00+05:30
kbc_9437412e,,poi_2c81c51e,history,Watchtower Terrace — visitor notes,"Watchtower Terrace sits in Bhubaneswar and takes about 75 minutes to see properly. Locals treat it as a park as much as a monument, which is worth knowing before you arrive expecting silence. The nearest usable toilets are across the road, not on site.",en-IN,57,KV Place Guide / Bhubaneswar / Watchtower Terrace,emb_place_9437412e,winter,2026-08-18T10:00:00+05:30
kbc_acd4300e,,poi_b5219b13,history,Paragliding Launch — visitor notes,"Paragliding Launch sits in Pune and takes about 150 minutes to see properly. Small enough to see in an hour, dense enough to reward two. Signage is uneven, so a guide helps. There is shade at the entrance but very little inside.",en-IN,54,KV Place Guide / Pune / Paragliding Launch,emb_place_acd4300e,,2026-08-18T10:00:00+05:30
kbc_2310127e,,poi_3514f780,culture,"Jazz Cellar, Udaipur — visitor notes","Jazz Cellar, Udaipur sits in Udaipur and takes about 45 minutes to see properly. The carved lintel is the reason most people come, but the inner sanctum approach behind it is quieter and arguably better. The nearest usable toilets are across the road, not on site.",en-IN,59,"KV Place Guide / Udaipur / Jazz Cellar, Udaipur",emb_place_2310127e,winter,2026-08-18T10:00:00+05:30
kbc_8e2f645d,,poi_b72516ce,culture,Blue Pottery Workshop — visitor notes,"Blue Pottery Workshop sits in Madurai and takes about 180 minutes to see properly. The mirror work is the reason most people come, but the rear terrace behind it is quieter and arguably better. There is shade at the entrance but very little inside.",en-IN,57,KV Place Guide / Madurai / Blue Pottery Workshop,emb_place_8e2f645d,,2026-08-18T10:00:00+05:30
kbc_8604e373,,poi_c26e3e3e,practical,Blue Pottery Workshop — visitor notes,"Blue Pottery Workshop sits in Tirupati and takes about 75 minutes to see properly. Small enough to see in an hour, dense enough to reward two. Signage is uneven, so a guide helps. A guide is worth it here — the signage explains almost nothing.",en-IN,58,KV Place Guide / Tirupati / Blue Pottery Workshop,emb_place_8604e373,winter,2026-08-18T10:00:00+05:30
kbc_47b13ddd,,poi_aa78ea49,seasonal,North Beach — visitor notes,North Beach sits in Ooty and takes about 45 minutes to see properly. Busiest between ten and one. Come at opening or an hour before closing and it is a different place entirely. Photography is permitted except in the inner chamber.,en-IN,53,KV Place Guide / Ooty / North Beach,emb_place_47b13ddd,summer,2026-08-18T10:00:00+05:30
kbc_11ff0d7e,,poi_9a818832,practical,Ridge Lookout — visitor notes,"Ridge Lookout sits in Varanasi and takes about 150 minutes to see properly. Restored in the 1990s with mixed results — the inner sanctum approach is authentic, the mirror work is not. There is shade at the entrance but very little inside.",en-IN,54,KV Place Guide / Varanasi / Ridge Lookout,emb_place_11ff0d7e,,2026-08-18T10:00:00+05:30
kbc_c81136a4,,poi_d4cbdefe,history,Museum of Coins — visitor notes,"Museum of Coins sits in Kolkata and takes about 45 minutes to see properly. Small enough to see in an hour, dense enough to reward two. Signage is uneven, so a guide helps. Photography is permitted except in the inner chamber.",en-IN,53,KV Place Guide / Kolkata / Museum of Coins,emb_place_c81136a4,,2026-08-18T10:00:00+05:30
kbc_c046d84a,,poi_41d2fe0c,seasonal,"Jazz Cellar, Gangtok — visitor notes","Jazz Cellar, Gangtok sits in Gangtok and takes about 75 minutes to see properly. Restored in the 1990s with mixed results — the north courtyard is authentic, the brass door is not. Entry is straightforward; queues build after eleven.",en-IN,50,"KV Place Guide / Gangtok / Jazz Cellar, Gangtok",emb_place_c046d84a,,2026-08-18T10:00:00+05:30
kbc_81419bea,,poi_bebe0046,practical,Quiet Bay — visitor notes,"Quiet Bay sits in Mumbai and takes about 60 minutes to see properly. Built in stages between the fourteenth and eighteenth centuries, it repays a slow visit; the carved lintel on the riverside steps is easy to miss from the main path. A guide is worth it here — the signage explains almost nothing.",en-IN,70,KV Place Guide / Mumbai / Quiet Bay,emb_place_81419bea,,2026-08-18T10:00:00+05:30
kbc_c3097a9b,,poi_82ff3dc4,culture,Watchtower Terrace — visitor notes,"Watchtower Terrace sits in Gokarna and takes about 150 minutes to see properly. Locals treat it as a park as much as a monument, which is worth knowing before you arrive expecting silence. There is shade at the entrance but very little inside.",en-IN,55,KV Place Guide / Gokarna / Watchtower Terrace,emb_place_c3097a9b,,2026-08-18T10:00:00+05:30
kbc_9dff44b6,,poi_ef2400fa,culture,Watchtower Terrace — visitor notes,Watchtower Terrace sits in Pokhara and takes about 180 minutes to see properly. Busiest between ten and one. Come at opening or an hour before closing and it is a different place entirely. A guide is worth it here — the signage explains almost nothing.,en-IN,58,KV Place Guide / Pokhara / Watchtower Terrace,emb_place_9dff44b6,,2026-08-18T10:00:00+05:30
kbc_dadd07f1,,poi_ea89965b,culture,Quiet Bay — visitor notes,"Quiet Bay sits in Abu Dhabi and takes about 60 minutes to see properly. Built in stages between the fourteenth and eighteenth centuries, it repays a slow visit; the carved lintel on the north courtyard is easy to miss from the main path. A guide is worth it here — the signage explains almost nothing.",en-IN,71,KV Place Guide / Abu Dhabi / Quiet Bay,emb_place_dadd07f1,,2026-08-18T10:00:00+05:30
kbc_b20021f9,,poi_e42ee142,culture,Rock Garden — visitor notes,"Rock Garden sits in Zurich and takes about 150 minutes to see properly. Small enough to see in an hour, dense enough to reward two. Signage is uneven, so a guide helps. A guide is worth it here — the signage explains almost nothing.",en-IN,57,KV Place Guide / Zurich / Rock Garden,emb_place_b20021f9,,2026-08-18T10:00:00+05:30
kbc_4103ff46,,poi_0fd7ac72,seasonal,Riverside Ghats — visitor notes,"Riverside Ghats sits in Shillong and takes about 120 minutes to see properly. Built in stages between the fourteenth and eighteenth centuries, it repays a slow visit; the mirror work on the rear terrace is easy to miss from the main path. A guide is worth it here — the signage explains almost nothing.",en-IN,70,KV Place Guide / Shillong / Riverside Ghats,emb_place_4103ff46,,2026-08-18T10:00:00+05:30
kbc_cd1bdb21,,poi_fca6aef8,culture,Puppet Museum — visitor notes,"Puppet Museum sits in Thanjavur and takes about 150 minutes to see properly. Small enough to see in an hour, dense enough to reward two. Signage is uneven, so a guide helps. A guide is worth it here — the signage explains almost nothing.",en-IN,57,KV Place Guide / Thanjavur / Puppet Museum,emb_place_cd1bdb21,winter,2026-08-18T10:00:00+05:30
kbc_dc7c1aff,,poi_0e534643,practical,Ridge Lookout — visitor notes,"Ridge Lookout sits in Ooty and takes about 90 minutes to see properly. Locals treat it as a park as much as a monument, which is worth knowing before you arrive expecting silence. Entry is straightforward; queues build after eleven.",en-IN,52,KV Place Guide / Ooty / Ridge Lookout,emb_place_dc7c1aff,summer,2026-08-18T10:00:00+05:30
kbc_7198f083,,poi_00bd0042,seasonal,North Beach — visitor notes,"North Beach sits in Thimphu and takes about 75 minutes to see properly. Built in stages between the fourteenth and eighteenth centuries, it repays a slow visit; the tile mosaic on the north courtyard is easy to miss from the main path. There is shade at the entrance but very little inside.",en-IN,67,KV Place Guide / Thimphu / North Beach,emb_place_7198f083,,2026-08-18T10:00:00+05:30
kbc_61bdcba1,,poi_9f8cf411,culture,Blue Pottery Workshop — visitor notes,"Blue Pottery Workshop sits in Kochi and takes about 150 minutes to see properly. Small enough to see in an hour, dense enough to reward two. Signage is uneven, so a guide helps. Entry is straightforward; queues build after eleven.",en-IN,52,KV Place Guide / Kochi / Blue Pottery Workshop,emb_place_61bdcba1,winter,2026-08-18T10:00:00+05:30
kbc_65104bc3,,poi_c860207e,history,Alleppey Viewpoint — visitor notes,"Alleppey Viewpoint sits in Alleppey and takes about 120 minutes to see properly. Locals treat it as a park as much as a monument, which is worth knowing before you arrive expecting silence. Entry is straightforward; queues build after eleven.",en-IN,52,KV Place Guide / Alleppey / Alleppey Viewpoint,emb_place_65104bc3,,2026-08-18T10:00:00+05:30
kbc_f5548849,,poi_1095ead0,history,Thanjavur Viewpoint — visitor notes,"Thanjavur Viewpoint sits in Thanjavur and takes about 180 minutes to see properly. The mirror work is the reason most people come, but the inner sanctum approach behind it is quieter and arguably better. Entry is straightforward; queues build after eleven.",en-IN,53,KV Place Guide / Thanjavur / Thanjavur Viewpoint,emb_place_f5548849,,2026-08-18T10:00:00+05:30
kbc_f9a6f297,,poi_9d150a02,history,Kuala Lumpur Bird Sanctuary — visitor notes,"Kuala Lumpur Bird Sanctuary sits in Kuala Lumpur and takes about 75 minutes to see properly. Small enough to see in an hour, dense enough to reward two. Signage is uneven, so a guide helps. There is shade at the entrance but very little inside.",en-IN,58,KV Place Guide / Kuala Lumpur / Kuala Lumpur Bird Sanctuary,emb_place_f9a6f297,,2026-08-18T10:00:00+05:30
kbc_f19b6f8a,,poi_c09c7423,culture,Crocodile Park — visitor notes,"Crocodile Park sits in Male and takes about 150 minutes to see properly. Busiest between ten and one. Come at opening or an hour before closing and it is a different place entirely. The nearest usable toilets are across the road, not on site.",en-IN,57,KV Place Guide / Male / Crocodile Park,emb_place_f19b6f8a,,2026-08-18T10:00:00+05:30
kbc_b7786bdd,,poi_b87834c8,culture,Alleppey Bazaar — visitor notes,"Alleppey Bazaar sits in Alleppey and takes about 75 minutes to see properly. Locals treat it as a park as much as a monument, which is worth knowing before you arrive expecting silence. Entry is straightforward; queues build after eleven.",en-IN,52,KV Place Guide / Alleppey / Alleppey Bazaar,emb_place_b7786bdd,,2026-08-18T10:00:00+05:30
kbc_589a2d31,,poi_faf99e79,culture,North Beach — visitor notes,North Beach sits in Hampi and takes about 45 minutes to see properly. Busiest between ten and one. Come at opening or an hour before closing and it is a different place entirely. There is shade at the entrance but very little inside.,en-IN,55,KV Place Guide / Hampi / North Beach,emb_place_589a2d31,,2026-08-18T10:00:00+05:30
kbc_e25af376,,poi_ecc44f4e,practical,Quiet Bay — visitor notes,Quiet Bay sits in Agra and takes about 120 minutes to see properly. Busiest between ten and one. Come at opening or an hour before closing and it is a different place entirely. A guide is worth it here — the signage explains almost nothing.,en-IN,58,KV Place Guide / Agra / Quiet Bay,emb_place_e25af376,winter,2026-08-18T10:00:00+05:30
kbc_ccb9f934,,poi_ee54e1e8,seasonal,"Gallery of Modern Art, Visakhapatnam — visitor notes","Gallery of Modern Art, Visakhapatnam sits in Visakhapatnam and takes about 60 minutes to see properly. Busiest between ten and one. Come at opening or an hour before closing and it is a different place entirely. There is shade at the entrance but very little inside.",en-IN,59,"KV Place Guide / Visakhapatnam / Gallery of Modern Art, Visakhapatnam",emb_place_ccb9f934,,2026-08-18T10:00:00+05:30
kbc_6a3dcef5,,poi_b110a36b,culture,Yoga Shala — visitor notes,"Yoga Shala sits in Singapore and takes about 240 minutes to see properly. Busiest between ten and one. Come at opening or an hour before closing and it is a different place entirely. The nearest usable toilets are across the road, not on site.",en-IN,57,KV Place Guide / Singapore / Yoga Shala,emb_place_6a3dcef5,,2026-08-18T10:00:00+05:30
kbc_1a223222,,poi_455fd66d,practical,Riverside Ghats — visitor notes,"Riverside Ghats sits in Udaipur and takes about 240 minutes to see properly. The lattice screen is the reason most people come, but the upper gallery behind it is quieter and arguably better. There is shade at the entrance but very little inside.",en-IN,55,KV Place Guide / Udaipur / Riverside Ghats,emb_place_1a223222,,2026-08-18T10:00:00+05:30
kbc_357bba14,,poi_7ec7da38,culture,Ridge Lookout — visitor notes,"Ridge Lookout sits in Guwahati and takes about 240 minutes to see properly. Built in stages between the fourteenth and eighteenth centuries, it repays a slow visit; the inscription on the rear terrace is easy to miss from the main path. Photography is permitted except in the inner chamber.",en-IN,63,KV Place Guide / Guwahati / Ridge Lookout,emb_place_357bba14,post_monsoon,2026-08-18T10:00:00+05:30
kbc_16d7051f,,poi_26a8c93c,practical,Hot Air Balloon Field — visitor notes,"Hot Air Balloon Field sits in Mumbai and takes about 240 minutes to see properly. The lattice screen is the reason most people come, but the colonnade behind it is quieter and arguably better. The nearest usable toilets are across the road, not on site.",en-IN,58,KV Place Guide / Mumbai / Hot Air Balloon Field,emb_place_16d7051f,winter,2026-08-18T10:00:00+05:30
kbc_afd9ccd7,,poi_71db86db,history,Ayurveda Centre — visitor notes,"Ayurveda Centre sits in Guwahati and takes about 75 minutes to see properly. The step-well geometry is the reason most people come, but the rear terrace behind it is quieter and arguably better. A guide is worth it here — the signage explains almost nothing.",en-IN,58,KV Place Guide / Guwahati / Ayurveda Centre,emb_place_afd9ccd7,post_monsoon,2026-08-18T10:00:00+05:30
kbc_8924671e,,poi_84c56970,practical,Spice Market Walk — visitor notes,"Spice Market Walk sits in Jodhpur and takes about 120 minutes to see properly. Small enough to see in an hour, dense enough to reward two. Signage is uneven, so a guide helps. Entry is straightforward; queues build after eleven.",en-IN,52,KV Place Guide / Jodhpur / Spice Market Walk,emb_place_8924671e,,2026-08-18T10:00:00+05:30
kbc_3133e975,,poi_e98d21dd,seasonal,Elephant Camp — visitor notes,"Elephant Camp sits in Panaji and takes about 150 minutes to see properly. Small enough to see in an hour, dense enough to reward two. Signage is uneven, so a guide helps. The nearest usable toilets are across the road, not on site.",en-IN,55,KV Place Guide / Panaji / Elephant Camp,emb_place_3133e975,,2026-08-18T10:00:00+05:30
kbc_8d43982f,,poi_4fae986a,history,City Walls Walk — visitor notes,"City Walls Walk sits in Bhubaneswar and takes about 180 minutes to see properly. Restored in the 1990s with mixed results — the north courtyard is authentic, the inscription is not. A guide is worth it here — the signage explains almost nothing.",en-IN,55,KV Place Guide / Bhubaneswar / City Walls Walk,emb_place_8d43982f,winter,2026-08-18T10:00:00+05:30
kbc_57ceb21c,,poi_a1337353,culture,Rooftop Live Music — visitor notes,"Rooftop Live Music sits in Kandy and takes about 75 minutes to see properly. Small enough to see in an hour, dense enough to reward two. Signage is uneven, so a guide helps. Entry is straightforward; queues build after eleven.",en-IN,52,KV Place Guide / Kandy / Rooftop Live Music,emb_place_57ceb21c,,2026-08-18T10:00:00+05:30
kbc_5e7fbbe6,,poi_23cb8612,seasonal,Fishermen's Cove — visitor notes,"Fishermen's Cove sits in Kuala Lumpur and takes about 75 minutes to see properly. Small enough to see in an hour, dense enough to reward two. Signage is uneven, so a guide helps. The nearest usable toilets are across the road, not on site.",en-IN,57,KV Place Guide / Kuala Lumpur / Fishermen's Cove,emb_place_5e7fbbe6,,2026-08-18T10:00:00+05:30
kbc_0e507699,,poi_01a95571,practical,Yoga Shala — visitor notes,"Yoga Shala sits in Kathmandu and takes about 120 minutes to see properly. Locals treat it as a park as much as a monument, which is worth knowing before you arrive expecting silence. A guide is worth it here — the signage explains almost nothing.",en-IN,58,KV Place Guide / Kathmandu / Yoga Shala,emb_place_0e507699,,2026-08-18T10:00:00+05:30
kbc_4b6224fc,,poi_a1b45daa,seasonal,Cliff Walk — visitor notes,"Cliff Walk sits in Mumbai and takes about 90 minutes to see properly. Restored in the 1990s with mixed results — the colonnade is authentic, the carved lintel is not. A guide is worth it here — the signage explains almost nothing.",en-IN,54,KV Place Guide / Mumbai / Cliff Walk,emb_place_4b6224fc,,2026-08-18T10:00:00+05:30
kbc_c7560fb3,,poi_d158bf55,history,Leh Bird Sanctuary — visitor notes,"Leh Bird Sanctuary sits in Leh and takes about 150 minutes to see properly. Built in stages between the fourteenth and eighteenth centuries, it repays a slow visit; the carved lintel on the north courtyard is easy to miss from the main path. A guide is worth it here — the signage explains almost nothing.",en-IN,71,KV Place Guide / Leh / Leh Bird Sanctuary,emb_place_c7560fb3,summer,2026-08-18T10:00:00+05:30
kbc_e63bcffa,,poi_856c354e,culture,North Beach — visitor notes,"North Beach sits in Ooty and takes about 60 minutes to see properly. Restored in the 1990s with mixed results — the riverside steps is authentic, the lattice screen is not. Entry is straightforward; queues build after eleven.",en-IN,49,KV Place Guide / Ooty / North Beach,emb_place_e63bcffa,,2026-08-18T10:00:00+05:30
kbc_f62ec42d,,poi_5bfdc682,practical,Kochi Lake — visitor notes,"Kochi Lake sits in Kochi and takes about 180 minutes to see properly. The mirror work is the reason most people come, but the riverside steps behind it is quieter and arguably better. Entry is straightforward; queues build after eleven.",en-IN,52,KV Place Guide / Kochi / Kochi Lake,emb_place_f62ec42d,winter,2026-08-18T10:00:00+05:30
kbc_a29c39a2,,poi_3f6cade0,culture,Hot Springs — visitor notes,"Hot Springs sits in Kolkata and takes about 120 minutes to see properly. Locals treat it as a park as much as a monument, which is worth knowing before you arrive expecting silence. There is shade at the entrance but very little inside.",en-IN,55,KV Place Guide / Kolkata / Hot Springs,emb_place_a29c39a2,,2026-08-18T10:00:00+05:30
kbc_8e9019f7,,poi_51f80251,culture,Ayurveda Centre — visitor notes,"Ayurveda Centre sits in Jaisalmer and takes about 75 minutes to see properly. Small enough to see in an hour, dense enough to reward two. Signage is uneven, so a guide helps. Photography is permitted except in the inner chamber.",en-IN,52,KV Place Guide / Jaisalmer / Ayurveda Centre,emb_place_8e9019f7,,2026-08-18T10:00:00+05:30
kbc_3f759b39,,poi_781c5215,history,Colombo Viewpoint — visitor notes,"Colombo Viewpoint sits in Colombo and takes about 150 minutes to see properly. Locals treat it as a park as much as a monument, which is worth knowing before you arrive expecting silence. The nearest usable toilets are across the road, not on site.",en-IN,57,KV Place Guide / Colombo / Colombo Viewpoint,emb_place_3f759b39,,2026-08-18T10:00:00+05:30
kbc_098b7a6b,,poi_49b7b32e,history,Kayaking at Kochi — visitor notes,"Kayaking at Kochi sits in Kochi and takes about 75 minutes to see properly. The step-well geometry is the reason most people come, but the rear terrace behind it is quieter and arguably better. Entry is straightforward; queues build after eleven.",en-IN,53,KV Place Guide / Kochi / Kayaking at Kochi,emb_place_098b7a6b,winter,2026-08-18T10:00:00+05:30
kbc_7555f702,,poi_d8cb0fe2,history,Quiet Bay — visitor notes,"Quiet Bay sits in Munnar and takes about 150 minutes to see properly. The carved lintel is the reason most people come, but the upper gallery behind it is quieter and arguably better. Entry is straightforward; queues build after eleven.",en-IN,52,KV Place Guide / Munnar / Quiet Bay,emb_place_7555f702,winter,2026-08-18T10:00:00+05:30
kbc_ed63f44c,,poi_fd385481,culture,Maritime Museum — visitor notes,"Maritime Museum sits in Bhubaneswar and takes about 90 minutes to see properly. Built in stages between the fourteenth and eighteenth centuries, it repays a slow visit; the inscription on the inner sanctum approach is easy to miss from the main path. A guide is worth it here — the signage explains almost nothing.",en-IN,70,KV Place Guide / Bhubaneswar / Maritime Museum,emb_place_ed63f44c,,2026-08-18T10:00:00+05:30
kbc_cc0dadf5,,poi_9ffc7df5,history,Hot Springs — visitor notes,"Hot Springs sits in Pondicherry and takes about 90 minutes to see properly. Built in stages between the fourteenth and eighteenth centuries, it repays a slow visit; the lattice screen on the north courtyard is easy to miss from the main path. A guide is worth it here — the signage explains almost nothing.",en-IN,70,KV Place Guide / Pondicherry / Hot Springs,emb_place_cc0dadf5,,2026-08-18T10:00:00+05:30
kbc_25e6aeea,,poi_dc06d66e,practical,Handloom Cooperative — visitor notes,"Handloom Cooperative sits in Madurai and takes about 90 minutes to see properly. The inscription is the reason most people come, but the rear terrace behind it is quieter and arguably better. The nearest usable toilets are across the road, not on site.",en-IN,55,KV Place Guide / Madurai / Handloom Cooperative,emb_place_25e6aeea,,2026-08-18T10:00:00+05:30
kbc_1a7763e4,,poi_93980121,culture,Puppet Museum — visitor notes,Puppet Museum sits in Nainital and takes about 240 minutes to see properly. Busiest between ten and one. Come at opening or an hour before closing and it is a different place entirely. Photography is permitted except in the inner chamber.,en-IN,53,KV Place Guide / Nainital / Puppet Museum,emb_place_1a7763e4,,2026-08-18T10:00:00+05:30
kbc_2f457bc7,,poi_0c84f287,practical,Nainital Bazaar — visitor notes,"Nainital Bazaar sits in Nainital and takes about 45 minutes to see properly. Locals treat it as a park as much as a monument, which is worth knowing before you arrive expecting silence. Entry is straightforward; queues build after eleven.",en-IN,52,KV Place Guide / Nainital / Nainital Bazaar,emb_place_2f457bc7,summer,2026-08-18T10:00:00+05:30
kbc_748287a2,,poi_2fc8a8df,seasonal,Yoga Shala — visitor notes,"Yoga Shala sits in Thiruvananthapuram and takes about 180 minutes to see properly. Small enough to see in an hour, dense enough to reward two. Signage is uneven, so a guide helps. There is shade at the entrance but very little inside.",en-IN,54,KV Place Guide / Thiruvananthapuram / Yoga Shala,emb_place_748287a2,,2026-08-18T10:00:00+05:30
kbc_57ab6977,,poi_ee4e06ed,seasonal,Kochi Street Food Lane — visitor notes,"Kochi Street Food Lane sits in Kochi and takes about 240 minutes to see properly. The carved lintel is the reason most people come, but the riverside steps behind it is quieter and arguably better. A guide is worth it here — the signage explains almost nothing.",en-IN,61,KV Place Guide / Kochi / Kochi Street Food Lane,emb_place_57ab6977,,2026-08-18T10:00:00+05:30
kbc_9d9667b4,,poi_4354eb74,history,Backwater Channel — visitor notes,"Backwater Channel sits in Hampi and takes about 120 minutes to see properly. Built in stages between the fourteenth and eighteenth centuries, it repays a slow visit; the inscription on the upper gallery is easy to miss from the main path. A guide is worth it here — the signage explains almost nothing.",en-IN,68,KV Place Guide / Hampi / Backwater Channel,emb_place_9d9667b4,winter,2026-08-18T10:00:00+05:30
kbc_5b8542db,,poi_bf53b848,history,Hilltop Shrine — visitor notes,"Hilltop Shrine sits in Hampi and takes about 45 minutes to see properly. The step-well geometry is the reason most people come, but the rear terrace behind it is quieter and arguably better. The nearest usable toilets are across the road, not on site.",en-IN,57,KV Place Guide / Hampi / Hilltop Shrine,emb_place_5b8542db,,2026-08-18T10:00:00+05:30
kbc_52da5a06,,poi_a7c6fce8,practical,Hot Springs — visitor notes,"Hot Springs sits in Bhuj and takes about 75 minutes to see properly. The fresco panel is the reason most people come, but the riverside steps behind it is quieter and arguably better. There is shade at the entrance but very little inside.",en-IN,55,KV Place Guide / Bhuj / Hot Springs,emb_place_52da5a06,winter,2026-08-18T10:00:00+05:30
kbc_09bf3d21,,poi_a1498a91,practical,Watchtower Terrace — visitor notes,"Watchtower Terrace sits in Pokhara and takes about 90 minutes to see properly. The tile mosaic is the reason most people come, but the rear terrace behind it is quieter and arguably better. A guide is worth it here — the signage explains almost nothing.",en-IN,58,KV Place Guide / Pokhara / Watchtower Terrace,emb_place_09bf3d21,autumn,2026-08-18T10:00:00+05:30
kbc_6f5d1e7e,,poi_ee7caee8,seasonal,Spice Market Walk — visitor notes,"Spice Market Walk sits in Panaji and takes about 75 minutes to see properly. Small enough to see in an hour, dense enough to reward two. Signage is uneven, so a guide helps. Photography is permitted except in the inner chamber.",en-IN,53,KV Place Guide / Panaji / Spice Market Walk,emb_place_6f5d1e7e,winter,2026-08-18T10:00:00+05:30
kbc_71eeba82,,poi_b2db71d0,seasonal,Cliff Walk — visitor notes,"Cliff Walk sits in Leh and takes about 60 minutes to see properly. Built in stages between the fourteenth and eighteenth centuries, it repays a slow visit; the mirror work on the colonnade is easy to miss from the main path. Photography is permitted except in the inner chamber.",en-IN,63,KV Place Guide / Leh / Cliff Walk,emb_place_71eeba82,,2026-08-18T10:00:00+05:30
kbc_9a2463f5,,poi_13aa9240,history,Ayurveda Centre — visitor notes,"Ayurveda Centre sits in Visakhapatnam and takes about 75 minutes to see properly. Locals treat it as a park as much as a monument, which is worth knowing before you arrive expecting silence. There is shade at the entrance but very little inside.",en-IN,55,KV Place Guide / Visakhapatnam / Ayurveda Centre,emb_place_9a2463f5,,2026-08-18T10:00:00+05:30
kbc_04ff1c8c,,poi_7b31701e,seasonal,Quiet Bay — visitor notes,"Quiet Bay sits in Guwahati and takes about 90 minutes to see properly. The brass door is the reason most people come, but the colonnade behind it is quieter and arguably better. Entry is straightforward; queues build after eleven.",en-IN,50,KV Place Guide / Guwahati / Quiet Bay,emb_place_04ff1c8c,,2026-08-18T10:00:00+05:30
kbc_68e43e89,,poi_cf73dddb,seasonal,Hilltop Shrine — visitor notes,"Hilltop Shrine sits in Panaji and takes about 45 minutes to see properly. Built in stages between the fourteenth and eighteenth centuries, it repays a slow visit; the mirror work on the rear terrace is easy to miss from the main path. The nearest usable toilets are across the road, not on site.",en-IN,68,KV Place Guide / Panaji / Hilltop Shrine,emb_place_68e43e89,,2026-08-18T10:00:00+05:30
kbc_a1db9ecc,,poi_c8feccee,culture,Ridge Lookout — visitor notes,Ridge Lookout sits in Thimphu and takes about 180 minutes to see properly. Busiest between ten and one. Come at opening or an hour before closing and it is a different place entirely. There is shade at the entrance but very little inside.,en-IN,55,KV Place Guide / Thimphu / Ridge Lookout,emb_place_a1db9ecc,,2026-08-18T10:00:00+05:30
kbc_5505563e,,poi_95bca120,history,"Jazz Cellar, Thiruvananthapuram — visitor notes","Jazz Cellar, Thiruvananthapuram sits in Thiruvananthapuram and takes about 180 minutes to see properly. Locals treat it as a park as much as a monument, which is worth knowing before you arrive expecting silence. A guide is worth it here — the signage explains almost nothing.",en-IN,59,"KV Place Guide / Thiruvananthapuram / Jazz Cellar, Thiruvananthapuram",emb_place_5505563e,winter,2026-08-18T10:00:00+05:30
kbc_43cf2e9f,,poi_a79ecb61,culture,Backwater Channel — visitor notes,"Backwater Channel sits in Nainital and takes about 180 minutes to see properly. Restored in the 1990s with mixed results — the riverside steps is authentic, the fresco panel is not. The nearest usable toilets are across the road, not on site.",en-IN,54,KV Place Guide / Nainital / Backwater Channel,emb_place_43cf2e9f,,2026-08-18T10:00:00+05:30
kbc_64901d6f,,poi_38dfbd85,seasonal,Watchtower Terrace — visitor notes,"Watchtower Terrace sits in Singapore and takes about 75 minutes to see properly. Locals treat it as a park as much as a monument, which is worth knowing before you arrive expecting silence. There is shade at the entrance but very little inside.",en-IN,55,KV Place Guide / Singapore / Watchtower Terrace,emb_place_64901d6f,,2026-08-18T10:00:00+05:30
kbc_c0fdf244,,poi_e784aeca,seasonal,Night Food Bazaar — visitor notes,"Night Food Bazaar sits in Pokhara and takes about 180 minutes to see properly. Restored in the 1990s with mixed results — the riverside steps is authentic, the lattice screen is not. A guide is worth it here — the signage explains almost nothing.",en-IN,57,KV Place Guide / Pokhara / Night Food Bazaar,emb_place_c0fdf244,,2026-08-18T10:00:00+05:30
kbc_70b581fe,,poi_7dcd447d,practical,Yoga Shala — visitor notes,"Yoga Shala sits in Ooty and takes about 180 minutes to see properly. Built in stages between the fourteenth and eighteenth centuries, it repays a slow visit; the carved lintel on the upper gallery is easy to miss from the main path. Entry is straightforward; queues build after eleven.",en-IN,63,KV Place Guide / Ooty / Yoga Shala,emb_place_70b581fe,summer,2026-08-18T10:00:00+05:30
kbc_b557d5e1,,poi_5afd21b6,practical,Panaji City Museum — visitor notes,"Panaji City Museum sits in Panaji and takes about 60 minutes to see properly. The fresco panel is the reason most people come, but the north courtyard behind it is quieter and arguably better. A guide is worth it here — the signage explains almost nothing.",en-IN,59,KV Place Guide / Panaji / Panaji City Museum,emb_place_b557d5e1,winter,2026-08-18T10:00:00+05:30
kbc_e470505e,,poi_140f82f9,history,Ayurveda Centre — visitor notes,"Ayurveda Centre sits in Pondicherry and takes about 120 minutes to see properly. Built in stages between the fourteenth and eighteenth centuries, it repays a slow visit; the fresco panel on the upper gallery is easy to miss from the main path. The nearest usable toilets are across the road, not on site.",en-IN,68,KV Place Guide / Pondicherry / Ayurveda Centre,emb_place_e470505e,winter,2026-08-18T10:00:00+05:30
kbc_f0054839,,poi_6b659eca,culture,Hot Springs — visitor notes,"Hot Springs sits in Wayanad and takes about 45 minutes to see properly. Restored in the 1990s with mixed results — the upper gallery is authentic, the lattice screen is not. A guide is worth it here — the signage explains almost nothing.",en-IN,55,KV Place Guide / Wayanad / Hot Springs,emb_place_f0054839,post_monsoon,2026-08-18T10:00:00+05:30
kbc_cfaae839,,poi_1153b6f1,history,Ayurveda Centre — visitor notes,"Ayurveda Centre sits in Agra and takes about 180 minutes to see properly. Locals treat it as a park as much as a monument, which is worth knowing before you arrive expecting silence. Entry is straightforward; queues build after eleven.",en-IN,52,KV Place Guide / Agra / Ayurveda Centre,emb_place_cfaae839,,2026-08-18T10:00:00+05:30
kbc_ee443e32,,poi_01e251e5,history,Hot Springs — visitor notes,"Hot Springs sits in Gokarna and takes about 60 minutes to see properly. The carved lintel is the reason most people come, but the inner sanctum approach behind it is quieter and arguably better. Entry is straightforward; queues build after eleven.",en-IN,53,KV Place Guide / Gokarna / Hot Springs,emb_place_ee443e32,winter,2026-08-18T10:00:00+05:30
kbc_485444d2,,poi_6b17511e,culture,Night Food Bazaar — visitor notes,"Night Food Bazaar sits in Leh and takes about 180 minutes to see properly. Small enough to see in an hour, dense enough to reward two. Signage is uneven, so a guide helps. Photography is permitted except in the inner chamber.",en-IN,53,KV Place Guide / Leh / Night Food Bazaar,emb_place_485444d2,,2026-08-18T10:00:00+05:30
kbc_bc8a0c75,,poi_36344a67,history,Night Food Bazaar — visitor notes,"Night Food Bazaar sits in Zurich and takes about 120 minutes to see properly. Locals treat it as a park as much as a monument, which is worth knowing before you arrive expecting silence. Entry is straightforward; queues build after eleven.",en-IN,53,KV Place Guide / Zurich / Night Food Bazaar,emb_place_bc8a0c75,,2026-08-18T10:00:00+05:30
kbc_32d22ee9,,poi_21a4922d,practical,Quiet Bay — visitor notes,"Quiet Bay sits in Rishikesh and takes about 45 minutes to see properly. Restored in the 1990s with mixed results — the colonnade is authentic, the lattice screen is not. Entry is straightforward; queues build after eleven.",en-IN,48,KV Place Guide / Rishikesh / Quiet Bay,emb_place_32d22ee9,spring,2026-08-18T10:00:00+05:30
kbc_df1478ad,,poi_0b3e375a,practical,Hot Springs — visitor notes,"Hot Springs sits in Jaipur and takes about 240 minutes to see properly. Small enough to see in an hour, dense enough to reward two. Signage is uneven, so a guide helps. Entry is straightforward; queues build after eleven.",en-IN,50,KV Place Guide / Jaipur / Hot Springs,emb_place_df1478ad,,2026-08-18T10:00:00+05:30
kbc_23d60f46,,poi_9380220d,seasonal,Riverside Lounge — visitor notes,"Riverside Lounge sits in Pondicherry and takes about 90 minutes to see properly. Restored in the 1990s with mixed results — the rear terrace is authentic, the inscription is not. Entry is straightforward; queues build after eleven.",en-IN,48,KV Place Guide / Pondicherry / Riverside Lounge,emb_place_23d60f46,winter,2026-08-18T10:00:00+05:30
kbc_6d19f7f8,,poi_9ebb50cc,history,Jain Temple Complex — visitor notes,"Jain Temple Complex sits in Kyoto and takes about 150 minutes to see properly. The brass door is the reason most people come, but the inner sanctum approach behind it is quieter and arguably better. Photography is permitted except in the inner chamber.",en-IN,55,KV Place Guide / Kyoto / Jain Temple Complex,emb_place_6d19f7f8,spring,2026-08-18T10:00:00+05:30
kbc_1772a12f,,poi_3ce3c3f2,seasonal,Antique Lane — visitor notes,"Antique Lane sits in Madurai and takes about 180 minutes to see properly. Small enough to see in an hour, dense enough to reward two. Signage is uneven, so a guide helps. A guide is worth it here — the signage explains almost nothing.",en-IN,57,KV Place Guide / Madurai / Antique Lane,emb_place_1772a12f,,2026-08-18T10:00:00+05:30
kbc_31b50b13,,poi_3dd6c5b0,practical,Puppet Museum — visitor notes,"Puppet Museum sits in Nainital and takes about 150 minutes to see properly. Locals treat it as a park as much as a monument, which is worth knowing before you arrive expecting silence. A guide is worth it here — the signage explains almost nothing.",en-IN,58,KV Place Guide / Nainital / Puppet Museum,emb_place_31b50b13,,2026-08-18T10:00:00+05:30
kbc_7c2b5911,,poi_9daf754e,history,Night Food Bazaar — visitor notes,"Night Food Bazaar sits in Kochi and takes about 75 minutes to see properly. Locals treat it as a park as much as a monument, which is worth knowing before you arrive expecting silence. There is shade at the entrance but very little inside.",en-IN,57,KV Place Guide / Kochi / Night Food Bazaar,emb_place_7c2b5911,,2026-08-18T10:00:00+05:30
kbc_12d2d7dc,,poi_f6726145,practical,Pune Observatory — visitor notes,"Pune Observatory sits in Pune and takes about 60 minutes to see properly. Built in stages between the fourteenth and eighteenth centuries, it repays a slow visit; the lattice screen on the inner sanctum approach is easy to miss from the main path. Photography is permitted except in the inner chamber.",en-IN,66,KV Place Guide / Pune / Pune Observatory,emb_place_12d2d7dc,,2026-08-18T10:00:00+05:30
kbc_2def5580,,poi_a42d04ae,history,Riverside Lounge — visitor notes,"Riverside Lounge sits in Manali and takes about 120 minutes to see properly. Locals treat it as a park as much as a monument, which is worth knowing before you arrive expecting silence. Photography is permitted except in the inner chamber.",en-IN,53,KV Place Guide / Manali / Riverside Lounge,emb_place_2def5580,summer,2026-08-18T10:00:00+05:30
kbc_0a7290ac,,poi_ca1e63bc,history,Sunset Point — visitor notes,"Sunset Point sits in Pune and takes about 240 minutes to see properly. Built in stages between the fourteenth and eighteenth centuries, it repays a slow visit; the step-well geometry on the north courtyard is easy to miss from the main path. Photography is permitted except in the inner chamber.",en-IN,65,KV Place Guide / Pune / Sunset Point,emb_place_0a7290ac,,2026-08-18T10:00:00+05:30
kbc_f92d9cc3,,poi_444a594d,culture,Lighthouse Beach — visitor notes,"Lighthouse Beach sits in Puri and takes about 150 minutes to see properly. Restored in the 1990s with mixed results — the inner sanctum approach is authentic, the brass door is not. The nearest usable toilets are across the road, not on site.",en-IN,55,KV Place Guide / Puri / Lighthouse Beach,emb_place_f92d9cc3,,2026-08-18T10:00:00+05:30
kbc_f375318c,,poi_6d8ec0be,culture,Ayurveda Centre — visitor notes,Ayurveda Centre sits in Nainital and takes about 180 minutes to see properly. Busiest between ten and one. Come at opening or an hour before closing and it is a different place entirely. Photography is permitted except in the inner chamber.,en-IN,53,KV Place Guide / Nainital / Ayurveda Centre,emb_place_f375318c,summer,2026-08-18T10:00:00+05:30
kbc_e7355b40,,poi_8ea44859,seasonal,Hot Springs — visitor notes,"Hot Springs sits in Thanjavur and takes about 45 minutes to see properly. The lattice screen is the reason most people come, but the inner sanctum approach behind it is quieter and arguably better. Photography is permitted except in the inner chamber.",en-IN,54,KV Place Guide / Thanjavur / Hot Springs,emb_place_e7355b40,,2026-08-18T10:00:00+05:30
kbc_c9f0bb53,,poi_8c370a2f,culture,Rock Garden — visitor notes,"Rock Garden sits in Jodhpur and takes about 180 minutes to see properly. Restored in the 1990s with mixed results — the upper gallery is authentic, the lattice screen is not. The nearest usable toilets are across the road, not on site.",en-IN,54,KV Place Guide / Jodhpur / Rock Garden,emb_place_c9f0bb53,,2026-08-18T10:00:00+05:30
kbc_1e98b1c3,,poi_ec5a00fb,culture,Backwater Channel — visitor notes,"Backwater Channel sits in Thimphu and takes about 120 minutes to see properly. Small enough to see in an hour, dense enough to reward two. Signage is uneven, so a guide helps. The nearest usable toilets are across the road, not on site.",en-IN,55,KV Place Guide / Thimphu / Backwater Channel,emb_place_1e98b1c3,spring,2026-08-18T10:00:00+05:30
kbc_c94af5cf,,poi_c814b1d0,history,Butterfly Reserve — visitor notes,"Butterfly Reserve sits in Hyderabad and takes about 150 minutes to see properly. The inscription is the reason most people come, but the riverside steps behind it is quieter and arguably better. The nearest usable toilets are across the road, not on site.",en-IN,55,KV Place Guide / Hyderabad / Butterfly Reserve,emb_place_c94af5cf,winter,2026-08-18T10:00:00+05:30
kbc_4e9d49d9,,poi_18500e1c,seasonal,Riverside Lounge — visitor notes,"Riverside Lounge sits in Singapore and takes about 60 minutes to see properly. Small enough to see in an hour, dense enough to reward two. Signage is uneven, so a guide helps. Photography is permitted except in the inner chamber.",en-IN,52,KV Place Guide / Singapore / Riverside Lounge,emb_place_4e9d49d9,,2026-08-18T10:00:00+05:30
kbc_f8537004,,poi_ebbd9619,practical,"Jazz Cellar, Abu Dhabi — visitor notes","Jazz Cellar, Abu Dhabi sits in Abu Dhabi and takes about 240 minutes to see properly. Busiest between ten and one. Come at opening or an hour before closing and it is a different place entirely. Entry is straightforward; queues build after eleven.",en-IN,55,"KV Place Guide / Abu Dhabi / Jazz Cellar, Abu Dhabi",emb_place_f8537004,,2026-08-18T10:00:00+05:30
kbc_d1e18c3d,,poi_a666cab4,practical,Alleppey Bazaar — visitor notes,"Alleppey Bazaar sits in Alleppey and takes about 45 minutes to see properly. Small enough to see in an hour, dense enough to reward two. Signage is uneven, so a guide helps. A guide is worth it here — the signage explains almost nothing.",en-IN,57,KV Place Guide / Alleppey / Alleppey Bazaar,emb_place_d1e18c3d,,2026-08-18T10:00:00+05:30
kbc_86d0ee6d,,poi_3a505801,culture,Bhubaneswar Observatory — visitor notes,Bhubaneswar Observatory sits in Bhubaneswar and takes about 240 minutes to see properly. Busiest between ten and one. Come at opening or an hour before closing and it is a different place entirely. Entry is straightforward; queues build after eleven.,en-IN,52,KV Place Guide / Bhubaneswar / Bhubaneswar Observatory,emb_place_86d0ee6d,,2026-08-18T10:00:00+05:30
kbc_e86d572b,,poi_e698d1f2,history,North Beach — visitor notes,North Beach sits in Agra and takes about 240 minutes to see properly. Busiest between ten and one. Come at opening or an hour before closing and it is a different place entirely. There is shade at the entrance but very little inside.,en-IN,55,KV Place Guide / Agra / North Beach,emb_place_e86d572b,winter,2026-08-18T10:00:00+05:30
kbc_f751f3c5,,poi_9d9e5117,history,Sunset Point — visitor notes,Sunset Point sits in Darjeeling and takes about 150 minutes to see properly. Busiest between ten and one. Come at opening or an hour before closing and it is a different place entirely. Photography is permitted except in the inner chamber.,en-IN,53,KV Place Guide / Darjeeling / Sunset Point,emb_place_f751f3c5,spring,2026-08-18T10:00:00+05:30
kbc_a308a335,,poi_80512660,culture,Butterfly Reserve — visitor notes,"Butterfly Reserve sits in Dubai and takes about 75 minutes to see properly. Small enough to see in an hour, dense enough to reward two. Signage is uneven, so a guide helps. The nearest usable toilets are across the road, not on site.",en-IN,55,KV Place Guide / Dubai / Butterfly Reserve,emb_place_a308a335,,2026-08-18T10:00:00+05:30
kbc_a286286f,,poi_a03d90a4,seasonal,Quiet Bay — visitor notes,"Quiet Bay sits in Munnar and takes about 150 minutes to see properly. Locals treat it as a park as much as a monument, which is worth knowing before you arrive expecting silence. There is shade at the entrance but very little inside.",en-IN,55,KV Place Guide / Munnar / Quiet Bay,emb_place_a286286f,,2026-08-18T10:00:00+05:30
kbc_30245f79,,poi_2bb93f07,practical,Rooftop Live Music — visitor notes,Rooftop Live Music sits in Bhubaneswar and takes about 90 minutes to see properly. Busiest between ten and one. Come at opening or an hour before closing and it is a different place entirely. A guide is worth it here — the signage explains almost nothing.,en-IN,59,KV Place Guide / Bhubaneswar / Rooftop Live Music,emb_place_30245f79,,2026-08-18T10:00:00+05:30
kbc_5dbb7ab1,,poi_9096d3f8,seasonal,Elephant Camp — visitor notes,"Elephant Camp sits in Tirupati and takes about 150 minutes to see properly. Restored in the 1990s with mixed results — the rear terrace is authentic, the carved lintel is not. The nearest usable toilets are across the road, not on site.",en-IN,54,KV Place Guide / Tirupati / Elephant Camp,emb_place_5dbb7ab1,,2026-08-18T10:00:00+05:30
kbc_a25617b3,,poi_29010ad1,culture,Great Mosque of Lucknow — visitor notes,"Great Mosque of Lucknow sits in Lucknow and takes about 90 minutes to see properly. Restored in the 1990s with mixed results — the north courtyard is authentic, the fresco panel is not. Entry is straightforward; queues build after eleven.",en-IN,52,KV Place Guide / Lucknow / Great Mosque of Lucknow,emb_place_a25617b3,,2026-08-18T10:00:00+05:30
kbc_942f843c,,poi_0d0097d8,history,Cycling Loop — visitor notes,"Cycling Loop sits in Zurich and takes about 150 minutes to see properly. Locals treat it as a park as much as a monument, which is worth knowing before you arrive expecting silence. Photography is permitted except in the inner chamber.",en-IN,53,KV Place Guide / Zurich / Cycling Loop,emb_place_942f843c,,2026-08-18T10:00:00+05:30
kbc_075a5168,,poi_46ade188,history,Maritime Museum — visitor notes,"Maritime Museum sits in Visakhapatnam and takes about 150 minutes to see properly. Restored in the 1990s with mixed results — the north courtyard is authentic, the tile mosaic is not. There is shade at the entrance but very little inside.",en-IN,53,KV Place Guide / Visakhapatnam / Maritime Museum,emb_place_075a5168,winter,2026-08-18T10:00:00+05:30
kbc_2358af86,,poi_6a074d03,history,Hot Springs — visitor notes,Hot Springs sits in Visakhapatnam and takes about 75 minutes to see properly. Busiest between ten and one. Come at opening or an hour before closing and it is a different place entirely. There is shade at the entrance but very little inside.,en-IN,55,KV Place Guide / Visakhapatnam / Hot Springs,emb_place_2358af86,,2026-08-18T10:00:00+05:30
kbc_fef938b2,,poi_e0c06ade,practical,Alleppey Lake — visitor notes,"Alleppey Lake sits in Alleppey and takes about 150 minutes to see properly. Locals treat it as a park as much as a monument, which is worth knowing before you arrive expecting silence. Photography is permitted except in the inner chamber.",en-IN,53,KV Place Guide / Alleppey / Alleppey Lake,emb_place_fef938b2,,2026-08-18T10:00:00+05:30
kbc_af1fae56,,poi_986efb66,culture,Handloom Cooperative — visitor notes,"Handloom Cooperative sits in Thiruvananthapuram and takes about 60 minutes to see properly. Restored in the 1990s with mixed results — the inner sanctum approach is authentic, the carved lintel is not. There is shade at the entrance but very little inside.",en-IN,54,KV Place Guide / Thiruvananthapuram / Handloom Cooperative,emb_place_af1fae56,,2026-08-18T10:00:00+05:30
kbc_08c328a6,,poi_8c2e2ce7,seasonal,Museum of Coins — visitor notes,"Museum of Coins sits in Madurai and takes about 240 minutes to see properly. Small enough to see in an hour, dense enough to reward two. Signage is uneven, so a guide helps. There is shade at the entrance but very little inside.",en-IN,55,KV Place Guide / Madurai / Museum of Coins,emb_place_08c328a6,winter,2026-08-18T10:00:00+05:30
kbc_53daac58,,poi_ac50e745,practical,Blue Pottery Workshop — visitor notes,"Blue Pottery Workshop sits in Kochi and takes about 120 minutes to see properly. Built in stages between the fourteenth and eighteenth centuries, it repays a slow visit; the carved lintel on the upper gallery is easy to miss from the main path. Photography is permitted except in the inner chamber.",en-IN,66,KV Place Guide / Kochi / Blue Pottery Workshop,emb_place_53daac58,,2026-08-18T10:00:00+05:30
kbc_b67ba349,,poi_f2bc64a8,history,Lighthouse Beach — visitor notes,"Lighthouse Beach sits in Guwahati and takes about 150 minutes to see properly. Locals treat it as a park as much as a monument, which is worth knowing before you arrive expecting silence. There is shade at the entrance but very little inside.",en-IN,55,KV Place Guide / Guwahati / Lighthouse Beach,emb_place_b67ba349,,2026-08-18T10:00:00+05:30
kbc_f21d170d,,poi_f5306b2a,history,Watchtower Terrace — visitor notes,Watchtower Terrace sits in Doha and takes about 60 minutes to see properly. Busiest between ten and one. Come at opening or an hour before closing and it is a different place entirely. There is shade at the entrance but very little inside.,en-IN,55,KV Place Guide / Doha / Watchtower Terrace,emb_place_f21d170d,,2026-08-18T10:00:00+05:30
kbc_ee1e4c1a,,poi_b6e36b7d,practical,Watchtower Terrace — visitor notes,Watchtower Terrace sits in Kyoto and takes about 75 minutes to see properly. Busiest between ten and one. Come at opening or an hour before closing and it is a different place entirely. A guide is worth it here — the signage explains almost nothing.,en-IN,58,KV Place Guide / Kyoto / Watchtower Terrace,emb_place_ee1e4c1a,,2026-08-18T10:00:00+05:30
kbc_d54760db,,poi_c9bd1fcd,culture,Rock Garden — visitor notes,"Rock Garden sits in Bangkok and takes about 75 minutes to see properly. The tile mosaic is the reason most people come, but the riverside steps behind it is quieter and arguably better. There is shade at the entrance but very little inside.",en-IN,55,KV Place Guide / Bangkok / Rock Garden,emb_place_d54760db,,2026-08-18T10:00:00+05:30
kbc_3b4380bb,,poi_64a35db3,history,North Beach — visitor notes,"North Beach sits in Pondicherry and takes about 240 minutes to see properly. Locals treat it as a park as much as a monument, which is worth knowing before you arrive expecting silence. There is shade at the entrance but very little inside.",en-IN,55,KV Place Guide / Pondicherry / North Beach,emb_place_3b4380bb,winter,2026-08-18T10:00:00+05:30
kbc_884683e9,,poi_6f8881e5,history,Watchtower Terrace — visitor notes,"Watchtower Terrace sits in Bali and takes about 240 minutes to see properly. Restored in the 1990s with mixed results — the inner sanctum approach is authentic, the lattice screen is not. Entry is straightforward; queues build after eleven.",en-IN,50,KV Place Guide / Bali / Watchtower Terrace,emb_place_884683e9,,2026-08-18T10:00:00+05:30
kbc_8287dfd5,,poi_a6e080dd,culture,Night Food Bazaar — visitor notes,"Night Food Bazaar sits in Jodhpur and takes about 75 minutes to see properly. Restored in the 1990s with mixed results — the rear terrace is authentic, the tile mosaic is not. The nearest usable toilets are across the road, not on site.",en-IN,55,KV Place Guide / Jodhpur / Night Food Bazaar,emb_place_8287dfd5,,2026-08-18T10:00:00+05:30
kbc_fb5a7e06,,poi_6a46e565,culture,North Beach — visitor notes,North Beach sits in Abu Dhabi and takes about 150 minutes to see properly. Busiest between ten and one. Come at opening or an hour before closing and it is a different place entirely. Entry is straightforward; queues build after eleven.,en-IN,53,KV Place Guide / Abu Dhabi / North Beach,emb_place_fb5a7e06,,2026-08-18T10:00:00+05:30
kbc_33bc5848,,poi_671bd504,culture,Kayaking at Aurangabad — visitor notes,"Kayaking at Aurangabad sits in Aurangabad and takes about 60 minutes to see properly. Locals treat it as a park as much as a monument, which is worth knowing before you arrive expecting silence. Entry is straightforward; queues build after eleven.",en-IN,53,KV Place Guide / Aurangabad / Kayaking at Aurangabad,emb_place_33bc5848,,2026-08-18T10:00:00+05:30
kbc_10ae791b,,poi_428db857,culture,Ayurveda Centre — visitor notes,"Ayurveda Centre sits in New Delhi and takes about 60 minutes to see properly. Built in stages between the fourteenth and eighteenth centuries, it repays a slow visit; the fresco panel on the rear terrace is easy to miss from the main path. Entry is straightforward; queues build after eleven.",en-IN,65,KV Place Guide / New Delhi / Ayurveda Centre,emb_place_10ae791b,winter,2026-08-18T10:00:00+05:30
kbc_4b561221,,poi_efb828ad,history,Jodhpur Viewpoint — visitor notes,Jodhpur Viewpoint sits in Jodhpur and takes about 120 minutes to see properly. Busiest between ten and one. Come at opening or an hour before closing and it is a different place entirely. Entry is straightforward; queues build after eleven.,en-IN,52,KV Place Guide / Jodhpur / Jodhpur Viewpoint,emb_place_4b561221,,2026-08-18T10:00:00+05:30
kbc_84baed11,,poi_f6d9652b,practical,Quiet Bay — visitor notes,"Quiet Bay sits in Kandy and takes about 60 minutes to see properly. Locals treat it as a park as much as a monument, which is worth knowing before you arrive expecting silence. There is shade at the entrance but very little inside.",en-IN,55,KV Place Guide / Kandy / Quiet Bay,emb_place_84baed11,,2026-08-18T10:00:00+05:30
kbc_639e6480,,poi_ba5291a4,seasonal,Hot Springs — visitor notes,"Hot Springs sits in Tirupati and takes about 180 minutes to see properly. Built in stages between the fourteenth and eighteenth centuries, it repays a slow visit; the step-well geometry on the inner sanctum approach is easy to miss from the main path. Entry is straightforward; queues build after eleven.",en-IN,65,KV Place Guide / Tirupati / Hot Springs,emb_place_639e6480,,2026-08-18T10:00:00+05:30
kbc_3e6b940b,,poi_cfe191ae,history,Royal Cenotaphs — visitor notes,"Royal Cenotaphs sits in Lucknow and takes about 240 minutes to see properly. Restored in the 1990s with mixed results — the north courtyard is authentic, the lattice screen is not. Photography is permitted except in the inner chamber.",en-IN,50,KV Place Guide / Lucknow / Royal Cenotaphs,emb_place_3e6b940b,,2026-08-18T10:00:00+05:30
kbc_c69edf9c,,poi_f79642d1,culture,Rock Climbing Wall — visitor notes,"Rock Climbing Wall sits in Panaji and takes about 120 minutes to see properly. Small enough to see in an hour, dense enough to reward two. Signage is uneven, so a guide helps. Entry is straightforward; queues build after eleven.",en-IN,52,KV Place Guide / Panaji / Rock Climbing Wall,emb_place_c69edf9c,,2026-08-18T10:00:00+05:30
kbc_dc0c2fd0,,poi_a1220965,practical,Sunset Point — visitor notes,"Sunset Point sits in Munnar and takes about 90 minutes to see properly. Restored in the 1990s with mixed results — the riverside steps is authentic, the step-well geometry is not. Photography is permitted except in the inner chamber.",en-IN,50,KV Place Guide / Munnar / Sunset Point,emb_place_dc0c2fd0,winter,2026-08-18T10:00:00+05:30
kbc_db35132f,,poi_d19e8a0d,practical,Butterfly Reserve — visitor notes,"Butterfly Reserve sits in Manali and takes about 180 minutes to see properly. The mirror work is the reason most people come, but the colonnade behind it is quieter and arguably better. A guide is worth it here — the signage explains almost nothing.",en-IN,57,KV Place Guide / Manali / Butterfly Reserve,emb_place_db35132f,,2026-08-18T10:00:00+05:30
kbc_edf36b0b,,poi_2b68f8e3,history,Kayaking at Amritsar — visitor notes,Kayaking at Amritsar sits in Amritsar and takes about 60 minutes to see properly. Busiest between ten and one. Come at opening or an hour before closing and it is a different place entirely. There is shade at the entrance but very little inside.,en-IN,57,KV Place Guide / Amritsar / Kayaking at Amritsar,emb_place_edf36b0b,,2026-08-18T10:00:00+05:30
kbc_6527d17c,,poi_6cf96802,practical,Riverside Lounge — visitor notes,"Riverside Lounge sits in Varanasi and takes about 60 minutes to see properly. Built in stages between the fourteenth and eighteenth centuries, it repays a slow visit; the inscription on the riverside steps is easy to miss from the main path. A guide is worth it here — the signage explains almost nothing.",en-IN,68,KV Place Guide / Varanasi / Riverside Lounge,emb_place_6527d17c,,2026-08-18T10:00:00+05:30
kbc_c5a9e224,,poi_a8ca10a8,seasonal,Rock Climbing Wall — visitor notes,Rock Climbing Wall sits in New Delhi and takes about 120 minutes to see properly. Busiest between ten and one. Come at opening or an hour before closing and it is a different place entirely. Photography is permitted except in the inner chamber.,en-IN,55,KV Place Guide / New Delhi / Rock Climbing Wall,emb_place_c5a9e224,,2026-08-18T10:00:00+05:30
kbc_27ba74d2,,poi_7dbcbc93,practical,Cliff Walk — visitor notes,"Cliff Walk sits in Kyoto and takes about 60 minutes to see properly. Built in stages between the fourteenth and eighteenth centuries, it repays a slow visit; the step-well geometry on the colonnade is easy to miss from the main path. A guide is worth it here — the signage explains almost nothing.",en-IN,68,KV Place Guide / Kyoto / Cliff Walk,emb_place_27ba74d2,,2026-08-18T10:00:00+05:30
kbc_acddd5e5,,poi_8c65234d,practical,Riverside Lounge — visitor notes,"Riverside Lounge sits in Panaji and takes about 90 minutes to see properly. Restored in the 1990s with mixed results — the riverside steps is authentic, the fresco panel is not. A guide is worth it here — the signage explains almost nothing.",en-IN,55,KV Place Guide / Panaji / Riverside Lounge,emb_place_acddd5e5,,2026-08-18T10:00:00+05:30
kbc_f5ec5ec6,,poi_b95f08bb,practical,Mysuru Stepwell — visitor notes,"Mysuru Stepwell sits in Mysuru and takes about 150 minutes to see properly. Small enough to see in an hour, dense enough to reward two. Signage is uneven, so a guide helps. Entry is straightforward; queues build after eleven.",en-IN,50,KV Place Guide / Mysuru / Mysuru Stepwell,emb_place_f5ec5ec6,,2026-08-18T10:00:00+05:30
kbc_e2fa2e53,,poi_c0f909cd,culture,Hilltop Shrine — visitor notes,"Hilltop Shrine sits in Tirupati and takes about 180 minutes to see properly. Locals treat it as a park as much as a monument, which is worth knowing before you arrive expecting silence. Entry is straightforward; queues build after eleven.",en-IN,52,KV Place Guide / Tirupati / Hilltop Shrine,emb_place_e2fa2e53,winter,2026-08-18T10:00:00+05:30
kbc_b35e9e96,,poi_3cd58d03,seasonal,Botanical Gardens — visitor notes,"Botanical Gardens sits in Manali and takes about 60 minutes to see properly. Built in stages between the fourteenth and eighteenth centuries, it repays a slow visit; the fresco panel on the upper gallery is easy to miss from the main path. Entry is straightforward; queues build after eleven.",en-IN,63,KV Place Guide / Manali / Botanical Gardens,emb_place_b35e9e96,summer,2026-08-18T10:00:00+05:30
kbc_710d0d1e,,poi_abed8837,culture,Riverside Lounge — visitor notes,"Riverside Lounge sits in Bhubaneswar and takes about 120 minutes to see properly. Small enough to see in an hour, dense enough to reward two. Signage is uneven, so a guide helps. The nearest usable toilets are across the road, not on site.",en-IN,55,KV Place Guide / Bhubaneswar / Riverside Lounge,emb_place_710d0d1e,winter,2026-08-18T10:00:00+05:30
kbc_356e65ea,,poi_0f836f1a,culture,Abu Dhabi Bazaar — visitor notes,"Abu Dhabi Bazaar sits in Abu Dhabi and takes about 45 minutes to see properly. Built in stages between the fourteenth and eighteenth centuries, it repays a slow visit; the mirror work on the upper gallery is easy to miss from the main path. Photography is permitted except in the inner chamber.",en-IN,67,KV Place Guide / Abu Dhabi / Abu Dhabi Bazaar,emb_place_356e65ea,,2026-08-18T10:00:00+05:30
kbc_9fe57a7b,,poi_d94e1880,practical,Backwater Channel — visitor notes,"Backwater Channel sits in Agra and takes about 180 minutes to see properly. Built in stages between the fourteenth and eighteenth centuries, it repays a slow visit; the inscription on the north courtyard is easy to miss from the main path. There is shade at the entrance but very little inside.",en-IN,66,KV Place Guide / Agra / Backwater Channel,emb_place_9fe57a7b,winter,2026-08-18T10:00:00+05:30
kbc_6f389f50,,poi_78369b26,history,Fishermen's Cove — visitor notes,"Fishermen's Cove sits in Hampi and takes about 45 minutes to see properly. Built in stages between the fourteenth and eighteenth centuries, it repays a slow visit; the lattice screen on the colonnade is easy to miss from the main path. The nearest usable toilets are across the road, not on site.",en-IN,67,KV Place Guide / Hampi / Fishermen's Cove,emb_place_6f389f50,winter,2026-08-18T10:00:00+05:30
kbc_dd87271d,,poi_ee320088,seasonal,Cycling Loop — visitor notes,Cycling Loop sits in Kuala Lumpur and takes about 120 minutes to see properly. Busiest between ten and one. Come at opening or an hour before closing and it is a different place entirely. There is shade at the entrance but very little inside.,en-IN,57,KV Place Guide / Kuala Lumpur / Cycling Loop,emb_place_dd87271d,summer,2026-08-18T10:00:00+05:30
kbc_62b48e39,,poi_1f6b3fea,practical,Varanasi Viewpoint — visitor notes,"Varanasi Viewpoint sits in Varanasi and takes about 240 minutes to see properly. The tile mosaic is the reason most people come, but the riverside steps behind it is quieter and arguably better. Photography is permitted except in the inner chamber.",en-IN,53,KV Place Guide / Varanasi / Varanasi Viewpoint,emb_place_62b48e39,,2026-08-18T10:00:00+05:30
kbc_634b3070,,poi_3eddf245,history,Great Mosque of Guwahati — visitor notes,"Great Mosque of Guwahati sits in Guwahati and takes about 60 minutes to see properly. The brass door is the reason most people come, but the rear terrace behind it is quieter and arguably better. The nearest usable toilets are across the road, not on site.",en-IN,59,KV Place Guide / Guwahati / Great Mosque of Guwahati,emb_place_634b3070,,2026-08-18T10:00:00+05:30
kbc_f6fa6e65,,poi_9568c284,seasonal,"Gallery of Modern Art, Kolkata — visitor notes","Gallery of Modern Art, Kolkata sits in Kolkata and takes about 240 minutes to see properly. Restored in the 1990s with mixed results — the north courtyard is authentic, the inscription is not. Photography is permitted except in the inner chamber.",en-IN,53,"KV Place Guide / Kolkata / Gallery of Modern Art, Kolkata",emb_place_f6fa6e65,winter,2026-08-18T10:00:00+05:30
kbc_ecd4508f,,poi_f5f4cb80,culture,Hilltop Shrine — visitor notes,Hilltop Shrine sits in Thanjavur and takes about 75 minutes to see properly. Busiest between ten and one. Come at opening or an hour before closing and it is a different place entirely. Entry is straightforward; queues build after eleven.,en-IN,52,KV Place Guide / Thanjavur / Hilltop Shrine,emb_place_ecd4508f,,2026-08-18T10:00:00+05:30
kbc_46471553,,poi_231377ba,seasonal,Rock Garden — visitor notes,"Rock Garden sits in Mysuru and takes about 150 minutes to see properly. The mirror work is the reason most people come, but the riverside steps behind it is quieter and arguably better. The nearest usable toilets are across the road, not on site.",en-IN,57,KV Place Guide / Mysuru / Rock Garden,emb_place_46471553,post_monsoon,2026-08-18T10:00:00+05:30
kbc_09cf4441,,poi_0c5014db,culture,Lighthouse Beach — visitor notes,"Lighthouse Beach sits in Wayanad and takes about 60 minutes to see properly. Small enough to see in an hour, dense enough to reward two. Signage is uneven, so a guide helps. Entry is straightforward; queues build after eleven.",en-IN,50,KV Place Guide / Wayanad / Lighthouse Beach,emb_place_09cf4441,,2026-08-18T10:00:00+05:30
kbc_ff1576d4,,poi_a3563f3f,history,Ridge Lookout — visitor notes,"Ridge Lookout sits in Pondicherry and takes about 120 minutes to see properly. Small enough to see in an hour, dense enough to reward two. Signage is uneven, so a guide helps. Photography is permitted except in the inner chamber.",en-IN,52,KV Place Guide / Pondicherry / Ridge Lookout,emb_place_ff1576d4,,2026-08-18T10:00:00+05:30
kbc_451fd1cf,,poi_a0cb84df,history,Watchtower Terrace — visitor notes,Watchtower Terrace sits in Kuala Lumpur and takes about 240 minutes to see properly. Busiest between ten and one. Come at opening or an hour before closing and it is a different place entirely. Photography is permitted except in the inner chamber.,en-IN,54,KV Place Guide / Kuala Lumpur / Watchtower Terrace,emb_place_451fd1cf,summer,2026-08-18T10:00:00+05:30
kbc_1e9f1a83,,poi_7cd2e8cd,practical,Museum of Coins — visitor notes,"Museum of Coins sits in Nainital and takes about 45 minutes to see properly. The inscription is the reason most people come, but the riverside steps behind it is quieter and arguably better. There is shade at the entrance but very little inside.",en-IN,55,KV Place Guide / Nainital / Museum of Coins,emb_place_1e9f1a83,summer,2026-08-18T10:00:00+05:30
kbc_2714ffdf,,poi_db424623,history,Tea Estate Trail — visitor notes,"Tea Estate Trail sits in Kathmandu and takes about 240 minutes to see properly. Small enough to see in an hour, dense enough to reward two. Signage is uneven, so a guide helps. A guide is worth it here — the signage explains almost nothing.",en-IN,58,KV Place Guide / Kathmandu / Tea Estate Trail,emb_place_2714ffdf,autumn,2026-08-18T10:00:00+05:30
kbc_3c65c0ac,,poi_987e5208,seasonal,Cliff Walk — visitor notes,"Cliff Walk sits in Chennai and takes about 75 minutes to see properly. Restored in the 1990s with mixed results — the riverside steps is authentic, the inscription is not. There is shade at the entrance but very little inside.",en-IN,52,KV Place Guide / Chennai / Cliff Walk,emb_place_3c65c0ac,,2026-08-18T10:00:00+05:30
kbc_86e48b3e,,poi_b97083bd,practical,Textile Museum — visitor notes,Textile Museum sits in Hyderabad and takes about 60 minutes to see properly. Busiest between ten and one. Come at opening or an hour before closing and it is a different place entirely. A guide is worth it here — the signage explains almost nothing.,en-IN,58,KV Place Guide / Hyderabad / Textile Museum,emb_place_86e48b3e,,2026-08-18T10:00:00+05:30
kbc_193f2147,,poi_813f1ef8,culture,"Jazz Cellar, Gangtok — visitor notes","Jazz Cellar, Gangtok sits in Gangtok and takes about 120 minutes to see properly. Restored in the 1990s with mixed results — the rear terrace is authentic, the lattice screen is not. Entry is straightforward; queues build after eleven.",en-IN,50,"KV Place Guide / Gangtok / Jazz Cellar, Gangtok",emb_place_193f2147,,2026-08-18T10:00:00+05:30
kbc_1127a80d,,poi_a1e5f2e6,seasonal,Yoga Shala — visitor notes,"Yoga Shala sits in Nainital and takes about 45 minutes to see properly. Built in stages between the fourteenth and eighteenth centuries, it repays a slow visit; the lattice screen on the inner sanctum approach is easy to miss from the main path. There is shade at the entrance but very little inside.",en-IN,68,KV Place Guide / Nainital / Yoga Shala,emb_place_1127a80d,summer,2026-08-18T10:00:00+05:30
kbc_b4335829,,poi_4020e2ba,seasonal,Yoga Shala — visitor notes,"Yoga Shala sits in Pondicherry and takes about 120 minutes to see properly. Built in stages between the fourteenth and eighteenth centuries, it repays a slow visit; the step-well geometry on the colonnade is easy to miss from the main path. Entry is straightforward; queues build after eleven.",en-IN,62,KV Place Guide / Pondicherry / Yoga Shala,emb_place_b4335829,,2026-08-18T10:00:00+05:30
kbc_a8f2f3e1,,poi_c0128d7d,seasonal,Udaipur Street Food Lane — visitor notes,Udaipur Street Food Lane sits in Udaipur and takes about 240 minutes to see properly. Busiest between ten and one. Come at opening or an hour before closing and it is a different place entirely. There is shade at the entrance but very little inside.,en-IN,58,KV Place Guide / Udaipur / Udaipur Street Food Lane,emb_place_a8f2f3e1,winter,2026-08-18T10:00:00+05:30
kbc_e5c686f7,,poi_6631745a,culture,Ridge Lookout — visitor notes,Ridge Lookout sits in Hyderabad and takes about 150 minutes to see properly. Busiest between ten and one. Come at opening or an hour before closing and it is a different place entirely. Photography is permitted except in the inner chamber.,en-IN,53,KV Place Guide / Hyderabad / Ridge Lookout,emb_place_e5c686f7,winter,2026-08-18T10:00:00+05:30
kbc_9d4632eb,,poi_9f4c8d7a,culture,Textile Museum — visitor notes,"Textile Museum sits in Gokarna and takes about 120 minutes to see properly. Small enough to see in an hour, dense enough to reward two. Signage is uneven, so a guide helps. Photography is permitted except in the inner chamber.",en-IN,52,KV Place Guide / Gokarna / Textile Museum,emb_place_9d4632eb,,2026-08-18T10:00:00+05:30
kbc_91786a78,,poi_ee0bae13,seasonal,Jain Temple Complex — visitor notes,"Jain Temple Complex sits in Gangtok and takes about 180 minutes to see properly. Locals treat it as a park as much as a monument, which is worth knowing before you arrive expecting silence. A guide is worth it here — the signage explains almost nothing.",en-IN,59,KV Place Guide / Gangtok / Jain Temple Complex,emb_place_91786a78,,2026-08-18T10:00:00+05:30
kbc_77373740,,poi_5c5a5450,culture,Hot Springs — visitor notes,"Hot Springs sits in Mysuru and takes about 150 minutes to see properly. Restored in the 1990s with mixed results — the rear terrace is authentic, the brass door is not. The nearest usable toilets are across the road, not on site.",en-IN,54,KV Place Guide / Mysuru / Hot Springs,emb_place_77373740,,2026-08-18T10:00:00+05:30
kbc_23a0bbf0,,poi_b52743ff,seasonal,Elephant Camp — visitor notes,"Elephant Camp sits in Puri and takes about 75 minutes to see properly. Small enough to see in an hour, dense enough to reward two. Signage is uneven, so a guide helps. A guide is worth it here — the signage explains almost nothing.",en-IN,57,KV Place Guide / Puri / Elephant Camp,emb_place_23a0bbf0,,2026-08-18T10:00:00+05:30
kbc_d721d519,,poi_f2a26f1f,seasonal,Leh Lake — visitor notes,"Leh Lake sits in Leh and takes about 75 minutes to see properly. Built in stages between the fourteenth and eighteenth centuries, it repays a slow visit; the step-well geometry on the rear terrace is easy to miss from the main path. Photography is permitted except in the inner chamber.",en-IN,65,KV Place Guide / Leh / Leh Lake,emb_place_d721d519,,2026-08-18T10:00:00+05:30
kbc_1dbe6fed,,poi_981e6149,practical,Coffee Roastery Tour — visitor notes,"Coffee Roastery Tour sits in Manali and takes about 120 minutes to see properly. Built in stages between the fourteenth and eighteenth centuries, it repays a slow visit; the brass door on the upper gallery is easy to miss from the main path. The nearest usable toilets are across the road, not on site.",en-IN,70,KV Place Guide / Manali / Coffee Roastery Tour,emb_place_1dbe6fed,summer,2026-08-18T10:00:00+05:30
kbc_2bf432d5,,poi_0fa49039,culture,Hot Springs — visitor notes,"Hot Springs sits in Thanjavur and takes about 45 minutes to see properly. Small enough to see in an hour, dense enough to reward two. Signage is uneven, so a guide helps. Entry is straightforward; queues build after eleven.",en-IN,50,KV Place Guide / Thanjavur / Hot Springs,emb_place_2bf432d5,,2026-08-18T10:00:00+05:30
kbc_5b5973f1,,poi_8778cdc9,practical,North Beach — visitor notes,"North Beach sits in Chennai and takes about 75 minutes to see properly. Small enough to see in an hour, dense enough to reward two. Signage is uneven, so a guide helps. There is shade at the entrance but very little inside.",en-IN,54,KV Place Guide / Chennai / North Beach,emb_place_5b5973f1,winter,2026-08-18T10:00:00+05:30
kbc_5a20f624,,poi_6431c980,practical,Cooking Class at Old Town — visitor notes,Cooking Class at Old Town sits in Shimla and takes about 120 minutes to see properly. Busiest between ten and one. Come at opening or an hour before closing and it is a different place entirely. Photography is permitted except in the inner chamber.,en-IN,57,KV Place Guide / Shimla / Cooking Class at Old Town,emb_place_5a20f624,summer,2026-08-18T10:00:00+05:30
kbc_de64c9b8,,poi_679c6407,practical,Night Food Bazaar — visitor notes,"Night Food Bazaar sits in Wayanad and takes about 150 minutes to see properly. The mirror work is the reason most people come, but the rear terrace behind it is quieter and arguably better. The nearest usable toilets are across the road, not on site.",en-IN,58,KV Place Guide / Wayanad / Night Food Bazaar,emb_place_de64c9b8,,2026-08-18T10:00:00+05:30
kbc_05dab284,,poi_0419848e,history,Cooking Class at Old Town — visitor notes,"Cooking Class at Old Town sits in Colombo and takes about 120 minutes to see properly. Restored in the 1990s with mixed results — the colonnade is authentic, the fresco panel is not. There is shade at the entrance but very little inside.",en-IN,55,KV Place Guide / Colombo / Cooking Class at Old Town,emb_place_05dab284,,2026-08-18T10:00:00+05:30
kbc_9205d258,,poi_ac095ceb,seasonal,Butterfly Reserve — visitor notes,"Butterfly Reserve sits in Singapore and takes about 60 minutes to see properly. Restored in the 1990s with mixed results — the north courtyard is authentic, the lattice screen is not. The nearest usable toilets are across the road, not on site.",en-IN,54,KV Place Guide / Singapore / Butterfly Reserve,emb_place_9205d258,,2026-08-18T10:00:00+05:30
kbc_3a09312f,,poi_bf2fe1b8,seasonal,Kathmandu Stepwell — visitor notes,"Kathmandu Stepwell sits in Kathmandu and takes about 120 minutes to see properly. Locals treat it as a park as much as a monument, which is worth knowing before you arrive expecting silence. Photography is permitted except in the inner chamber.",en-IN,53,KV Place Guide / Kathmandu / Kathmandu Stepwell,emb_place_3a09312f,,2026-08-18T10:00:00+05:30
kbc_a899c71b,,poi_f161b897,practical,Riverside Lounge — visitor notes,"Riverside Lounge sits in Doha and takes about 180 minutes to see properly. Built in stages between the fourteenth and eighteenth centuries, it repays a slow visit; the brass door on the colonnade is easy to miss from the main path. The nearest usable toilets are across the road, not on site.",en-IN,67,KV Place Guide / Doha / Riverside Lounge,emb_place_a899c71b,,2026-08-18T10:00:00+05:30
kbc_224e0fd2,,poi_5fab4a4a,practical,Kayaking at Aurangabad — visitor notes,"Kayaking at Aurangabad sits in Aurangabad and takes about 45 minutes to see properly. Small enough to see in an hour, dense enough to reward two. Signage is uneven, so a guide helps. Photography is permitted except in the inner chamber.",en-IN,53,KV Place Guide / Aurangabad / Kayaking at Aurangabad,emb_place_224e0fd2,winter,2026-08-18T10:00:00+05:30
kbc_2821aa7a,,poi_63cd6ccb,history,Ayurveda Centre — visitor notes,"Ayurveda Centre sits in Chennai and takes about 90 minutes to see properly. Small enough to see in an hour, dense enough to reward two. Signage is uneven, so a guide helps. Entry is straightforward; queues build after eleven.",en-IN,50,KV Place Guide / Chennai / Ayurveda Centre,emb_place_2821aa7a,,2026-08-18T10:00:00+05:30
kbc_7e5007cc,,poi_f4eeb66a,seasonal,Cycling Loop — visitor notes,"Cycling Loop sits in Thimphu and takes about 90 minutes to see properly. Built in stages between the fourteenth and eighteenth centuries, it repays a slow visit; the step-well geometry on the upper gallery is easy to miss from the main path. A guide is worth it here — the signage explains almost nothing.",en-IN,70,KV Place Guide / Thimphu / Cycling Loop,emb_place_7e5007cc,spring,2026-08-18T10:00:00+05:30
kbc_c0384766,,poi_c102d66f,seasonal,Lighthouse Beach — visitor notes,"Lighthouse Beach sits in Ooty and takes about 45 minutes to see properly. The tile mosaic is the reason most people come, but the north courtyard behind it is quieter and arguably better. There is shade at the entrance but very little inside.",en-IN,55,KV Place Guide / Ooty / Lighthouse Beach,emb_place_c0384766,,2026-08-18T10:00:00+05:30
kbc_bb48afa4,,poi_ac776f7b,practical,Cycling Loop — visitor notes,"Cycling Loop sits in Kuala Lumpur and takes about 60 minutes to see properly. Built in stages between the fourteenth and eighteenth centuries, it repays a slow visit; the step-well geometry on the colonnade is easy to miss from the main path. The nearest usable toilets are across the road, not on site.",en-IN,68,KV Place Guide / Kuala Lumpur / Cycling Loop,emb_place_bb48afa4,summer,2026-08-18T10:00:00+05:30
kbc_f0571373,,poi_1fcba288,culture,Crocodile Park — visitor notes,Crocodile Park sits in Kyoto and takes about 240 minutes to see properly. Busiest between ten and one. Come at opening or an hour before closing and it is a different place entirely. Photography is permitted except in the inner chamber.,en-IN,53,KV Place Guide / Kyoto / Crocodile Park,emb_place_f0571373,spring,2026-08-18T10:00:00+05:30
kbc_f2b8fa80,,poi_6b45f5d8,culture,Rock Garden — visitor notes,"Rock Garden sits in Udaipur and takes about 90 minutes to see properly. Built in stages between the fourteenth and eighteenth centuries, it repays a slow visit; the inscription on the riverside steps is easy to miss from the main path. A guide is worth it here — the signage explains almost nothing.",en-IN,68,KV Place Guide / Udaipur / Rock Garden,emb_place_f2b8fa80,,2026-08-18T10:00:00+05:30
kbc_fc7d5fb9,,poi_e8cfe658,seasonal,Kyoto Temple — visitor notes,"Kyoto Temple sits in Kyoto and takes about 150 minutes to see properly. Small enough to see in an hour, dense enough to reward two. Signage is uneven, so a guide helps. A guide is worth it here — the signage explains almost nothing.",en-IN,57,KV Place Guide / Kyoto / Kyoto Temple,emb_place_fc7d5fb9,,2026-08-18T10:00:00+05:30
kbc_e62bbd24,,poi_f180e07b,culture,Tea Estate Trail — visitor notes,"Tea Estate Trail sits in Kochi and takes about 180 minutes to see properly. Locals treat it as a park as much as a monument, which is worth knowing before you arrive expecting silence. The nearest usable toilets are across the road, not on site.",en-IN,58,KV Place Guide / Kochi / Tea Estate Trail,emb_place_e62bbd24,winter,2026-08-18T10:00:00+05:30
kbc_2c3fda01,,poi_7266e8b1,seasonal,Watchtower Terrace — visitor notes,"Watchtower Terrace sits in Alleppey and takes about 75 minutes to see properly. Small enough to see in an hour, dense enough to reward two. Signage is uneven, so a guide helps. Photography is permitted except in the inner chamber.",en-IN,52,KV Place Guide / Alleppey / Watchtower Terrace,emb_place_2c3fda01,,2026-08-18T10:00:00+05:30
kbc_21edb993,,poi_3383cc81,history,"Jazz Cellar, Jodhpur — visitor notes","Jazz Cellar, Jodhpur sits in Jodhpur and takes about 120 minutes to see properly. Built in stages between the fourteenth and eighteenth centuries, it repays a slow visit; the tile mosaic on the rear terrace is easy to miss from the main path. Photography is permitted except in the inner chamber.",en-IN,66,"KV Place Guide / Jodhpur / Jazz Cellar, Jodhpur",emb_place_21edb993,,2026-08-18T10:00:00+05:30
kbc_70963eee,,poi_31805fa5,culture,Coffee Roastery Tour — visitor notes,"Coffee Roastery Tour sits in Kolkata and takes about 60 minutes to see properly. The tile mosaic is the reason most people come, but the inner sanctum approach behind it is quieter and arguably better. Photography is permitted except in the inner chamber.",en-IN,55,KV Place Guide / Kolkata / Coffee Roastery Tour,emb_place_70963eee,,2026-08-18T10:00:00+05:30
kbc_ebabb007,,poi_6f608f35,practical,Rock Garden — visitor notes,"Rock Garden sits in Munnar and takes about 45 minutes to see properly. Locals treat it as a park as much as a monument, which is worth knowing before you arrive expecting silence. The nearest usable toilets are across the road, not on site.",en-IN,57,KV Place Guide / Munnar / Rock Garden,emb_place_ebabb007,,2026-08-18T10:00:00+05:30
kbc_8deebfec,,poi_7b6f84f7,history,Riverside Lounge — visitor notes,"Riverside Lounge sits in Chennai and takes about 180 minutes to see properly. The brass door is the reason most people come, but the riverside steps behind it is quieter and arguably better. Entry is straightforward; queues build after eleven.",en-IN,52,KV Place Guide / Chennai / Riverside Lounge,emb_place_8deebfec,winter,2026-08-18T10:00:00+05:30
kbc_55ce47dd,,poi_bd12d26b,history,Textile Museum — visitor notes,"Textile Museum sits in Leh and takes about 120 minutes to see properly. Locals treat it as a park as much as a monument, which is worth knowing before you arrive expecting silence. There is shade at the entrance but very little inside.",en-IN,55,KV Place Guide / Leh / Textile Museum,emb_place_55ce47dd,summer,2026-08-18T10:00:00+05:30
kbc_315a5e57,,poi_05550f9c,culture,Night Food Bazaar — visitor notes,"Night Food Bazaar sits in Shimla and takes about 75 minutes to see properly. Locals treat it as a park as much as a monument, which is worth knowing before you arrive expecting silence. A guide is worth it here — the signage explains almost nothing.",en-IN,59,KV Place Guide / Shimla / Night Food Bazaar,emb_place_315a5e57,,2026-08-18T10:00:00+05:30
kbc_4a3cf637,,poi_56eec1f7,culture,Riverside Lounge — visitor notes,"Riverside Lounge sits in Manali and takes about 75 minutes to see properly. Built in stages between the fourteenth and eighteenth centuries, it repays a slow visit; the inscription on the inner sanctum approach is easy to miss from the main path. A guide is worth it here — the signage explains almost nothing.",en-IN,70,KV Place Guide / Manali / Riverside Lounge,emb_place_4a3cf637,,2026-08-18T10:00:00+05:30
kbc_7694a4c3,,poi_55aa9e6a,seasonal,Rock Climbing Wall — visitor notes,"Rock Climbing Wall sits in Jaisalmer and takes about 180 minutes to see properly. Restored in the 1990s with mixed results — the rear terrace is authentic, the lattice screen is not. Entry is straightforward; queues build after eleven.",en-IN,50,KV Place Guide / Jaisalmer / Rock Climbing Wall,emb_place_7694a4c3,,2026-08-18T10:00:00+05:30
kbc_a2a62277,,poi_ca481e64,seasonal,Dubai Bazaar — visitor notes,"Dubai Bazaar sits in Dubai and takes about 150 minutes to see properly. Built in stages between the fourteenth and eighteenth centuries, it repays a slow visit; the brass door on the colonnade is easy to miss from the main path. The nearest usable toilets are across the road, not on site.",en-IN,67,KV Place Guide / Dubai / Dubai Bazaar,emb_place_a2a62277,,2026-08-18T10:00:00+05:30
kbc_c756189b,,poi_f31cfd33,history,Butterfly Reserve — visitor notes,"Butterfly Reserve sits in Singapore and takes about 60 minutes to see properly. The carved lintel is the reason most people come, but the riverside steps behind it is quieter and arguably better. The nearest usable toilets are across the road, not on site.",en-IN,57,KV Place Guide / Singapore / Butterfly Reserve,emb_place_c756189b,,2026-08-18T10:00:00+05:30
kbc_d5652f9a,,poi_c2b659ff,culture,Backwater Channel — visitor notes,"Backwater Channel sits in Hyderabad and takes about 240 minutes to see properly. Locals treat it as a park as much as a monument, which is worth knowing before you arrive expecting silence. There is shade at the entrance but very little inside.",en-IN,55,KV Place Guide / Hyderabad / Backwater Channel,emb_place_d5652f9a,winter,2026-08-18T10:00:00+05:30
kbc_966858cc,,poi_f0480ca4,seasonal,Tea Estate Trail — visitor notes,"Tea Estate Trail sits in Alleppey and takes about 180 minutes to see properly. Locals treat it as a park as much as a monument, which is worth knowing before you arrive expecting silence. Photography is permitted except in the inner chamber.",en-IN,54,KV Place Guide / Alleppey / Tea Estate Trail,emb_place_966858cc,,2026-08-18T10:00:00+05:30
kbc_7f146983,,poi_9418fe97,seasonal,Gokarna Bird Sanctuary — visitor notes,"Gokarna Bird Sanctuary sits in Gokarna and takes about 60 minutes to see properly. Built in stages between the fourteenth and eighteenth centuries, it repays a slow visit; the inscription on the upper gallery is easy to miss from the main path. There is shade at the entrance but very little inside.",en-IN,67,KV Place Guide / Gokarna / Gokarna Bird Sanctuary,emb_place_7f146983,,2026-08-18T10:00:00+05:30
kbc_d5116c0c,,poi_18bfd097,practical,Blue Pottery Workshop — visitor notes,"Blue Pottery Workshop sits in Guwahati and takes about 150 minutes to see properly. Small enough to see in an hour, dense enough to reward two. Signage is uneven, so a guide helps. The nearest usable toilets are across the road, not on site.",en-IN,57,KV Place Guide / Guwahati / Blue Pottery Workshop,emb_place_d5116c0c,,2026-08-18T10:00:00+05:30
kbc_7434a77f,,poi_e7c57ffd,history,Paragliding Launch — visitor notes,"Paragliding Launch sits in Bhuj and takes about 180 minutes to see properly. The brass door is the reason most people come, but the north courtyard behind it is quieter and arguably better. There is shade at the entrance but very little inside.",en-IN,55,KV Place Guide / Bhuj / Paragliding Launch,emb_place_7434a77f,,2026-08-18T10:00:00+05:30
kbc_a3585e93,,poi_0d5f6942,history,Antique Lane — visitor notes,"Antique Lane sits in Kolkata and takes about 180 minutes to see properly. The step-well geometry is the reason most people come, but the upper gallery behind it is quieter and arguably better. The nearest usable toilets are across the road, not on site.",en-IN,57,KV Place Guide / Kolkata / Antique Lane,emb_place_a3585e93,winter,2026-08-18T10:00:00+05:30
kbc_aafcf3b8,,poi_59a49b81,history,New Delhi Temple — visitor notes,"New Delhi Temple sits in New Delhi and takes about 60 minutes to see properly. Built in stages between the fourteenth and eighteenth centuries, it repays a slow visit; the tile mosaic on the colonnade is easy to miss from the main path. Entry is straightforward; queues build after eleven.",en-IN,65,KV Place Guide / New Delhi / New Delhi Temple,emb_place_aafcf3b8,,2026-08-18T10:00:00+05:30
kbc_1667dee3,,poi_697e3901,culture,Crocodile Park — visitor notes,"Crocodile Park sits in Visakhapatnam and takes about 45 minutes to see properly. Restored in the 1990s with mixed results — the upper gallery is authentic, the tile mosaic is not. Photography is permitted except in the inner chamber.",en-IN,50,KV Place Guide / Visakhapatnam / Crocodile Park,emb_place_1667dee3,,2026-08-18T10:00:00+05:30
kbc_bbda8ba3,,poi_654d876f,culture,Cycling Loop — visitor notes,Cycling Loop sits in Panaji and takes about 120 minutes to see properly. Busiest between ten and one. Come at opening or an hour before closing and it is a different place entirely. There is shade at the entrance but very little inside.,en-IN,55,KV Place Guide / Panaji / Cycling Loop,emb_place_bbda8ba3,winter,2026-08-18T10:00:00+05:30
kbc_7be5cb32,,poi_6714a2b7,culture,North Beach — visitor notes,North Beach sits in Varanasi and takes about 45 minutes to see properly. Busiest between ten and one. Come at opening or an hour before closing and it is a different place entirely. A guide is worth it here — the signage explains almost nothing.,en-IN,58,KV Place Guide / Varanasi / North Beach,emb_place_7be5cb32,,2026-08-18T10:00:00+05:30
kbc_82035e57,,poi_7d154e6e,history,"Gallery of Modern Art, Mumbai — visitor notes","Gallery of Modern Art, Mumbai sits in Mumbai and takes about 45 minutes to see properly. Built in stages between the fourteenth and eighteenth centuries, it repays a slow visit; the mirror work on the rear terrace is easy to miss from the main path. There is shade at the entrance but very little inside.",en-IN,71,"KV Place Guide / Mumbai / Gallery of Modern Art, Mumbai",emb_place_82035e57,,2026-08-18T10:00:00+05:30
kbc_77516fd5,,poi_13219d0d,seasonal,North Beach — visitor notes,"North Beach sits in Lucknow and takes about 150 minutes to see properly. Built in stages between the fourteenth and eighteenth centuries, it repays a slow visit; the mirror work on the riverside steps is easy to miss from the main path. A guide is worth it here — the signage explains almost nothing.",en-IN,70,KV Place Guide / Lucknow / North Beach,emb_place_77516fd5,,2026-08-18T10:00:00+05:30
kbc_57f64a4e,,poi_e337e6d3,practical,Textile Museum — visitor notes,"Textile Museum sits in Shimla and takes about 240 minutes to see properly. The fresco panel is the reason most people come, but the inner sanctum approach behind it is quieter and arguably better. The nearest usable toilets are across the road, not on site.",en-IN,58,KV Place Guide / Shimla / Textile Museum,emb_place_57f64a4e,,2026-08-18T10:00:00+05:30
kbc_7940ebe4,,poi_fb2bcabe,seasonal,Sunset Point — visitor notes,"Sunset Point sits in Alleppey and takes about 60 minutes to see properly. Built in stages between the fourteenth and eighteenth centuries, it repays a slow visit; the lattice screen on the riverside steps is easy to miss from the main path. A guide is worth it here — the signage explains almost nothing.",en-IN,70,KV Place Guide / Alleppey / Sunset Point,emb_place_7940ebe4,,2026-08-18T10:00:00+05:30
kbc_a05020a5,,poi_f87e3cfb,seasonal,Hot Springs — visitor notes,"Hot Springs sits in Kolkata and takes about 180 minutes to see properly. Busiest between ten and one. Come at opening or an hour before closing and it is a different place entirely. The nearest usable toilets are across the road, not on site.",en-IN,57,KV Place Guide / Kolkata / Hot Springs,emb_place_a05020a5,,2026-08-18T10:00:00+05:30
kbc_5f231a85,,poi_42b84f74,practical,Handloom Cooperative — visitor notes,"Handloom Cooperative sits in Male and takes about 150 minutes to see properly. Restored in the 1990s with mixed results — the colonnade is authentic, the mirror work is not. The nearest usable toilets are across the road, not on site.",en-IN,53,KV Place Guide / Male / Handloom Cooperative,emb_place_5f231a85,,2026-08-18T10:00:00+05:30
kbc_544812bd,,poi_3bab74a1,practical,Lighthouse Beach — visitor notes,"Lighthouse Beach sits in Bengaluru and takes about 90 minutes to see properly. Restored in the 1990s with mixed results — the north courtyard is authentic, the tile mosaic is not. Entry is straightforward; queues build after eleven.",en-IN,49,KV Place Guide / Bengaluru / Lighthouse Beach,emb_place_544812bd,,2026-08-18T10:00:00+05:30
kbc_b15f7c49,,poi_e8073ad8,seasonal,Kandy Bazaar — visitor notes,"Kandy Bazaar sits in Kandy and takes about 45 minutes to see properly. Restored in the 1990s with mixed results — the rear terrace is authentic, the carved lintel is not. Entry is straightforward; queues build after eleven.",en-IN,49,KV Place Guide / Kandy / Kandy Bazaar,emb_place_b15f7c49,winter,2026-08-18T10:00:00+05:30
kbc_7e0f9294,,poi_a2c46b6b,history,Coffee Roastery Tour — visitor notes,"Coffee Roastery Tour sits in Abu Dhabi and takes about 45 minutes to see properly. Locals treat it as a park as much as a monument, which is worth knowing before you arrive expecting silence. Entry is straightforward; queues build after eleven.",en-IN,54,KV Place Guide / Abu Dhabi / Coffee Roastery Tour,emb_place_7e0f9294,,2026-08-18T10:00:00+05:30
kbc_21e9a8ba,,poi_99eeb49d,history,Riverside Lounge — visitor notes,"Riverside Lounge sits in Agra and takes about 150 minutes to see properly. Small enough to see in an hour, dense enough to reward two. Signage is uneven, so a guide helps. Photography is permitted except in the inner chamber.",en-IN,52,KV Place Guide / Agra / Riverside Lounge,emb_place_21e9a8ba,winter,2026-08-18T10:00:00+05:30
kbc_cf3a75b4,,poi_31043af1,practical,Riverside Lounge — visitor notes,"Riverside Lounge sits in Kolkata and takes about 180 minutes to see properly. Restored in the 1990s with mixed results — the north courtyard is authentic, the fresco panel is not. A guide is worth it here — the signage explains almost nothing.",en-IN,55,KV Place Guide / Kolkata / Riverside Lounge,emb_place_cf3a75b4,winter,2026-08-18T10:00:00+05:30
kbc_c1ce4e6b,,poi_bff432a9,practical,Hot Air Balloon Field — visitor notes,"Hot Air Balloon Field sits in Madurai and takes about 90 minutes to see properly. The step-well geometry is the reason most people come, but the upper gallery behind it is quieter and arguably better. There is shade at the entrance but very little inside.",en-IN,58,KV Place Guide / Madurai / Hot Air Balloon Field,emb_place_c1ce4e6b,,2026-08-18T10:00:00+05:30
kbc_56806de3,,poi_21a012fe,seasonal,"Gallery of Modern Art, Bangkok — visitor notes","Gallery of Modern Art, Bangkok sits in Bangkok and takes about 75 minutes to see properly. Busiest between ten and one. Come at opening or an hour before closing and it is a different place entirely. Entry is straightforward; queues build after eleven.",en-IN,55,"KV Place Guide / Bangkok / Gallery of Modern Art, Bangkok",emb_place_56806de3,winter,2026-08-18T10:00:00+05:30
kbc_00e38ff9,,poi_04e07eb8,culture,Night Food Bazaar — visitor notes,"Night Food Bazaar sits in Tirupati and takes about 90 minutes to see properly. Restored in the 1990s with mixed results — the rear terrace is authentic, the inscription is not. Entry is straightforward; queues build after eleven.",en-IN,49,KV Place Guide / Tirupati / Night Food Bazaar,emb_place_00e38ff9,,2026-08-18T10:00:00+05:30
kbc_dd118d68,,poi_c9ad2e61,seasonal,Coffee Roastery Tour — visitor notes,"Coffee Roastery Tour sits in Udaipur and takes about 75 minutes to see properly. Locals treat it as a park as much as a monument, which is worth knowing before you arrive expecting silence. Entry is straightforward; queues build after eleven.",en-IN,53,KV Place Guide / Udaipur / Coffee Roastery Tour,emb_place_dd118d68,,2026-08-18T10:00:00+05:30
kbc_fdebccc2,,poi_b72c42e5,culture,Ayurveda Centre — visitor notes,"Ayurveda Centre sits in Kathmandu and takes about 60 minutes to see properly. Built in stages between the fourteenth and eighteenth centuries, it repays a slow visit; the carved lintel on the riverside steps is easy to miss from the main path. There is shade at the entrance but very little inside.",en-IN,67,KV Place Guide / Kathmandu / Ayurveda Centre,emb_place_fdebccc2,,2026-08-18T10:00:00+05:30
kbc_e924ed57,,poi_faaa44a9,history,Cycling Loop — visitor notes,"Cycling Loop sits in Darjeeling and takes about 75 minutes to see properly. Locals treat it as a park as much as a monument, which is worth knowing before you arrive expecting silence. Photography is permitted except in the inner chamber.",en-IN,53,KV Place Guide / Darjeeling / Cycling Loop,emb_place_e924ed57,,2026-08-18T10:00:00+05:30
kbc_928d5bb8,,poi_13aa1bd7,history,North Beach — visitor notes,"North Beach sits in Thimphu and takes about 150 minutes to see properly. Built in stages between the fourteenth and eighteenth centuries, it repays a slow visit; the brass door on the upper gallery is easy to miss from the main path. The nearest usable toilets are across the road, not on site.",en-IN,68,KV Place Guide / Thimphu / North Beach,emb_place_928d5bb8,spring,2026-08-18T10:00:00+05:30
kbc_1ed601be,,poi_22ce875f,practical,"Jazz Cellar, Abu Dhabi — visitor notes","Jazz Cellar, Abu Dhabi sits in Abu Dhabi and takes about 45 minutes to see properly. The inscription is the reason most people come, but the rear terrace behind it is quieter and arguably better. Entry is straightforward; queues build after eleven.",en-IN,54,"KV Place Guide / Abu Dhabi / Jazz Cellar, Abu Dhabi",emb_place_1ed601be,,2026-08-18T10:00:00+05:30
kbc_8e633fa5,,poi_77bff953,culture,Night Food Bazaar — visitor notes,"Night Food Bazaar sits in Kochi and takes about 90 minutes to see properly. The tile mosaic is the reason most people come, but the colonnade behind it is quieter and arguably better. A guide is worth it here — the signage explains almost nothing.",en-IN,58,KV Place Guide / Kochi / Night Food Bazaar,emb_place_8e633fa5,,2026-08-18T10:00:00+05:30
kbc_06b2ab2c,,poi_d7f0deab,seasonal,Hilltop Shrine — visitor notes,"Hilltop Shrine sits in Shillong and takes about 60 minutes to see properly. Small enough to see in an hour, dense enough to reward two. Signage is uneven, so a guide helps. The nearest usable toilets are across the road, not on site.",en-IN,55,KV Place Guide / Shillong / Hilltop Shrine,emb_place_06b2ab2c,,2026-08-18T10:00:00+05:30
kbc_e93575eb,,poi_481e5628,history,Cooking Class at Old Town — visitor notes,"Cooking Class at Old Town sits in Thiruvananthapuram and takes about 120 minutes to see properly. Built in stages between the fourteenth and eighteenth centuries, it repays a slow visit; the carved lintel on the rear terrace is easy to miss from the main path. Photography is permitted except in the inner chamber.",en-IN,68,KV Place Guide / Thiruvananthapuram / Cooking Class at Old Town,emb_place_e93575eb,,2026-08-18T10:00:00+05:30
kbc_a070de7d,,poi_c409f08b,practical,Butterfly Reserve — visitor notes,Butterfly Reserve sits in Bengaluru and takes about 45 minutes to see properly. Busiest between ten and one. Come at opening or an hour before closing and it is a different place entirely. There is shade at the entrance but very little inside.,en-IN,55,KV Place Guide / Bengaluru / Butterfly Reserve,emb_place_a070de7d,post_monsoon,2026-08-18T10:00:00+05:30
kbc_8ebc72c2,,poi_5e03114d,seasonal,Yoga Shala — visitor notes,"Yoga Shala sits in Tirupati and takes about 90 minutes to see properly. The step-well geometry is the reason most people come, but the rear terrace behind it is quieter and arguably better. Entry is straightforward; queues build after eleven.",en-IN,52,KV Place Guide / Tirupati / Yoga Shala,emb_place_8ebc72c2,,2026-08-18T10:00:00+05:30
kbc_ec2e29dd,,poi_670d2abe,practical,Ayurveda Centre — visitor notes,"Ayurveda Centre sits in Bangkok and takes about 45 minutes to see properly. Restored in the 1990s with mixed results — the upper gallery is authentic, the step-well geometry is not. The nearest usable toilets are across the road, not on site.",en-IN,54,KV Place Guide / Bangkok / Ayurveda Centre,emb_place_ec2e29dd,,2026-08-18T10:00:00+05:30
kbc_f4f92cfd,,poi_453bdf21,history,Yoga Shala — visitor notes,Yoga Shala sits in New Delhi and takes about 150 minutes to see properly. Busiest between ten and one. Come at opening or an hour before closing and it is a different place entirely. A guide is worth it here — the signage explains almost nothing.,en-IN,59,KV Place Guide / New Delhi / Yoga Shala,emb_place_f4f92cfd,,2026-08-18T10:00:00+05:30
kbc_c167c8a0,,poi_eb997264,culture,Crocodile Park — visitor notes,"Crocodile Park sits in Thimphu and takes about 150 minutes to see properly. The brass door is the reason most people come, but the colonnade behind it is quieter and arguably better. The nearest usable toilets are across the road, not on site.",en-IN,55,KV Place Guide / Thimphu / Crocodile Park,emb_place_c167c8a0,,2026-08-18T10:00:00+05:30
kbc_ce4c3046,,poi_2de73961,culture,Museum of Coins — visitor notes,Museum of Coins sits in Zurich and takes about 75 minutes to see properly. Busiest between ten and one. Come at opening or an hour before closing and it is a different place entirely. Photography is permitted except in the inner chamber.,en-IN,54,KV Place Guide / Zurich / Museum of Coins,emb_place_ce4c3046,summer,2026-08-18T10:00:00+05:30
kbc_ba33e6a3,,poi_66e3b067,culture,"Gallery of Modern Art, Chennai — visitor notes","Gallery of Modern Art, Chennai sits in Chennai and takes about 240 minutes to see properly. Restored in the 1990s with mixed results — the riverside steps is authentic, the mirror work is not. The nearest usable toilets are across the road, not on site.",en-IN,58,"KV Place Guide / Chennai / Gallery of Modern Art, Chennai",emb_place_ba33e6a3,,2026-08-18T10:00:00+05:30
kbc_a77baf27,,poi_1ecd5b2f,seasonal,Rock Garden — visitor notes,"Rock Garden sits in Kolkata and takes about 150 minutes to see properly. Built in stages between the fourteenth and eighteenth centuries, it repays a slow visit; the mirror work on the colonnade is easy to miss from the main path. A guide is worth it here — the signage explains almost nothing.",en-IN,68,KV Place Guide / Kolkata / Rock Garden,emb_place_a77baf27,,2026-08-18T10:00:00+05:30
kbc_b82063b9,,poi_89f63dd0,culture,Antique Lane — visitor notes,"Antique Lane sits in Guwahati and takes about 240 minutes to see properly. Locals treat it as a park as much as a monument, which is worth knowing before you arrive expecting silence. The nearest usable toilets are across the road, not on site.",en-IN,57,KV Place Guide / Guwahati / Antique Lane,emb_place_b82063b9,,2026-08-18T10:00:00+05:30
kbc_08549fe0,,poi_da4f49cf,seasonal,Hot Springs — visitor notes,Hot Springs sits in Amritsar and takes about 75 minutes to see properly. Busiest between ten and one. Come at opening or an hour before closing and it is a different place entirely. Entry is straightforward; queues build after eleven.,en-IN,52,KV Place Guide / Amritsar / Hot Springs,emb_place_08549fe0,,2026-08-18T10:00:00+05:30
kbc_d5dd3028,,poi_4518419b,history,Quiet Bay — visitor notes,"Quiet Bay sits in Ooty and takes about 150 minutes to see properly. Small enough to see in an hour, dense enough to reward two. Signage is uneven, so a guide helps. Photography is permitted except in the inner chamber.",en-IN,52,KV Place Guide / Ooty / Quiet Bay,emb_place_d5dd3028,,2026-08-18T10:00:00+05:30
kbc_372ea261,,poi_97a3672d,culture,Bengaluru Bazaar — visitor notes,"Bengaluru Bazaar sits in Bengaluru and takes about 180 minutes to see properly. Small enough to see in an hour, dense enough to reward two. Signage is uneven, so a guide helps. A guide is worth it here — the signage explains almost nothing.",en-IN,57,KV Place Guide / Bengaluru / Bengaluru Bazaar,emb_place_372ea261,post_monsoon,2026-08-18T10:00:00+05:30
kbc_22c54c81,,poi_cbe67aeb,history,Mumbai Bazaar — visitor notes,"Mumbai Bazaar sits in Mumbai and takes about 75 minutes to see properly. Small enough to see in an hour, dense enough to reward two. Signage is uneven, so a guide helps. Photography is permitted except in the inner chamber.",en-IN,52,KV Place Guide / Mumbai / Mumbai Bazaar,emb_place_22c54c81,,2026-08-18T10:00:00+05:30
kbc_be21ad4f,,poi_76a11c20,practical,Cycling Loop — visitor notes,"Cycling Loop sits in Abu Dhabi and takes about 240 minutes to see properly. Built in stages between the fourteenth and eighteenth centuries, it repays a slow visit; the tile mosaic on the rear terrace is easy to miss from the main path. There is shade at the entrance but very little inside.",en-IN,68,KV Place Guide / Abu Dhabi / Cycling Loop,emb_place_be21ad4f,,2026-08-18T10:00:00+05:30
kbc_b5514c54,,poi_0f290346,culture,Zurich City Museum — visitor notes,"Zurich City Museum sits in Zurich and takes about 90 minutes to see properly. The brass door is the reason most people come, but the colonnade behind it is quieter and arguably better. There is shade at the entrance but very little inside.",en-IN,55,KV Place Guide / Zurich / Zurich City Museum,emb_place_b5514c54,,2026-08-18T10:00:00+05:30
kbc_eea1c64f,,poi_7e4b1bf1,seasonal,Handloom Cooperative — visitor notes,"Handloom Cooperative sits in Munnar and takes about 240 minutes to see properly. Locals treat it as a park as much as a monument, which is worth knowing before you arrive expecting silence. Entry is straightforward; queues build after eleven.",en-IN,52,KV Place Guide / Munnar / Handloom Cooperative,emb_place_eea1c64f,,2026-08-18T10:00:00+05:30
kbc_fe0516bc,,poi_a460f77a,practical,Blue Pottery Workshop — visitor notes,Blue Pottery Workshop sits in Singapore and takes about 180 minutes to see properly. Busiest between ten and one. Come at opening or an hour before closing and it is a different place entirely. Entry is straightforward; queues build after eleven.,en-IN,53,KV Place Guide / Singapore / Blue Pottery Workshop,emb_place_fe0516bc,,2026-08-18T10:00:00+05:30
kbc_b06b7d0d,,poi_042b48b8,practical,Zipline Point — visitor notes,"Zipline Point sits in Kuala Lumpur and takes about 75 minutes to see properly. Small enough to see in an hour, dense enough to reward two. Signage is uneven, so a guide helps. Entry is straightforward; queues build after eleven.",en-IN,52,KV Place Guide / Kuala Lumpur / Zipline Point,emb_place_b06b7d0d,summer,2026-08-18T10:00:00+05:30
kbc_d027f379,,poi_5c2d2dd5,culture,North Beach — visitor notes,"North Beach sits in Puri and takes about 90 minutes to see properly. Small enough to see in an hour, dense enough to reward two. Signage is uneven, so a guide helps. Photography is permitted except in the inner chamber.",en-IN,52,KV Place Guide / Puri / North Beach,emb_place_d027f379,,2026-08-18T10:00:00+05:30
kbc_64e3d1a7,,poi_4083e010,seasonal,Fishermen's Cove — visitor notes,"Fishermen's Cove sits in Bali and takes about 75 minutes to see properly. Built in stages between the fourteenth and eighteenth centuries, it repays a slow visit; the lattice screen on the riverside steps is easy to miss from the main path. A guide is worth it here — the signage explains almost nothing.",en-IN,70,KV Place Guide / Bali / Fishermen's Cove,emb_place_64e3d1a7,summer,2026-08-18T10:00:00+05:30
kbc_f1d745eb,,poi_ec6f466f,practical,Riverside Lounge — visitor notes,"Riverside Lounge sits in Thanjavur and takes about 240 minutes to see properly. Busiest between ten and one. Come at opening or an hour before closing and it is a different place entirely. The nearest usable toilets are across the road, not on site.",en-IN,57,KV Place Guide / Thanjavur / Riverside Lounge,emb_place_f1d745eb,winter,2026-08-18T10:00:00+05:30
kbc_0a967565,,poi_7fd38d45,practical,Night Food Bazaar — visitor notes,Night Food Bazaar sits in Bali and takes about 120 minutes to see properly. Busiest between ten and one. Come at opening or an hour before closing and it is a different place entirely. There is shade at the entrance but very little inside.,en-IN,57,KV Place Guide / Bali / Night Food Bazaar,emb_place_0a967565,,2026-08-18T10:00:00+05:30
kbc_79412a73,,poi_89d38def,history,Cycling Loop — visitor notes,"Cycling Loop sits in Amritsar and takes about 150 minutes to see properly. Built in stages between the fourteenth and eighteenth centuries, it repays a slow visit; the brass door on the colonnade is easy to miss from the main path. Photography is permitted except in the inner chamber.",en-IN,63,KV Place Guide / Amritsar / Cycling Loop,emb_place_79412a73,winter,2026-08-18T10:00:00+05:30
kbc_e2e97dbe,,poi_103de9e0,seasonal,Spice Market Walk — visitor notes,"Spice Market Walk sits in Colombo and takes about 240 minutes to see properly. Locals treat it as a park as much as a monument, which is worth knowing before you arrive expecting silence. Photography is permitted except in the inner chamber.",en-IN,54,KV Place Guide / Colombo / Spice Market Walk,emb_place_e2e97dbe,,2026-08-18T10:00:00+05:30
kbc_34fa7e22,,poi_c3285efc,seasonal,Butterfly Reserve — visitor notes,Butterfly Reserve sits in Bhuj and takes about 90 minutes to see properly. Busiest between ten and one. Come at opening or an hour before closing and it is a different place entirely. Entry is straightforward; queues build after eleven.,en-IN,52,KV Place Guide / Bhuj / Butterfly Reserve,emb_place_34fa7e22,,2026-08-18T10:00:00+05:30
kbc_3846e894,,poi_b8364e1b,history,Chhatri Complex — visitor notes,"Chhatri Complex sits in Hampi and takes about 75 minutes to see properly. Small enough to see in an hour, dense enough to reward two. Signage is uneven, so a guide helps. The nearest usable toilets are across the road, not on site.",en-IN,55,KV Place Guide / Hampi / Chhatri Complex,emb_place_3846e894,winter,2026-08-18T10:00:00+05:30
kbc_a239c59c,,poi_30da8634,seasonal,Chennai Fort — visitor notes,"Chennai Fort sits in Chennai and takes about 90 minutes to see properly. Restored in the 1990s with mixed results — the colonnade is authentic, the tile mosaic is not. Entry is straightforward; queues build after eleven.",en-IN,48,KV Place Guide / Chennai / Chennai Fort,emb_place_a239c59c,,2026-08-18T10:00:00+05:30
kbc_a2bd0616,,poi_886b5e19,history,Chhatri Complex — visitor notes,"Chhatri Complex sits in Bhuj and takes about 120 minutes to see properly. Built in stages between the fourteenth and eighteenth centuries, it repays a slow visit; the brass door on the inner sanctum approach is easy to miss from the main path. Photography is permitted except in the inner chamber.",en-IN,66,KV Place Guide / Bhuj / Chhatri Complex,emb_place_a2bd0616,,2026-08-18T10:00:00+05:30
kbc_de45ae7e,,poi_277d6ca8,history,Kuala Lumpur Bazaar — visitor notes,"Kuala Lumpur Bazaar sits in Kuala Lumpur and takes about 75 minutes to see properly. Busiest between ten and one. Come at opening or an hour before closing and it is a different place entirely. The nearest usable toilets are across the road, not on site.",en-IN,59,KV Place Guide / Kuala Lumpur / Kuala Lumpur Bazaar,emb_place_de45ae7e,,2026-08-18T10:00:00+05:30
kbc_b29fef40,,poi_60c9ded0,culture,Lucknow Bird Sanctuary — visitor notes,"Lucknow Bird Sanctuary sits in Lucknow and takes about 150 minutes to see properly. Locals treat it as a park as much as a monument, which is worth knowing before you arrive expecting silence. The nearest usable toilets are across the road, not on site.",en-IN,58,KV Place Guide / Lucknow / Lucknow Bird Sanctuary,emb_place_b29fef40,winter,2026-08-18T10:00:00+05:30
kbc_00484170,,poi_51183123,culture,Jaisalmer City Museum — visitor notes,"Jaisalmer City Museum sits in Jaisalmer and takes about 75 minutes to see properly. Small enough to see in an hour, dense enough to reward two. Signage is uneven, so a guide helps. The nearest usable toilets are across the road, not on site.",en-IN,57,KV Place Guide / Jaisalmer / Jaisalmer City Museum,emb_place_00484170,,2026-08-18T10:00:00+05:30
kbc_d1637b41,,poi_1b2395ad,history,Riverside Lounge — visitor notes,"Riverside Lounge sits in Srinagar and takes about 240 minutes to see properly. The step-well geometry is the reason most people come, but the rear terrace behind it is quieter and arguably better. Entry is straightforward; queues build after eleven.",en-IN,52,KV Place Guide / Srinagar / Riverside Lounge,emb_place_d1637b41,,2026-08-18T10:00:00+05:30
kbc_7bac087d,,poi_9a9d7e0e,practical,City Walls Walk — visitor notes,City Walls Walk sits in Shillong and takes about 45 minutes to see properly. Busiest between ten and one. Come at opening or an hour before closing and it is a different place entirely. Entry is straightforward; queues build after eleven.,en-IN,53,KV Place Guide / Shillong / City Walls Walk,emb_place_7bac087d,post_monsoon,2026-08-18T10:00:00+05:30
kbc_7a1ebfdc,,poi_855d488a,practical,Great Mosque of Bhuj — visitor notes,"Great Mosque of Bhuj sits in Bhuj and takes about 75 minutes to see properly. Locals treat it as a park as much as a monument, which is worth knowing before you arrive expecting silence. Photography is permitted except in the inner chamber.",en-IN,55,KV Place Guide / Bhuj / Great Mosque of Bhuj,emb_place_7a1ebfdc,,2026-08-18T10:00:00+05:30
kbc_350e93d6,,poi_3bc08018,practical,Yoga Shala — visitor notes,"Yoga Shala sits in Gokarna and takes about 120 minutes to see properly. The fresco panel is the reason most people come, but the rear terrace behind it is quieter and arguably better. A guide is worth it here — the signage explains almost nothing.",en-IN,58,KV Place Guide / Gokarna / Yoga Shala,emb_place_350e93d6,,2026-08-18T10:00:00+05:30
kbc_1b5e9313,,poi_8843e985,culture,Fishermen's Cove — visitor notes,"Fishermen's Cove sits in Visakhapatnam and takes about 120 minutes to see properly. The tile mosaic is the reason most people come, but the riverside steps behind it is quieter and arguably better. A guide is worth it here — the signage explains almost nothing.",en-IN,58,KV Place Guide / Visakhapatnam / Fishermen's Cove,emb_place_1b5e9313,winter,2026-08-18T10:00:00+05:30
kbc_9ba1f033,,poi_d9ef734e,culture,Rooftop Live Music — visitor notes,"Rooftop Live Music sits in Nainital and takes about 90 minutes to see properly. Locals treat it as a park as much as a monument, which is worth knowing before you arrive expecting silence. Entry is straightforward; queues build after eleven.",en-IN,53,KV Place Guide / Nainital / Rooftop Live Music,emb_place_9ba1f033,,2026-08-18T10:00:00+05:30
kbc_0525ed3f,,poi_19b1930f,culture,Bali Viewpoint — visitor notes,"Bali Viewpoint sits in Bali and takes about 150 minutes to see properly. Locals treat it as a park as much as a monument, which is worth knowing before you arrive expecting silence. There is shade at the entrance but very little inside.",en-IN,55,KV Place Guide / Bali / Bali Viewpoint,emb_place_0525ed3f,,2026-08-18T10:00:00+05:30
kbc_d7b1add6,,poi_12199456,practical,Yoga Shala — visitor notes,"Yoga Shala sits in Kathmandu and takes about 45 minutes to see properly. Busiest between ten and one. Come at opening or an hour before closing and it is a different place entirely. The nearest usable toilets are across the road, not on site.",en-IN,57,KV Place Guide / Kathmandu / Yoga Shala,emb_place_d7b1add6,autumn,2026-08-18T10:00:00+05:30
kbc_a9f4191a,,poi_7213a07d,history,Quiet Bay — visitor notes,"Quiet Bay sits in Shimla and takes about 240 minutes to see properly. The brass door is the reason most people come, but the rear terrace behind it is quieter and arguably better. A guide is worth it here — the signage explains almost nothing.",en-IN,58,KV Place Guide / Shimla / Quiet Bay,emb_place_a9f4191a,,2026-08-18T10:00:00+05:30
kbc_11598505,,poi_0aa7daf7,seasonal,Hilltop Shrine — visitor notes,"Hilltop Shrine sits in Pokhara and takes about 60 minutes to see properly. Restored in the 1990s with mixed results — the north courtyard is authentic, the step-well geometry is not. Entry is straightforward; queues build after eleven.",en-IN,49,KV Place Guide / Pokhara / Hilltop Shrine,emb_place_11598505,autumn,2026-08-18T10:00:00+05:30
kbc_9e7deaa1,,poi_f3a12207,history,Ayurveda Centre — visitor notes,"Ayurveda Centre sits in Darjeeling and takes about 60 minutes to see properly. The fresco panel is the reason most people come, but the rear terrace behind it is quieter and arguably better. A guide is worth it here — the signage explains almost nothing.",en-IN,58,KV Place Guide / Darjeeling / Ayurveda Centre,emb_place_9e7deaa1,spring,2026-08-18T10:00:00+05:30
kbc_a8d11451,,poi_ab7dc80e,culture,Maritime Museum — visitor notes,"Maritime Museum sits in Singapore and takes about 45 minutes to see properly. Built in stages between the fourteenth and eighteenth centuries, it repays a slow visit; the step-well geometry on the riverside steps is easy to miss from the main path. There is shade at the entrance but very little inside.",en-IN,67,KV Place Guide / Singapore / Maritime Museum,emb_place_a8d11451,summer,2026-08-18T10:00:00+05:30
kbc_3033633f,,poi_5252b3dc,culture,Coffee Roastery Tour — visitor notes,"Coffee Roastery Tour sits in Jaipur and takes about 45 minutes to see properly. Restored in the 1990s with mixed results — the north courtyard is authentic, the inscription is not. Photography is permitted except in the inner chamber.",en-IN,50,KV Place Guide / Jaipur / Coffee Roastery Tour,emb_place_3033633f,,2026-08-18T10:00:00+05:30
kbc_ee9bb58c,,poi_d052fde5,practical,Botanical Gardens — visitor notes,"Botanical Gardens sits in Udaipur and takes about 240 minutes to see properly. Built in stages between the fourteenth and eighteenth centuries, it repays a slow visit; the lattice screen on the riverside steps is easy to miss from the main path. Entry is straightforward; queues build after eleven.",en-IN,63,KV Place Guide / Udaipur / Botanical Gardens,emb_place_ee9bb58c,,2026-08-18T10:00:00+05:30
kbc_b1564f55,,poi_b6329778,seasonal,Hilltop Shrine — visitor notes,"Hilltop Shrine sits in Manali and takes about 90 minutes to see properly. Locals treat it as a park as much as a monument, which is worth knowing before you arrive expecting silence. The nearest usable toilets are across the road, not on site.",en-IN,57,KV Place Guide / Manali / Hilltop Shrine,emb_place_b1564f55,summer,2026-08-18T10:00:00+05:30
kbc_b469b7b7,,poi_63594b52,seasonal,Water Palace — visitor notes,"Water Palace sits in Thiruvananthapuram and takes about 120 minutes to see properly. Small enough to see in an hour, dense enough to reward two. Signage is uneven, so a guide helps. The nearest usable toilets are across the road, not on site.",en-IN,55,KV Place Guide / Thiruvananthapuram / Water Palace,emb_place_b469b7b7,,2026-08-18T10:00:00+05:30
kbc_05009e71,,poi_617e6210,history,Butterfly Reserve — visitor notes,"Butterfly Reserve sits in Lucknow and takes about 180 minutes to see properly. The fresco panel is the reason most people come, but the inner sanctum approach behind it is quieter and arguably better. The nearest usable toilets are across the road, not on site.",en-IN,58,KV Place Guide / Lucknow / Butterfly Reserve,emb_place_05009e71,,2026-08-18T10:00:00+05:30
kbc_420887be,,poi_0a0915f9,culture,North Beach — visitor notes,North Beach sits in Kandy and takes about 75 minutes to see properly. Busiest between ten and one. Come at opening or an hour before closing and it is a different place entirely. A guide is worth it here — the signage explains almost nothing.,en-IN,58,KV Place Guide / Kandy / North Beach,emb_place_420887be,winter,2026-08-18T10:00:00+05:30
kbc_6f5a4e29,,poi_b7df1f45,culture,Yoga Shala — visitor notes,Yoga Shala sits in Doha and takes about 180 minutes to see properly. Busiest between ten and one. Come at opening or an hour before closing and it is a different place entirely. Photography is permitted except in the inner chamber.,en-IN,53,KV Place Guide / Doha / Yoga Shala,emb_place_6f5a4e29,,2026-08-18T10:00:00+05:30
kbc_a2901904,,poi_57db80c0,culture,Mysuru Lake — visitor notes,"Mysuru Lake sits in Mysuru and takes about 120 minutes to see properly. The step-well geometry is the reason most people come, but the riverside steps behind it is quieter and arguably better. A guide is worth it here — the signage explains almost nothing.",en-IN,58,KV Place Guide / Mysuru / Mysuru Lake,emb_place_a2901904,post_monsoon,2026-08-18T10:00:00+05:30
kbc_238faa5d,,poi_25a10096,practical,Agra Street Food Lane — visitor notes,Agra Street Food Lane sits in Agra and takes about 180 minutes to see properly. Busiest between ten and one. Come at opening or an hour before closing and it is a different place entirely. Entry is straightforward; queues build after eleven.,en-IN,54,KV Place Guide / Agra / Agra Street Food Lane,emb_place_238faa5d,winter,2026-08-18T10:00:00+05:30
kbc_b572a0eb,,poi_abe5a41e,history,Cliff Walk — visitor notes,"Cliff Walk sits in Doha and takes about 75 minutes to see properly. Restored in the 1990s with mixed results — the colonnade is authentic, the tile mosaic is not. The nearest usable toilets are across the road, not on site.",en-IN,53,KV Place Guide / Doha / Cliff Walk,emb_place_b572a0eb,,2026-08-18T10:00:00+05:30
kbc_2a62718c,,poi_087e39c1,practical,Colombo Bird Sanctuary — visitor notes,"Colombo Bird Sanctuary sits in Colombo and takes about 60 minutes to see properly. Built in stages between the fourteenth and eighteenth centuries, it repays a slow visit; the carved lintel on the upper gallery is easy to miss from the main path. A guide is worth it here — the signage explains almost nothing.",en-IN,71,KV Place Guide / Colombo / Colombo Bird Sanctuary,emb_place_2a62718c,winter,2026-08-18T10:00:00+05:30
kbc_6d126c6b,,poi_a9aa5e47,culture,Lighthouse Beach — visitor notes,"Lighthouse Beach sits in Pune and takes about 120 minutes to see properly. Locals treat it as a park as much as a monument, which is worth knowing before you arrive expecting silence. A guide is worth it here — the signage explains almost nothing.",en-IN,58,KV Place Guide / Pune / Lighthouse Beach,emb_place_6d126c6b,,2026-08-18T10:00:00+05:30
kbc_176dbf3d,,poi_f069d484,history,Rooftop Live Music — visitor notes,"Rooftop Live Music sits in Amritsar and takes about 150 minutes to see properly. The carved lintel is the reason most people come, but the upper gallery behind it is quieter and arguably better. A guide is worth it here — the signage explains almost nothing.",en-IN,59,KV Place Guide / Amritsar / Rooftop Live Music,emb_place_176dbf3d,,2026-08-18T10:00:00+05:30
kbc_212b39c4,,poi_43fed3a1,seasonal,Cooking Class at Old Town — visitor notes,"Cooking Class at Old Town sits in Visakhapatnam and takes about 90 minutes to see properly. Locals treat it as a park as much as a monument, which is worth knowing before you arrive expecting silence. The nearest usable toilets are across the road, not on site.",en-IN,61,KV Place Guide / Visakhapatnam / Cooking Class at Old Town,emb_place_212b39c4,,2026-08-18T10:00:00+05:30
kbc_99c01eb1,,poi_fb2bf178,culture,Hot Air Balloon Field — visitor notes,"Hot Air Balloon Field sits in Gangtok and takes about 240 minutes to see properly. Restored in the 1990s with mixed results — the riverside steps is authentic, the fresco panel is not. Photography is permitted except in the inner chamber.",en-IN,53,KV Place Guide / Gangtok / Hot Air Balloon Field,emb_place_99c01eb1,,2026-08-18T10:00:00+05:30
kbc_8f85befd,,poi_cc9446c4,seasonal,Paragliding Launch — visitor notes,"Paragliding Launch sits in Pune and takes about 150 minutes to see properly. Busiest between ten and one. Come at opening or an hour before closing and it is a different place entirely. The nearest usable toilets are across the road, not on site.",en-IN,57,KV Place Guide / Pune / Paragliding Launch,emb_place_8f85befd,post_monsoon,2026-08-18T10:00:00+05:30
kbc_13b9795e,,poi_091fe344,seasonal,Srinagar Lake — visitor notes,Srinagar Lake sits in Srinagar and takes about 180 minutes to see properly. Busiest between ten and one. Come at opening or an hour before closing and it is a different place entirely. Entry is straightforward; queues build after eleven.,en-IN,52,KV Place Guide / Srinagar / Srinagar Lake,emb_place_13b9795e,,2026-08-18T10:00:00+05:30
kbc_a717412c,,poi_ae2101df,practical,Hot Springs — visitor notes,"Hot Springs sits in Doha and takes about 240 minutes to see properly. The tile mosaic is the reason most people come, but the north courtyard behind it is quieter and arguably better. The nearest usable toilets are across the road, not on site.",en-IN,57,KV Place Guide / Doha / Hot Springs,emb_place_a717412c,,2026-08-18T10:00:00+05:30
kbc_622c95de,,poi_216c247f,culture,Cycling Loop — visitor notes,"Cycling Loop sits in Madurai and takes about 240 minutes to see properly. Small enough to see in an hour, dense enough to reward two. Signage is uneven, so a guide helps. There is shade at the entrance but very little inside.",en-IN,54,KV Place Guide / Madurai / Cycling Loop,emb_place_622c95de,,2026-08-18T10:00:00+05:30
kbc_04c77efe,,poi_e70a02d6,history,"Gallery of Modern Art, Bengaluru — visitor notes","Gallery of Modern Art, Bengaluru sits in Bengaluru and takes about 180 minutes to see properly. Restored in the 1990s with mixed results — the colonnade is authentic, the lattice screen is not. Entry is straightforward; queues build after eleven.",en-IN,52,"KV Place Guide / Bengaluru / Gallery of Modern Art, Bengaluru",emb_place_04c77efe,,2026-08-18T10:00:00+05:30
kbc_c4d341b6,,poi_611ff2e6,practical,"St Mary's Church, Ahmedabad — visitor notes","St Mary's Church, Ahmedabad sits in Ahmedabad and takes about 120 minutes to see properly. Locals treat it as a park as much as a monument, which is worth knowing before you arrive expecting silence. Photography is permitted except in the inner chamber.",en-IN,55,"KV Place Guide / Ahmedabad / St Mary's Church, Ahmedabad",emb_place_c4d341b6,winter,2026-08-18T10:00:00+05:30
kbc_9ed586f7,,poi_7061ac7c,history,Rooftop Live Music — visitor notes,"Rooftop Live Music sits in Thiruvananthapuram and takes about 150 minutes to see properly. Locals treat it as a park as much as a monument, which is worth knowing before you arrive expecting silence. Photography is permitted except in the inner chamber.",en-IN,54,KV Place Guide / Thiruvananthapuram / Rooftop Live Music,emb_place_9ed586f7,,2026-08-18T10:00:00+05:30
kbc_0f0cb5e2,,poi_b342c8f0,history,Varanasi Street Food Lane — visitor notes,"Varanasi Street Food Lane sits in Varanasi and takes about 45 minutes to see properly. The carved lintel is the reason most people come, but the colonnade behind it is quieter and arguably better. Photography is permitted except in the inner chamber.",en-IN,54,KV Place Guide / Varanasi / Varanasi Street Food Lane,emb_place_0f0cb5e2,,2026-08-18T10:00:00+05:30
kbc_d4122d80,,poi_22445cd1,practical,Blue Pottery Workshop — visitor notes,"Blue Pottery Workshop sits in Mumbai and takes about 90 minutes to see properly. Small enough to see in an hour, dense enough to reward two. Signage is uneven, so a guide helps. There is shade at the entrance but very little inside.",en-IN,55,KV Place Guide / Mumbai / Blue Pottery Workshop,emb_place_d4122d80,,2026-08-18T10:00:00+05:30
kbc_1ff8cd5e,,poi_51bdae21,seasonal,Cliff Walk — visitor notes,Cliff Walk sits in Colombo and takes about 90 minutes to see properly. Busiest between ten and one. Come at opening or an hour before closing and it is a different place entirely. Entry is straightforward; queues build after eleven.,en-IN,52,KV Place Guide / Colombo / Cliff Walk,emb_place_1ff8cd5e,,2026-08-18T10:00:00+05:30
kbc_c45ffe83,,poi_d668c5ae,seasonal,Cycling Loop — visitor notes,"Cycling Loop sits in Manali and takes about 90 minutes to see properly. Built in stages between the fourteenth and eighteenth centuries, it repays a slow visit; the mirror work on the riverside steps is easy to miss from the main path. The nearest usable toilets are across the road, not on site.",en-IN,68,KV Place Guide / Manali / Cycling Loop,emb_place_c45ffe83,summer,2026-08-18T10:00:00+05:30
kbc_1f710b45,,poi_c74c12ed,practical,Hot Springs — visitor notes,"Hot Springs sits in Rishikesh and takes about 45 minutes to see properly. Locals treat it as a park as much as a monument, which is worth knowing before you arrive expecting silence. Photography is permitted except in the inner chamber.",en-IN,53,KV Place Guide / Rishikesh / Hot Springs,emb_place_1f710b45,,2026-08-18T10:00:00+05:30
kbc_4011f2e5,,poi_efe6c1a0,seasonal,Tea Estate Trail — visitor notes,"Tea Estate Trail sits in Darjeeling and takes about 240 minutes to see properly. Built in stages between the fourteenth and eighteenth centuries, it repays a slow visit; the step-well geometry on the upper gallery is easy to miss from the main path. There is shade at the entrance but very little inside.",en-IN,68,KV Place Guide / Darjeeling / Tea Estate Trail,emb_place_4011f2e5,,2026-08-18T10:00:00+05:30
kbc_4fd219ac,,poi_e6da4930,history,Hot Air Balloon Field — visitor notes,"Hot Air Balloon Field sits in Amritsar and takes about 90 minutes to see properly. Restored in the 1990s with mixed results — the riverside steps is authentic, the carved lintel is not. Photography is permitted except in the inner chamber.",en-IN,53,KV Place Guide / Amritsar / Hot Air Balloon Field,emb_place_4fd219ac,,2026-08-18T10:00:00+05:30
kbc_055fe647,,poi_65f210fb,seasonal,Ridge Lookout — visitor notes,Ridge Lookout sits in Kolkata and takes about 120 minutes to see properly. Busiest between ten and one. Come at opening or an hour before closing and it is a different place entirely. A guide is worth it here — the signage explains almost nothing.,en-IN,58,KV Place Guide / Kolkata / Ridge Lookout,emb_place_055fe647,,2026-08-18T10:00:00+05:30
kbc_ada11ec4,,poi_1d735a17,practical,Crocodile Park — visitor notes,"Crocodile Park sits in Hyderabad and takes about 180 minutes to see properly. Built in stages between the fourteenth and eighteenth centuries, it repays a slow visit; the step-well geometry on the rear terrace is easy to miss from the main path. Entry is straightforward; queues build after eleven.",en-IN,63,KV Place Guide / Hyderabad / Crocodile Park,emb_place_ada11ec4,,2026-08-18T10:00:00+05:30
kbc_8c49ea90,,poi_c07155aa,history,Bengaluru Bird Sanctuary — visitor notes,"Bengaluru Bird Sanctuary sits in Bengaluru and takes about 75 minutes to see properly. Busiest between ten and one. Come at opening or an hour before closing and it is a different place entirely. The nearest usable toilets are across the road, not on site.",en-IN,58,KV Place Guide / Bengaluru / Bengaluru Bird Sanctuary,emb_place_8c49ea90,,2026-08-18T10:00:00+05:30
kbc_96681cda,,poi_a15c1505,practical,Water Palace — visitor notes,"Water Palace sits in Tirupati and takes about 60 minutes to see properly. Small enough to see in an hour, dense enough to reward two. Signage is uneven, so a guide helps. The nearest usable toilets are across the road, not on site.",en-IN,55,KV Place Guide / Tirupati / Water Palace,emb_place_96681cda,winter,2026-08-18T10:00:00+05:30
kbc_3be8f99d,,poi_dcc40577,history,Hot Springs — visitor notes,"Hot Springs sits in Bhubaneswar and takes about 75 minutes to see properly. Small enough to see in an hour, dense enough to reward two. Signage is uneven, so a guide helps. A guide is worth it here — the signage explains almost nothing.",en-IN,57,KV Place Guide / Bhubaneswar / Hot Springs,emb_place_3be8f99d,,2026-08-18T10:00:00+05:30
kbc_494d2440,,poi_a2b2ebb4,practical,"Jazz Cellar, Amritsar — visitor notes","Jazz Cellar, Amritsar sits in Amritsar and takes about 120 minutes to see properly. The lattice screen is the reason most people come, but the riverside steps behind it is quieter and arguably better. A guide is worth it here — the signage explains almost nothing.",en-IN,59,"KV Place Guide / Amritsar / Jazz Cellar, Amritsar",emb_place_494d2440,,2026-08-18T10:00:00+05:30
kbc_44e9cd36,,poi_7a4468c4,history,Watchtower Terrace — visitor notes,"Watchtower Terrace sits in Manali and takes about 90 minutes to see properly. Locals treat it as a park as much as a monument, which is worth knowing before you arrive expecting silence. A guide is worth it here — the signage explains almost nothing.",en-IN,58,KV Place Guide / Manali / Watchtower Terrace,emb_place_44e9cd36,,2026-08-18T10:00:00+05:30
kbc_a6c10f80,,poi_49791c2d,culture,Crocodile Park — visitor notes,"Crocodile Park sits in Pokhara and takes about 180 minutes to see properly. Locals treat it as a park as much as a monument, which is worth knowing before you arrive expecting silence. Photography is permitted except in the inner chamber.",en-IN,53,KV Place Guide / Pokhara / Crocodile Park,emb_place_a6c10f80,,2026-08-18T10:00:00+05:30
kbc_73931723,,poi_93c2898a,practical,Night Food Bazaar — visitor notes,"Night Food Bazaar sits in Pondicherry and takes about 90 minutes to see properly. Small enough to see in an hour, dense enough to reward two. Signage is uneven, so a guide helps. The nearest usable toilets are across the road, not on site.",en-IN,57,KV Place Guide / Pondicherry / Night Food Bazaar,emb_place_73931723,winter,2026-08-18T10:00:00+05:30
kbc_f95beaf0,,poi_0090275b,practical,Rock Climbing Wall — visitor notes,"Rock Climbing Wall sits in Puri and takes about 90 minutes to see properly. Small enough to see in an hour, dense enough to reward two. Signage is uneven, so a guide helps. The nearest usable toilets are across the road, not on site.",en-IN,57,KV Place Guide / Puri / Rock Climbing Wall,emb_place_f95beaf0,,2026-08-18T10:00:00+05:30
kbc_bf8512fd,,poi_38e1ec96,practical,Textile Museum — visitor notes,"Textile Museum sits in Nainital and takes about 180 minutes to see properly. The tile mosaic is the reason most people come, but the rear terrace behind it is quieter and arguably better. There is shade at the entrance but very little inside.",en-IN,55,KV Place Guide / Nainital / Textile Museum,emb_place_bf8512fd,summer,2026-08-18T10:00:00+05:30
kbc_8823710e,,poi_9de9c403,practical,Great Mosque of Manali — visitor notes,"Great Mosque of Manali sits in Manali and takes about 180 minutes to see properly. Small enough to see in an hour, dense enough to reward two. Signage is uneven, so a guide helps. There is shade at the entrance but very little inside.",en-IN,57,KV Place Guide / Manali / Great Mosque of Manali,emb_place_8823710e,,2026-08-18T10:00:00+05:30
kbc_a985563a,,poi_def88fc1,history,Ridge Lookout — visitor notes,"Ridge Lookout sits in Gokarna and takes about 120 minutes to see properly. Small enough to see in an hour, dense enough to reward two. Signage is uneven, so a guide helps. There is shade at the entrance but very little inside.",en-IN,54,KV Place Guide / Gokarna / Ridge Lookout,emb_place_a985563a,winter,2026-08-18T10:00:00+05:30
kbc_b34d90da,,poi_889f4e87,seasonal,Puppet Museum — visitor notes,"Puppet Museum sits in Rishikesh and takes about 240 minutes to see properly. Small enough to see in an hour, dense enough to reward two. Signage is uneven, so a guide helps. A guide is worth it here — the signage explains almost nothing.",en-IN,57,KV Place Guide / Rishikesh / Puppet Museum,emb_place_b34d90da,,2026-08-18T10:00:00+05:30
kbc_4781e24b,,poi_4af84782,seasonal,Paragliding Launch — visitor notes,"Paragliding Launch sits in Zurich and takes about 180 minutes to see properly. Built in stages between the fourteenth and eighteenth centuries, it repays a slow visit; the inscription on the colonnade is easy to miss from the main path. There is shade at the entrance but very little inside.",en-IN,65,KV Place Guide / Zurich / Paragliding Launch,emb_place_4781e24b,summer,2026-08-18T10:00:00+05:30
kbc_1c668a06,,poi_1dc221bb,culture,Thiruvananthapuram Observatory — visitor notes,"Thiruvananthapuram Observatory sits in Thiruvananthapuram and takes about 120 minutes to see properly. The step-well geometry is the reason most people come, but the upper gallery behind it is quieter and arguably better. The nearest usable toilets are across the road, not on site.",en-IN,57,KV Place Guide / Thiruvananthapuram / Thiruvananthapuram Observatory,emb_place_1c668a06,winter,2026-08-18T10:00:00+05:30
kbc_08b89c0c,,poi_c7ef2f29,culture,Museum of Coins — visitor notes,"Museum of Coins sits in Hyderabad and takes about 75 minutes to see properly. Small enough to see in an hour, dense enough to reward two. Signage is uneven, so a guide helps. Entry is straightforward; queues build after eleven.",en-IN,52,KV Place Guide / Hyderabad / Museum of Coins,emb_place_08b89c0c,winter,2026-08-18T10:00:00+05:30
kbc_0b98e7da,,poi_65d65d15,practical,Cooking Class at Old Town — visitor notes,"Cooking Class at Old Town sits in Dubai and takes about 60 minutes to see properly. Restored in the 1990s with mixed results — the riverside steps is authentic, the mirror work is not. Entry is straightforward; queues build after eleven.",en-IN,53,KV Place Guide / Dubai / Cooking Class at Old Town,emb_place_0b98e7da,,2026-08-18T10:00:00+05:30
kbc_0913c1c3,,poi_0fd767d1,culture,Varanasi Street Food Lane — visitor notes,"Varanasi Street Food Lane sits in Varanasi and takes about 240 minutes to see properly. Locals treat it as a park as much as a monument, which is worth knowing before you arrive expecting silence. The nearest usable toilets are across the road, not on site.",en-IN,59,KV Place Guide / Varanasi / Varanasi Street Food Lane,emb_place_0913c1c3,,2026-08-18T10:00:00+05:30
kbc_f355ea38,,poi_4ab34c66,seasonal,Kayaking at Thimphu — visitor notes,"Kayaking at Thimphu sits in Thimphu and takes about 90 minutes to see properly. The mirror work is the reason most people come, but the riverside steps behind it is quieter and arguably better. There is shade at the entrance but very little inside.",en-IN,57,KV Place Guide / Thimphu / Kayaking at Thimphu,emb_place_f355ea38,,2026-08-18T10:00:00+05:30
kbc_efa0cb70,,poi_89519140,seasonal,Crocodile Park — visitor notes,"Crocodile Park sits in Wayanad and takes about 60 minutes to see properly. Locals treat it as a park as much as a monument, which is worth knowing before you arrive expecting silence. A guide is worth it here — the signage explains almost nothing.",en-IN,58,KV Place Guide / Wayanad / Crocodile Park,emb_place_efa0cb70,post_monsoon,2026-08-18T10:00:00+05:30
kbc_29fd4f89,,poi_6a0f0d6b,practical,Ridge Lookout — visitor notes,"Ridge Lookout sits in Bhuj and takes about 45 minutes to see properly. Restored in the 1990s with mixed results — the riverside steps is authentic, the fresco panel is not. Photography is permitted except in the inner chamber.",en-IN,50,KV Place Guide / Bhuj / Ridge Lookout,emb_place_29fd4f89,winter,2026-08-18T10:00:00+05:30
kbc_c105b3df,,poi_47a367e4,seasonal,Maritime Museum — visitor notes,"Maritime Museum sits in Kuala Lumpur and takes about 75 minutes to see properly. Restored in the 1990s with mixed results — the inner sanctum approach is authentic, the brass door is not. The nearest usable toilets are across the road, not on site.",en-IN,57,KV Place Guide / Kuala Lumpur / Maritime Museum,emb_place_c105b3df,summer,2026-08-18T10:00:00+05:30
kbc_0e313388,,poi_6931cf3c,culture,Handloom Cooperative — visitor notes,Handloom Cooperative sits in Hampi and takes about 120 minutes to see properly. Busiest between ten and one. Come at opening or an hour before closing and it is a different place entirely. Photography is permitted except in the inner chamber.,en-IN,53,KV Place Guide / Hampi / Handloom Cooperative,emb_place_0e313388,,2026-08-18T10:00:00+05:30
kbc_e6d174f8,,poi_3413f625,culture,Ridge Lookout — visitor notes,Ridge Lookout sits in Ooty and takes about 60 minutes to see properly. Busiest between ten and one. Come at opening or an hour before closing and it is a different place entirely. There is shade at the entrance but very little inside.,en-IN,55,KV Place Guide / Ooty / Ridge Lookout,emb_place_e6d174f8,,2026-08-18T10:00:00+05:30
kbc_f42165f3,,poi_45d26bf8,culture,Tea Estate Trail — visitor notes,Tea Estate Trail sits in Kochi and takes about 150 minutes to see properly. Busiest between ten and one. Come at opening or an hour before closing and it is a different place entirely. Entry is straightforward; queues build after eleven.,en-IN,53,KV Place Guide / Kochi / Tea Estate Trail,emb_place_f42165f3,winter,2026-08-18T10:00:00+05:30
kbc_85b1fe49,,poi_356fc49a,culture,Jain Temple Complex — visitor notes,"Jain Temple Complex sits in New Delhi and takes about 120 minutes to see properly. Locals treat it as a park as much as a monument, which is worth knowing before you arrive expecting silence. There is shade at the entrance but very little inside.",en-IN,58,KV Place Guide / New Delhi / Jain Temple Complex,emb_place_85b1fe49,winter,2026-08-18T10:00:00+05:30
kbc_e57db6f8,,poi_96764ccb,culture,Ayurveda Centre — visitor notes,"Ayurveda Centre sits in Panaji and takes about 120 minutes to see properly. The inscription is the reason most people come, but the upper gallery behind it is quieter and arguably better. Entry is straightforward; queues build after eleven.",en-IN,50,KV Place Guide / Panaji / Ayurveda Centre,emb_place_e57db6f8,,2026-08-18T10:00:00+05:30
kbc_7962faac,,poi_858d379c,culture,Puppet Museum — visitor notes,"Puppet Museum sits in Manali and takes about 120 minutes to see properly. Restored in the 1990s with mixed results — the north courtyard is authentic, the carved lintel is not. Entry is straightforward; queues build after eleven.",en-IN,49,KV Place Guide / Manali / Puppet Museum,emb_place_7962faac,,2026-08-18T10:00:00+05:30
kbc_9328fd6f,,poi_713fb7e0,practical,Colombo Viewpoint — visitor notes,"Colombo Viewpoint sits in Colombo and takes about 240 minutes to see properly. Busiest between ten and one. Come at opening or an hour before closing and it is a different place entirely. The nearest usable toilets are across the road, not on site.",en-IN,57,KV Place Guide / Colombo / Colombo Viewpoint,emb_place_9328fd6f,winter,2026-08-18T10:00:00+05:30
kbc_e337f96e,,poi_5a548df2,history,Antique Lane — visitor notes,"Antique Lane sits in Bengaluru and takes about 75 minutes to see properly. Built in stages between the fourteenth and eighteenth centuries, it repays a slow visit; the carved lintel on the rear terrace is easy to miss from the main path. Photography is permitted except in the inner chamber.",en-IN,65,KV Place Guide / Bengaluru / Antique Lane,emb_place_e337f96e,post_monsoon,2026-08-18T10:00:00+05:30
kbc_214cefed,,poi_5f6dfb06,practical,Blue Pottery Workshop — visitor notes,"Blue Pottery Workshop sits in Pondicherry and takes about 180 minutes to see properly. Built in stages between the fourteenth and eighteenth centuries, it repays a slow visit; the tile mosaic on the north courtyard is easy to miss from the main path. There is shade at the entrance but very little inside.",en-IN,68,KV Place Guide / Pondicherry / Blue Pottery Workshop,emb_place_214cefed,winter,2026-08-18T10:00:00+05:30
kbc_5f3b73cd,,poi_28dc076c,seasonal,Coffee Roastery Tour — visitor notes,Coffee Roastery Tour sits in Ooty and takes about 60 minutes to see properly. Busiest between ten and one. Come at opening or an hour before closing and it is a different place entirely. Entry is straightforward; queues build after eleven.,en-IN,53,KV Place Guide / Ooty / Coffee Roastery Tour,emb_place_5f3b73cd,,2026-08-18T10:00:00+05:30
kbc_045374b7,,poi_f728973d,seasonal,Kayaking at Hyderabad — visitor notes,"Kayaking at Hyderabad sits in Hyderabad and takes about 120 minutes to see properly. The carved lintel is the reason most people come, but the rear terrace behind it is quieter and arguably better. A guide is worth it here — the signage explains almost nothing.",en-IN,59,KV Place Guide / Hyderabad / Kayaking at Hyderabad,emb_place_045374b7,winter,2026-08-18T10:00:00+05:30
kbc_aca6e0bc,,poi_b2c3a1df,seasonal,Ridge Lookout — visitor notes,Ridge Lookout sits in Darjeeling and takes about 75 minutes to see properly. Busiest between ten and one. Come at opening or an hour before closing and it is a different place entirely. There is shade at the entrance but very little inside.,en-IN,55,KV Place Guide / Darjeeling / Ridge Lookout,emb_place_aca6e0bc,,2026-08-18T10:00:00+05:30
kbc_5e2d2100,,poi_9bd455da,seasonal,Yoga Shala — visitor notes,"Yoga Shala sits in Panaji and takes about 180 minutes to see properly. The fresco panel is the reason most people come, but the rear terrace behind it is quieter and arguably better. The nearest usable toilets are across the road, not on site.",en-IN,57,KV Place Guide / Panaji / Yoga Shala,emb_place_5e2d2100,winter,2026-08-18T10:00:00+05:30
kbc_fcd21ccb,,poi_90858ce4,seasonal,Water Palace — visitor notes,"Water Palace sits in Bhuj and takes about 60 minutes to see properly. The carved lintel is the reason most people come, but the north courtyard behind it is quieter and arguably better. There is shade at the entrance but very little inside.",en-IN,55,KV Place Guide / Bhuj / Water Palace,emb_place_fcd21ccb,winter,2026-08-18T10:00:00+05:30
kbc_0aa9432f,,poi_53bf0d16,culture,Handloom Cooperative — visitor notes,"Handloom Cooperative sits in Doha and takes about 120 minutes to see properly. Small enough to see in an hour, dense enough to reward two. Signage is uneven, so a guide helps. A guide is worth it here — the signage explains almost nothing.",en-IN,57,KV Place Guide / Doha / Handloom Cooperative,emb_place_0aa9432f,,2026-08-18T10:00:00+05:30
kbc_c8d6ed3e,,poi_98cf2950,culture,Backwater Channel — visitor notes,"Backwater Channel sits in Male and takes about 180 minutes to see properly. Small enough to see in an hour, dense enough to reward two. Signage is uneven, so a guide helps. A guide is worth it here — the signage explains almost nothing.",en-IN,57,KV Place Guide / Male / Backwater Channel,emb_place_c8d6ed3e,,2026-08-18T10:00:00+05:30
kbc_40649b2b,,poi_217fa998,seasonal,Ayurveda Centre — visitor notes,"Ayurveda Centre sits in Darjeeling and takes about 150 minutes to see properly. Restored in the 1990s with mixed results — the rear terrace is authentic, the lattice screen is not. The nearest usable toilets are across the road, not on site.",en-IN,54,KV Place Guide / Darjeeling / Ayurveda Centre,emb_place_40649b2b,,2026-08-18T10:00:00+05:30
kbc_2fd8d791,,poi_eef7f325,practical,Rooftop Live Music — visitor notes,"Rooftop Live Music sits in Leh and takes about 60 minutes to see properly. Small enough to see in an hour, dense enough to reward two. Signage is uneven, so a guide helps. A guide is worth it here — the signage explains almost nothing.",en-IN,58,KV Place Guide / Leh / Rooftop Live Music,emb_place_2fd8d791,,2026-08-18T10:00:00+05:30
kbc_e98e871f,,poi_c9b77fcd,history,Gangtok Observatory — visitor notes,"Gangtok Observatory sits in Gangtok and takes about 180 minutes to see properly. The brass door is the reason most people come, but the colonnade behind it is quieter and arguably better. A guide is worth it here — the signage explains almost nothing.",en-IN,57,KV Place Guide / Gangtok / Gangtok Observatory,emb_place_e98e871f,,2026-08-18T10:00:00+05:30
kbc_9b8df817,,poi_d0d48d2e,practical,Rock Garden — visitor notes,"Rock Garden sits in Bangkok and takes about 90 minutes to see properly. The brass door is the reason most people come, but the north courtyard behind it is quieter and arguably better. The nearest usable toilets are across the road, not on site.",en-IN,57,KV Place Guide / Bangkok / Rock Garden,emb_place_9b8df817,,2026-08-18T10:00:00+05:30
kbc_f968175f,,poi_72bc15f6,culture,Water Palace — visitor notes,"Water Palace sits in Pune and takes about 45 minutes to see properly. The fresco panel is the reason most people come, but the colonnade behind it is quieter and arguably better. A guide is worth it here — the signage explains almost nothing.",en-IN,57,KV Place Guide / Pune / Water Palace,emb_place_f968175f,,2026-08-18T10:00:00+05:30
kbc_cd0614cc,,poi_e4abebbd,history,"Jazz Cellar, Jodhpur — visitor notes","Jazz Cellar, Jodhpur sits in Jodhpur and takes about 90 minutes to see properly. The tile mosaic is the reason most people come, but the riverside steps behind it is quieter and arguably better. There is shade at the entrance but very little inside.",en-IN,57,"KV Place Guide / Jodhpur / Jazz Cellar, Jodhpur",emb_place_cd0614cc,,2026-08-18T10:00:00+05:30
kbc_131ed56c,,poi_11738258,culture,Bengaluru Lake — visitor notes,"Bengaluru Lake sits in Bengaluru and takes about 240 minutes to see properly. Small enough to see in an hour, dense enough to reward two. Signage is uneven, so a guide helps. There is shade at the entrance but very little inside.",en-IN,54,KV Place Guide / Bengaluru / Bengaluru Lake,emb_place_131ed56c,post_monsoon,2026-08-18T10:00:00+05:30
kbc_049fff70,,poi_bfc63913,seasonal,Handloom Cooperative — visitor notes,"Handloom Cooperative sits in Amritsar and takes about 60 minutes to see properly. The brass door is the reason most people come, but the rear terrace behind it is quieter and arguably better. The nearest usable toilets are across the road, not on site.",en-IN,57,KV Place Guide / Amritsar / Handloom Cooperative,emb_place_049fff70,winter,2026-08-18T10:00:00+05:30
kbc_3ac9a786,,poi_7222df37,practical,Riverside Lounge — visitor notes,"Riverside Lounge sits in Kyoto and takes about 150 minutes to see properly. Built in stages between the fourteenth and eighteenth centuries, it repays a slow visit; the mirror work on the riverside steps is easy to miss from the main path. The nearest usable toilets are across the road, not on site.",en-IN,68,KV Place Guide / Kyoto / Riverside Lounge,emb_place_3ac9a786,spring,2026-08-18T10:00:00+05:30
kbc_bd57a99b,,poi_92cf9d43,practical,Textile Museum — visitor notes,Textile Museum sits in Hyderabad and takes about 180 minutes to see properly. Busiest between ten and one. Come at opening or an hour before closing and it is a different place entirely. Photography is permitted except in the inner chamber.,en-IN,53,KV Place Guide / Hyderabad / Textile Museum,emb_place_bd57a99b,,2026-08-18T10:00:00+05:30
kbc_52c08bff,,poi_34b126e7,seasonal,Cliff Walk — visitor notes,"Cliff Walk sits in Dubai and takes about 240 minutes to see properly. Built in stages between the fourteenth and eighteenth centuries, it repays a slow visit; the tile mosaic on the upper gallery is easy to miss from the main path. A guide is worth it here — the signage explains almost nothing.",en-IN,70,KV Place Guide / Dubai / Cliff Walk,emb_place_52c08bff,,2026-08-18T10:00:00+05:30
kbc_80a0ebc4,,poi_a72e75f0,culture,Yoga Shala — visitor notes,"Yoga Shala sits in Puri and takes about 240 minutes to see properly. Locals treat it as a park as much as a monument, which is worth knowing before you arrive expecting silence. Entry is straightforward; queues build after eleven.",en-IN,52,KV Place Guide / Puri / Yoga Shala,emb_place_80a0ebc4,,2026-08-18T10:00:00+05:30
kbc_727f54d9,,poi_e435c16e,seasonal,Hot Springs — visitor notes,"Hot Springs sits in Thanjavur and takes about 90 minutes to see properly. Small enough to see in an hour, dense enough to reward two. Signage is uneven, so a guide helps. There is shade at the entrance but very little inside.",en-IN,54,KV Place Guide / Thanjavur / Hot Springs,emb_place_727f54d9,winter,2026-08-18T10:00:00+05:30
kbc_378b78aa,,poi_baaea645,seasonal,Great Mosque of Kuala Lumpur — visitor notes,"Great Mosque of Kuala Lumpur sits in Kuala Lumpur and takes about 120 minutes to see properly. The mirror work is the reason most people come, but the north courtyard behind it is quieter and arguably better. Photography is permitted except in the inner chamber.",en-IN,58,KV Place Guide / Kuala Lumpur / Great Mosque of Kuala Lumpur,emb_place_378b78aa,,2026-08-18T10:00:00+05:30
kbc_846c2b12,,poi_b919a3c1,culture,Cycling Loop — visitor notes,"Cycling Loop sits in Chennai and takes about 240 minutes to see properly. Small enough to see in an hour, dense enough to reward two. Signage is uneven, so a guide helps. The nearest usable toilets are across the road, not on site.",en-IN,55,KV Place Guide / Chennai / Cycling Loop,emb_place_846c2b12,,2026-08-18T10:00:00+05:30
kbc_459113f8,,poi_2a99be47,culture,Abu Dhabi Street Food Lane — visitor notes,Abu Dhabi Street Food Lane sits in Abu Dhabi and takes about 90 minutes to see properly. Busiest between ten and one. Come at opening or an hour before closing and it is a different place entirely. Entry is straightforward; queues build after eleven.,en-IN,57,KV Place Guide / Abu Dhabi / Abu Dhabi Street Food Lane,emb_place_459113f8,,2026-08-18T10:00:00+05:30
kbc_f2911b5d,,poi_935b4fdb,practical,Elephant Camp — visitor notes,"Elephant Camp sits in Thimphu and takes about 75 minutes to see properly. Restored in the 1990s with mixed results — the inner sanctum approach is authentic, the brass door is not. The nearest usable toilets are across the road, not on site.",en-IN,55,KV Place Guide / Thimphu / Elephant Camp,emb_place_f2911b5d,,2026-08-18T10:00:00+05:30
kbc_1c3c287b,,poi_adef3914,seasonal,Bangkok City Museum — visitor notes,Bangkok City Museum sits in Bangkok and takes about 180 minutes to see properly. Busiest between ten and one. Come at opening or an hour before closing and it is a different place entirely. Entry is straightforward; queues build after eleven.,en-IN,53,KV Place Guide / Bangkok / Bangkok City Museum,emb_place_1c3c287b,winter,2026-08-18T10:00:00+05:30
kbc_1620873f,,poi_443a14c5,seasonal,Coffee Roastery Tour — visitor notes,"Coffee Roastery Tour sits in Jaipur and takes about 120 minutes to see properly. Locals treat it as a park as much as a monument, which is worth knowing before you arrive expecting silence. Photography is permitted except in the inner chamber.",en-IN,54,KV Place Guide / Jaipur / Coffee Roastery Tour,emb_place_1620873f,,2026-08-18T10:00:00+05:30
kbc_2273f5cd,,poi_e66efa5a,history,Rooftop Live Music — visitor notes,"Rooftop Live Music sits in Hampi and takes about 180 minutes to see properly. Locals treat it as a park as much as a monument, which is worth knowing before you arrive expecting silence. A guide is worth it here — the signage explains almost nothing.",en-IN,59,KV Place Guide / Hampi / Rooftop Live Music,emb_place_2273f5cd,winter,2026-08-18T10:00:00+05:30
kbc_563acbd2,,poi_9ecd8f5a,history,Watchtower Terrace — visitor notes,Watchtower Terrace sits in Chennai and takes about 240 minutes to see properly. Busiest between ten and one. Come at opening or an hour before closing and it is a different place entirely. Photography is permitted except in the inner chamber.,en-IN,53,KV Place Guide / Chennai / Watchtower Terrace,emb_place_563acbd2,,2026-08-18T10:00:00+05:30
kbc_1de1b50d,,poi_6ecd8564,practical,Rooftop Live Music — visitor notes,"Rooftop Live Music sits in Doha and takes about 45 minutes to see properly. Small enough to see in an hour, dense enough to reward two. Signage is uneven, so a guide helps. Entry is straightforward; queues build after eleven.",en-IN,52,KV Place Guide / Doha / Rooftop Live Music,emb_place_1de1b50d,,2026-08-18T10:00:00+05:30
kbc_c1a5b601,,poi_a1100754,culture,Ridge Lookout — visitor notes,"Ridge Lookout sits in Thiruvananthapuram and takes about 75 minutes to see properly. Built in stages between the fourteenth and eighteenth centuries, it repays a slow visit; the inscription on the upper gallery is easy to miss from the main path. There is shade at the entrance but very little inside.",en-IN,66,KV Place Guide / Thiruvananthapuram / Ridge Lookout,emb_place_c1a5b601,winter,2026-08-18T10:00:00+05:30
kbc_20a96cef,,poi_ec746686,seasonal,Hampi Stepwell — visitor notes,"Hampi Stepwell sits in Hampi and takes about 75 minutes to see properly. Restored in the 1990s with mixed results — the upper gallery is authentic, the brass door is not. Entry is straightforward; queues build after eleven.",en-IN,49,KV Place Guide / Hampi / Hampi Stepwell,emb_place_20a96cef,,2026-08-18T10:00:00+05:30
kbc_9d787836,,poi_c806ff41,culture,Chhatri Complex — visitor notes,"Chhatri Complex sits in Srinagar and takes about 90 minutes to see properly. The brass door is the reason most people come, but the inner sanctum approach behind it is quieter and arguably better. Entry is straightforward; queues build after eleven.",en-IN,53,KV Place Guide / Srinagar / Chhatri Complex,emb_place_9d787836,,2026-08-18T10:00:00+05:30
kbc_db5a97ec,,poi_48787ec6,practical,Zipline Point — visitor notes,"Zipline Point sits in Pokhara and takes about 60 minutes to see properly. Locals treat it as a park as much as a monument, which is worth knowing before you arrive expecting silence. Photography is permitted except in the inner chamber.",en-IN,53,KV Place Guide / Pokhara / Zipline Point,emb_place_db5a97ec,,2026-08-18T10:00:00+05:30
kbc_bd1fd350,,poi_bf6716e9,seasonal,Zipline Point — visitor notes,"Zipline Point sits in Jaipur and takes about 45 minutes to see properly. Restored in the 1990s with mixed results — the inner sanctum approach is authentic, the step-well geometry is not. Entry is straightforward; queues build after eleven.",en-IN,50,KV Place Guide / Jaipur / Zipline Point,emb_place_bd1fd350,winter,2026-08-18T10:00:00+05:30
kbc_0d26772a,,poi_5ad79628,seasonal,Riverside Ghats — visitor notes,"Riverside Ghats sits in Shillong and takes about 150 minutes to see properly. The inscription is the reason most people come, but the rear terrace behind it is quieter and arguably better. The nearest usable toilets are across the road, not on site.",en-IN,55,KV Place Guide / Shillong / Riverside Ghats,emb_place_0d26772a,post_monsoon,2026-08-18T10:00:00+05:30
kbc_d2dfb9b9,,poi_2c78a2a6,history,Quiet Bay — visitor notes,"Quiet Bay sits in Tirupati and takes about 120 minutes to see properly. The mirror work is the reason most people come, but the colonnade behind it is quieter and arguably better. The nearest usable toilets are across the road, not on site.",en-IN,55,KV Place Guide / Tirupati / Quiet Bay,emb_place_d2dfb9b9,,2026-08-18T10:00:00+05:30
kbc_f95a73c6,,poi_0f53485c,culture,Textile Museum — visitor notes,Textile Museum sits in Thiruvananthapuram and takes about 150 minutes to see properly. Busiest between ten and one. Come at opening or an hour before closing and it is a different place entirely. Photography is permitted except in the inner chamber.,en-IN,53,KV Place Guide / Thiruvananthapuram / Textile Museum,emb_place_f95a73c6,,2026-08-18T10:00:00+05:30
kbc_b51db211,,poi_78eecc44,culture,Coffee Roastery Tour — visitor notes,"Coffee Roastery Tour sits in Udaipur and takes about 75 minutes to see properly. The carved lintel is the reason most people come, but the colonnade behind it is quieter and arguably better. A guide is worth it here — the signage explains almost nothing.",en-IN,58,KV Place Guide / Udaipur / Coffee Roastery Tour,emb_place_b51db211,,2026-08-18T10:00:00+05:30
kbc_9a061b91,,poi_f08b4e0f,culture,Rooftop Live Music — visitor notes,"Rooftop Live Music sits in Gokarna and takes about 90 minutes to see properly. The inscription is the reason most people come, but the rear terrace behind it is quieter and arguably better. A guide is worth it here — the signage explains almost nothing.",en-IN,58,KV Place Guide / Gokarna / Rooftop Live Music,emb_place_9a061b91,winter,2026-08-18T10:00:00+05:30
kbc_8b58e197,,poi_88b5a018,seasonal,Watchtower Terrace — visitor notes,"Watchtower Terrace sits in Srinagar and takes about 75 minutes to see properly. Locals treat it as a park as much as a monument, which is worth knowing before you arrive expecting silence. The nearest usable toilets are across the road, not on site.",en-IN,57,KV Place Guide / Srinagar / Watchtower Terrace,emb_place_8b58e197,,2026-08-18T10:00:00+05:30
kbc_f83dab52,,poi_006cc81d,seasonal,Kandy Bird Sanctuary — visitor notes,"Kandy Bird Sanctuary sits in Kandy and takes about 120 minutes to see properly. The step-well geometry is the reason most people come, but the north courtyard behind it is quieter and arguably better. Photography is permitted except in the inner chamber.",en-IN,54,KV Place Guide / Kandy / Kandy Bird Sanctuary,emb_place_f83dab52,winter,2026-08-18T10:00:00+05:30
kbc_3a2e3b35,,poi_caa6c359,seasonal,Riverside Lounge — visitor notes,"Riverside Lounge sits in Gangtok and takes about 120 minutes to see properly. Built in stages between the fourteenth and eighteenth centuries, it repays a slow visit; the lattice screen on the north courtyard is easy to miss from the main path. Entry is straightforward; queues build after eleven.",en-IN,63,KV Place Guide / Gangtok / Riverside Lounge,emb_place_3a2e3b35,,2026-08-18T10:00:00+05:30
kbc_9b738cf4,,poi_6580da95,history,Rock Climbing Wall — visitor notes,"Rock Climbing Wall sits in Manali and takes about 45 minutes to see properly. Restored in the 1990s with mixed results — the rear terrace is authentic, the fresco panel is not. A guide is worth it here — the signage explains almost nothing.",en-IN,57,KV Place Guide / Manali / Rock Climbing Wall,emb_place_9b738cf4,summer,2026-08-18T10:00:00+05:30
kbc_7c3efb6a,,poi_8016ef2b,practical,Cycling Loop — visitor notes,"Cycling Loop sits in Mumbai and takes about 240 minutes to see properly. Restored in the 1990s with mixed results — the riverside steps is authentic, the fresco panel is not. There is shade at the entrance but very little inside.",en-IN,53,KV Place Guide / Mumbai / Cycling Loop,emb_place_7c3efb6a,,2026-08-18T10:00:00+05:30
kbc_08c9de49,,poi_6a47f431,culture,Riverside Lounge — visitor notes,"Riverside Lounge sits in Zurich and takes about 180 minutes to see properly. Locals treat it as a park as much as a monument, which is worth knowing before you arrive expecting silence. Entry is straightforward; queues build after eleven.",en-IN,52,KV Place Guide / Zurich / Riverside Lounge,emb_place_08c9de49,summer,2026-08-18T10:00:00+05:30
kbc_06ccd405,,poi_f52fb17d,seasonal,North Beach — visitor notes,"North Beach sits in Ahmedabad and takes about 240 minutes to see properly. Restored in the 1990s with mixed results — the rear terrace is authentic, the lattice screen is not. Entry is straightforward; queues build after eleven.",en-IN,49,KV Place Guide / Ahmedabad / North Beach,emb_place_06ccd405,,2026-08-18T10:00:00+05:30
kbc_5a11c687,,poi_61b5cf0b,seasonal,Riverside Lounge — visitor notes,"Riverside Lounge sits in Singapore and takes about 150 minutes to see properly. The carved lintel is the reason most people come, but the north courtyard behind it is quieter and arguably better. The nearest usable toilets are across the road, not on site.",en-IN,57,KV Place Guide / Singapore / Riverside Lounge,emb_place_5a11c687,,2026-08-18T10:00:00+05:30
kbc_d6609e27,,poi_18f884dd,practical,Spice Market Walk — visitor notes,"Spice Market Walk sits in Darjeeling and takes about 240 minutes to see properly. Built in stages between the fourteenth and eighteenth centuries, it repays a slow visit; the fresco panel on the rear terrace is easy to miss from the main path. Entry is straightforward; queues build after eleven.",en-IN,65,KV Place Guide / Darjeeling / Spice Market Walk,emb_place_d6609e27,,2026-08-18T10:00:00+05:30
kbc_c0e15e8d,,poi_5f0425b4,culture,Kyoto Bazaar — visitor notes,"Kyoto Bazaar sits in Kyoto and takes about 75 minutes to see properly. Restored in the 1990s with mixed results — the riverside steps is authentic, the inscription is not. A guide is worth it here — the signage explains almost nothing.",en-IN,54,KV Place Guide / Kyoto / Kyoto Bazaar,emb_place_c0e15e8d,spring,2026-08-18T10:00:00+05:30
kbc_2b902049,,poi_74c8b35f,seasonal,Fishermen's Cove — visitor notes,"Fishermen's Cove sits in Kolkata and takes about 120 minutes to see properly. Locals treat it as a park as much as a monument, which is worth knowing before you arrive expecting silence. The nearest usable toilets are across the road, not on site.",en-IN,57,KV Place Guide / Kolkata / Fishermen's Cove,emb_place_2b902049,,2026-08-18T10:00:00+05:30
kbc_a1389bcc,,poi_7defc6e9,culture,Ridge Lookout — visitor notes,"Ridge Lookout sits in Pune and takes about 120 minutes to see properly. Restored in the 1990s with mixed results — the upper gallery is authentic, the brass door is not. There is shade at the entrance but very little inside.",en-IN,53,KV Place Guide / Pune / Ridge Lookout,emb_place_a1389bcc,,2026-08-18T10:00:00+05:30
