media_id,poi_id,file_path,media_role,alt_text,label_class,dataset_split,width_px,height_px,capture_conditions,updated_at
pmd_0b964ba7,poi_7f6561ec,media/poi/poi_7f6561ec/0.jpg,landmark,Jaipur Bazaar in Jaipur,jaipur_bazaar,train,1280,960,crowded,2026-08-18T10:00:00+05:30
pmd_c5494546,poi_7f6561ec,media/poi/poi_7f6561ec/1.jpg,landmark,Jaipur Bazaar in Jaipur,jaipur_bazaar,train,1280,960,dusk,2026-08-18T10:00:00+05:30
pmd_95d42b2a,poi_afcb7beb,media/poi/poi_afcb7beb/0.jpg,landmark,Chhatri Complex in Jaipur,chhatri_complex,train,1280,960,crowded,2026-08-18T10:00:00+05:30
pmd_2641a7b2,poi_afcb7beb,media/poi/poi_afcb7beb/1.jpg,landmark,Chhatri Complex in Jaipur,chhatri_complex,train,1280,960,,2026-08-18T10:00:00+05:30
pmd_dbfdcf66,poi_bf6716e9,media/poi/poi_bf6716e9/0.jpg,landmark,Zipline Point in Jaipur,zipline_point,train,1280,960,crowded,2026-08-18T10:00:00+05:30
pmd_8f3e4f76,poi_bf6716e9,media/poi/poi_bf6716e9/1.jpg,landmark,Zipline Point in Jaipur,zipline_point,train,1280,960,,2026-08-18T10:00:00+05:30
pmd_e5ccbaa2,poi_e68abae6,media/poi/poi_e68abae6/0.jpg,landmark,Jaipur Bazaar in Jaipur,jaipur_bazaar,train,1280,960,,2026-08-18T10:00:00+05:30
pmd_9c34d613,poi_e68abae6,media/poi/poi_e68abae6/1.jpg,landmark,Jaipur Bazaar in Jaipur,jaipur_bazaar,eval,1280,960,,2026-08-18T10:00:00+05:30
pmd_fdfbeaca,poi_fe8a867b,media/poi/poi_fe8a867b/0.jpg,landmark,Jaipur Fort in Jaipur,jaipur_fort,train,1280,960,,2026-08-18T10:00:00+05:30
pmd_8907ede9,poi_fe8a867b,media/poi/poi_fe8a867b/1.jpg,landmark,Jaipur Fort in Jaipur,jaipur_fort,train,1280,960,dusk,2026-08-18T10:00:00+05:30
pmd_ce071b34,poi_c192ae9d,media/poi/poi_c192ae9d/0.jpg,landmark,Handloom Cooperative in Jaipur,handloom_cooperative,train,1280,960,indoor,2026-08-18T10:00:00+05:30
pmd_f14cfe9b,poi_c192ae9d,media/poi/poi_c192ae9d/1.jpg,landmark,Handloom Cooperative in Jaipur,handloom_cooperative,train,1280,960,indoor,2026-08-18T10:00:00+05:30
pmd_3cf3eb68,poi_cd4eb948,media/poi/poi_cd4eb948/0.jpg,landmark,Night Food Bazaar in Jaipur,night_food_bazaar,train,1280,960,,2026-08-18T10:00:00+05:30
pmd_c913e8d2,poi_cd4eb948,media/poi/poi_cd4eb948/1.jpg,landmark,Night Food Bazaar in Jaipur,night_food_bazaar,train,1280,960,,2026-08-18T10:00:00+05:30
pmd_eda762b1,poi_443a14c5,media/poi/poi_443a14c5/0.jpg,landmark,Coffee Roastery Tour in Jaipur,coffee_roastery_tour,train,1280,960,crowded,2026-08-18T10:00:00+05:30
pmd_e4df44ca,poi_443a14c5,media/poi/poi_443a14c5/1.jpg,landmark,Coffee Roastery Tour in Jaipur,coffee_roastery_tour,train,1280,960,dusk,2026-08-18T10:00:00+05:30
pmd_8f1f6edd,poi_364cac5a,media/poi/poi_364cac5a/0.jpg,landmark,Jaipur Bazaar in Jaipur,jaipur_bazaar,train,1280,960,,2026-08-18T10:00:00+05:30
pmd_3c9c9fed,poi_364cac5a,media/poi/poi_364cac5a/1.jpg,landmark,Jaipur Bazaar in Jaipur,jaipur_bazaar,eval,1280,960,,2026-08-18T10:00:00+05:30
pmd_2bd91bad,poi_5252b3dc,media/poi/poi_5252b3dc/0.jpg,landmark,Coffee Roastery Tour in Jaipur,coffee_roastery_tour,train,1280,960,,2026-08-18T10:00:00+05:30
pmd_3a2a760b,poi_5252b3dc,media/poi/poi_5252b3dc/1.jpg,landmark,Coffee Roastery Tour in Jaipur,coffee_roastery_tour,train,1280,960,dusk,2026-08-18T10:00:00+05:30
pmd_feffcc17,poi_01f1e4a6,media/poi/poi_01f1e4a6/0.jpg,landmark,Museum of Coins in Jaipur,museum_of_coins,train,1280,960,,2026-08-18T10:00:00+05:30
pmd_dbf1700a,poi_01f1e4a6,media/poi/poi_01f1e4a6/1.jpg,landmark,Museum of Coins in Jaipur,museum_of_coins,train,1280,960,daylight,2026-08-18T10:00:00+05:30
pmd_5098b100,poi_43837046,media/poi/poi_43837046/0.jpg,landmark,Riverside Lounge in Jaipur,riverside_lounge,train,1280,960,daylight,2026-08-18T10:00:00+05:30
pmd_49d7c528,poi_43837046,media/poi/poi_43837046/1.jpg,landmark,Riverside Lounge in Jaipur,riverside_lounge,eval,1280,960,dusk,2026-08-18T10:00:00+05:30
pmd_21c1fae3,poi_58124e0f,media/poi/poi_58124e0f/0.jpg,landmark,Textile Museum in Jaipur,textile_museum,train,1280,960,indoor,2026-08-18T10:00:00+05:30
pmd_72289a9b,poi_58124e0f,media/poi/poi_58124e0f/1.jpg,landmark,Textile Museum in Jaipur,textile_museum,train,1280,960,,2026-08-18T10:00:00+05:30
pmd_d0e1fa48,poi_0b3e375a,media/poi/poi_0b3e375a/0.jpg,landmark,Hot Springs in Jaipur,hot_springs,train,1280,960,daylight,2026-08-18T10:00:00+05:30
pmd_81b40af7,poi_0b3e375a,media/poi/poi_0b3e375a/1.jpg,landmark,Hot Springs in Jaipur,hot_springs,train,1280,960,crowded,2026-08-18T10:00:00+05:30
pmd_11e7b0a1,poi_18f08d29,media/poi/poi_18f08d29/0.jpg,landmark,Royal Cenotaphs in Jaipur,royal_cenotaphs,train,1280,960,crowded,2026-08-18T10:00:00+05:30
pmd_abd9cad8,poi_18f08d29,media/poi/poi_18f08d29/1.jpg,landmark,Royal Cenotaphs in Jaipur,royal_cenotaphs,train,1280,960,,2026-08-18T10:00:00+05:30
pmd_c447a2c3,poi_39c95ec6,media/poi/poi_39c95ec6/0.jpg,landmark,Blue Pottery Workshop in Udaipur,blue_pottery_workshop,train,1280,960,dusk,2026-08-18T10:00:00+05:30
pmd_7f1d4ec8,poi_39c95ec6,media/poi/poi_39c95ec6/1.jpg,landmark,Blue Pottery Workshop in Udaipur,blue_pottery_workshop,eval,1280,960,,2026-08-18T10:00:00+05:30
pmd_9382a14a,poi_c0128d7d,media/poi/poi_c0128d7d/0.jpg,landmark,Udaipur Street Food Lane in Udaipur,udaipur_street_food_lane,train,1280,960,daylight,2026-08-18T10:00:00+05:30
pmd_2aa69c0b,poi_c0128d7d,media/poi/poi_c0128d7d/1.jpg,landmark,Udaipur Street Food Lane in Udaipur,udaipur_street_food_lane,eval,1280,960,indoor,2026-08-18T10:00:00+05:30
pmd_b0d9ef5e,poi_78eecc44,media/poi/poi_78eecc44/0.jpg,landmark,Coffee Roastery Tour in Udaipur,coffee_roastery_tour,train,1280,960,,2026-08-18T10:00:00+05:30
pmd_37ed0720,poi_78eecc44,media/poi/poi_78eecc44/1.jpg,landmark,Coffee Roastery Tour in Udaipur,coffee_roastery_tour,train,1280,960,,2026-08-18T10:00:00+05:30
pmd_2c1a8c4e,poi_6949e353,media/poi/poi_6949e353/0.jpg,landmark,Great Mosque of Udaipur in Udaipur,great_mosque_of_udaipur,train,1280,960,daylight,2026-08-18T10:00:00+05:30
pmd_3a51670d,poi_6949e353,media/poi/poi_6949e353/1.jpg,landmark,Great Mosque of Udaipur in Udaipur,great_mosque_of_udaipur,train,1280,960,daylight,2026-08-18T10:00:00+05:30
pmd_79f773dd,poi_9e725958,media/poi/poi_9e725958/0.jpg,landmark,Udaipur Street Food Lane in Udaipur,udaipur_street_food_lane,train,1280,960,daylight,2026-08-18T10:00:00+05:30
pmd_ac9aa788,poi_9e725958,media/poi/poi_9e725958/1.jpg,landmark,Udaipur Street Food Lane in Udaipur,udaipur_street_food_lane,train,1280,960,,2026-08-18T10:00:00+05:30
pmd_f6205859,poi_7d81053b,media/poi/poi_7d81053b/0.jpg,landmark,Maritime Museum in Udaipur,maritime_museum,train,1280,960,indoor,2026-08-18T10:00:00+05:30
pmd_84df0c5d,poi_7d81053b,media/poi/poi_7d81053b/1.jpg,landmark,Maritime Museum in Udaipur,maritime_museum,train,1280,960,,2026-08-18T10:00:00+05:30
pmd_64885276,poi_3ca0d3de,media/poi/poi_3ca0d3de/0.jpg,landmark,Maritime Museum in Udaipur,maritime_museum,train,1280,960,indoor,2026-08-18T10:00:00+05:30
pmd_3ff96a3f,poi_3ca0d3de,media/poi/poi_3ca0d3de/1.jpg,landmark,Maritime Museum in Udaipur,maritime_museum,train,1280,960,indoor,2026-08-18T10:00:00+05:30
pmd_4b3446b6,poi_d052fde5,media/poi/poi_d052fde5/0.jpg,landmark,Botanical Gardens in Udaipur,botanical_gardens,train,1280,960,crowded,2026-08-18T10:00:00+05:30
pmd_4b580f3a,poi_d052fde5,media/poi/poi_d052fde5/1.jpg,landmark,Botanical Gardens in Udaipur,botanical_gardens,train,1280,960,crowded,2026-08-18T10:00:00+05:30
pmd_c25d697f,poi_1559dff8,media/poi/poi_1559dff8/0.jpg,landmark,Riverside Lounge in Udaipur,riverside_lounge,train,1280,960,dusk,2026-08-18T10:00:00+05:30
pmd_05f9762a,poi_1559dff8,media/poi/poi_1559dff8/1.jpg,landmark,Riverside Lounge in Udaipur,riverside_lounge,eval,1280,960,indoor,2026-08-18T10:00:00+05:30
pmd_08907470,poi_6b45f5d8,media/poi/poi_6b45f5d8/0.jpg,landmark,Rock Garden in Udaipur,rock_garden,train,1280,960,,2026-08-18T10:00:00+05:30
pmd_1e39c4b6,poi_6b45f5d8,media/poi/poi_6b45f5d8/1.jpg,landmark,Rock Garden in Udaipur,rock_garden,train,1280,960,daylight,2026-08-18T10:00:00+05:30
pmd_7625b52a,poi_87f14af2,media/poi/poi_87f14af2/0.jpg,landmark,Backwater Channel in Udaipur,backwater_channel,train,1280,960,daylight,2026-08-18T10:00:00+05:30
pmd_ca6d2ccc,poi_87f14af2,media/poi/poi_87f14af2/1.jpg,landmark,Backwater Channel in Udaipur,backwater_channel,eval,1280,960,indoor,2026-08-18T10:00:00+05:30
pmd_7fd8203a,poi_c9ad2e61,media/poi/poi_c9ad2e61/0.jpg,landmark,Coffee Roastery Tour in Udaipur,coffee_roastery_tour,train,1280,960,crowded,2026-08-18T10:00:00+05:30
pmd_1815fff5,poi_c9ad2e61,media/poi/poi_c9ad2e61/1.jpg,landmark,Coffee Roastery Tour in Udaipur,coffee_roastery_tour,train,1280,960,,2026-08-18T10:00:00+05:30
pmd_57b4a6b0,poi_455fd66d,media/poi/poi_455fd66d/0.jpg,landmark,Riverside Ghats in Udaipur,riverside_ghats,train,1280,960,,2026-08-18T10:00:00+05:30
pmd_f8747c28,poi_455fd66d,media/poi/poi_455fd66d/1.jpg,landmark,Riverside Ghats in Udaipur,riverside_ghats,train,1280,960,dusk,2026-08-18T10:00:00+05:30
pmd_65688149,poi_3514f780,media/poi/poi_3514f780/0.jpg,landmark,"Jazz Cellar, Udaipur in Udaipur","jazz_cellar,_udaipur",train,1280,960,,2026-08-18T10:00:00+05:30
pmd_3b2af8d7,poi_3514f780,media/poi/poi_3514f780/1.jpg,landmark,"Jazz Cellar, Udaipur in Udaipur","jazz_cellar,_udaipur",train,1280,960,indoor,2026-08-18T10:00:00+05:30
pmd_eed96264,poi_690e8c3f,media/poi/poi_690e8c3f/0.jpg,landmark,"Gallery of Modern Art, Udaipur in Udaipur","gallery_of_modern_art,_udaipur",train,1280,960,indoor,2026-08-18T10:00:00+05:30
pmd_b4605cf1,poi_690e8c3f,media/poi/poi_690e8c3f/1.jpg,landmark,"Gallery of Modern Art, Udaipur in Udaipur","gallery_of_modern_art,_udaipur",train,1280,960,indoor,2026-08-18T10:00:00+05:30
pmd_819625d3,poi_a6e080dd,media/poi/poi_a6e080dd/0.jpg,landmark,Night Food Bazaar in Jodhpur,night_food_bazaar,train,1280,960,dusk,2026-08-18T10:00:00+05:30
pmd_de223745,poi_a6e080dd,media/poi/poi_a6e080dd/1.jpg,landmark,Night Food Bazaar in Jodhpur,night_food_bazaar,eval,1280,960,indoor,2026-08-18T10:00:00+05:30
pmd_38602ea4,poi_7b4e4d8d,media/poi/poi_7b4e4d8d/0.jpg,landmark,Jodhpur Bird Sanctuary in Jodhpur,jodhpur_bird_sanctuary,train,1280,960,,2026-08-18T10:00:00+05:30
pmd_f147aa1a,poi_7b4e4d8d,media/poi/poi_7b4e4d8d/1.jpg,landmark,Jodhpur Bird Sanctuary in Jodhpur,jodhpur_bird_sanctuary,train,1280,960,,2026-08-18T10:00:00+05:30
pmd_e9b5a889,poi_d607a9e8,media/poi/poi_d607a9e8/0.jpg,landmark,Yoga Shala in Jodhpur,yoga_shala,train,1280,960,indoor,2026-08-18T10:00:00+05:30
pmd_26299b7b,poi_d607a9e8,media/poi/poi_d607a9e8/1.jpg,landmark,Yoga Shala in Jodhpur,yoga_shala,train,1280,960,indoor,2026-08-18T10:00:00+05:30
pmd_e60311d6,poi_3383cc81,media/poi/poi_3383cc81/0.jpg,landmark,"Jazz Cellar, Jodhpur in Jodhpur","jazz_cellar,_jodhpur",train,1280,960,crowded,2026-08-18T10:00:00+05:30
pmd_9b4d9aac,poi_3383cc81,media/poi/poi_3383cc81/1.jpg,landmark,"Jazz Cellar, Jodhpur in Jodhpur","jazz_cellar,_jodhpur",train,1280,960,,2026-08-18T10:00:00+05:30
pmd_00a6ec6b,poi_84c56970,media/poi/poi_84c56970/0.jpg,landmark,Spice Market Walk in Jodhpur,spice_market_walk,train,1280,960,,2026-08-18T10:00:00+05:30
pmd_c154fd5f,poi_84c56970,media/poi/poi_84c56970/1.jpg,landmark,Spice Market Walk in Jodhpur,spice_market_walk,eval,1280,960,daylight,2026-08-18T10:00:00+05:30
pmd_7311f8f1,poi_f5507243,media/poi/poi_f5507243/0.jpg,landmark,Riverside Lounge in Jodhpur,riverside_lounge,train,1280,960,indoor,2026-08-18T10:00:00+05:30
pmd_245b66cc,poi_f5507243,media/poi/poi_f5507243/1.jpg,landmark,Riverside Lounge in Jodhpur,riverside_lounge,train,1280,960,,2026-08-18T10:00:00+05:30
pmd_3464436e,poi_8c370a2f,media/poi/poi_8c370a2f/0.jpg,landmark,Rock Garden in Jodhpur,rock_garden,train,1280,960,,2026-08-18T10:00:00+05:30
pmd_b264f58c,poi_8c370a2f,media/poi/poi_8c370a2f/1.jpg,landmark,Rock Garden in Jodhpur,rock_garden,train,1280,960,,2026-08-18T10:00:00+05:30
pmd_9a25fa74,poi_423f2b73,media/poi/poi_423f2b73/0.jpg,landmark,Hot Springs in Jodhpur,hot_springs,train,1280,960,,2026-08-18T10:00:00+05:30
pmd_21bc1a04,poi_423f2b73,media/poi/poi_423f2b73/1.jpg,landmark,Hot Springs in Jodhpur,hot_springs,eval,1280,960,dusk,2026-08-18T10:00:00+05:30
pmd_97510680,poi_529792ec,media/poi/poi_529792ec/0.jpg,landmark,Yoga Shala in Jodhpur,yoga_shala,train,1280,960,dusk,2026-08-18T10:00:00+05:30
pmd_94816753,poi_529792ec,media/poi/poi_529792ec/1.jpg,landmark,Yoga Shala in Jodhpur,yoga_shala,eval,1280,960,,2026-08-18T10:00:00+05:30
pmd_22385a47,poi_4ae9c459,media/poi/poi_4ae9c459/0.jpg,landmark,Handloom Cooperative in Jodhpur,handloom_cooperative,train,1280,960,,2026-08-18T10:00:00+05:30
pmd_97a62825,poi_4ae9c459,media/poi/poi_4ae9c459/1.jpg,landmark,Handloom Cooperative in Jodhpur,handloom_cooperative,train,1280,960,,2026-08-18T10:00:00+05:30
pmd_fb238808,poi_da092f1e,media/poi/poi_da092f1e/0.jpg,landmark,Yoga Shala in Jodhpur,yoga_shala,train,1280,960,daylight,2026-08-18T10:00:00+05:30
pmd_964dd310,poi_da092f1e,media/poi/poi_da092f1e/1.jpg,landmark,Yoga Shala in Jodhpur,yoga_shala,eval,1280,960,dusk,2026-08-18T10:00:00+05:30
pmd_cea815fc,poi_efb828ad,media/poi/poi_efb828ad/0.jpg,landmark,Jodhpur Viewpoint in Jodhpur,jodhpur_viewpoint,train,1280,960,indoor,2026-08-18T10:00:00+05:30
pmd_6b5b86b0,poi_efb828ad,media/poi/poi_efb828ad/1.jpg,landmark,Jodhpur Viewpoint in Jodhpur,jodhpur_viewpoint,train,1280,960,crowded,2026-08-18T10:00:00+05:30
pmd_438da983,poi_04f0ba08,media/poi/poi_04f0ba08/0.jpg,landmark,Rock Garden in Jodhpur,rock_garden,train,1280,960,,2026-08-18T10:00:00+05:30
pmd_509c5a90,poi_04f0ba08,media/poi/poi_04f0ba08/1.jpg,landmark,Rock Garden in Jodhpur,rock_garden,eval,1280,960,indoor,2026-08-18T10:00:00+05:30
pmd_b7cce600,poi_e4abebbd,media/poi/poi_e4abebbd/0.jpg,landmark,"Jazz Cellar, Jodhpur in Jodhpur","jazz_cellar,_jodhpur",train,1280,960,,2026-08-18T10:00:00+05:30
pmd_85a5fde4,poi_e4abebbd,media/poi/poi_e4abebbd/1.jpg,landmark,"Jazz Cellar, Jodhpur in Jodhpur","jazz_cellar,_jodhpur",train,1280,960,,2026-08-18T10:00:00+05:30
pmd_93b5e16e,poi_ea18f6ef,media/poi/poi_ea18f6ef/0.jpg,landmark,Hot Springs in Jodhpur,hot_springs,train,1280,960,,2026-08-18T10:00:00+05:30
pmd_c55f28d2,poi_ea18f6ef,media/poi/poi_ea18f6ef/1.jpg,landmark,Hot Springs in Jodhpur,hot_springs,train,1280,960,daylight,2026-08-18T10:00:00+05:30
pmd_93893bf5,poi_4ea03993,media/poi/poi_4ea03993/0.jpg,landmark,Jaisalmer Bird Sanctuary in Jaisalmer,jaisalmer_bird_sanctuary,train,1280,960,dusk,2026-08-18T10:00:00+05:30
pmd_2859fb90,poi_4ea03993,media/poi/poi_4ea03993/1.jpg,landmark,Jaisalmer Bird Sanctuary in Jaisalmer,jaisalmer_bird_sanctuary,train,1280,960,crowded,2026-08-18T10:00:00+05:30
pmd_39ef9578,poi_5f6b0929,media/poi/poi_5f6b0929/0.jpg,landmark,Jaisalmer Temple in Jaisalmer,jaisalmer_temple,train,1280,960,,2026-08-18T10:00:00+05:30
pmd_62e8ab61,poi_5f6b0929,media/poi/poi_5f6b0929/1.jpg,landmark,Jaisalmer Temple in Jaisalmer,jaisalmer_temple,eval,1280,960,daylight,2026-08-18T10:00:00+05:30
pmd_9a803a16,poi_55aa9e6a,media/poi/poi_55aa9e6a/0.jpg,landmark,Rock Climbing Wall in Jaisalmer,rock_climbing_wall,train,1280,960,daylight,2026-08-18T10:00:00+05:30
pmd_eff0bc4d,poi_55aa9e6a,media/poi/poi_55aa9e6a/1.jpg,landmark,Rock Climbing Wall in Jaisalmer,rock_climbing_wall,train,1280,960,crowded,2026-08-18T10:00:00+05:30
pmd_089baff4,poi_51183123,media/poi/poi_51183123/0.jpg,landmark,Jaisalmer City Museum in Jaisalmer,jaisalmer_city_museum,train,1280,960,,2026-08-18T10:00:00+05:30
pmd_5f249d77,poi_51183123,media/poi/poi_51183123/1.jpg,landmark,Jaisalmer City Museum in Jaisalmer,jaisalmer_city_museum,train,1280,960,,2026-08-18T10:00:00+05:30
pmd_9bf02f9a,poi_a81484fe,media/poi/poi_a81484fe/0.jpg,landmark,Fishermen's Cove in Jaisalmer,fishermen's_cove,train,1280,960,dusk,2026-08-18T10:00:00+05:30
pmd_0c97bf5e,poi_a81484fe,media/poi/poi_a81484fe/1.jpg,landmark,Fishermen's Cove in Jaisalmer,fishermen's_cove,eval,1280,960,,2026-08-18T10:00:00+05:30
pmd_dafeff62,poi_047adfc6,media/poi/poi_047adfc6/0.jpg,landmark,Kayaking at Jaisalmer in Jaisalmer,kayaking_at_jaisalmer,train,1280,960,,2026-08-18T10:00:00+05:30
pmd_ca07b783,poi_047adfc6,media/poi/poi_047adfc6/1.jpg,landmark,Kayaking at Jaisalmer in Jaisalmer,kayaking_at_jaisalmer,train,1280,960,,2026-08-18T10:00:00+05:30
pmd_27db6e87,poi_fb32afcd,media/poi/poi_fb32afcd/0.jpg,landmark,Puppet Museum in Jaisalmer,puppet_museum,train,1280,960,indoor,2026-08-18T10:00:00+05:30
pmd_22efbfe7,poi_fb32afcd,media/poi/poi_fb32afcd/1.jpg,landmark,Puppet Museum in Jaisalmer,puppet_museum,train,1280,960,crowded,2026-08-18T10:00:00+05:30
pmd_4d0bb9fe,poi_40f22ba7,media/poi/poi_40f22ba7/0.jpg,landmark,"Gallery of Modern Art, Jaisalmer in Jaisalmer","gallery_of_modern_art,_jaisalmer",train,1280,960,,2026-08-18T10:00:00+05:30
pmd_4694632f,poi_40f22ba7,media/poi/poi_40f22ba7/1.jpg,landmark,"Gallery of Modern Art, Jaisalmer in Jaisalmer","gallery_of_modern_art,_jaisalmer",train,1280,960,daylight,2026-08-18T10:00:00+05:30
pmd_f51a63fd,poi_6e34d5eb,media/poi/poi_6e34d5eb/0.jpg,landmark,Chhatri Complex in Jaisalmer,chhatri_complex,train,1280,960,,2026-08-18T10:00:00+05:30
pmd_3ec803b2,poi_6e34d5eb,media/poi/poi_6e34d5eb/1.jpg,landmark,Chhatri Complex in Jaisalmer,chhatri_complex,eval,1280,960,indoor,2026-08-18T10:00:00+05:30
pmd_fddfeda8,poi_51f80251,media/poi/poi_51f80251/0.jpg,landmark,Ayurveda Centre in Jaisalmer,ayurveda_centre,train,1280,960,dusk,2026-08-18T10:00:00+05:30
pmd_e1586fb8,poi_51f80251,media/poi/poi_51f80251/1.jpg,landmark,Ayurveda Centre in Jaisalmer,ayurveda_centre,train,1280,960,daylight,2026-08-18T10:00:00+05:30
pmd_9f106bff,poi_e29c4169,media/poi/poi_e29c4169/0.jpg,landmark,Jain Temple Complex in Jaisalmer,jain_temple_complex,train,1280,960,crowded,2026-08-18T10:00:00+05:30
pmd_52a21fe4,poi_e29c4169,media/poi/poi_e29c4169/1.jpg,landmark,Jain Temple Complex in Jaisalmer,jain_temple_complex,train,1280,960,crowded,2026-08-18T10:00:00+05:30
pmd_d02117b1,poi_d80fc6c2,media/poi/poi_d80fc6c2/0.jpg,landmark,Jaisalmer Observatory in Jaisalmer,jaisalmer_observatory,train,1280,960,dusk,2026-08-18T10:00:00+05:30
pmd_4355aab0,poi_d80fc6c2,media/poi/poi_d80fc6c2/1.jpg,landmark,Jaisalmer Observatory in Jaisalmer,jaisalmer_observatory,eval,1280,960,dusk,2026-08-18T10:00:00+05:30
pmd_794f954c,poi_4f63e9d4,media/poi/poi_4f63e9d4/0.jpg,landmark,Yoga Shala in Jaisalmer,yoga_shala,train,1280,960,,2026-08-18T10:00:00+05:30
pmd_8a523074,poi_4f63e9d4,media/poi/poi_4f63e9d4/1.jpg,landmark,Yoga Shala in Jaisalmer,yoga_shala,eval,1280,960,dusk,2026-08-18T10:00:00+05:30
pmd_bd581785,poi_a24ebe04,media/poi/poi_a24ebe04/0.jpg,landmark,Butterfly Reserve in Jaisalmer,butterfly_reserve,train,1280,960,,2026-08-18T10:00:00+05:30
pmd_3abaa324,poi_a24ebe04,media/poi/poi_a24ebe04/1.jpg,landmark,Butterfly Reserve in Jaisalmer,butterfly_reserve,train,1280,960,dusk,2026-08-18T10:00:00+05:30
pmd_2ff5d69c,poi_82b1e711,media/poi/poi_82b1e711/0.jpg,landmark,Jaisalmer Temple in Jaisalmer,jaisalmer_temple,train,1280,960,,2026-08-18T10:00:00+05:30
pmd_5c0632fe,poi_82b1e711,media/poi/poi_82b1e711/1.jpg,landmark,Jaisalmer Temple in Jaisalmer,jaisalmer_temple,eval,1280,960,crowded,2026-08-18T10:00:00+05:30
pmd_bedff5d5,poi_99eeb49d,media/poi/poi_99eeb49d/0.jpg,landmark,Riverside Lounge in Agra,riverside_lounge,train,1280,960,daylight,2026-08-18T10:00:00+05:30
pmd_9a98a722,poi_99eeb49d,media/poi/poi_99eeb49d/1.jpg,landmark,Riverside Lounge in Agra,riverside_lounge,train,1280,960,,2026-08-18T10:00:00+05:30
pmd_be60bb79,poi_2918d9a5,media/poi/poi_2918d9a5/0.jpg,landmark,Cooking Class at Old Town in Agra,cooking_class_at_old_town,train,1280,960,dusk,2026-08-18T10:00:00+05:30
pmd_dd58af00,poi_2918d9a5,media/poi/poi_2918d9a5/1.jpg,landmark,Cooking Class at Old Town in Agra,cooking_class_at_old_town,train,1280,960,,2026-08-18T10:00:00+05:30
pmd_5f906c64,poi_a9e46e7f,media/poi/poi_a9e46e7f/0.jpg,landmark,Night Food Bazaar in Agra,night_food_bazaar,train,1280,960,daylight,2026-08-18T10:00:00+05:30
pmd_1117be4b,poi_a9e46e7f,media/poi/poi_a9e46e7f/1.jpg,landmark,Night Food Bazaar in Agra,night_food_bazaar,eval,1280,960,dusk,2026-08-18T10:00:00+05:30
pmd_d96b98ec,poi_1153b6f1,media/poi/poi_1153b6f1/0.jpg,landmark,Ayurveda Centre in Agra,ayurveda_centre,train,1280,960,crowded,2026-08-18T10:00:00+05:30
pmd_7b70bb40,poi_1153b6f1,media/poi/poi_1153b6f1/1.jpg,landmark,Ayurveda Centre in Agra,ayurveda_centre,train,1280,960,indoor,2026-08-18T10:00:00+05:30
pmd_e0e6b0d8,poi_e698d1f2,media/poi/poi_e698d1f2/0.jpg,landmark,North Beach in Agra,north_beach,train,1280,960,indoor,2026-08-18T10:00:00+05:30
pmd_3bc4b160,poi_e698d1f2,media/poi/poi_e698d1f2/1.jpg,landmark,North Beach in Agra,north_beach,eval,1280,960,daylight,2026-08-18T10:00:00+05:30
pmd_53ad073e,poi_cc30bc8d,media/poi/poi_cc30bc8d/0.jpg,landmark,Quiet Bay in Agra,quiet_bay,train,1280,960,dusk,2026-08-18T10:00:00+05:30
pmd_9123da6d,poi_cc30bc8d,media/poi/poi_cc30bc8d/1.jpg,landmark,Quiet Bay in Agra,quiet_bay,train,1280,960,indoor,2026-08-18T10:00:00+05:30
pmd_5a425ac7,poi_d94e1880,media/poi/poi_d94e1880/0.jpg,landmark,Backwater Channel in Agra,backwater_channel,train,1280,960,,2026-08-18T10:00:00+05:30
pmd_c9a803da,poi_d94e1880,media/poi/poi_d94e1880/1.jpg,landmark,Backwater Channel in Agra,backwater_channel,train,1280,960,crowded,2026-08-18T10:00:00+05:30
pmd_49cf8613,poi_4733b6f0,media/poi/poi_4733b6f0/0.jpg,landmark,Yoga Shala in Agra,yoga_shala,train,1280,960,indoor,2026-08-18T10:00:00+05:30
pmd_d0aede54,poi_4733b6f0,media/poi/poi_4733b6f0/1.jpg,landmark,Yoga Shala in Agra,yoga_shala,train,1280,960,indoor,2026-08-18T10:00:00+05:30
pmd_5806156b,poi_de929193,media/poi/poi_de929193/0.jpg,landmark,Rock Garden in Agra,rock_garden,train,1280,960,daylight,2026-08-18T10:00:00+05:30
pmd_c677cc53,poi_de929193,media/poi/poi_de929193/1.jpg,landmark,Rock Garden in Agra,rock_garden,train,1280,960,crowded,2026-08-18T10:00:00+05:30
pmd_1dcc506c,poi_ecc44f4e,media/poi/poi_ecc44f4e/0.jpg,landmark,Quiet Bay in Agra,quiet_bay,train,1280,960,,2026-08-18T10:00:00+05:30
pmd_22e56a9e,poi_ecc44f4e,media/poi/poi_ecc44f4e/1.jpg,landmark,Quiet Bay in Agra,quiet_bay,eval,1280,960,indoor,2026-08-18T10:00:00+05:30
pmd_886ad4cf,poi_23e1e6ef,media/poi/poi_23e1e6ef/0.jpg,landmark,Riverside Ghats in Agra,riverside_ghats,train,1280,960,crowded,2026-08-18T10:00:00+05:30
pmd_2acafce2,poi_23e1e6ef,media/poi/poi_23e1e6ef/1.jpg,landmark,Riverside Ghats in Agra,riverside_ghats,eval,1280,960,,2026-08-18T10:00:00+05:30
pmd_5ee88980,poi_25a10096,media/poi/poi_25a10096/0.jpg,landmark,Agra Street Food Lane in Agra,agra_street_food_lane,train,1280,960,indoor,2026-08-18T10:00:00+05:30
pmd_a62397d6,poi_25a10096,media/poi/poi_25a10096/1.jpg,landmark,Agra Street Food Lane in Agra,agra_street_food_lane,train,1280,960,,2026-08-18T10:00:00+05:30
pmd_33fe0f7b,poi_6779b6e6,media/poi/poi_6779b6e6/0.jpg,landmark,Coffee Roastery Tour in Agra,coffee_roastery_tour,train,1280,960,,2026-08-18T10:00:00+05:30
pmd_9588fd14,poi_6779b6e6,media/poi/poi_6779b6e6/1.jpg,landmark,Coffee Roastery Tour in Agra,coffee_roastery_tour,train,1280,960,indoor,2026-08-18T10:00:00+05:30
pmd_3c3da27c,poi_fb163a6d,media/poi/poi_fb163a6d/0.jpg,landmark,Fishermen's Cove in Agra,fishermen's_cove,train,1280,960,crowded,2026-08-18T10:00:00+05:30
pmd_d800d7d4,poi_fb163a6d,media/poi/poi_fb163a6d/1.jpg,landmark,Fishermen's Cove in Agra,fishermen's_cove,train,1280,960,dusk,2026-08-18T10:00:00+05:30
pmd_782095b8,poi_d537f687,media/poi/poi_d537f687/0.jpg,landmark,Lighthouse Beach in Agra,lighthouse_beach,train,1280,960,daylight,2026-08-18T10:00:00+05:30
pmd_05b7fd40,poi_d537f687,media/poi/poi_d537f687/1.jpg,landmark,Lighthouse Beach in Agra,lighthouse_beach,train,1280,960,daylight,2026-08-18T10:00:00+05:30
pmd_7fa1b31b,poi_1f6b3fea,media/poi/poi_1f6b3fea/0.jpg,landmark,Varanasi Viewpoint in Varanasi,varanasi_viewpoint,train,1280,960,indoor,2026-08-18T10:00:00+05:30
pmd_8359dd7e,poi_1f6b3fea,media/poi/poi_1f6b3fea/1.jpg,landmark,Varanasi Viewpoint in Varanasi,varanasi_viewpoint,train,1280,960,dusk,2026-08-18T10:00:00+05:30
pmd_f8bfe110,poi_4b6fd669,media/poi/poi_4b6fd669/0.jpg,landmark,Fishermen's Cove in Varanasi,fishermen's_cove,train,1280,960,dusk,2026-08-18T10:00:00+05:30
pmd_897cf424,poi_4b6fd669,media/poi/poi_4b6fd669/1.jpg,landmark,Fishermen's Cove in Varanasi,fishermen's_cove,train,1280,960,indoor,2026-08-18T10:00:00+05:30
pmd_a9ad7bef,poi_6cf96802,media/poi/poi_6cf96802/0.jpg,landmark,Riverside Lounge in Varanasi,riverside_lounge,train,1280,960,indoor,2026-08-18T10:00:00+05:30
pmd_8fd70a61,poi_6cf96802,media/poi/poi_6cf96802/1.jpg,landmark,Riverside Lounge in Varanasi,riverside_lounge,train,1280,960,dusk,2026-08-18T10:00:00+05:30
pmd_344aac41,poi_ac798552,media/poi/poi_ac798552/0.jpg,landmark,Quiet Bay in Varanasi,quiet_bay,train,1280,960,crowded,2026-08-18T10:00:00+05:30
pmd_d4240a9f,poi_ac798552,media/poi/poi_ac798552/1.jpg,landmark,Quiet Bay in Varanasi,quiet_bay,train,1280,960,crowded,2026-08-18T10:00:00+05:30
pmd_d451b3f7,poi_b342c8f0,media/poi/poi_b342c8f0/0.jpg,landmark,Varanasi Street Food Lane in Varanasi,varanasi_street_food_lane,train,1280,960,daylight,2026-08-18T10:00:00+05:30
pmd_8fb4c0b0,poi_b342c8f0,media/poi/poi_b342c8f0/1.jpg,landmark,Varanasi Street Food Lane in Varanasi,varanasi_street_food_lane,eval,1280,960,daylight,2026-08-18T10:00:00+05:30
pmd_c52d87fd,poi_ce379b2f,media/poi/poi_ce379b2f/0.jpg,landmark,Varanasi Viewpoint in Varanasi,varanasi_viewpoint,train,1280,960,daylight,2026-08-18T10:00:00+05:30
pmd_fecda8db,poi_ce379b2f,media/poi/poi_ce379b2f/1.jpg,landmark,Varanasi Viewpoint in Varanasi,varanasi_viewpoint,train,1280,960,indoor,2026-08-18T10:00:00+05:30
pmd_39de0974,poi_3c0c89be,media/poi/poi_3c0c89be/0.jpg,landmark,Sunset Point in Varanasi,sunset_point,train,1280,960,daylight,2026-08-18T10:00:00+05:30
pmd_a5a3816d,poi_3c0c89be,media/poi/poi_3c0c89be/1.jpg,landmark,Sunset Point in Varanasi,sunset_point,train,1280,960,daylight,2026-08-18T10:00:00+05:30
pmd_75458d26,poi_3f6b3047,media/poi/poi_3f6b3047/0.jpg,landmark,Coffee Roastery Tour in Varanasi,coffee_roastery_tour,train,1280,960,,2026-08-18T10:00:00+05:30
pmd_85188d8d,poi_3f6b3047,media/poi/poi_3f6b3047/1.jpg,landmark,Coffee Roastery Tour in Varanasi,coffee_roastery_tour,eval,1280,960,indoor,2026-08-18T10:00:00+05:30
pmd_01640541,poi_5d60f7d3,media/poi/poi_5d60f7d3/0.jpg,landmark,Varanasi Street Food Lane in Varanasi,varanasi_street_food_lane,train,1280,960,crowded,2026-08-18T10:00:00+05:30
pmd_ef02c4e1,poi_5d60f7d3,media/poi/poi_5d60f7d3/1.jpg,landmark,Varanasi Street Food Lane in Varanasi,varanasi_street_food_lane,train,1280,960,indoor,2026-08-18T10:00:00+05:30
pmd_d4958d95,poi_14133aa5,media/poi/poi_14133aa5/0.jpg,landmark,Rock Garden in Varanasi,rock_garden,train,1280,960,indoor,2026-08-18T10:00:00+05:30
pmd_51a0328d,poi_14133aa5,media/poi/poi_14133aa5/1.jpg,landmark,Rock Garden in Varanasi,rock_garden,train,1280,960,dusk,2026-08-18T10:00:00+05:30
pmd_22acd014,poi_892c58e8,media/poi/poi_892c58e8/0.jpg,landmark,Handloom Cooperative in Varanasi,handloom_cooperative,train,1280,960,daylight,2026-08-18T10:00:00+05:30
pmd_4e036b66,poi_892c58e8,media/poi/poi_892c58e8/1.jpg,landmark,Handloom Cooperative in Varanasi,handloom_cooperative,train,1280,960,indoor,2026-08-18T10:00:00+05:30
pmd_38a116aa,poi_6714a2b7,media/poi/poi_6714a2b7/0.jpg,landmark,North Beach in Varanasi,north_beach,train,1280,960,,2026-08-18T10:00:00+05:30
pmd_e66c4fda,poi_6714a2b7,media/poi/poi_6714a2b7/1.jpg,landmark,North Beach in Varanasi,north_beach,train,1280,960,,2026-08-18T10:00:00+05:30
pmd_c5525ca7,poi_0fd767d1,media/poi/poi_0fd767d1/0.jpg,landmark,Varanasi Street Food Lane in Varanasi,varanasi_street_food_lane,train,1280,960,daylight,2026-08-18T10:00:00+05:30
pmd_effc7d75,poi_0fd767d1,media/poi/poi_0fd767d1/1.jpg,landmark,Varanasi Street Food Lane in Varanasi,varanasi_street_food_lane,eval,1280,960,,2026-08-18T10:00:00+05:30
pmd_8b226cbc,poi_ff07508e,media/poi/poi_ff07508e/0.jpg,landmark,Handloom Cooperative in Varanasi,handloom_cooperative,train,1280,960,daylight,2026-08-18T10:00:00+05:30
pmd_b70799d8,poi_ff07508e,media/poi/poi_ff07508e/1.jpg,landmark,Handloom Cooperative in Varanasi,handloom_cooperative,train,1280,960,dusk,2026-08-18T10:00:00+05:30
pmd_178abc62,poi_9a818832,media/poi/poi_9a818832/0.jpg,landmark,Ridge Lookout in Varanasi,ridge_lookout,train,1280,960,crowded,2026-08-18T10:00:00+05:30
pmd_94ddf180,poi_9a818832,media/poi/poi_9a818832/1.jpg,landmark,Ridge Lookout in Varanasi,ridge_lookout,train,1280,960,crowded,2026-08-18T10:00:00+05:30
pmd_e1c72915,poi_45ad255e,media/poi/poi_45ad255e/0.jpg,landmark,Riverside Ghats in Lucknow,riverside_ghats,train,1280,960,,2026-08-18T10:00:00+05:30
pmd_ef19abeb,poi_45ad255e,media/poi/poi_45ad255e/1.jpg,landmark,Riverside Ghats in Lucknow,riverside_ghats,train,1280,960,indoor,2026-08-18T10:00:00+05:30
pmd_d87eda4c,poi_19ef3aca,media/poi/poi_19ef3aca/0.jpg,landmark,Great Mosque of Lucknow in Lucknow,great_mosque_of_lucknow,train,1280,960,dusk,2026-08-18T10:00:00+05:30
pmd_05a7ecbb,poi_19ef3aca,media/poi/poi_19ef3aca/1.jpg,landmark,Great Mosque of Lucknow in Lucknow,great_mosque_of_lucknow,train,1280,960,dusk,2026-08-18T10:00:00+05:30
pmd_e17ed545,poi_654970ad,media/poi/poi_654970ad/0.jpg,landmark,Hot Springs in Lucknow,hot_springs,train,1280,960,,2026-08-18T10:00:00+05:30
pmd_e76d7dac,poi_654970ad,media/poi/poi_654970ad/1.jpg,landmark,Hot Springs in Lucknow,hot_springs,train,1280,960,indoor,2026-08-18T10:00:00+05:30
pmd_c25d2fc8,poi_cfe191ae,media/poi/poi_cfe191ae/0.jpg,landmark,Royal Cenotaphs in Lucknow,royal_cenotaphs,train,1280,960,,2026-08-18T10:00:00+05:30
pmd_c6fff010,poi_cfe191ae,media/poi/poi_cfe191ae/1.jpg,landmark,Royal Cenotaphs in Lucknow,royal_cenotaphs,eval,1280,960,daylight,2026-08-18T10:00:00+05:30
pmd_8521a870,poi_1b1c636a,media/poi/poi_1b1c636a/0.jpg,landmark,Lucknow Stepwell in Lucknow,lucknow_stepwell,train,1280,960,dusk,2026-08-18T10:00:00+05:30
pmd_1a2fcd8e,poi_1b1c636a,media/poi/poi_1b1c636a/1.jpg,landmark,Lucknow Stepwell in Lucknow,lucknow_stepwell,train,1280,960,dusk,2026-08-18T10:00:00+05:30
pmd_8ca69361,poi_6d2179fc,media/poi/poi_6d2179fc/0.jpg,landmark,Lucknow Bird Sanctuary in Lucknow,lucknow_bird_sanctuary,train,1280,960,,2026-08-18T10:00:00+05:30
pmd_5af247ae,poi_6d2179fc,media/poi/poi_6d2179fc/1.jpg,landmark,Lucknow Bird Sanctuary in Lucknow,lucknow_bird_sanctuary,train,1280,960,daylight,2026-08-18T10:00:00+05:30
pmd_be7f201c,poi_3657db09,media/poi/poi_3657db09/0.jpg,landmark,Lucknow Stepwell in Lucknow,lucknow_stepwell,train,1280,960,daylight,2026-08-18T10:00:00+05:30
pmd_222bdc39,poi_3657db09,media/poi/poi_3657db09/1.jpg,landmark,Lucknow Stepwell in Lucknow,lucknow_stepwell,eval,1280,960,,2026-08-18T10:00:00+05:30
pmd_c86fac2d,poi_617e6210,media/poi/poi_617e6210/0.jpg,landmark,Butterfly Reserve in Lucknow,butterfly_reserve,train,1280,960,,2026-08-18T10:00:00+05:30
pmd_f0250054,poi_617e6210,media/poi/poi_617e6210/1.jpg,landmark,Butterfly Reserve in Lucknow,butterfly_reserve,train,1280,960,,2026-08-18T10:00:00+05:30
pmd_b72edd64,poi_537e1423,media/poi/poi_537e1423/0.jpg,landmark,Hot Springs in Lucknow,hot_springs,train,1280,960,,2026-08-18T10:00:00+05:30
pmd_59235aa8,poi_537e1423,media/poi/poi_537e1423/1.jpg,landmark,Hot Springs in Lucknow,hot_springs,eval,1280,960,daylight,2026-08-18T10:00:00+05:30
pmd_f4751c48,poi_4014708e,media/poi/poi_4014708e/0.jpg,landmark,Yoga Shala in Lucknow,yoga_shala,train,1280,960,,2026-08-18T10:00:00+05:30
pmd_7e737f38,poi_4014708e,media/poi/poi_4014708e/1.jpg,landmark,Yoga Shala in Lucknow,yoga_shala,eval,1280,960,indoor,2026-08-18T10:00:00+05:30
pmd_0a1248c6,poi_11e2b165,media/poi/poi_11e2b165/0.jpg,landmark,Hot Springs in Lucknow,hot_springs,train,1280,960,daylight,2026-08-18T10:00:00+05:30
pmd_54d95b78,poi_11e2b165,media/poi/poi_11e2b165/1.jpg,landmark,Hot Springs in Lucknow,hot_springs,train,1280,960,,2026-08-18T10:00:00+05:30
pmd_71755e62,poi_65449925,media/poi/poi_65449925/0.jpg,landmark,Rock Climbing Wall in Lucknow,rock_climbing_wall,train,1280,960,,2026-08-18T10:00:00+05:30
pmd_390cb3f0,poi_65449925,media/poi/poi_65449925/1.jpg,landmark,Rock Climbing Wall in Lucknow,rock_climbing_wall,eval,1280,960,,2026-08-18T10:00:00+05:30
pmd_b283f8bb,poi_13219d0d,media/poi/poi_13219d0d/0.jpg,landmark,North Beach in Lucknow,north_beach,train,1280,960,daylight,2026-08-18T10:00:00+05:30
pmd_b1226cc6,poi_13219d0d,media/poi/poi_13219d0d/1.jpg,landmark,North Beach in Lucknow,north_beach,eval,1280,960,,2026-08-18T10:00:00+05:30
pmd_79fa05d2,poi_29010ad1,media/poi/poi_29010ad1/0.jpg,landmark,Great Mosque of Lucknow in Lucknow,great_mosque_of_lucknow,train,1280,960,dusk,2026-08-18T10:00:00+05:30
pmd_75b3a3e7,poi_29010ad1,media/poi/poi_29010ad1/1.jpg,landmark,Great Mosque of Lucknow in Lucknow,great_mosque_of_lucknow,train,1280,960,,2026-08-18T10:00:00+05:30
pmd_61be1318,poi_60c9ded0,media/poi/poi_60c9ded0/0.jpg,landmark,Lucknow Bird Sanctuary in Lucknow,lucknow_bird_sanctuary,train,1280,960,dusk,2026-08-18T10:00:00+05:30
pmd_f22ebcd4,poi_60c9ded0,media/poi/poi_60c9ded0/1.jpg,landmark,Lucknow Bird Sanctuary in Lucknow,lucknow_bird_sanctuary,train,1280,960,dusk,2026-08-18T10:00:00+05:30
pmd_637a4ea8,poi_6dce5a76,media/poi/poi_6dce5a76/0.jpg,landmark,Ayurveda Centre in New Delhi,ayurveda_centre,train,1280,960,dusk,2026-08-18T10:00:00+05:30
pmd_9343f2a3,poi_6dce5a76,media/poi/poi_6dce5a76/1.jpg,landmark,Ayurveda Centre in New Delhi,ayurveda_centre,train,1280,960,,2026-08-18T10:00:00+05:30
pmd_135e73ab,poi_356fc49a,media/poi/poi_356fc49a/0.jpg,landmark,Jain Temple Complex in New Delhi,jain_temple_complex,train,1280,960,crowded,2026-08-18T10:00:00+05:30
pmd_dd10dc31,poi_356fc49a,media/poi/poi_356fc49a/1.jpg,landmark,Jain Temple Complex in New Delhi,jain_temple_complex,train,1280,960,,2026-08-18T10:00:00+05:30
pmd_68ac0ce5,poi_d3737db1,media/poi/poi_d3737db1/0.jpg,landmark,Yoga Shala in New Delhi,yoga_shala,train,1280,960,dusk,2026-08-18T10:00:00+05:30
pmd_6a1fa3c7,poi_d3737db1,media/poi/poi_d3737db1/1.jpg,landmark,Yoga Shala in New Delhi,yoga_shala,train,1280,960,indoor,2026-08-18T10:00:00+05:30
pmd_c6ae0e18,poi_453bdf21,media/poi/poi_453bdf21/0.jpg,landmark,Yoga Shala in New Delhi,yoga_shala,train,1280,960,indoor,2026-08-18T10:00:00+05:30
pmd_b180b2cc,poi_453bdf21,media/poi/poi_453bdf21/1.jpg,landmark,Yoga Shala in New Delhi,yoga_shala,eval,1280,960,dusk,2026-08-18T10:00:00+05:30
pmd_8fffba1e,poi_0f2aad38,media/poi/poi_0f2aad38/0.jpg,landmark,Elephant Camp in New Delhi,elephant_camp,train,1280,960,,2026-08-18T10:00:00+05:30
pmd_a5485804,poi_0f2aad38,media/poi/poi_0f2aad38/1.jpg,landmark,Elephant Camp in New Delhi,elephant_camp,train,1280,960,crowded,2026-08-18T10:00:00+05:30
pmd_3bc0bc38,poi_04a93c99,media/poi/poi_04a93c99/0.jpg,landmark,Butterfly Reserve in New Delhi,butterfly_reserve,train,1280,960,crowded,2026-08-18T10:00:00+05:30
pmd_00724807,poi_04a93c99,media/poi/poi_04a93c99/1.jpg,landmark,Butterfly Reserve in New Delhi,butterfly_reserve,eval,1280,960,,2026-08-18T10:00:00+05:30
pmd_d79a3261,poi_854510d3,media/poi/poi_854510d3/0.jpg,landmark,Rock Garden in New Delhi,rock_garden,train,1280,960,indoor,2026-08-18T10:00:00+05:30
pmd_dc987005,poi_854510d3,media/poi/poi_854510d3/1.jpg,landmark,Rock Garden in New Delhi,rock_garden,train,1280,960,indoor,2026-08-18T10:00:00+05:30
pmd_20af51b6,poi_b678840e,media/poi/poi_b678840e/0.jpg,landmark,Night Food Bazaar in New Delhi,night_food_bazaar,train,1280,960,indoor,2026-08-18T10:00:00+05:30
pmd_6f06f0f4,poi_b678840e,media/poi/poi_b678840e/1.jpg,landmark,Night Food Bazaar in New Delhi,night_food_bazaar,eval,1280,960,,2026-08-18T10:00:00+05:30
pmd_b65d72f4,poi_59a49b81,media/poi/poi_59a49b81/0.jpg,landmark,New Delhi Temple in New Delhi,new_delhi_temple,train,1280,960,crowded,2026-08-18T10:00:00+05:30
pmd_2b810910,poi_59a49b81,media/poi/poi_59a49b81/1.jpg,landmark,New Delhi Temple in New Delhi,new_delhi_temple,train,1280,960,dusk,2026-08-18T10:00:00+05:30
pmd_415d762e,poi_69af3525,media/poi/poi_69af3525/0.jpg,landmark,Great Mosque of New Delhi in New Delhi,great_mosque_of_new_delhi,train,1280,960,,2026-08-18T10:00:00+05:30
pmd_fe3dd066,poi_69af3525,media/poi/poi_69af3525/1.jpg,landmark,Great Mosque of New Delhi in New Delhi,great_mosque_of_new_delhi,eval,1280,960,,2026-08-18T10:00:00+05:30
pmd_77dec92f,poi_ec504151,media/poi/poi_ec504151/0.jpg,landmark,Jain Temple Complex in New Delhi,jain_temple_complex,train,1280,960,daylight,2026-08-18T10:00:00+05:30
pmd_11017d37,poi_ec504151,media/poi/poi_ec504151/1.jpg,landmark,Jain Temple Complex in New Delhi,jain_temple_complex,train,1280,960,indoor,2026-08-18T10:00:00+05:30
pmd_2bd4ee17,poi_ee3f6b58,media/poi/poi_ee3f6b58/0.jpg,landmark,Botanical Gardens in New Delhi,botanical_gardens,train,1280,960,,2026-08-18T10:00:00+05:30
pmd_bdeb7ebc,poi_ee3f6b58,media/poi/poi_ee3f6b58/1.jpg,landmark,Botanical Gardens in New Delhi,botanical_gardens,train,1280,960,dusk,2026-08-18T10:00:00+05:30
pmd_0dd56817,poi_a8ca10a8,media/poi/poi_a8ca10a8/0.jpg,landmark,Rock Climbing Wall in New Delhi,rock_climbing_wall,train,1280,960,,2026-08-18T10:00:00+05:30
pmd_dd2ad361,poi_a8ca10a8,media/poi/poi_a8ca10a8/1.jpg,landmark,Rock Climbing Wall in New Delhi,rock_climbing_wall,train,1280,960,,2026-08-18T10:00:00+05:30
pmd_1b142bf4,poi_0e9efeae,media/poi/poi_0e9efeae/0.jpg,landmark,Riverside Lounge in New Delhi,riverside_lounge,train,1280,960,crowded,2026-08-18T10:00:00+05:30
pmd_bfd10527,poi_0e9efeae,media/poi/poi_0e9efeae/1.jpg,landmark,Riverside Lounge in New Delhi,riverside_lounge,train,1280,960,,2026-08-18T10:00:00+05:30
pmd_20dc0409,poi_428db857,media/poi/poi_428db857/0.jpg,landmark,Ayurveda Centre in New Delhi,ayurveda_centre,train,1280,960,daylight,2026-08-18T10:00:00+05:30
pmd_49067c2a,poi_428db857,media/poi/poi_428db857/1.jpg,landmark,Ayurveda Centre in New Delhi,ayurveda_centre,train,1280,960,crowded,2026-08-18T10:00:00+05:30
pmd_27608ac7,poi_66c3e7d9,media/poi/poi_66c3e7d9/0.jpg,landmark,Riverside Lounge in Amritsar,riverside_lounge,train,1280,960,daylight,2026-08-18T10:00:00+05:30
pmd_164b272f,poi_66c3e7d9,media/poi/poi_66c3e7d9/1.jpg,landmark,Riverside Lounge in Amritsar,riverside_lounge,train,1280,960,daylight,2026-08-18T10:00:00+05:30
pmd_35c237ac,poi_c8a30b2b,media/poi/poi_c8a30b2b/0.jpg,landmark,Riverside Ghats in Amritsar,riverside_ghats,train,1280,960,daylight,2026-08-18T10:00:00+05:30
pmd_f085fe19,poi_c8a30b2b,media/poi/poi_c8a30b2b/1.jpg,landmark,Riverside Ghats in Amritsar,riverside_ghats,eval,1280,960,,2026-08-18T10:00:00+05:30
pmd_4b941982,poi_814c5981,media/poi/poi_814c5981/0.jpg,landmark,Kayaking at Amritsar in Amritsar,kayaking_at_amritsar,train,1280,960,indoor,2026-08-18T10:00:00+05:30
pmd_84b5ad24,poi_814c5981,media/poi/poi_814c5981/1.jpg,landmark,Kayaking at Amritsar in Amritsar,kayaking_at_amritsar,eval,1280,960,daylight,2026-08-18T10:00:00+05:30
pmd_67f69c43,poi_da4f49cf,media/poi/poi_da4f49cf/0.jpg,landmark,Hot Springs in Amritsar,hot_springs,train,1280,960,daylight,2026-08-18T10:00:00+05:30
pmd_d62b2581,poi_da4f49cf,media/poi/poi_da4f49cf/1.jpg,landmark,Hot Springs in Amritsar,hot_springs,eval,1280,960,,2026-08-18T10:00:00+05:30
pmd_a9b311ab,poi_f069d484,media/poi/poi_f069d484/0.jpg,landmark,Rooftop Live Music in Amritsar,rooftop_live_music,train,1280,960,,2026-08-18T10:00:00+05:30
pmd_f4c25d4c,poi_f069d484,media/poi/poi_f069d484/1.jpg,landmark,Rooftop Live Music in Amritsar,rooftop_live_music,train,1280,960,daylight,2026-08-18T10:00:00+05:30
pmd_42db93ed,poi_a2b2ebb4,media/poi/poi_a2b2ebb4/0.jpg,landmark,"Jazz Cellar, Amritsar in Amritsar","jazz_cellar,_amritsar",train,1280,960,daylight,2026-08-18T10:00:00+05:30
pmd_9290d3fa,poi_a2b2ebb4,media/poi/poi_a2b2ebb4/1.jpg,landmark,"Jazz Cellar, Amritsar in Amritsar","jazz_cellar,_amritsar",eval,1280,960,dusk,2026-08-18T10:00:00+05:30
pmd_7a9f7645,poi_2b68f8e3,media/poi/poi_2b68f8e3/0.jpg,landmark,Kayaking at Amritsar in Amritsar,kayaking_at_amritsar,train,1280,960,indoor,2026-08-18T10:00:00+05:30
pmd_d4bae633,poi_2b68f8e3,media/poi/poi_2b68f8e3/1.jpg,landmark,Kayaking at Amritsar in Amritsar,kayaking_at_amritsar,train,1280,960,,2026-08-18T10:00:00+05:30
pmd_0e1d17a1,poi_e6da4930,media/poi/poi_e6da4930/0.jpg,landmark,Hot Air Balloon Field in Amritsar,hot_air_balloon_field,train,1280,960,indoor,2026-08-18T10:00:00+05:30
pmd_172a09ef,poi_e6da4930,media/poi/poi_e6da4930/1.jpg,landmark,Hot Air Balloon Field in Amritsar,hot_air_balloon_field,train,1280,960,,2026-08-18T10:00:00+05:30
pmd_e1c27034,poi_16a57a9d,media/poi/poi_16a57a9d/0.jpg,landmark,Blue Pottery Workshop in Amritsar,blue_pottery_workshop,train,1280,960,,2026-08-18T10:00:00+05:30
pmd_48b95bf3,poi_16a57a9d,media/poi/poi_16a57a9d/1.jpg,landmark,Blue Pottery Workshop in Amritsar,blue_pottery_workshop,train,1280,960,indoor,2026-08-18T10:00:00+05:30
pmd_4f3df2d6,poi_65054389,media/poi/poi_65054389/0.jpg,landmark,Lighthouse Beach in Amritsar,lighthouse_beach,train,1280,960,,2026-08-18T10:00:00+05:30
pmd_24b97161,poi_65054389,media/poi/poi_65054389/1.jpg,landmark,Lighthouse Beach in Amritsar,lighthouse_beach,train,1280,960,daylight,2026-08-18T10:00:00+05:30
pmd_771b40c4,poi_4a4c1328,media/poi/poi_4a4c1328/0.jpg,landmark,Yoga Shala in Amritsar,yoga_shala,train,1280,960,,2026-08-18T10:00:00+05:30
pmd_73e4995c,poi_4a4c1328,media/poi/poi_4a4c1328/1.jpg,landmark,Yoga Shala in Amritsar,yoga_shala,train,1280,960,,2026-08-18T10:00:00+05:30
pmd_25343a62,poi_757a53e0,media/poi/poi_757a53e0/0.jpg,landmark,Riverside Lounge in Amritsar,riverside_lounge,train,1280,960,dusk,2026-08-18T10:00:00+05:30
pmd_ff9fc455,poi_757a53e0,media/poi/poi_757a53e0/1.jpg,landmark,Riverside Lounge in Amritsar,riverside_lounge,eval,1280,960,dusk,2026-08-18T10:00:00+05:30
pmd_21af073e,poi_baa25090,media/poi/poi_baa25090/0.jpg,landmark,Water Palace in Amritsar,water_palace,train,1280,960,crowded,2026-08-18T10:00:00+05:30
pmd_43baf10c,poi_baa25090,media/poi/poi_baa25090/1.jpg,landmark,Water Palace in Amritsar,water_palace,eval,1280,960,crowded,2026-08-18T10:00:00+05:30
pmd_bd9d80bd,poi_89d38def,media/poi/poi_89d38def/0.jpg,landmark,Cycling Loop in Amritsar,cycling_loop,train,1280,960,,2026-08-18T10:00:00+05:30
pmd_ed0356b9,poi_89d38def,media/poi/poi_89d38def/1.jpg,landmark,Cycling Loop in Amritsar,cycling_loop,eval,1280,960,crowded,2026-08-18T10:00:00+05:30
pmd_790c2f5a,poi_bfc63913,media/poi/poi_bfc63913/0.jpg,landmark,Handloom Cooperative in Amritsar,handloom_cooperative,train,1280,960,daylight,2026-08-18T10:00:00+05:30
pmd_c4c26492,poi_bfc63913,media/poi/poi_bfc63913/1.jpg,landmark,Handloom Cooperative in Amritsar,handloom_cooperative,train,1280,960,dusk,2026-08-18T10:00:00+05:30
pmd_2fdf1125,poi_7213a07d,media/poi/poi_7213a07d/0.jpg,landmark,Quiet Bay in Shimla,quiet_bay,train,1280,960,,2026-08-18T10:00:00+05:30
pmd_3ed5d6fd,poi_7213a07d,media/poi/poi_7213a07d/1.jpg,landmark,Quiet Bay in Shimla,quiet_bay,eval,1280,960,daylight,2026-08-18T10:00:00+05:30
pmd_a42db470,poi_09155f8c,media/poi/poi_09155f8c/0.jpg,landmark,Quiet Bay in Shimla,quiet_bay,train,1280,960,,2026-08-18T10:00:00+05:30
pmd_b0fb1b13,poi_09155f8c,media/poi/poi_09155f8c/1.jpg,landmark,Quiet Bay in Shimla,quiet_bay,eval,1280,960,,2026-08-18T10:00:00+05:30
pmd_3fe07ba6,poi_35d011e8,media/poi/poi_35d011e8/0.jpg,landmark,Botanical Gardens in Shimla,botanical_gardens,train,1280,960,crowded,2026-08-18T10:00:00+05:30
pmd_2dbbd68b,poi_35d011e8,media/poi/poi_35d011e8/1.jpg,landmark,Botanical Gardens in Shimla,botanical_gardens,train,1280,960,dusk,2026-08-18T10:00:00+05:30
pmd_bc0fe3ac,poi_eccc86ce,media/poi/poi_eccc86ce/0.jpg,landmark,Maritime Museum in Shimla,maritime_museum,train,1280,960,indoor,2026-08-18T10:00:00+05:30
pmd_a3c90d28,poi_eccc86ce,media/poi/poi_eccc86ce/1.jpg,landmark,Maritime Museum in Shimla,maritime_museum,train,1280,960,,2026-08-18T10:00:00+05:30
pmd_06b4cf0d,poi_05550f9c,media/poi/poi_05550f9c/0.jpg,landmark,Night Food Bazaar in Shimla,night_food_bazaar,train,1280,960,dusk,2026-08-18T10:00:00+05:30
pmd_61ebe39b,poi_05550f9c,media/poi/poi_05550f9c/1.jpg,landmark,Night Food Bazaar in Shimla,night_food_bazaar,eval,1280,960,daylight,2026-08-18T10:00:00+05:30
pmd_0403d8f4,poi_e337e6d3,media/poi/poi_e337e6d3/0.jpg,landmark,Textile Museum in Shimla,textile_museum,train,1280,960,indoor,2026-08-18T10:00:00+05:30
pmd_8f921bc9,poi_e337e6d3,media/poi/poi_e337e6d3/1.jpg,landmark,Textile Museum in Shimla,textile_museum,eval,1280,960,dusk,2026-08-18T10:00:00+05:30
pmd_787a2792,poi_6431c980,media/poi/poi_6431c980/0.jpg,landmark,Cooking Class at Old Town in Shimla,cooking_class_at_old_town,train,1280,960,,2026-08-18T10:00:00+05:30
pmd_56b5f060,poi_6431c980,media/poi/poi_6431c980/1.jpg,landmark,Cooking Class at Old Town in Shimla,cooking_class_at_old_town,eval,1280,960,daylight,2026-08-18T10:00:00+05:30
pmd_df597019,poi_5a5793a8,media/poi/poi_5a5793a8/0.jpg,landmark,Watchtower Terrace in Shimla,watchtower_terrace,train,1280,960,indoor,2026-08-18T10:00:00+05:30
pmd_4d1cd542,poi_5a5793a8,media/poi/poi_5a5793a8/1.jpg,landmark,Watchtower Terrace in Shimla,watchtower_terrace,train,1280,960,dusk,2026-08-18T10:00:00+05:30
pmd_ec11575b,poi_4c87ddee,media/poi/poi_4c87ddee/0.jpg,landmark,Antique Lane in Shimla,antique_lane,train,1280,960,,2026-08-18T10:00:00+05:30
pmd_0a6d3f2e,poi_4c87ddee,media/poi/poi_4c87ddee/1.jpg,landmark,Antique Lane in Shimla,antique_lane,train,1280,960,,2026-08-18T10:00:00+05:30
pmd_4ece9009,poi_660b0d33,media/poi/poi_660b0d33/0.jpg,landmark,Rock Garden in Shimla,rock_garden,train,1280,960,indoor,2026-08-18T10:00:00+05:30
pmd_1b806f15,poi_660b0d33,media/poi/poi_660b0d33/1.jpg,landmark,Rock Garden in Shimla,rock_garden,train,1280,960,,2026-08-18T10:00:00+05:30
pmd_4460fe7e,poi_b35717f6,media/poi/poi_b35717f6/0.jpg,landmark,Lighthouse Beach in Shimla,lighthouse_beach,train,1280,960,dusk,2026-08-18T10:00:00+05:30
pmd_07a5105e,poi_b35717f6,media/poi/poi_b35717f6/1.jpg,landmark,Lighthouse Beach in Shimla,lighthouse_beach,eval,1280,960,,2026-08-18T10:00:00+05:30
pmd_4d6ec608,poi_1cdce06b,media/poi/poi_1cdce06b/0.jpg,landmark,Shimla Viewpoint in Shimla,shimla_viewpoint,train,1280,960,,2026-08-18T10:00:00+05:30
pmd_5453b357,poi_1cdce06b,media/poi/poi_1cdce06b/1.jpg,landmark,Shimla Viewpoint in Shimla,shimla_viewpoint,train,1280,960,daylight,2026-08-18T10:00:00+05:30
pmd_92f4e8c2,poi_e5100a66,media/poi/poi_e5100a66/0.jpg,landmark,Coffee Roastery Tour in Shimla,coffee_roastery_tour,train,1280,960,,2026-08-18T10:00:00+05:30
pmd_98acdd7e,poi_e5100a66,media/poi/poi_e5100a66/1.jpg,landmark,Coffee Roastery Tour in Shimla,coffee_roastery_tour,eval,1280,960,,2026-08-18T10:00:00+05:30
pmd_53d4c560,poi_fec61450,media/poi/poi_fec61450/0.jpg,landmark,Jain Temple Complex in Shimla,jain_temple_complex,train,1280,960,,2026-08-18T10:00:00+05:30
pmd_fdcaf493,poi_fec61450,media/poi/poi_fec61450/1.jpg,landmark,Jain Temple Complex in Shimla,jain_temple_complex,train,1280,960,,2026-08-18T10:00:00+05:30
pmd_f1e4c079,poi_3a3efeb8,media/poi/poi_3a3efeb8/0.jpg,landmark,Jain Temple Complex in Shimla,jain_temple_complex,train,1280,960,dusk,2026-08-18T10:00:00+05:30
pmd_e0c0c8cd,poi_3a3efeb8,media/poi/poi_3a3efeb8/1.jpg,landmark,Jain Temple Complex in Shimla,jain_temple_complex,train,1280,960,,2026-08-18T10:00:00+05:30
pmd_d367b4b6,poi_080ec099,media/poi/poi_080ec099/0.jpg,landmark,Hilltop Shrine in Manali,hilltop_shrine,train,1280,960,,2026-08-18T10:00:00+05:30
pmd_31c8c2d3,poi_080ec099,media/poi/poi_080ec099/1.jpg,landmark,Hilltop Shrine in Manali,hilltop_shrine,train,1280,960,indoor,2026-08-18T10:00:00+05:30
pmd_61dc1267,poi_56eec1f7,media/poi/poi_56eec1f7/0.jpg,landmark,Riverside Lounge in Manali,riverside_lounge,train,1280,960,,2026-08-18T10:00:00+05:30
pmd_4fa37ac5,poi_56eec1f7,media/poi/poi_56eec1f7/1.jpg,landmark,Riverside Lounge in Manali,riverside_lounge,train,1280,960,dusk,2026-08-18T10:00:00+05:30
pmd_9fc62f86,poi_27e69b68,media/poi/poi_27e69b68/0.jpg,landmark,Zipline Point in Manali,zipline_point,train,1280,960,,2026-08-18T10:00:00+05:30
pmd_b93198c0,poi_27e69b68,media/poi/poi_27e69b68/1.jpg,landmark,Zipline Point in Manali,zipline_point,train,1280,960,daylight,2026-08-18T10:00:00+05:30
pmd_450d3844,poi_a42d04ae,media/poi/poi_a42d04ae/0.jpg,landmark,Riverside Lounge in Manali,riverside_lounge,train,1280,960,,2026-08-18T10:00:00+05:30
pmd_547c8faa,poi_a42d04ae,media/poi/poi_a42d04ae/1.jpg,landmark,Riverside Lounge in Manali,riverside_lounge,train,1280,960,crowded,2026-08-18T10:00:00+05:30
pmd_9ff39b0e,poi_3cd58d03,media/poi/poi_3cd58d03/0.jpg,landmark,Botanical Gardens in Manali,botanical_gardens,train,1280,960,indoor,2026-08-18T10:00:00+05:30
pmd_b3d6ec22,poi_3cd58d03,media/poi/poi_3cd58d03/1.jpg,landmark,Botanical Gardens in Manali,botanical_gardens,train,1280,960,crowded,2026-08-18T10:00:00+05:30
pmd_7d15825f,poi_d19e8a0d,media/poi/poi_d19e8a0d/0.jpg,landmark,Butterfly Reserve in Manali,butterfly_reserve,train,1280,960,indoor,2026-08-18T10:00:00+05:30
pmd_c7cd3226,poi_d19e8a0d,media/poi/poi_d19e8a0d/1.jpg,landmark,Butterfly Reserve in Manali,butterfly_reserve,train,1280,960,daylight,2026-08-18T10:00:00+05:30
pmd_ac542ad9,poi_858d379c,media/poi/poi_858d379c/0.jpg,landmark,Puppet Museum in Manali,puppet_museum,train,1280,960,daylight,2026-08-18T10:00:00+05:30
pmd_bf25d4d4,poi_858d379c,media/poi/poi_858d379c/1.jpg,landmark,Puppet Museum in Manali,puppet_museum,eval,1280,960,,2026-08-18T10:00:00+05:30
pmd_a84bb6de,poi_9de9c403,media/poi/poi_9de9c403/0.jpg,landmark,Great Mosque of Manali in Manali,great_mosque_of_manali,train,1280,960,,2026-08-18T10:00:00+05:30
pmd_c1d5e964,poi_9de9c403,media/poi/poi_9de9c403/1.jpg,landmark,Great Mosque of Manali in Manali,great_mosque_of_manali,eval,1280,960,,2026-08-18T10:00:00+05:30
pmd_7a5c60b5,poi_b6329778,media/poi/poi_b6329778/0.jpg,landmark,Hilltop Shrine in Manali,hilltop_shrine,train,1280,960,daylight,2026-08-18T10:00:00+05:30
pmd_502a0df8,poi_b6329778,media/poi/poi_b6329778/1.jpg,landmark,Hilltop Shrine in Manali,hilltop_shrine,train,1280,960,dusk,2026-08-18T10:00:00+05:30
pmd_52a642b1,poi_981e6149,media/poi/poi_981e6149/0.jpg,landmark,Coffee Roastery Tour in Manali,coffee_roastery_tour,train,1280,960,dusk,2026-08-18T10:00:00+05:30
pmd_5caf7f18,poi_981e6149,media/poi/poi_981e6149/1.jpg,landmark,Coffee Roastery Tour in Manali,coffee_roastery_tour,eval,1280,960,crowded,2026-08-18T10:00:00+05:30
pmd_a73ce00f,poi_6580da95,media/poi/poi_6580da95/0.jpg,landmark,Rock Climbing Wall in Manali,rock_climbing_wall,train,1280,960,daylight,2026-08-18T10:00:00+05:30
pmd_27debe1b,poi_6580da95,media/poi/poi_6580da95/1.jpg,landmark,Rock Climbing Wall in Manali,rock_climbing_wall,train,1280,960,dusk,2026-08-18T10:00:00+05:30
pmd_a43c45b4,poi_d0aa4cac,media/poi/poi_d0aa4cac/0.jpg,landmark,Watchtower Terrace in Manali,watchtower_terrace,train,1280,960,,2026-08-18T10:00:00+05:30
pmd_89419d7a,poi_d0aa4cac,media/poi/poi_d0aa4cac/1.jpg,landmark,Watchtower Terrace in Manali,watchtower_terrace,train,1280,960,daylight,2026-08-18T10:00:00+05:30
pmd_d7832e7b,poi_7a4468c4,media/poi/poi_7a4468c4/0.jpg,landmark,Watchtower Terrace in Manali,watchtower_terrace,train,1280,960,,2026-08-18T10:00:00+05:30
pmd_2d119332,poi_7a4468c4,media/poi/poi_7a4468c4/1.jpg,landmark,Watchtower Terrace in Manali,watchtower_terrace,eval,1280,960,indoor,2026-08-18T10:00:00+05:30
pmd_45f68f15,poi_d668c5ae,media/poi/poi_d668c5ae/0.jpg,landmark,Cycling Loop in Manali,cycling_loop,train,1280,960,crowded,2026-08-18T10:00:00+05:30
pmd_1707ec91,poi_d668c5ae,media/poi/poi_d668c5ae/1.jpg,landmark,Cycling Loop in Manali,cycling_loop,eval,1280,960,,2026-08-18T10:00:00+05:30
pmd_02e35557,poi_9e696660,media/poi/poi_9e696660/0.jpg,landmark,Botanical Gardens in Manali,botanical_gardens,train,1280,960,,2026-08-18T10:00:00+05:30
pmd_bff5f47e,poi_9e696660,media/poi/poi_9e696660/1.jpg,landmark,Botanical Gardens in Manali,botanical_gardens,train,1280,960,daylight,2026-08-18T10:00:00+05:30
pmd_a915c845,poi_55efa344,media/poi/poi_55efa344/0.jpg,landmark,Rishikesh Bazaar in Rishikesh,rishikesh_bazaar,train,1280,960,daylight,2026-08-18T10:00:00+05:30
pmd_3f69cab9,poi_55efa344,media/poi/poi_55efa344/1.jpg,landmark,Rishikesh Bazaar in Rishikesh,rishikesh_bazaar,eval,1280,960,,2026-08-18T10:00:00+05:30
pmd_906c03d0,poi_7bd45bdd,media/poi/poi_7bd45bdd/0.jpg,landmark,Fishermen's Cove in Rishikesh,fishermen's_cove,train,1280,960,indoor,2026-08-18T10:00:00+05:30
pmd_2d353174,poi_7bd45bdd,media/poi/poi_7bd45bdd/1.jpg,landmark,Fishermen's Cove in Rishikesh,fishermen's_cove,train,1280,960,indoor,2026-08-18T10:00:00+05:30
pmd_db2a3f5b,poi_bbd7ce43,media/poi/poi_bbd7ce43/0.jpg,landmark,Rishikesh Bazaar in Rishikesh,rishikesh_bazaar,train,1280,960,,2026-08-18T10:00:00+05:30
pmd_e377d6e8,poi_bbd7ce43,media/poi/poi_bbd7ce43/1.jpg,landmark,Rishikesh Bazaar in Rishikesh,rishikesh_bazaar,train,1280,960,indoor,2026-08-18T10:00:00+05:30
pmd_12806837,poi_6da0c869,media/poi/poi_6da0c869/0.jpg,landmark,Blue Pottery Workshop in Rishikesh,blue_pottery_workshop,train,1280,960,,2026-08-18T10:00:00+05:30
pmd_802ad765,poi_6da0c869,media/poi/poi_6da0c869/1.jpg,landmark,Blue Pottery Workshop in Rishikesh,blue_pottery_workshop,train,1280,960,,2026-08-18T10:00:00+05:30
pmd_b575f5ef,poi_f9f12b4d,media/poi/poi_f9f12b4d/0.jpg,landmark,Yoga Shala in Rishikesh,yoga_shala,train,1280,960,dusk,2026-08-18T10:00:00+05:30
pmd_daaef21e,poi_f9f12b4d,media/poi/poi_f9f12b4d/1.jpg,landmark,Yoga Shala in Rishikesh,yoga_shala,eval,1280,960,,2026-08-18T10:00:00+05:30
pmd_92eff05b,poi_090cc669,media/poi/poi_090cc669/0.jpg,landmark,Butterfly Reserve in Rishikesh,butterfly_reserve,train,1280,960,dusk,2026-08-18T10:00:00+05:30
pmd_a1ed189b,poi_090cc669,media/poi/poi_090cc669/1.jpg,landmark,Butterfly Reserve in Rishikesh,butterfly_reserve,eval,1280,960,daylight,2026-08-18T10:00:00+05:30
pmd_8f3281b4,poi_0e7b7fc0,media/poi/poi_0e7b7fc0/0.jpg,landmark,Yoga Shala in Rishikesh,yoga_shala,train,1280,960,dusk,2026-08-18T10:00:00+05:30
pmd_81cb6230,poi_0e7b7fc0,media/poi/poi_0e7b7fc0/1.jpg,landmark,Yoga Shala in Rishikesh,yoga_shala,train,1280,960,crowded,2026-08-18T10:00:00+05:30
pmd_8c46854e,poi_e78bfaee,media/poi/poi_e78bfaee/0.jpg,landmark,Fishermen's Cove in Rishikesh,fishermen's_cove,train,1280,960,daylight,2026-08-18T10:00:00+05:30
pmd_1cd35818,poi_e78bfaee,media/poi/poi_e78bfaee/1.jpg,landmark,Fishermen's Cove in Rishikesh,fishermen's_cove,train,1280,960,indoor,2026-08-18T10:00:00+05:30
pmd_1eebd1bb,poi_c74c12ed,media/poi/poi_c74c12ed/0.jpg,landmark,Hot Springs in Rishikesh,hot_springs,train,1280,960,,2026-08-18T10:00:00+05:30
pmd_1bdd7784,poi_c74c12ed,media/poi/poi_c74c12ed/1.jpg,landmark,Hot Springs in Rishikesh,hot_springs,eval,1280,960,daylight,2026-08-18T10:00:00+05:30
pmd_83d3d109,poi_889f4e87,media/poi/poi_889f4e87/0.jpg,landmark,Puppet Museum in Rishikesh,puppet_museum,train,1280,960,,2026-08-18T10:00:00+05:30
pmd_f21b6bfc,poi_889f4e87,media/poi/poi_889f4e87/1.jpg,landmark,Puppet Museum in Rishikesh,puppet_museum,train,1280,960,dusk,2026-08-18T10:00:00+05:30
pmd_5c43163a,poi_1461e306,media/poi/poi_1461e306/0.jpg,landmark,Riverside Ghats in Rishikesh,riverside_ghats,train,1280,960,daylight,2026-08-18T10:00:00+05:30
pmd_94ed260b,poi_1461e306,media/poi/poi_1461e306/1.jpg,landmark,Riverside Ghats in Rishikesh,riverside_ghats,eval,1280,960,,2026-08-18T10:00:00+05:30
pmd_b030ef94,poi_475d7338,media/poi/poi_475d7338/0.jpg,landmark,Maritime Museum in Rishikesh,maritime_museum,train,1280,960,crowded,2026-08-18T10:00:00+05:30
pmd_9973883e,poi_475d7338,media/poi/poi_475d7338/1.jpg,landmark,Maritime Museum in Rishikesh,maritime_museum,train,1280,960,,2026-08-18T10:00:00+05:30
pmd_1f7f7a67,poi_21a4922d,media/poi/poi_21a4922d/0.jpg,landmark,Quiet Bay in Rishikesh,quiet_bay,train,1280,960,dusk,2026-08-18T10:00:00+05:30
pmd_9151c788,poi_21a4922d,media/poi/poi_21a4922d/1.jpg,landmark,Quiet Bay in Rishikesh,quiet_bay,eval,1280,960,dusk,2026-08-18T10:00:00+05:30
pmd_361bb231,poi_41810a53,media/poi/poi_41810a53/0.jpg,landmark,Hilltop Shrine in Rishikesh,hilltop_shrine,train,1280,960,daylight,2026-08-18T10:00:00+05:30
pmd_17715b3a,poi_41810a53,media/poi/poi_41810a53/1.jpg,landmark,Hilltop Shrine in Rishikesh,hilltop_shrine,eval,1280,960,crowded,2026-08-18T10:00:00+05:30
pmd_ce2c2ab4,poi_96add6ac,media/poi/poi_96add6ac/0.jpg,landmark,Fishermen's Cove in Rishikesh,fishermen's_cove,train,1280,960,,2026-08-18T10:00:00+05:30
pmd_847ff76c,poi_96add6ac,media/poi/poi_96add6ac/1.jpg,landmark,Fishermen's Cove in Rishikesh,fishermen's_cove,eval,1280,960,,2026-08-18T10:00:00+05:30
pmd_3af389e8,poi_7cd2e8cd,media/poi/poi_7cd2e8cd/0.jpg,landmark,Museum of Coins in Nainital,museum_of_coins,train,1280,960,,2026-08-18T10:00:00+05:30
pmd_95013c51,poi_7cd2e8cd,media/poi/poi_7cd2e8cd/1.jpg,landmark,Museum of Coins in Nainital,museum_of_coins,train,1280,960,daylight,2026-08-18T10:00:00+05:30
pmd_dbf68f8f,poi_3dd6c5b0,media/poi/poi_3dd6c5b0/0.jpg,landmark,Puppet Museum in Nainital,puppet_museum,train,1280,960,indoor,2026-08-18T10:00:00+05:30
pmd_6bf3371d,poi_3dd6c5b0,media/poi/poi_3dd6c5b0/1.jpg,landmark,Puppet Museum in Nainital,puppet_museum,train,1280,960,,2026-08-18T10:00:00+05:30
pmd_885b8dee,poi_d9ef734e,media/poi/poi_d9ef734e/0.jpg,landmark,Rooftop Live Music in Nainital,rooftop_live_music,train,1280,960,,2026-08-18T10:00:00+05:30
pmd_ed20aa2e,poi_d9ef734e,media/poi/poi_d9ef734e/1.jpg,landmark,Rooftop Live Music in Nainital,rooftop_live_music,eval,1280,960,daylight,2026-08-18T10:00:00+05:30
pmd_9d813d4c,poi_5e69bc20,media/poi/poi_5e69bc20/0.jpg,landmark,Handloom Cooperative in Nainital,handloom_cooperative,train,1280,960,daylight,2026-08-18T10:00:00+05:30
pmd_53b094e2,poi_5e69bc20,media/poi/poi_5e69bc20/1.jpg,landmark,Handloom Cooperative in Nainital,handloom_cooperative,train,1280,960,daylight,2026-08-18T10:00:00+05:30
pmd_70e4a767,poi_c21309f4,media/poi/poi_c21309f4/0.jpg,landmark,Sunset Point in Nainital,sunset_point,train,1280,960,indoor,2026-08-18T10:00:00+05:30
pmd_2428169c,poi_c21309f4,media/poi/poi_c21309f4/1.jpg,landmark,Sunset Point in Nainital,sunset_point,train,1280,960,dusk,2026-08-18T10:00:00+05:30
pmd_c8dd13ed,poi_a79ecb61,media/poi/poi_a79ecb61/0.jpg,landmark,Backwater Channel in Nainital,backwater_channel,train,1280,960,crowded,2026-08-18T10:00:00+05:30
pmd_7329bffd,poi_a79ecb61,media/poi/poi_a79ecb61/1.jpg,landmark,Backwater Channel in Nainital,backwater_channel,train,1280,960,dusk,2026-08-18T10:00:00+05:30
pmd_8798530f,poi_6d8ec0be,media/poi/poi_6d8ec0be/0.jpg,landmark,Ayurveda Centre in Nainital,ayurveda_centre,train,1280,960,,2026-08-18T10:00:00+05:30
pmd_0dd9d9ba,poi_6d8ec0be,media/poi/poi_6d8ec0be/1.jpg,landmark,Ayurveda Centre in Nainital,ayurveda_centre,eval,1280,960,,2026-08-18T10:00:00+05:30
pmd_74d23270,poi_0c84f287,media/poi/poi_0c84f287/0.jpg,landmark,Nainital Bazaar in Nainital,nainital_bazaar,train,1280,960,dusk,2026-08-18T10:00:00+05:30
pmd_a88de0ef,poi_0c84f287,media/poi/poi_0c84f287/1.jpg,landmark,Nainital Bazaar in Nainital,nainital_bazaar,train,1280,960,,2026-08-18T10:00:00+05:30
pmd_df9c0035,poi_a1e5f2e6,media/poi/poi_a1e5f2e6/0.jpg,landmark,Yoga Shala in Nainital,yoga_shala,train,1280,960,,2026-08-18T10:00:00+05:30
pmd_9e3d55fb,poi_a1e5f2e6,media/poi/poi_a1e5f2e6/1.jpg,landmark,Yoga Shala in Nainital,yoga_shala,eval,1280,960,daylight,2026-08-18T10:00:00+05:30
pmd_e3be10e9,poi_d5409022,media/poi/poi_d5409022/0.jpg,landmark,"St Mary's Church, Nainital in Nainital","st_mary's_church,_nainital",train,1280,960,indoor,2026-08-18T10:00:00+05:30
pmd_ba7f4be5,poi_d5409022,media/poi/poi_d5409022/1.jpg,landmark,"St Mary's Church, Nainital in Nainital","st_mary's_church,_nainital",train,1280,960,,2026-08-18T10:00:00+05:30
pmd_371e9453,poi_584276b6,media/poi/poi_584276b6/0.jpg,landmark,Nainital Temple in Nainital,nainital_temple,train,1280,960,,2026-08-18T10:00:00+05:30
pmd_45b74ae8,poi_584276b6,media/poi/poi_584276b6/1.jpg,landmark,Nainital Temple in Nainital,nainital_temple,eval,1280,960,,2026-08-18T10:00:00+05:30
pmd_0ecbd71f,poi_d8ffbfe8,media/poi/poi_d8ffbfe8/0.jpg,landmark,Antique Lane in Nainital,antique_lane,train,1280,960,daylight,2026-08-18T10:00:00+05:30
pmd_75c4486f,poi_d8ffbfe8,media/poi/poi_d8ffbfe8/1.jpg,landmark,Antique Lane in Nainital,antique_lane,train,1280,960,indoor,2026-08-18T10:00:00+05:30
pmd_3963dc31,poi_38e1ec96,media/poi/poi_38e1ec96/0.jpg,landmark,Textile Museum in Nainital,textile_museum,train,1280,960,dusk,2026-08-18T10:00:00+05:30
pmd_ce43d1f9,poi_38e1ec96,media/poi/poi_38e1ec96/1.jpg,landmark,Textile Museum in Nainital,textile_museum,train,1280,960,,2026-08-18T10:00:00+05:30
pmd_91228ace,poi_1b0630d5,media/poi/poi_1b0630d5/0.jpg,landmark,Nainital Temple in Nainital,nainital_temple,train,1280,960,,2026-08-18T10:00:00+05:30
pmd_07f1c0b5,poi_1b0630d5,media/poi/poi_1b0630d5/1.jpg,landmark,Nainital Temple in Nainital,nainital_temple,train,1280,960,indoor,2026-08-18T10:00:00+05:30
pmd_4a3fe7d9,poi_93980121,media/poi/poi_93980121/0.jpg,landmark,Puppet Museum in Nainital,puppet_museum,train,1280,960,,2026-08-18T10:00:00+05:30
pmd_5b56361d,poi_93980121,media/poi/poi_93980121/1.jpg,landmark,Puppet Museum in Nainital,puppet_museum,train,1280,960,crowded,2026-08-18T10:00:00+05:30
pmd_b7000e11,poi_789930fb,media/poi/poi_789930fb/0.jpg,landmark,Leh City Museum in Leh,leh_city_museum,train,1280,960,crowded,2026-08-18T10:00:00+05:30
pmd_b375dc07,poi_789930fb,media/poi/poi_789930fb/1.jpg,landmark,Leh City Museum in Leh,leh_city_museum,train,1280,960,indoor,2026-08-18T10:00:00+05:30
pmd_f4168a57,poi_6b17511e,media/poi/poi_6b17511e/0.jpg,landmark,Night Food Bazaar in Leh,night_food_bazaar,train,1280,960,daylight,2026-08-18T10:00:00+05:30
pmd_6cb89505,poi_6b17511e,media/poi/poi_6b17511e/1.jpg,landmark,Night Food Bazaar in Leh,night_food_bazaar,train,1280,960,,2026-08-18T10:00:00+05:30
pmd_d8c8ccdf,poi_43e21947,media/poi/poi_43e21947/0.jpg,landmark,"Jazz Cellar, Leh in Leh","jazz_cellar,_leh",train,1280,960,,2026-08-18T10:00:00+05:30
pmd_aff60ace,poi_43e21947,media/poi/poi_43e21947/1.jpg,landmark,"Jazz Cellar, Leh in Leh","jazz_cellar,_leh",train,1280,960,crowded,2026-08-18T10:00:00+05:30
pmd_39c916a0,poi_7b08d755,media/poi/poi_7b08d755/0.jpg,landmark,Elephant Camp in Leh,elephant_camp,train,1280,960,,2026-08-18T10:00:00+05:30
pmd_a8bbd433,poi_7b08d755,media/poi/poi_7b08d755/1.jpg,landmark,Elephant Camp in Leh,elephant_camp,train,1280,960,daylight,2026-08-18T10:00:00+05:30
pmd_1096cc19,poi_f2a26f1f,media/poi/poi_f2a26f1f/0.jpg,landmark,Leh Lake in Leh,leh_lake,train,1280,960,,2026-08-18T10:00:00+05:30
pmd_ad3ac3ed,poi_f2a26f1f,media/poi/poi_f2a26f1f/1.jpg,landmark,Leh Lake in Leh,leh_lake,train,1280,960,dusk,2026-08-18T10:00:00+05:30
pmd_8a543506,poi_bd12d26b,media/poi/poi_bd12d26b/0.jpg,landmark,Textile Museum in Leh,textile_museum,train,1280,960,crowded,2026-08-18T10:00:00+05:30
pmd_967408cc,poi_bd12d26b,media/poi/poi_bd12d26b/1.jpg,landmark,Textile Museum in Leh,textile_museum,eval,1280,960,indoor,2026-08-18T10:00:00+05:30
pmd_6c6cdf63,poi_2b00dd1d,media/poi/poi_2b00dd1d/0.jpg,landmark,Textile Museum in Leh,textile_museum,train,1280,960,dusk,2026-08-18T10:00:00+05:30
pmd_6b7d7b91,poi_2b00dd1d,media/poi/poi_2b00dd1d/1.jpg,landmark,Textile Museum in Leh,textile_museum,train,1280,960,dusk,2026-08-18T10:00:00+05:30
pmd_0fcf4735,poi_eef7f325,media/poi/poi_eef7f325/0.jpg,landmark,Rooftop Live Music in Leh,rooftop_live_music,train,1280,960,dusk,2026-08-18T10:00:00+05:30
pmd_eb7989f9,poi_eef7f325,media/poi/poi_eef7f325/1.jpg,landmark,Rooftop Live Music in Leh,rooftop_live_music,train,1280,960,dusk,2026-08-18T10:00:00+05:30
pmd_41d1f709,poi_d158bf55,media/poi/poi_d158bf55/0.jpg,landmark,Leh Bird Sanctuary in Leh,leh_bird_sanctuary,train,1280,960,daylight,2026-08-18T10:00:00+05:30
pmd_27294545,poi_d158bf55,media/poi/poi_d158bf55/1.jpg,landmark,Leh Bird Sanctuary in Leh,leh_bird_sanctuary,eval,1280,960,,2026-08-18T10:00:00+05:30
pmd_34da624a,poi_03e96e6b,media/poi/poi_03e96e6b/0.jpg,landmark,Backwater Channel in Leh,backwater_channel,train,1280,960,,2026-08-18T10:00:00+05:30
pmd_43776584,poi_03e96e6b,media/poi/poi_03e96e6b/1.jpg,landmark,Backwater Channel in Leh,backwater_channel,eval,1280,960,,2026-08-18T10:00:00+05:30
pmd_ddaada0c,poi_b2db71d0,media/poi/poi_b2db71d0/0.jpg,landmark,Cliff Walk in Leh,cliff_walk,train,1280,960,,2026-08-18T10:00:00+05:30
pmd_db4c2e80,poi_b2db71d0,media/poi/poi_b2db71d0/1.jpg,landmark,Cliff Walk in Leh,cliff_walk,train,1280,960,crowded,2026-08-18T10:00:00+05:30
pmd_472f040e,poi_4dd2861e,media/poi/poi_4dd2861e/0.jpg,landmark,Elephant Camp in Leh,elephant_camp,train,1280,960,,2026-08-18T10:00:00+05:30
pmd_7693fc31,poi_4dd2861e,media/poi/poi_4dd2861e/1.jpg,landmark,Elephant Camp in Leh,elephant_camp,train,1280,960,crowded,2026-08-18T10:00:00+05:30
pmd_5fb6c9f8,poi_5438f7a0,media/poi/poi_5438f7a0/0.jpg,landmark,Crocodile Park in Leh,crocodile_park,train,1280,960,dusk,2026-08-18T10:00:00+05:30
pmd_b6f63be3,poi_5438f7a0,media/poi/poi_5438f7a0/1.jpg,landmark,Crocodile Park in Leh,crocodile_park,train,1280,960,indoor,2026-08-18T10:00:00+05:30
pmd_393b4149,poi_26b74a30,media/poi/poi_26b74a30/0.jpg,landmark,Elephant Camp in Leh,elephant_camp,train,1280,960,daylight,2026-08-18T10:00:00+05:30
pmd_5b434ef6,poi_26b74a30,media/poi/poi_26b74a30/1.jpg,landmark,Elephant Camp in Leh,elephant_camp,train,1280,960,daylight,2026-08-18T10:00:00+05:30
pmd_5c292721,poi_58be1c10,media/poi/poi_58be1c10/0.jpg,landmark,Ridge Lookout in Leh,ridge_lookout,train,1280,960,,2026-08-18T10:00:00+05:30
pmd_582a24c2,poi_58be1c10,media/poi/poi_58be1c10/1.jpg,landmark,Ridge Lookout in Leh,ridge_lookout,train,1280,960,daylight,2026-08-18T10:00:00+05:30
pmd_acb123a1,poi_72885c51,media/poi/poi_72885c51/0.jpg,landmark,Butterfly Reserve in Srinagar,butterfly_reserve,train,1280,960,indoor,2026-08-18T10:00:00+05:30
pmd_e7498755,poi_72885c51,media/poi/poi_72885c51/1.jpg,landmark,Butterfly Reserve in Srinagar,butterfly_reserve,eval,1280,960,indoor,2026-08-18T10:00:00+05:30
pmd_5de1c369,poi_091fe344,media/poi/poi_091fe344/0.jpg,landmark,Srinagar Lake in Srinagar,srinagar_lake,train,1280,960,daylight,2026-08-18T10:00:00+05:30
pmd_44595865,poi_091fe344,media/poi/poi_091fe344/1.jpg,landmark,Srinagar Lake in Srinagar,srinagar_lake,eval,1280,960,crowded,2026-08-18T10:00:00+05:30
pmd_653a602d,poi_a8a1121e,media/poi/poi_a8a1121e/0.jpg,landmark,Cycling Loop in Srinagar,cycling_loop,train,1280,960,dusk,2026-08-18T10:00:00+05:30
pmd_dcf7152f,poi_a8a1121e,media/poi/poi_a8a1121e/1.jpg,landmark,Cycling Loop in Srinagar,cycling_loop,train,1280,960,,2026-08-18T10:00:00+05:30
pmd_14055aff,poi_53ac6972,media/poi/poi_53ac6972/0.jpg,landmark,Watchtower Terrace in Srinagar,watchtower_terrace,train,1280,960,dusk,2026-08-18T10:00:00+05:30
pmd_2529140f,poi_53ac6972,media/poi/poi_53ac6972/1.jpg,landmark,Watchtower Terrace in Srinagar,watchtower_terrace,train,1280,960,daylight,2026-08-18T10:00:00+05:30
pmd_ae86b91a,poi_7bf0ffd4,media/poi/poi_7bf0ffd4/0.jpg,landmark,Watchtower Terrace in Srinagar,watchtower_terrace,train,1280,960,crowded,2026-08-18T10:00:00+05:30
pmd_906066e4,poi_7bf0ffd4,media/poi/poi_7bf0ffd4/1.jpg,landmark,Watchtower Terrace in Srinagar,watchtower_terrace,train,1280,960,,2026-08-18T10:00:00+05:30
pmd_375d1ff2,poi_a9a7d6f1,media/poi/poi_a9a7d6f1/0.jpg,landmark,Elephant Camp in Srinagar,elephant_camp,train,1280,960,indoor,2026-08-18T10:00:00+05:30
pmd_f2593955,poi_a9a7d6f1,media/poi/poi_a9a7d6f1/1.jpg,landmark,Elephant Camp in Srinagar,elephant_camp,train,1280,960,indoor,2026-08-18T10:00:00+05:30
pmd_ab1d2a77,poi_1b2395ad,media/poi/poi_1b2395ad/0.jpg,landmark,Riverside Lounge in Srinagar,riverside_lounge,train,1280,960,crowded,2026-08-18T10:00:00+05:30
pmd_88e6821d,poi_1b2395ad,media/poi/poi_1b2395ad/1.jpg,landmark,Riverside Lounge in Srinagar,riverside_lounge,eval,1280,960,,2026-08-18T10:00:00+05:30
pmd_d06fd30c,poi_88b5a018,media/poi/poi_88b5a018/0.jpg,landmark,Watchtower Terrace in Srinagar,watchtower_terrace,train,1280,960,indoor,2026-08-18T10:00:00+05:30
pmd_c8e49718,poi_88b5a018,media/poi/poi_88b5a018/1.jpg,landmark,Watchtower Terrace in Srinagar,watchtower_terrace,train,1280,960,dusk,2026-08-18T10:00:00+05:30
pmd_c2178ef4,poi_c806ff41,media/poi/poi_c806ff41/0.jpg,landmark,Chhatri Complex in Srinagar,chhatri_complex,train,1280,960,,2026-08-18T10:00:00+05:30
pmd_c8e7ac77,poi_c806ff41,media/poi/poi_c806ff41/1.jpg,landmark,Chhatri Complex in Srinagar,chhatri_complex,train,1280,960,daylight,2026-08-18T10:00:00+05:30
pmd_37bc8e0b,poi_3d47122c,media/poi/poi_3d47122c/0.jpg,landmark,Srinagar Observatory in Srinagar,srinagar_observatory,train,1280,960,daylight,2026-08-18T10:00:00+05:30
pmd_348024bf,poi_3d47122c,media/poi/poi_3d47122c/1.jpg,landmark,Srinagar Observatory in Srinagar,srinagar_observatory,train,1280,960,dusk,2026-08-18T10:00:00+05:30
pmd_025f03fc,poi_02d64e75,media/poi/poi_02d64e75/0.jpg,landmark,"Jazz Cellar, Srinagar in Srinagar","jazz_cellar,_srinagar",train,1280,960,crowded,2026-08-18T10:00:00+05:30
pmd_748e4303,poi_02d64e75,media/poi/poi_02d64e75/1.jpg,landmark,"Jazz Cellar, Srinagar in Srinagar","jazz_cellar,_srinagar",train,1280,960,indoor,2026-08-18T10:00:00+05:30
pmd_ddb5ab11,poi_ec061425,media/poi/poi_ec061425/0.jpg,landmark,Crocodile Park in Srinagar,crocodile_park,train,1280,960,daylight,2026-08-18T10:00:00+05:30
pmd_584c1016,poi_ec061425,media/poi/poi_ec061425/1.jpg,landmark,Crocodile Park in Srinagar,crocodile_park,eval,1280,960,daylight,2026-08-18T10:00:00+05:30
pmd_f1430cdd,poi_6c6cefc3,media/poi/poi_6c6cefc3/0.jpg,landmark,Rock Garden in Srinagar,rock_garden,train,1280,960,,2026-08-18T10:00:00+05:30
pmd_0393b21c,poi_6c6cefc3,media/poi/poi_6c6cefc3/1.jpg,landmark,Rock Garden in Srinagar,rock_garden,train,1280,960,,2026-08-18T10:00:00+05:30
pmd_94ecb673,poi_d1f05b2f,media/poi/poi_d1f05b2f/0.jpg,landmark,Zipline Point in Srinagar,zipline_point,train,1280,960,dusk,2026-08-18T10:00:00+05:30
pmd_0e57bc61,poi_d1f05b2f,media/poi/poi_d1f05b2f/1.jpg,landmark,Zipline Point in Srinagar,zipline_point,train,1280,960,dusk,2026-08-18T10:00:00+05:30
pmd_de074a3c,poi_70fc506d,media/poi/poi_70fc506d/0.jpg,landmark,Rock Climbing Wall in Srinagar,rock_climbing_wall,train,1280,960,crowded,2026-08-18T10:00:00+05:30
pmd_af2bb5a6,poi_70fc506d,media/poi/poi_70fc506d/1.jpg,landmark,Rock Climbing Wall in Srinagar,rock_climbing_wall,train,1280,960,daylight,2026-08-18T10:00:00+05:30
pmd_03bfadd9,poi_bebe0046,media/poi/poi_bebe0046/0.jpg,landmark,Quiet Bay in Mumbai,quiet_bay,train,1280,960,daylight,2026-08-18T10:00:00+05:30
pmd_eb475c3e,poi_bebe0046,media/poi/poi_bebe0046/1.jpg,landmark,Quiet Bay in Mumbai,quiet_bay,train,1280,960,crowded,2026-08-18T10:00:00+05:30
pmd_b6b54305,poi_a89bd0b6,media/poi/poi_a89bd0b6/0.jpg,landmark,Riverside Lounge in Mumbai,riverside_lounge,train,1280,960,,2026-08-18T10:00:00+05:30
pmd_f65a1f3a,poi_a89bd0b6,media/poi/poi_a89bd0b6/1.jpg,landmark,Riverside Lounge in Mumbai,riverside_lounge,train,1280,960,,2026-08-18T10:00:00+05:30
pmd_20b24233,poi_a1b45daa,media/poi/poi_a1b45daa/0.jpg,landmark,Cliff Walk in Mumbai,cliff_walk,train,1280,960,indoor,2026-08-18T10:00:00+05:30
pmd_cc2cc16d,poi_a1b45daa,media/poi/poi_a1b45daa/1.jpg,landmark,Cliff Walk in Mumbai,cliff_walk,train,1280,960,,2026-08-18T10:00:00+05:30
pmd_a2b37cf1,poi_7d154e6e,media/poi/poi_7d154e6e/0.jpg,landmark,"Gallery of Modern Art, Mumbai in Mumbai","gallery_of_modern_art,_mumbai",train,1280,960,indoor,2026-08-18T10:00:00+05:30
pmd_ab5bb192,poi_7d154e6e,media/poi/poi_7d154e6e/1.jpg,landmark,"Gallery of Modern Art, Mumbai in Mumbai","gallery_of_modern_art,_mumbai",train,1280,960,,2026-08-18T10:00:00+05:30
pmd_27003187,poi_26a8c93c,media/poi/poi_26a8c93c/0.jpg,landmark,Hot Air Balloon Field in Mumbai,hot_air_balloon_field,train,1280,960,daylight,2026-08-18T10:00:00+05:30
pmd_0bdc91b8,poi_26a8c93c,media/poi/poi_26a8c93c/1.jpg,landmark,Hot Air Balloon Field in Mumbai,hot_air_balloon_field,train,1280,960,indoor,2026-08-18T10:00:00+05:30
pmd_ced920bf,poi_22445cd1,media/poi/poi_22445cd1/0.jpg,landmark,Blue Pottery Workshop in Mumbai,blue_pottery_workshop,train,1280,960,crowded,2026-08-18T10:00:00+05:30
pmd_b95afa42,poi_22445cd1,media/poi/poi_22445cd1/1.jpg,landmark,Blue Pottery Workshop in Mumbai,blue_pottery_workshop,train,1280,960,daylight,2026-08-18T10:00:00+05:30
pmd_0b1c2e72,poi_65c1c671,media/poi/poi_65c1c671/0.jpg,landmark,Handloom Cooperative in Mumbai,handloom_cooperative,train,1280,960,dusk,2026-08-18T10:00:00+05:30
pmd_287aa3c3,poi_65c1c671,media/poi/poi_65c1c671/1.jpg,landmark,Handloom Cooperative in Mumbai,handloom_cooperative,eval,1280,960,,2026-08-18T10:00:00+05:30
pmd_0c793490,poi_cbe67aeb,media/poi/poi_cbe67aeb/0.jpg,landmark,Mumbai Bazaar in Mumbai,mumbai_bazaar,train,1280,960,crowded,2026-08-18T10:00:00+05:30
pmd_7bb67a21,poi_cbe67aeb,media/poi/poi_cbe67aeb/1.jpg,landmark,Mumbai Bazaar in Mumbai,mumbai_bazaar,train,1280,960,dusk,2026-08-18T10:00:00+05:30
pmd_10a8a223,poi_41745331,media/poi/poi_41745331/0.jpg,landmark,Mumbai Temple in Mumbai,mumbai_temple,train,1280,960,,2026-08-18T10:00:00+05:30
pmd_fca7ef76,poi_41745331,media/poi/poi_41745331/1.jpg,landmark,Mumbai Temple in Mumbai,mumbai_temple,train,1280,960,crowded,2026-08-18T10:00:00+05:30
pmd_7e04e1f4,poi_df880d73,media/poi/poi_df880d73/0.jpg,landmark,Mumbai City Museum in Mumbai,mumbai_city_museum,train,1280,960,daylight,2026-08-18T10:00:00+05:30
pmd_aac92df6,poi_df880d73,media/poi/poi_df880d73/1.jpg,landmark,Mumbai City Museum in Mumbai,mumbai_city_museum,train,1280,960,,2026-08-18T10:00:00+05:30
pmd_f2aaccdf,poi_538228aa,media/poi/poi_538228aa/0.jpg,landmark,Jain Temple Complex in Mumbai,jain_temple_complex,train,1280,960,dusk,2026-08-18T10:00:00+05:30
pmd_8f99caf4,poi_538228aa,media/poi/poi_538228aa/1.jpg,landmark,Jain Temple Complex in Mumbai,jain_temple_complex,train,1280,960,dusk,2026-08-18T10:00:00+05:30
pmd_276030cc,poi_9668f820,media/poi/poi_9668f820/0.jpg,landmark,"Jazz Cellar, Mumbai in Mumbai","jazz_cellar,_mumbai",train,1280,960,crowded,2026-08-18T10:00:00+05:30
pmd_0030a677,poi_9668f820,media/poi/poi_9668f820/1.jpg,landmark,"Jazz Cellar, Mumbai in Mumbai","jazz_cellar,_mumbai",train,1280,960,dusk,2026-08-18T10:00:00+05:30
pmd_7393c239,poi_ee4038b4,media/poi/poi_ee4038b4/0.jpg,landmark,Mumbai Bazaar in Mumbai,mumbai_bazaar,train,1280,960,,2026-08-18T10:00:00+05:30
pmd_433dac63,poi_ee4038b4,media/poi/poi_ee4038b4/1.jpg,landmark,Mumbai Bazaar in Mumbai,mumbai_bazaar,train,1280,960,,2026-08-18T10:00:00+05:30
pmd_23889f50,poi_6db4edc9,media/poi/poi_6db4edc9/0.jpg,landmark,Blue Pottery Workshop in Mumbai,blue_pottery_workshop,train,1280,960,indoor,2026-08-18T10:00:00+05:30
pmd_460d07b2,poi_6db4edc9,media/poi/poi_6db4edc9/1.jpg,landmark,Blue Pottery Workshop in Mumbai,blue_pottery_workshop,train,1280,960,,2026-08-18T10:00:00+05:30
pmd_4e645b60,poi_8016ef2b,media/poi/poi_8016ef2b/0.jpg,landmark,Cycling Loop in Mumbai,cycling_loop,train,1280,960,dusk,2026-08-18T10:00:00+05:30
pmd_7719af73,poi_8016ef2b,media/poi/poi_8016ef2b/1.jpg,landmark,Cycling Loop in Mumbai,cycling_loop,train,1280,960,daylight,2026-08-18T10:00:00+05:30
pmd_1654b1ff,poi_87d0f44c,media/poi/poi_87d0f44c/0.jpg,landmark,North Beach in Pune,north_beach,train,1280,960,,2026-08-18T10:00:00+05:30
pmd_79689989,poi_87d0f44c,media/poi/poi_87d0f44c/1.jpg,landmark,North Beach in Pune,north_beach,train,1280,960,daylight,2026-08-18T10:00:00+05:30
pmd_c21faf09,poi_f6726145,media/poi/poi_f6726145/0.jpg,landmark,Pune Observatory in Pune,pune_observatory,train,1280,960,,2026-08-18T10:00:00+05:30
pmd_61e8ed54,poi_f6726145,media/poi/poi_f6726145/1.jpg,landmark,Pune Observatory in Pune,pune_observatory,train,1280,960,,2026-08-18T10:00:00+05:30
pmd_f7641b6c,poi_794abca9,media/poi/poi_794abca9/0.jpg,landmark,Yoga Shala in Pune,yoga_shala,train,1280,960,dusk,2026-08-18T10:00:00+05:30
pmd_04dd5484,poi_794abca9,media/poi/poi_794abca9/1.jpg,landmark,Yoga Shala in Pune,yoga_shala,eval,1280,960,,2026-08-18T10:00:00+05:30
pmd_81eb0e86,poi_a9aa5e47,media/poi/poi_a9aa5e47/0.jpg,landmark,Lighthouse Beach in Pune,lighthouse_beach,train,1280,960,indoor,2026-08-18T10:00:00+05:30
pmd_51e046bd,poi_a9aa5e47,media/poi/poi_a9aa5e47/1.jpg,landmark,Lighthouse Beach in Pune,lighthouse_beach,train,1280,960,crowded,2026-08-18T10:00:00+05:30
pmd_a1154491,poi_6ac0c798,media/poi/poi_6ac0c798/0.jpg,landmark,Watchtower Terrace in Pune,watchtower_terrace,train,1280,960,dusk,2026-08-18T10:00:00+05:30
pmd_dab4e6a4,poi_6ac0c798,media/poi/poi_6ac0c798/1.jpg,landmark,Watchtower Terrace in Pune,watchtower_terrace,train,1280,960,,2026-08-18T10:00:00+05:30
pmd_b73a6ba8,poi_7defc6e9,media/poi/poi_7defc6e9/0.jpg,landmark,Ridge Lookout in Pune,ridge_lookout,train,1280,960,dusk,2026-08-18T10:00:00+05:30
pmd_188b3835,poi_7defc6e9,media/poi/poi_7defc6e9/1.jpg,landmark,Ridge Lookout in Pune,ridge_lookout,train,1280,960,indoor,2026-08-18T10:00:00+05:30
pmd_5f5b744d,poi_ba424444,media/poi/poi_ba424444/0.jpg,landmark,Royal Cenotaphs in Pune,royal_cenotaphs,train,1280,960,dusk,2026-08-18T10:00:00+05:30
pmd_fc3c8e4f,poi_ba424444,media/poi/poi_ba424444/1.jpg,landmark,Royal Cenotaphs in Pune,royal_cenotaphs,train,1280,960,daylight,2026-08-18T10:00:00+05:30
pmd_462488fa,poi_b5219b13,media/poi/poi_b5219b13/0.jpg,landmark,Paragliding Launch in Pune,paragliding_launch,train,1280,960,crowded,2026-08-18T10:00:00+05:30
pmd_40d1bb74,poi_b5219b13,media/poi/poi_b5219b13/1.jpg,landmark,Paragliding Launch in Pune,paragliding_launch,train,1280,960,dusk,2026-08-18T10:00:00+05:30
pmd_59f7738d,poi_ade17493,media/poi/poi_ade17493/0.jpg,landmark,Kayaking at Pune in Pune,kayaking_at_pune,train,1280,960,crowded,2026-08-18T10:00:00+05:30
pmd_b3226ae1,poi_ade17493,media/poi/poi_ade17493/1.jpg,landmark,Kayaking at Pune in Pune,kayaking_at_pune,train,1280,960,daylight,2026-08-18T10:00:00+05:30
pmd_826254c0,poi_5d059c71,media/poi/poi_5d059c71/0.jpg,landmark,Rock Garden in Pune,rock_garden,train,1280,960,,2026-08-18T10:00:00+05:30
pmd_73f02e77,poi_5d059c71,media/poi/poi_5d059c71/1.jpg,landmark,Rock Garden in Pune,rock_garden,eval,1280,960,crowded,2026-08-18T10:00:00+05:30
pmd_25e4e1e9,poi_9147fba7,media/poi/poi_9147fba7/0.jpg,landmark,Pune Street Food Lane in Pune,pune_street_food_lane,train,1280,960,crowded,2026-08-18T10:00:00+05:30
pmd_16219086,poi_9147fba7,media/poi/poi_9147fba7/1.jpg,landmark,Pune Street Food Lane in Pune,pune_street_food_lane,eval,1280,960,,2026-08-18T10:00:00+05:30
pmd_be80f3f8,poi_72bc15f6,media/poi/poi_72bc15f6/0.jpg,landmark,Water Palace in Pune,water_palace,train,1280,960,,2026-08-18T10:00:00+05:30
pmd_7398f020,poi_72bc15f6,media/poi/poi_72bc15f6/1.jpg,landmark,Water Palace in Pune,water_palace,train,1280,960,,2026-08-18T10:00:00+05:30
pmd_3a3adc4e,poi_ca1e63bc,media/poi/poi_ca1e63bc/0.jpg,landmark,Sunset Point in Pune,sunset_point,train,1280,960,daylight,2026-08-18T10:00:00+05:30
pmd_25474532,poi_ca1e63bc,media/poi/poi_ca1e63bc/1.jpg,landmark,Sunset Point in Pune,sunset_point,train,1280,960,crowded,2026-08-18T10:00:00+05:30
pmd_1339c804,poi_cc9446c4,media/poi/poi_cc9446c4/0.jpg,landmark,Paragliding Launch in Pune,paragliding_launch,train,1280,960,daylight,2026-08-18T10:00:00+05:30
pmd_4d5a376e,poi_cc9446c4,media/poi/poi_cc9446c4/1.jpg,landmark,Paragliding Launch in Pune,paragliding_launch,train,1280,960,dusk,2026-08-18T10:00:00+05:30
pmd_29ba8ab0,poi_0856e669,media/poi/poi_0856e669/0.jpg,landmark,Fishermen's Cove in Pune,fishermen's_cove,train,1280,960,,2026-08-18T10:00:00+05:30
pmd_2fccae00,poi_0856e669,media/poi/poi_0856e669/1.jpg,landmark,Fishermen's Cove in Pune,fishermen's_cove,eval,1280,960,crowded,2026-08-18T10:00:00+05:30
pmd_1bc0ec3e,poi_671bd504,media/poi/poi_671bd504/0.jpg,landmark,Kayaking at Aurangabad in Aurangabad,kayaking_at_aurangabad,train,1280,960,,2026-08-18T10:00:00+05:30
pmd_0f76e1fb,poi_671bd504,media/poi/poi_671bd504/1.jpg,landmark,Kayaking at Aurangabad in Aurangabad,kayaking_at_aurangabad,train,1280,960,dusk,2026-08-18T10:00:00+05:30
pmd_cc140f20,poi_3611521b,media/poi/poi_3611521b/0.jpg,landmark,Zipline Point in Aurangabad,zipline_point,train,1280,960,crowded,2026-08-18T10:00:00+05:30
pmd_8e33580e,poi_3611521b,media/poi/poi_3611521b/1.jpg,landmark,Zipline Point in Aurangabad,zipline_point,train,1280,960,crowded,2026-08-18T10:00:00+05:30
pmd_c19a1889,poi_79477167,media/poi/poi_79477167/0.jpg,landmark,Riverside Ghats in Aurangabad,riverside_ghats,train,1280,960,,2026-08-18T10:00:00+05:30
pmd_04f1e96b,poi_79477167,media/poi/poi_79477167/1.jpg,landmark,Riverside Ghats in Aurangabad,riverside_ghats,train,1280,960,crowded,2026-08-18T10:00:00+05:30
pmd_62bc23c0,poi_4392116d,media/poi/poi_4392116d/0.jpg,landmark,Rock Climbing Wall in Aurangabad,rock_climbing_wall,train,1280,960,,2026-08-18T10:00:00+05:30
pmd_36723e5d,poi_4392116d,media/poi/poi_4392116d/1.jpg,landmark,Rock Climbing Wall in Aurangabad,rock_climbing_wall,train,1280,960,,2026-08-18T10:00:00+05:30
pmd_e44ea102,poi_a9d48230,media/poi/poi_a9d48230/0.jpg,landmark,Riverside Lounge in Aurangabad,riverside_lounge,train,1280,960,dusk,2026-08-18T10:00:00+05:30
pmd_af33f8cf,poi_a9d48230,media/poi/poi_a9d48230/1.jpg,landmark,Riverside Lounge in Aurangabad,riverside_lounge,train,1280,960,crowded,2026-08-18T10:00:00+05:30
pmd_1c9e9bc2,poi_de5aff84,media/poi/poi_de5aff84/0.jpg,landmark,Fishermen's Cove in Aurangabad,fishermen's_cove,train,1280,960,daylight,2026-08-18T10:00:00+05:30
pmd_9179ec22,poi_de5aff84,media/poi/poi_de5aff84/1.jpg,landmark,Fishermen's Cove in Aurangabad,fishermen's_cove,train,1280,960,,2026-08-18T10:00:00+05:30
pmd_45d75552,poi_1e04227a,media/poi/poi_1e04227a/0.jpg,landmark,"Jazz Cellar, Aurangabad in Aurangabad","jazz_cellar,_aurangabad",train,1280,960,daylight,2026-08-18T10:00:00+05:30
pmd_87af8e22,poi_1e04227a,media/poi/poi_1e04227a/1.jpg,landmark,"Jazz Cellar, Aurangabad in Aurangabad","jazz_cellar,_aurangabad",train,1280,960,,2026-08-18T10:00:00+05:30
pmd_c78492e4,poi_a9b62025,media/poi/poi_a9b62025/0.jpg,landmark,Aurangabad Bird Sanctuary in Aurangabad,aurangabad_bird_sanctuary,train,1280,960,,2026-08-18T10:00:00+05:30
pmd_6e3714ba,poi_a9b62025,media/poi/poi_a9b62025/1.jpg,landmark,Aurangabad Bird Sanctuary in Aurangabad,aurangabad_bird_sanctuary,eval,1280,960,indoor,2026-08-18T10:00:00+05:30
pmd_4abb8af0,poi_fb5f89ab,media/poi/poi_fb5f89ab/0.jpg,landmark,Watchtower Terrace in Aurangabad,watchtower_terrace,train,1280,960,dusk,2026-08-18T10:00:00+05:30
pmd_fc2673e3,poi_fb5f89ab,media/poi/poi_fb5f89ab/1.jpg,landmark,Watchtower Terrace in Aurangabad,watchtower_terrace,train,1280,960,crowded,2026-08-18T10:00:00+05:30
pmd_c9b7d3d9,poi_5fab4a4a,media/poi/poi_5fab4a4a/0.jpg,landmark,Kayaking at Aurangabad in Aurangabad,kayaking_at_aurangabad,train,1280,960,dusk,2026-08-18T10:00:00+05:30
pmd_bc81aa64,poi_5fab4a4a,media/poi/poi_5fab4a4a/1.jpg,landmark,Kayaking at Aurangabad in Aurangabad,kayaking_at_aurangabad,train,1280,960,dusk,2026-08-18T10:00:00+05:30
pmd_4282284f,poi_2a817bf0,media/poi/poi_2a817bf0/0.jpg,landmark,Museum of Coins in Aurangabad,museum_of_coins,train,1280,960,dusk,2026-08-18T10:00:00+05:30
pmd_e17e88b5,poi_2a817bf0,media/poi/poi_2a817bf0/1.jpg,landmark,Museum of Coins in Aurangabad,museum_of_coins,eval,1280,960,crowded,2026-08-18T10:00:00+05:30
pmd_145c1b1c,poi_02a01ef8,media/poi/poi_02a01ef8/0.jpg,landmark,Paragliding Launch in Aurangabad,paragliding_launch,train,1280,960,daylight,2026-08-18T10:00:00+05:30
pmd_8ce980ce,poi_02a01ef8,media/poi/poi_02a01ef8/1.jpg,landmark,Paragliding Launch in Aurangabad,paragliding_launch,train,1280,960,indoor,2026-08-18T10:00:00+05:30
pmd_b0ae68ee,poi_b961944a,media/poi/poi_b961944a/0.jpg,landmark,Quiet Bay in Aurangabad,quiet_bay,train,1280,960,crowded,2026-08-18T10:00:00+05:30
pmd_5005a0e8,poi_b961944a,media/poi/poi_b961944a/1.jpg,landmark,Quiet Bay in Aurangabad,quiet_bay,eval,1280,960,daylight,2026-08-18T10:00:00+05:30
pmd_e35884f1,poi_f404c1ef,media/poi/poi_f404c1ef/0.jpg,landmark,Crocodile Park in Aurangabad,crocodile_park,train,1280,960,indoor,2026-08-18T10:00:00+05:30
pmd_b443d18d,poi_f404c1ef,media/poi/poi_f404c1ef/1.jpg,landmark,Crocodile Park in Aurangabad,crocodile_park,train,1280,960,crowded,2026-08-18T10:00:00+05:30
pmd_7d6a7bee,poi_56fd62aa,media/poi/poi_56fd62aa/0.jpg,landmark,Aurangabad Lake in Aurangabad,aurangabad_lake,train,1280,960,,2026-08-18T10:00:00+05:30
pmd_a3ebd6fb,poi_56fd62aa,media/poi/poi_56fd62aa/1.jpg,landmark,Aurangabad Lake in Aurangabad,aurangabad_lake,eval,1280,960,,2026-08-18T10:00:00+05:30
pmd_6cf405b1,poi_16fd3ba6,media/poi/poi_16fd3ba6/0.jpg,landmark,Riverside Lounge in Ahmedabad,riverside_lounge,train,1280,960,dusk,2026-08-18T10:00:00+05:30
pmd_c05b14ec,poi_16fd3ba6,media/poi/poi_16fd3ba6/1.jpg,landmark,Riverside Lounge in Ahmedabad,riverside_lounge,train,1280,960,daylight,2026-08-18T10:00:00+05:30
pmd_52a896d3,poi_822c8d40,media/poi/poi_822c8d40/0.jpg,landmark,Riverside Lounge in Ahmedabad,riverside_lounge,train,1280,960,,2026-08-18T10:00:00+05:30
pmd_15170ee4,poi_822c8d40,media/poi/poi_822c8d40/1.jpg,landmark,Riverside Lounge in Ahmedabad,riverside_lounge,train,1280,960,indoor,2026-08-18T10:00:00+05:30
pmd_2b070a6b,poi_611ff2e6,media/poi/poi_611ff2e6/0.jpg,landmark,"St Mary's Church, Ahmedabad in Ahmedabad","st_mary's_church,_ahmedabad",train,1280,960,indoor,2026-08-18T10:00:00+05:30
pmd_6f8f05fa,poi_611ff2e6,media/poi/poi_611ff2e6/1.jpg,landmark,"St Mary's Church, Ahmedabad in Ahmedabad","st_mary's_church,_ahmedabad",eval,1280,960,crowded,2026-08-18T10:00:00+05:30
pmd_e060cc18,poi_f2c367a7,media/poi/poi_f2c367a7/0.jpg,landmark,Cliff Walk in Ahmedabad,cliff_walk,train,1280,960,dusk,2026-08-18T10:00:00+05:30
pmd_3a01e0e5,poi_f2c367a7,media/poi/poi_f2c367a7/1.jpg,landmark,Cliff Walk in Ahmedabad,cliff_walk,train,1280,960,,2026-08-18T10:00:00+05:30
pmd_a7b34acc,poi_b9b35115,media/poi/poi_b9b35115/0.jpg,landmark,Paragliding Launch in Ahmedabad,paragliding_launch,train,1280,960,dusk,2026-08-18T10:00:00+05:30
pmd_08a399d3,poi_b9b35115,media/poi/poi_b9b35115/1.jpg,landmark,Paragliding Launch in Ahmedabad,paragliding_launch,train,1280,960,,2026-08-18T10:00:00+05:30
pmd_da5b60b2,poi_f70648bb,media/poi/poi_f70648bb/0.jpg,landmark,"Jazz Cellar, Ahmedabad in Ahmedabad","jazz_cellar,_ahmedabad",train,1280,960,indoor,2026-08-18T10:00:00+05:30
pmd_e4d0d86b,poi_f70648bb,media/poi/poi_f70648bb/1.jpg,landmark,"Jazz Cellar, Ahmedabad in Ahmedabad","jazz_cellar,_ahmedabad",train,1280,960,,2026-08-18T10:00:00+05:30
pmd_d51f55f9,poi_25b7eba8,media/poi/poi_25b7eba8/0.jpg,landmark,Ahmedabad Temple in Ahmedabad,ahmedabad_temple,train,1280,960,indoor,2026-08-18T10:00:00+05:30
pmd_9d7182fd,poi_25b7eba8,media/poi/poi_25b7eba8/1.jpg,landmark,Ahmedabad Temple in Ahmedabad,ahmedabad_temple,train,1280,960,dusk,2026-08-18T10:00:00+05:30
pmd_e9e2d530,poi_cbc7b76a,media/poi/poi_cbc7b76a/0.jpg,landmark,Hot Springs in Ahmedabad,hot_springs,train,1280,960,daylight,2026-08-18T10:00:00+05:30
pmd_a80d2a6d,poi_cbc7b76a,media/poi/poi_cbc7b76a/1.jpg,landmark,Hot Springs in Ahmedabad,hot_springs,train,1280,960,dusk,2026-08-18T10:00:00+05:30
pmd_5d7e6c21,poi_49e06159,media/poi/poi_49e06159/0.jpg,landmark,Ahmedabad Viewpoint in Ahmedabad,ahmedabad_viewpoint,train,1280,960,indoor,2026-08-18T10:00:00+05:30
pmd_035d8ec6,poi_49e06159,media/poi/poi_49e06159/1.jpg,landmark,Ahmedabad Viewpoint in Ahmedabad,ahmedabad_viewpoint,train,1280,960,,2026-08-18T10:00:00+05:30
pmd_717b219b,poi_f52fb17d,media/poi/poi_f52fb17d/0.jpg,landmark,North Beach in Ahmedabad,north_beach,train,1280,960,indoor,2026-08-18T10:00:00+05:30
pmd_f61cbc0a,poi_f52fb17d,media/poi/poi_f52fb17d/1.jpg,landmark,North Beach in Ahmedabad,north_beach,train,1280,960,,2026-08-18T10:00:00+05:30
pmd_104e445c,poi_be136c8b,media/poi/poi_be136c8b/0.jpg,landmark,Ahmedabad Viewpoint in Ahmedabad,ahmedabad_viewpoint,train,1280,960,crowded,2026-08-18T10:00:00+05:30
pmd_b1bbf0f4,poi_be136c8b,media/poi/poi_be136c8b/1.jpg,landmark,Ahmedabad Viewpoint in Ahmedabad,ahmedabad_viewpoint,train,1280,960,,2026-08-18T10:00:00+05:30
pmd_b1f4139e,poi_72043b54,media/poi/poi_72043b54/0.jpg,landmark,City Walls Walk in Ahmedabad,city_walls_walk,train,1280,960,daylight,2026-08-18T10:00:00+05:30
pmd_e9008061,poi_72043b54,media/poi/poi_72043b54/1.jpg,landmark,City Walls Walk in Ahmedabad,city_walls_walk,train,1280,960,dusk,2026-08-18T10:00:00+05:30
pmd_0f483117,poi_36527647,media/poi/poi_36527647/0.jpg,landmark,Rooftop Live Music in Ahmedabad,rooftop_live_music,train,1280,960,dusk,2026-08-18T10:00:00+05:30
pmd_2e64c7bc,poi_36527647,media/poi/poi_36527647/1.jpg,landmark,Rooftop Live Music in Ahmedabad,rooftop_live_music,eval,1280,960,crowded,2026-08-18T10:00:00+05:30
pmd_0445ab2e,poi_57267cd9,media/poi/poi_57267cd9/0.jpg,landmark,Hilltop Shrine in Ahmedabad,hilltop_shrine,train,1280,960,daylight,2026-08-18T10:00:00+05:30
pmd_d7656ffc,poi_57267cd9,media/poi/poi_57267cd9/1.jpg,landmark,Hilltop Shrine in Ahmedabad,hilltop_shrine,train,1280,960,,2026-08-18T10:00:00+05:30
pmd_759ee803,poi_eafd4622,media/poi/poi_eafd4622/0.jpg,landmark,Ayurveda Centre in Ahmedabad,ayurveda_centre,train,1280,960,,2026-08-18T10:00:00+05:30
pmd_c1db0c37,poi_eafd4622,media/poi/poi_eafd4622/1.jpg,landmark,Ayurveda Centre in Ahmedabad,ayurveda_centre,train,1280,960,daylight,2026-08-18T10:00:00+05:30
pmd_f53e3e69,poi_886b5e19,media/poi/poi_886b5e19/0.jpg,landmark,Chhatri Complex in Bhuj,chhatri_complex,train,1280,960,crowded,2026-08-18T10:00:00+05:30
pmd_c28f3f17,poi_886b5e19,media/poi/poi_886b5e19/1.jpg,landmark,Chhatri Complex in Bhuj,chhatri_complex,train,1280,960,,2026-08-18T10:00:00+05:30
pmd_df176b03,poi_5a3495e1,media/poi/poi_5a3495e1/0.jpg,landmark,Kayaking at Bhuj in Bhuj,kayaking_at_bhuj,train,1280,960,crowded,2026-08-18T10:00:00+05:30
pmd_1c702679,poi_5a3495e1,media/poi/poi_5a3495e1/1.jpg,landmark,Kayaking at Bhuj in Bhuj,kayaking_at_bhuj,eval,1280,960,dusk,2026-08-18T10:00:00+05:30
pmd_f73ac44f,poi_a7c6fce8,media/poi/poi_a7c6fce8/0.jpg,landmark,Hot Springs in Bhuj,hot_springs,train,1280,960,crowded,2026-08-18T10:00:00+05:30
pmd_a95cd3d8,poi_a7c6fce8,media/poi/poi_a7c6fce8/1.jpg,landmark,Hot Springs in Bhuj,hot_springs,eval,1280,960,,2026-08-18T10:00:00+05:30
pmd_fa9b2ba4,poi_29945418,media/poi/poi_29945418/0.jpg,landmark,Cycling Loop in Bhuj,cycling_loop,train,1280,960,crowded,2026-08-18T10:00:00+05:30
pmd_84c464db,poi_29945418,media/poi/poi_29945418/1.jpg,landmark,Cycling Loop in Bhuj,cycling_loop,train,1280,960,dusk,2026-08-18T10:00:00+05:30
pmd_50081d66,poi_9cf7145d,media/poi/poi_9cf7145d/0.jpg,landmark,Night Food Bazaar in Bhuj,night_food_bazaar,train,1280,960,,2026-08-18T10:00:00+05:30
pmd_a32ee716,poi_9cf7145d,media/poi/poi_9cf7145d/1.jpg,landmark,Night Food Bazaar in Bhuj,night_food_bazaar,eval,1280,960,,2026-08-18T10:00:00+05:30
pmd_114d4c2a,poi_c3285efc,media/poi/poi_c3285efc/0.jpg,landmark,Butterfly Reserve in Bhuj,butterfly_reserve,train,1280,960,indoor,2026-08-18T10:00:00+05:30
pmd_0cd7c51d,poi_c3285efc,media/poi/poi_c3285efc/1.jpg,landmark,Butterfly Reserve in Bhuj,butterfly_reserve,train,1280,960,dusk,2026-08-18T10:00:00+05:30
pmd_99570e49,poi_a00d6c5b,media/poi/poi_a00d6c5b/0.jpg,landmark,Elephant Camp in Bhuj,elephant_camp,train,1280,960,daylight,2026-08-18T10:00:00+05:30
pmd_340397c9,poi_a00d6c5b,media/poi/poi_a00d6c5b/1.jpg,landmark,Elephant Camp in Bhuj,elephant_camp,train,1280,960,indoor,2026-08-18T10:00:00+05:30
pmd_55082f2c,poi_ff4e53c7,media/poi/poi_ff4e53c7/0.jpg,landmark,Coffee Roastery Tour in Bhuj,coffee_roastery_tour,train,1280,960,indoor,2026-08-18T10:00:00+05:30
pmd_8b4536cd,poi_ff4e53c7,media/poi/poi_ff4e53c7/1.jpg,landmark,Coffee Roastery Tour in Bhuj,coffee_roastery_tour,eval,1280,960,daylight,2026-08-18T10:00:00+05:30
pmd_f5f77b1a,poi_6a0f0d6b,media/poi/poi_6a0f0d6b/0.jpg,landmark,Ridge Lookout in Bhuj,ridge_lookout,train,1280,960,crowded,2026-08-18T10:00:00+05:30
pmd_2165db97,poi_6a0f0d6b,media/poi/poi_6a0f0d6b/1.jpg,landmark,Ridge Lookout in Bhuj,ridge_lookout,train,1280,960,indoor,2026-08-18T10:00:00+05:30
pmd_db000ab6,poi_90858ce4,media/poi/poi_90858ce4/0.jpg,landmark,Water Palace in Bhuj,water_palace,train,1280,960,indoor,2026-08-18T10:00:00+05:30
pmd_96964375,poi_90858ce4,media/poi/poi_90858ce4/1.jpg,landmark,Water Palace in Bhuj,water_palace,train,1280,960,dusk,2026-08-18T10:00:00+05:30
pmd_23381789,poi_048bc3b8,media/poi/poi_048bc3b8/0.jpg,landmark,Great Mosque of Bhuj in Bhuj,great_mosque_of_bhuj,train,1280,960,indoor,2026-08-18T10:00:00+05:30
pmd_674f2439,poi_048bc3b8,media/poi/poi_048bc3b8/1.jpg,landmark,Great Mosque of Bhuj in Bhuj,great_mosque_of_bhuj,train,1280,960,crowded,2026-08-18T10:00:00+05:30
pmd_854a0261,poi_9c194b8c,media/poi/poi_9c194b8c/0.jpg,landmark,Bhuj Fort in Bhuj,bhuj_fort,train,1280,960,crowded,2026-08-18T10:00:00+05:30
pmd_8b23ce69,poi_9c194b8c,media/poi/poi_9c194b8c/1.jpg,landmark,Bhuj Fort in Bhuj,bhuj_fort,eval,1280,960,,2026-08-18T10:00:00+05:30
pmd_19661eda,poi_651c469a,media/poi/poi_651c469a/0.jpg,landmark,Bhuj Street Food Lane in Bhuj,bhuj_street_food_lane,train,1280,960,,2026-08-18T10:00:00+05:30
pmd_e64490b9,poi_651c469a,media/poi/poi_651c469a/1.jpg,landmark,Bhuj Street Food Lane in Bhuj,bhuj_street_food_lane,train,1280,960,,2026-08-18T10:00:00+05:30
pmd_0868d914,poi_e7c57ffd,media/poi/poi_e7c57ffd/0.jpg,landmark,Paragliding Launch in Bhuj,paragliding_launch,train,1280,960,crowded,2026-08-18T10:00:00+05:30
pmd_8a834c47,poi_e7c57ffd,media/poi/poi_e7c57ffd/1.jpg,landmark,Paragliding Launch in Bhuj,paragliding_launch,train,1280,960,dusk,2026-08-18T10:00:00+05:30
pmd_94b1687a,poi_855d488a,media/poi/poi_855d488a/0.jpg,landmark,Great Mosque of Bhuj in Bhuj,great_mosque_of_bhuj,train,1280,960,indoor,2026-08-18T10:00:00+05:30
pmd_2f001450,poi_855d488a,media/poi/poi_855d488a/1.jpg,landmark,Great Mosque of Bhuj in Bhuj,great_mosque_of_bhuj,train,1280,960,dusk,2026-08-18T10:00:00+05:30
pmd_88936775,poi_78cfd33b,media/poi/poi_78cfd33b/0.jpg,landmark,Spice Market Walk in Panaji,spice_market_walk,train,1280,960,daylight,2026-08-18T10:00:00+05:30
pmd_dbf3354f,poi_78cfd33b,media/poi/poi_78cfd33b/1.jpg,landmark,Spice Market Walk in Panaji,spice_market_walk,train,1280,960,,2026-08-18T10:00:00+05:30
pmd_011d0c37,poi_e4f4e3ee,media/poi/poi_e4f4e3ee/0.jpg,landmark,City Walls Walk in Panaji,city_walls_walk,train,1280,960,indoor,2026-08-18T10:00:00+05:30
pmd_355d261c,poi_e4f4e3ee,media/poi/poi_e4f4e3ee/1.jpg,landmark,City Walls Walk in Panaji,city_walls_walk,train,1280,960,,2026-08-18T10:00:00+05:30
pmd_09a6dd3a,poi_e98d21dd,media/poi/poi_e98d21dd/0.jpg,landmark,Elephant Camp in Panaji,elephant_camp,train,1280,960,indoor,2026-08-18T10:00:00+05:30
pmd_bcc36cec,poi_e98d21dd,media/poi/poi_e98d21dd/1.jpg,landmark,Elephant Camp in Panaji,elephant_camp,train,1280,960,dusk,2026-08-18T10:00:00+05:30
pmd_9a3cb040,poi_96764ccb,media/poi/poi_96764ccb/0.jpg,landmark,Ayurveda Centre in Panaji,ayurveda_centre,train,1280,960,,2026-08-18T10:00:00+05:30
pmd_a7bb0050,poi_96764ccb,media/poi/poi_96764ccb/1.jpg,landmark,Ayurveda Centre in Panaji,ayurveda_centre,train,1280,960,,2026-08-18T10:00:00+05:30
pmd_3f0c7b66,poi_2bbb64cc,media/poi/poi_2bbb64cc/0.jpg,landmark,Cooking Class at Old Town in Panaji,cooking_class_at_old_town,train,1280,960,dusk,2026-08-18T10:00:00+05:30
pmd_f016b2ab,poi_2bbb64cc,media/poi/poi_2bbb64cc/1.jpg,landmark,Cooking Class at Old Town in Panaji,cooking_class_at_old_town,train,1280,960,daylight,2026-08-18T10:00:00+05:30
pmd_fcaac008,poi_ee7caee8,media/poi/poi_ee7caee8/0.jpg,landmark,Spice Market Walk in Panaji,spice_market_walk,train,1280,960,dusk,2026-08-18T10:00:00+05:30
pmd_0e3ff77b,poi_ee7caee8,media/poi/poi_ee7caee8/1.jpg,landmark,Spice Market Walk in Panaji,spice_market_walk,train,1280,960,,2026-08-18T10:00:00+05:30
pmd_1711639a,poi_28daaace,media/poi/poi_28daaace/0.jpg,landmark,Night Food Bazaar in Panaji,night_food_bazaar,train,1280,960,crowded,2026-08-18T10:00:00+05:30
pmd_26917963,poi_28daaace,media/poi/poi_28daaace/1.jpg,landmark,Night Food Bazaar in Panaji,night_food_bazaar,eval,1280,960,,2026-08-18T10:00:00+05:30
pmd_7188cfad,poi_654d876f,media/poi/poi_654d876f/0.jpg,landmark,Cycling Loop in Panaji,cycling_loop,train,1280,960,,2026-08-18T10:00:00+05:30
pmd_d93694f2,poi_654d876f,media/poi/poi_654d876f/1.jpg,landmark,Cycling Loop in Panaji,cycling_loop,train,1280,960,dusk,2026-08-18T10:00:00+05:30
pmd_38f392f9,poi_8c65234d,media/poi/poi_8c65234d/0.jpg,landmark,Riverside Lounge in Panaji,riverside_lounge,train,1280,960,indoor,2026-08-18T10:00:00+05:30
pmd_65a29219,poi_8c65234d,media/poi/poi_8c65234d/1.jpg,landmark,Riverside Lounge in Panaji,riverside_lounge,eval,1280,960,daylight,2026-08-18T10:00:00+05:30
pmd_c7fbc977,poi_36905b4d,media/poi/poi_36905b4d/0.jpg,landmark,Maritime Museum in Panaji,maritime_museum,train,1280,960,indoor,2026-08-18T10:00:00+05:30
pmd_4ecb010e,poi_36905b4d,media/poi/poi_36905b4d/1.jpg,landmark,Maritime Museum in Panaji,maritime_museum,train,1280,960,daylight,2026-08-18T10:00:00+05:30
pmd_957be14b,poi_aa397bd7,media/poi/poi_aa397bd7/0.jpg,landmark,"Jazz Cellar, Panaji in Panaji","jazz_cellar,_panaji",train,1280,960,daylight,2026-08-18T10:00:00+05:30
pmd_94caa1a7,poi_aa397bd7,media/poi/poi_aa397bd7/1.jpg,landmark,"Jazz Cellar, Panaji in Panaji","jazz_cellar,_panaji",eval,1280,960,crowded,2026-08-18T10:00:00+05:30
pmd_9a4b3f44,poi_cf73dddb,media/poi/poi_cf73dddb/0.jpg,landmark,Hilltop Shrine in Panaji,hilltop_shrine,train,1280,960,daylight,2026-08-18T10:00:00+05:30
pmd_bd02643b,poi_cf73dddb,media/poi/poi_cf73dddb/1.jpg,landmark,Hilltop Shrine in Panaji,hilltop_shrine,eval,1280,960,indoor,2026-08-18T10:00:00+05:30
pmd_0edd2fe0,poi_f79642d1,media/poi/poi_f79642d1/0.jpg,landmark,Rock Climbing Wall in Panaji,rock_climbing_wall,train,1280,960,crowded,2026-08-18T10:00:00+05:30
pmd_cc5e0288,poi_f79642d1,media/poi/poi_f79642d1/1.jpg,landmark,Rock Climbing Wall in Panaji,rock_climbing_wall,train,1280,960,crowded,2026-08-18T10:00:00+05:30
pmd_1fdfeb3b,poi_5afd21b6,media/poi/poi_5afd21b6/0.jpg,landmark,Panaji City Museum in Panaji,panaji_city_museum,train,1280,960,,2026-08-18T10:00:00+05:30
pmd_d06470df,poi_5afd21b6,media/poi/poi_5afd21b6/1.jpg,landmark,Panaji City Museum in Panaji,panaji_city_museum,eval,1280,960,dusk,2026-08-18T10:00:00+05:30
pmd_bc5a5e68,poi_9bd455da,media/poi/poi_9bd455da/0.jpg,landmark,Yoga Shala in Panaji,yoga_shala,train,1280,960,indoor,2026-08-18T10:00:00+05:30
pmd_0d9893c6,poi_9bd455da,media/poi/poi_9bd455da/1.jpg,landmark,Yoga Shala in Panaji,yoga_shala,train,1280,960,,2026-08-18T10:00:00+05:30
pmd_14d202d6,poi_97a3672d,media/poi/poi_97a3672d/0.jpg,landmark,Bengaluru Bazaar in Bengaluru,bengaluru_bazaar,train,1280,960,daylight,2026-08-18T10:00:00+05:30
pmd_9d272199,poi_97a3672d,media/poi/poi_97a3672d/1.jpg,landmark,Bengaluru Bazaar in Bengaluru,bengaluru_bazaar,train,1280,960,indoor,2026-08-18T10:00:00+05:30
pmd_809c2083,poi_31a91abe,media/poi/poi_31a91abe/0.jpg,landmark,Tea Estate Trail in Bengaluru,tea_estate_trail,train,1280,960,,2026-08-18T10:00:00+05:30
pmd_041a9f29,poi_31a91abe,media/poi/poi_31a91abe/1.jpg,landmark,Tea Estate Trail in Bengaluru,tea_estate_trail,train,1280,960,crowded,2026-08-18T10:00:00+05:30
pmd_f70f99cf,poi_aef75f2a,media/poi/poi_aef75f2a/0.jpg,landmark,Rooftop Live Music in Bengaluru,rooftop_live_music,train,1280,960,dusk,2026-08-18T10:00:00+05:30
pmd_a483667a,poi_aef75f2a,media/poi/poi_aef75f2a/1.jpg,landmark,Rooftop Live Music in Bengaluru,rooftop_live_music,train,1280,960,daylight,2026-08-18T10:00:00+05:30
pmd_3ab35b3f,poi_a2cbcb8a,media/poi/poi_a2cbcb8a/0.jpg,landmark,Cycling Loop in Bengaluru,cycling_loop,train,1280,960,indoor,2026-08-18T10:00:00+05:30
pmd_76ad4013,poi_a2cbcb8a,media/poi/poi_a2cbcb8a/1.jpg,landmark,Cycling Loop in Bengaluru,cycling_loop,eval,1280,960,crowded,2026-08-18T10:00:00+05:30
pmd_8e5063ab,poi_c07155aa,media/poi/poi_c07155aa/0.jpg,landmark,Bengaluru Bird Sanctuary in Bengaluru,bengaluru_bird_sanctuary,train,1280,960,crowded,2026-08-18T10:00:00+05:30
pmd_0c3f0eed,poi_c07155aa,media/poi/poi_c07155aa/1.jpg,landmark,Bengaluru Bird Sanctuary in Bengaluru,bengaluru_bird_sanctuary,train,1280,960,daylight,2026-08-18T10:00:00+05:30
pmd_dc0df326,poi_41d6dac1,media/poi/poi_41d6dac1/0.jpg,landmark,"Jazz Cellar, Bengaluru in Bengaluru","jazz_cellar,_bengaluru",train,1280,960,dusk,2026-08-18T10:00:00+05:30
pmd_9554240b,poi_41d6dac1,media/poi/poi_41d6dac1/1.jpg,landmark,"Jazz Cellar, Bengaluru in Bengaluru","jazz_cellar,_bengaluru",eval,1280,960,dusk,2026-08-18T10:00:00+05:30
pmd_4476220d,poi_6f0e4bb1,media/poi/poi_6f0e4bb1/0.jpg,landmark,Bengaluru Viewpoint in Bengaluru,bengaluru_viewpoint,train,1280,960,crowded,2026-08-18T10:00:00+05:30
pmd_22ffb67a,poi_6f0e4bb1,media/poi/poi_6f0e4bb1/1.jpg,landmark,Bengaluru Viewpoint in Bengaluru,bengaluru_viewpoint,train,1280,960,indoor,2026-08-18T10:00:00+05:30
pmd_60cd1954,poi_e70a02d6,media/poi/poi_e70a02d6/0.jpg,landmark,"Gallery of Modern Art, Bengaluru in Bengaluru","gallery_of_modern_art,_bengaluru",train,1280,960,dusk,2026-08-18T10:00:00+05:30
pmd_d8d81f48,poi_e70a02d6,media/poi/poi_e70a02d6/1.jpg,landmark,"Gallery of Modern Art, Bengaluru in Bengaluru","gallery_of_modern_art,_bengaluru",eval,1280,960,daylight,2026-08-18T10:00:00+05:30
pmd_58e56382,poi_3bab74a1,media/poi/poi_3bab74a1/0.jpg,landmark,Lighthouse Beach in Bengaluru,lighthouse_beach,train,1280,960,crowded,2026-08-18T10:00:00+05:30
pmd_1a9011b4,poi_3bab74a1,media/poi/poi_3bab74a1/1.jpg,landmark,Lighthouse Beach in Bengaluru,lighthouse_beach,train,1280,960,dusk,2026-08-18T10:00:00+05:30
pmd_7868cd21,poi_65bb95f4,media/poi/poi_65bb95f4/0.jpg,landmark,Riverside Lounge in Bengaluru,riverside_lounge,train,1280,960,indoor,2026-08-18T10:00:00+05:30
pmd_02f39eb3,poi_65bb95f4,media/poi/poi_65bb95f4/1.jpg,landmark,Riverside Lounge in Bengaluru,riverside_lounge,train,1280,960,dusk,2026-08-18T10:00:00+05:30
pmd_c86cc681,poi_e5aee907,media/poi/poi_e5aee907/0.jpg,landmark,Ridge Lookout in Bengaluru,ridge_lookout,train,1280,960,,2026-08-18T10:00:00+05:30
pmd_e2c70488,poi_e5aee907,media/poi/poi_e5aee907/1.jpg,landmark,Ridge Lookout in Bengaluru,ridge_lookout,train,1280,960,crowded,2026-08-18T10:00:00+05:30
pmd_205c740a,poi_11738258,media/poi/poi_11738258/0.jpg,landmark,Bengaluru Lake in Bengaluru,bengaluru_lake,train,1280,960,indoor,2026-08-18T10:00:00+05:30
pmd_8b734ffe,poi_11738258,media/poi/poi_11738258/1.jpg,landmark,Bengaluru Lake in Bengaluru,bengaluru_lake,train,1280,960,crowded,2026-08-18T10:00:00+05:30
pmd_ddb31507,poi_c409f08b,media/poi/poi_c409f08b/0.jpg,landmark,Butterfly Reserve in Bengaluru,butterfly_reserve,train,1280,960,,2026-08-18T10:00:00+05:30
pmd_4d623071,poi_c409f08b,media/poi/poi_c409f08b/1.jpg,landmark,Butterfly Reserve in Bengaluru,butterfly_reserve,train,1280,960,crowded,2026-08-18T10:00:00+05:30
pmd_efd2d21b,poi_5a548df2,media/poi/poi_5a548df2/0.jpg,landmark,Antique Lane in Bengaluru,antique_lane,train,1280,960,indoor,2026-08-18T10:00:00+05:30
pmd_c06f30e4,poi_5a548df2,media/poi/poi_5a548df2/1.jpg,landmark,Antique Lane in Bengaluru,antique_lane,train,1280,960,crowded,2026-08-18T10:00:00+05:30
pmd_f5725278,poi_30fe338a,media/poi/poi_30fe338a/0.jpg,landmark,Quiet Bay in Bengaluru,quiet_bay,train,1280,960,,2026-08-18T10:00:00+05:30
pmd_6318b681,poi_30fe338a,media/poi/poi_30fe338a/1.jpg,landmark,Quiet Bay in Bengaluru,quiet_bay,eval,1280,960,,2026-08-18T10:00:00+05:30
pmd_61437235,poi_8df3456f,media/poi/poi_8df3456f/0.jpg,landmark,Crocodile Park in Mysuru,crocodile_park,train,1280,960,,2026-08-18T10:00:00+05:30
pmd_5703fbdc,poi_8df3456f,media/poi/poi_8df3456f/1.jpg,landmark,Crocodile Park in Mysuru,crocodile_park,train,1280,960,crowded,2026-08-18T10:00:00+05:30
pmd_f4cffced,poi_55ce6c84,media/poi/poi_55ce6c84/0.jpg,landmark,Chhatri Complex in Mysuru,chhatri_complex,train,1280,960,dusk,2026-08-18T10:00:00+05:30
pmd_b575fc89,poi_55ce6c84,media/poi/poi_55ce6c84/1.jpg,landmark,Chhatri Complex in Mysuru,chhatri_complex,train,1280,960,daylight,2026-08-18T10:00:00+05:30
pmd_0c81fc3a,poi_9a0ae1b1,media/poi/poi_9a0ae1b1/0.jpg,landmark,Yoga Shala in Mysuru,yoga_shala,train,1280,960,crowded,2026-08-18T10:00:00+05:30
pmd_d62741e2,poi_9a0ae1b1,media/poi/poi_9a0ae1b1/1.jpg,landmark,Yoga Shala in Mysuru,yoga_shala,train,1280,960,indoor,2026-08-18T10:00:00+05:30
pmd_be988fc0,poi_c66c8fbc,media/poi/poi_c66c8fbc/0.jpg,landmark,Sunset Point in Mysuru,sunset_point,train,1280,960,dusk,2026-08-18T10:00:00+05:30
pmd_254bda39,poi_c66c8fbc,media/poi/poi_c66c8fbc/1.jpg,landmark,Sunset Point in Mysuru,sunset_point,train,1280,960,indoor,2026-08-18T10:00:00+05:30
pmd_33945b63,poi_666004ed,media/poi/poi_666004ed/0.jpg,landmark,Rock Climbing Wall in Mysuru,rock_climbing_wall,train,1280,960,,2026-08-18T10:00:00+05:30
pmd_258e7407,poi_666004ed,media/poi/poi_666004ed/1.jpg,landmark,Rock Climbing Wall in Mysuru,rock_climbing_wall,eval,1280,960,crowded,2026-08-18T10:00:00+05:30
pmd_c9b42c4b,poi_b95f08bb,media/poi/poi_b95f08bb/0.jpg,landmark,Mysuru Stepwell in Mysuru,mysuru_stepwell,train,1280,960,,2026-08-18T10:00:00+05:30
pmd_1eaff702,poi_b95f08bb,media/poi/poi_b95f08bb/1.jpg,landmark,Mysuru Stepwell in Mysuru,mysuru_stepwell,eval,1280,960,indoor,2026-08-18T10:00:00+05:30
pmd_18b8ad13,poi_231377ba,media/poi/poi_231377ba/0.jpg,landmark,Rock Garden in Mysuru,rock_garden,train,1280,960,dusk,2026-08-18T10:00:00+05:30
pmd_49a5fe69,poi_231377ba,media/poi/poi_231377ba/1.jpg,landmark,Rock Garden in Mysuru,rock_garden,train,1280,960,crowded,2026-08-18T10:00:00+05:30
pmd_1e51fb5d,poi_3ca459f1,media/poi/poi_3ca459f1/0.jpg,landmark,Fishermen's Cove in Mysuru,fishermen's_cove,train,1280,960,daylight,2026-08-18T10:00:00+05:30
pmd_fdcf6051,poi_3ca459f1,media/poi/poi_3ca459f1/1.jpg,landmark,Fishermen's Cove in Mysuru,fishermen's_cove,eval,1280,960,crowded,2026-08-18T10:00:00+05:30
pmd_008a34c4,poi_9737e8e9,media/poi/poi_9737e8e9/0.jpg,landmark,Fishermen's Cove in Mysuru,fishermen's_cove,train,1280,960,,2026-08-18T10:00:00+05:30
pmd_12f87756,poi_9737e8e9,media/poi/poi_9737e8e9/1.jpg,landmark,Fishermen's Cove in Mysuru,fishermen's_cove,eval,1280,960,,2026-08-18T10:00:00+05:30
pmd_a8c7c747,poi_5c5a5450,media/poi/poi_5c5a5450/0.jpg,landmark,Hot Springs in Mysuru,hot_springs,train,1280,960,,2026-08-18T10:00:00+05:30
pmd_6e947a3a,poi_5c5a5450,media/poi/poi_5c5a5450/1.jpg,landmark,Hot Springs in Mysuru,hot_springs,train,1280,960,crowded,2026-08-18T10:00:00+05:30
pmd_462f1351,poi_57db80c0,media/poi/poi_57db80c0/0.jpg,landmark,Mysuru Lake in Mysuru,mysuru_lake,train,1280,960,,2026-08-18T10:00:00+05:30
pmd_dbc13f9b,poi_57db80c0,media/poi/poi_57db80c0/1.jpg,landmark,Mysuru Lake in Mysuru,mysuru_lake,train,1280,960,,2026-08-18T10:00:00+05:30
pmd_7498a755,poi_9a7e2384,media/poi/poi_9a7e2384/0.jpg,landmark,Hot Springs in Mysuru,hot_springs,train,1280,960,daylight,2026-08-18T10:00:00+05:30
pmd_12c5c3a2,poi_9a7e2384,media/poi/poi_9a7e2384/1.jpg,landmark,Hot Springs in Mysuru,hot_springs,train,1280,960,,2026-08-18T10:00:00+05:30
pmd_8d31f078,poi_c295f116,media/poi/poi_c295f116/0.jpg,landmark,Zipline Point in Mysuru,zipline_point,train,1280,960,crowded,2026-08-18T10:00:00+05:30
pmd_47ae1e42,poi_c295f116,media/poi/poi_c295f116/1.jpg,landmark,Zipline Point in Mysuru,zipline_point,train,1280,960,crowded,2026-08-18T10:00:00+05:30
pmd_af79dc02,poi_44db3209,media/poi/poi_44db3209/0.jpg,landmark,Mysuru Observatory in Mysuru,mysuru_observatory,train,1280,960,indoor,2026-08-18T10:00:00+05:30
pmd_48a6824f,poi_44db3209,media/poi/poi_44db3209/1.jpg,landmark,Mysuru Observatory in Mysuru,mysuru_observatory,eval,1280,960,daylight,2026-08-18T10:00:00+05:30
pmd_e8d085cb,poi_8f578694,media/poi/poi_8f578694/0.jpg,landmark,Mysuru Stepwell in Mysuru,mysuru_stepwell,train,1280,960,crowded,2026-08-18T10:00:00+05:30
pmd_780b4d5f,poi_8f578694,media/poi/poi_8f578694/1.jpg,landmark,Mysuru Stepwell in Mysuru,mysuru_stepwell,train,1280,960,,2026-08-18T10:00:00+05:30
pmd_573d5161,poi_aaf09068,media/poi/poi_aaf09068/0.jpg,landmark,Rooftop Live Music in Hampi,rooftop_live_music,train,1280,960,indoor,2026-08-18T10:00:00+05:30
pmd_4add45cc,poi_aaf09068,media/poi/poi_aaf09068/1.jpg,landmark,Rooftop Live Music in Hampi,rooftop_live_music,train,1280,960,dusk,2026-08-18T10:00:00+05:30
pmd_49c24f1e,poi_fe46427e,media/poi/poi_fe46427e/0.jpg,landmark,Puppet Museum in Hampi,puppet_museum,train,1280,960,dusk,2026-08-18T10:00:00+05:30
pmd_1ceb9d63,poi_fe46427e,media/poi/poi_fe46427e/1.jpg,landmark,Puppet Museum in Hampi,puppet_museum,train,1280,960,,2026-08-18T10:00:00+05:30
pmd_09b8fa66,poi_d9d0c25c,media/poi/poi_d9d0c25c/0.jpg,landmark,Hampi Lake in Hampi,hampi_lake,train,1280,960,,2026-08-18T10:00:00+05:30
pmd_4aa0c68d,poi_d9d0c25c,media/poi/poi_d9d0c25c/1.jpg,landmark,Hampi Lake in Hampi,hampi_lake,train,1280,960,,2026-08-18T10:00:00+05:30
pmd_4e58b4c4,poi_e66efa5a,media/poi/poi_e66efa5a/0.jpg,landmark,Rooftop Live Music in Hampi,rooftop_live_music,train,1280,960,,2026-08-18T10:00:00+05:30
pmd_12e5479e,poi_e66efa5a,media/poi/poi_e66efa5a/1.jpg,landmark,Rooftop Live Music in Hampi,rooftop_live_music,eval,1280,960,crowded,2026-08-18T10:00:00+05:30
pmd_d15ed273,poi_78369b26,media/poi/poi_78369b26/0.jpg,landmark,Fishermen's Cove in Hampi,fishermen's_cove,train,1280,960,,2026-08-18T10:00:00+05:30
pmd_e9f2d39e,poi_78369b26,media/poi/poi_78369b26/1.jpg,landmark,Fishermen's Cove in Hampi,fishermen's_cove,train,1280,960,daylight,2026-08-18T10:00:00+05:30
pmd_cd6e276f,poi_cca907ed,media/poi/poi_cca907ed/0.jpg,landmark,North Beach in Hampi,north_beach,train,1280,960,,2026-08-18T10:00:00+05:30
pmd_53590b08,poi_cca907ed,media/poi/poi_cca907ed/1.jpg,landmark,North Beach in Hampi,north_beach,train,1280,960,dusk,2026-08-18T10:00:00+05:30
pmd_b35f1c7c,poi_14a52384,media/poi/poi_14a52384/0.jpg,landmark,Hampi Bazaar in Hampi,hampi_bazaar,train,1280,960,crowded,2026-08-18T10:00:00+05:30
pmd_dc1df982,poi_14a52384,media/poi/poi_14a52384/1.jpg,landmark,Hampi Bazaar in Hampi,hampi_bazaar,train,1280,960,,2026-08-18T10:00:00+05:30
pmd_cbc16606,poi_650bd47a,media/poi/poi_650bd47a/0.jpg,landmark,Jain Temple Complex in Hampi,jain_temple_complex,train,1280,960,crowded,2026-08-18T10:00:00+05:30
pmd_f4790a9a,poi_650bd47a,media/poi/poi_650bd47a/1.jpg,landmark,Jain Temple Complex in Hampi,jain_temple_complex,eval,1280,960,,2026-08-18T10:00:00+05:30
pmd_2ef7750e,poi_0181afcd,media/poi/poi_0181afcd/0.jpg,landmark,"Gallery of Modern Art, Hampi in Hampi","gallery_of_modern_art,_hampi",train,1280,960,indoor,2026-08-18T10:00:00+05:30
pmd_f75e143c,poi_0181afcd,media/poi/poi_0181afcd/1.jpg,landmark,"Gallery of Modern Art, Hampi in Hampi","gallery_of_modern_art,_hampi",train,1280,960,,2026-08-18T10:00:00+05:30
pmd_b3ff0a81,poi_ec746686,media/poi/poi_ec746686/0.jpg,landmark,Hampi Stepwell in Hampi,hampi_stepwell,train,1280,960,dusk,2026-08-18T10:00:00+05:30
pmd_d3a382f2,poi_ec746686,media/poi/poi_ec746686/1.jpg,landmark,Hampi Stepwell in Hampi,hampi_stepwell,train,1280,960,,2026-08-18T10:00:00+05:30
pmd_46e8faf3,poi_6931cf3c,media/poi/poi_6931cf3c/0.jpg,landmark,Handloom Cooperative in Hampi,handloom_cooperative,train,1280,960,daylight,2026-08-18T10:00:00+05:30
pmd_89d4f5f0,poi_6931cf3c,media/poi/poi_6931cf3c/1.jpg,landmark,Handloom Cooperative in Hampi,handloom_cooperative,train,1280,960,crowded,2026-08-18T10:00:00+05:30
pmd_e3b56213,poi_bf53b848,media/poi/poi_bf53b848/0.jpg,landmark,Hilltop Shrine in Hampi,hilltop_shrine,train,1280,960,dusk,2026-08-18T10:00:00+05:30
pmd_3bc71661,poi_bf53b848,media/poi/poi_bf53b848/1.jpg,landmark,Hilltop Shrine in Hampi,hilltop_shrine,eval,1280,960,dusk,2026-08-18T10:00:00+05:30
pmd_69b175e5,poi_faf99e79,media/poi/poi_faf99e79/0.jpg,landmark,North Beach in Hampi,north_beach,train,1280,960,dusk,2026-08-18T10:00:00+05:30
pmd_6548f57c,poi_faf99e79,media/poi/poi_faf99e79/1.jpg,landmark,North Beach in Hampi,north_beach,train,1280,960,,2026-08-18T10:00:00+05:30
pmd_528f9472,poi_4354eb74,media/poi/poi_4354eb74/0.jpg,landmark,Backwater Channel in Hampi,backwater_channel,train,1280,960,crowded,2026-08-18T10:00:00+05:30
pmd_8937d7d6,poi_4354eb74,media/poi/poi_4354eb74/1.jpg,landmark,Backwater Channel in Hampi,backwater_channel,eval,1280,960,,2026-08-18T10:00:00+05:30
pmd_a74f3c9d,poi_b8364e1b,media/poi/poi_b8364e1b/0.jpg,landmark,Chhatri Complex in Hampi,chhatri_complex,train,1280,960,,2026-08-18T10:00:00+05:30
pmd_e5a221bd,poi_b8364e1b,media/poi/poi_b8364e1b/1.jpg,landmark,Chhatri Complex in Hampi,chhatri_complex,train,1280,960,indoor,2026-08-18T10:00:00+05:30
pmd_e4db5822,poi_f08b4e0f,media/poi/poi_f08b4e0f/0.jpg,landmark,Rooftop Live Music in Gokarna,rooftop_live_music,train,1280,960,dusk,2026-08-18T10:00:00+05:30
pmd_0122502d,poi_f08b4e0f,media/poi/poi_f08b4e0f/1.jpg,landmark,Rooftop Live Music in Gokarna,rooftop_live_music,train,1280,960,,2026-08-18T10:00:00+05:30
pmd_c9cefc66,poi_465030ce,media/poi/poi_465030ce/0.jpg,landmark,Backwater Channel in Gokarna,backwater_channel,train,1280,960,crowded,2026-08-18T10:00:00+05:30
pmd_22ee1fe1,poi_465030ce,media/poi/poi_465030ce/1.jpg,landmark,Backwater Channel in Gokarna,backwater_channel,eval,1280,960,dusk,2026-08-18T10:00:00+05:30
pmd_c800e310,poi_2da4d492,media/poi/poi_2da4d492/0.jpg,landmark,Gokarna Lake in Gokarna,gokarna_lake,train,1280,960,indoor,2026-08-18T10:00:00+05:30
pmd_0cd42df9,poi_2da4d492,media/poi/poi_2da4d492/1.jpg,landmark,Gokarna Lake in Gokarna,gokarna_lake,train,1280,960,,2026-08-18T10:00:00+05:30
pmd_1ab79b86,poi_82ff3dc4,media/poi/poi_82ff3dc4/0.jpg,landmark,Watchtower Terrace in Gokarna,watchtower_terrace,train,1280,960,indoor,2026-08-18T10:00:00+05:30
pmd_b3d9949a,poi_82ff3dc4,media/poi/poi_82ff3dc4/1.jpg,landmark,Watchtower Terrace in Gokarna,watchtower_terrace,train,1280,960,daylight,2026-08-18T10:00:00+05:30
pmd_7b36d6a3,poi_f6421157,media/poi/poi_f6421157/0.jpg,landmark,Gokarna Viewpoint in Gokarna,gokarna_viewpoint,train,1280,960,,2026-08-18T10:00:00+05:30
pmd_f0dc6588,poi_f6421157,media/poi/poi_f6421157/1.jpg,landmark,Gokarna Viewpoint in Gokarna,gokarna_viewpoint,train,1280,960,crowded,2026-08-18T10:00:00+05:30
pmd_cb8ae26b,poi_d10153d7,media/poi/poi_d10153d7/0.jpg,landmark,Hot Springs in Gokarna,hot_springs,train,1280,960,,2026-08-18T10:00:00+05:30
pmd_c62c2ce3,poi_d10153d7,media/poi/poi_d10153d7/1.jpg,landmark,Hot Springs in Gokarna,hot_springs,eval,1280,960,,2026-08-18T10:00:00+05:30
pmd_bd13bec3,poi_f9454648,media/poi/poi_f9454648/0.jpg,landmark,Ayurveda Centre in Gokarna,ayurveda_centre,train,1280,960,crowded,2026-08-18T10:00:00+05:30
pmd_e2a3cc40,poi_f9454648,media/poi/poi_f9454648/1.jpg,landmark,Ayurveda Centre in Gokarna,ayurveda_centre,train,1280,960,crowded,2026-08-18T10:00:00+05:30
pmd_8c68c60e,poi_98ccdcef,media/poi/poi_98ccdcef/0.jpg,landmark,Kayaking at Gokarna in Gokarna,kayaking_at_gokarna,train,1280,960,,2026-08-18T10:00:00+05:30
pmd_97dc563f,poi_98ccdcef,media/poi/poi_98ccdcef/1.jpg,landmark,Kayaking at Gokarna in Gokarna,kayaking_at_gokarna,train,1280,960,dusk,2026-08-18T10:00:00+05:30
pmd_f861473f,poi_01e251e5,media/poi/poi_01e251e5/0.jpg,landmark,Hot Springs in Gokarna,hot_springs,train,1280,960,crowded,2026-08-18T10:00:00+05:30
pmd_539b6c53,poi_01e251e5,media/poi/poi_01e251e5/1.jpg,landmark,Hot Springs in Gokarna,hot_springs,train,1280,960,dusk,2026-08-18T10:00:00+05:30
pmd_09c98365,poi_9418fe97,media/poi/poi_9418fe97/0.jpg,landmark,Gokarna Bird Sanctuary in Gokarna,gokarna_bird_sanctuary,train,1280,960,dusk,2026-08-18T10:00:00+05:30
pmd_f5258665,poi_9418fe97,media/poi/poi_9418fe97/1.jpg,landmark,Gokarna Bird Sanctuary in Gokarna,gokarna_bird_sanctuary,train,1280,960,indoor,2026-08-18T10:00:00+05:30
pmd_154ac4a4,poi_def88fc1,media/poi/poi_def88fc1/0.jpg,landmark,Ridge Lookout in Gokarna,ridge_lookout,train,1280,960,,2026-08-18T10:00:00+05:30
pmd_367776e0,poi_def88fc1,media/poi/poi_def88fc1/1.jpg,landmark,Ridge Lookout in Gokarna,ridge_lookout,train,1280,960,indoor,2026-08-18T10:00:00+05:30
pmd_0ce05038,poi_9f4c8d7a,media/poi/poi_9f4c8d7a/0.jpg,landmark,Textile Museum in Gokarna,textile_museum,train,1280,960,daylight,2026-08-18T10:00:00+05:30
pmd_1f495330,poi_9f4c8d7a,media/poi/poi_9f4c8d7a/1.jpg,landmark,Textile Museum in Gokarna,textile_museum,train,1280,960,,2026-08-18T10:00:00+05:30
pmd_67987e50,poi_73a4c36d,media/poi/poi_73a4c36d/0.jpg,landmark,Yoga Shala in Gokarna,yoga_shala,train,1280,960,indoor,2026-08-18T10:00:00+05:30
pmd_1c5183f4,poi_73a4c36d,media/poi/poi_73a4c36d/1.jpg,landmark,Yoga Shala in Gokarna,yoga_shala,train,1280,960,crowded,2026-08-18T10:00:00+05:30
pmd_63efb420,poi_7b530fba,media/poi/poi_7b530fba/0.jpg,landmark,Hot Air Balloon Field in Gokarna,hot_air_balloon_field,train,1280,960,crowded,2026-08-18T10:00:00+05:30
pmd_4ae1f700,poi_7b530fba,media/poi/poi_7b530fba/1.jpg,landmark,Hot Air Balloon Field in Gokarna,hot_air_balloon_field,train,1280,960,crowded,2026-08-18T10:00:00+05:30
pmd_42e41f5a,poi_3bc08018,media/poi/poi_3bc08018/0.jpg,landmark,Yoga Shala in Gokarna,yoga_shala,train,1280,960,,2026-08-18T10:00:00+05:30
pmd_bd2a2d80,poi_3bc08018,media/poi/poi_3bc08018/1.jpg,landmark,Yoga Shala in Gokarna,yoga_shala,train,1280,960,indoor,2026-08-18T10:00:00+05:30
pmd_742cf700,poi_66e3b067,media/poi/poi_66e3b067/0.jpg,landmark,"Gallery of Modern Art, Chennai in Chennai","gallery_of_modern_art,_chennai",train,1280,960,crowded,2026-08-18T10:00:00+05:30
pmd_d11717ab,poi_66e3b067,media/poi/poi_66e3b067/1.jpg,landmark,"Gallery of Modern Art, Chennai in Chennai","gallery_of_modern_art,_chennai",eval,1280,960,daylight,2026-08-18T10:00:00+05:30
pmd_bc30ffdd,poi_52747f81,media/poi/poi_52747f81/0.jpg,landmark,Royal Cenotaphs in Chennai,royal_cenotaphs,train,1280,960,crowded,2026-08-18T10:00:00+05:30
pmd_c0a34577,poi_52747f81,media/poi/poi_52747f81/1.jpg,landmark,Royal Cenotaphs in Chennai,royal_cenotaphs,train,1280,960,,2026-08-18T10:00:00+05:30
pmd_4337eddd,poi_63cd6ccb,media/poi/poi_63cd6ccb/0.jpg,landmark,Ayurveda Centre in Chennai,ayurveda_centre,train,1280,960,,2026-08-18T10:00:00+05:30
pmd_22f9e7e3,poi_63cd6ccb,media/poi/poi_63cd6ccb/1.jpg,landmark,Ayurveda Centre in Chennai,ayurveda_centre,train,1280,960,indoor,2026-08-18T10:00:00+05:30
pmd_5ec29829,poi_b919a3c1,media/poi/poi_b919a3c1/0.jpg,landmark,Cycling Loop in Chennai,cycling_loop,train,1280,960,indoor,2026-08-18T10:00:00+05:30
pmd_276f5f16,poi_b919a3c1,media/poi/poi_b919a3c1/1.jpg,landmark,Cycling Loop in Chennai,cycling_loop,eval,1280,960,indoor,2026-08-18T10:00:00+05:30
pmd_9e380cda,poi_987e5208,media/poi/poi_987e5208/0.jpg,landmark,Cliff Walk in Chennai,cliff_walk,train,1280,960,,2026-08-18T10:00:00+05:30
pmd_59daaf48,poi_987e5208,media/poi/poi_987e5208/1.jpg,landmark,Cliff Walk in Chennai,cliff_walk,eval,1280,960,daylight,2026-08-18T10:00:00+05:30
pmd_e7d77b76,poi_ca7308ec,media/poi/poi_ca7308ec/0.jpg,landmark,Cycling Loop in Chennai,cycling_loop,train,1280,960,crowded,2026-08-18T10:00:00+05:30
pmd_a135681b,poi_ca7308ec,media/poi/poi_ca7308ec/1.jpg,landmark,Cycling Loop in Chennai,cycling_loop,train,1280,960,crowded,2026-08-18T10:00:00+05:30
pmd_5a081ff4,poi_8778cdc9,media/poi/poi_8778cdc9/0.jpg,landmark,North Beach in Chennai,north_beach,train,1280,960,,2026-08-18T10:00:00+05:30
pmd_8188d35c,poi_8778cdc9,media/poi/poi_8778cdc9/1.jpg,landmark,North Beach in Chennai,north_beach,eval,1280,960,,2026-08-18T10:00:00+05:30
pmd_b9d19e09,poi_9ecd8f5a,media/poi/poi_9ecd8f5a/0.jpg,landmark,Watchtower Terrace in Chennai,watchtower_terrace,train,1280,960,daylight,2026-08-18T10:00:00+05:30
pmd_23fa1b1b,poi_9ecd8f5a,media/poi/poi_9ecd8f5a/1.jpg,landmark,Watchtower Terrace in Chennai,watchtower_terrace,train,1280,960,,2026-08-18T10:00:00+05:30
pmd_0ceb0b70,poi_294cdf8b,media/poi/poi_294cdf8b/0.jpg,landmark,Ayurveda Centre in Chennai,ayurveda_centre,train,1280,960,,2026-08-18T10:00:00+05:30
pmd_897b7138,poi_294cdf8b,media/poi/poi_294cdf8b/1.jpg,landmark,Ayurveda Centre in Chennai,ayurveda_centre,train,1280,960,,2026-08-18T10:00:00+05:30
pmd_df34f6f2,poi_30da8634,media/poi/poi_30da8634/0.jpg,landmark,Chennai Fort in Chennai,chennai_fort,train,1280,960,,2026-08-18T10:00:00+05:30
pmd_5b6fda43,poi_30da8634,media/poi/poi_30da8634/1.jpg,landmark,Chennai Fort in Chennai,chennai_fort,train,1280,960,indoor,2026-08-18T10:00:00+05:30
pmd_0495849e,poi_98e87396,media/poi/poi_98e87396/0.jpg,landmark,Chennai Stepwell in Chennai,chennai_stepwell,train,1280,960,crowded,2026-08-18T10:00:00+05:30
pmd_123e594d,poi_98e87396,media/poi/poi_98e87396/1.jpg,landmark,Chennai Stepwell in Chennai,chennai_stepwell,train,1280,960,,2026-08-18T10:00:00+05:30
pmd_74acb579,poi_ea362bca,media/poi/poi_ea362bca/0.jpg,landmark,Chennai Lake in Chennai,chennai_lake,train,1280,960,daylight,2026-08-18T10:00:00+05:30
pmd_d5d57a26,poi_ea362bca,media/poi/poi_ea362bca/1.jpg,landmark,Chennai Lake in Chennai,chennai_lake,eval,1280,960,,2026-08-18T10:00:00+05:30
pmd_abfddf4b,poi_9c64b1e6,media/poi/poi_9c64b1e6/0.jpg,landmark,Cliff Walk in Chennai,cliff_walk,train,1280,960,,2026-08-18T10:00:00+05:30
pmd_510282ef,poi_9c64b1e6,media/poi/poi_9c64b1e6/1.jpg,landmark,Cliff Walk in Chennai,cliff_walk,train,1280,960,indoor,2026-08-18T10:00:00+05:30
pmd_6a7bffe5,poi_7b6f84f7,media/poi/poi_7b6f84f7/0.jpg,landmark,Riverside Lounge in Chennai,riverside_lounge,train,1280,960,daylight,2026-08-18T10:00:00+05:30
pmd_c8311bd4,poi_7b6f84f7,media/poi/poi_7b6f84f7/1.jpg,landmark,Riverside Lounge in Chennai,riverside_lounge,eval,1280,960,,2026-08-18T10:00:00+05:30
pmd_0b91095e,poi_838093bd,media/poi/poi_838093bd/0.jpg,landmark,Yoga Shala in Chennai,yoga_shala,train,1280,960,,2026-08-18T10:00:00+05:30
pmd_d2afecf5,poi_838093bd,media/poi/poi_838093bd/1.jpg,landmark,Yoga Shala in Chennai,yoga_shala,train,1280,960,crowded,2026-08-18T10:00:00+05:30
pmd_9345ed35,poi_7487db98,media/poi/poi_7487db98/0.jpg,landmark,Rooftop Live Music in Madurai,rooftop_live_music,train,1280,960,,2026-08-18T10:00:00+05:30
pmd_d173bbd1,poi_7487db98,media/poi/poi_7487db98/1.jpg,landmark,Rooftop Live Music in Madurai,rooftop_live_music,eval,1280,960,,2026-08-18T10:00:00+05:30
pmd_40b83b72,poi_5aecab7a,media/poi/poi_5aecab7a/0.jpg,landmark,Maritime Museum in Madurai,maritime_museum,train,1280,960,crowded,2026-08-18T10:00:00+05:30
pmd_35c6d860,poi_5aecab7a,media/poi/poi_5aecab7a/1.jpg,landmark,Maritime Museum in Madurai,maritime_museum,train,1280,960,daylight,2026-08-18T10:00:00+05:30
pmd_28849bcb,poi_4eae57a0,media/poi/poi_4eae57a0/0.jpg,landmark,Handloom Cooperative in Madurai,handloom_cooperative,train,1280,960,indoor,2026-08-18T10:00:00+05:30
pmd_6c4d3431,poi_4eae57a0,media/poi/poi_4eae57a0/1.jpg,landmark,Handloom Cooperative in Madurai,handloom_cooperative,train,1280,960,dusk,2026-08-18T10:00:00+05:30
pmd_2313462b,poi_dc06d66e,media/poi/poi_dc06d66e/0.jpg,landmark,Handloom Cooperative in Madurai,handloom_cooperative,train,1280,960,indoor,2026-08-18T10:00:00+05:30
pmd_dccf6fb6,poi_dc06d66e,media/poi/poi_dc06d66e/1.jpg,landmark,Handloom Cooperative in Madurai,handloom_cooperative,eval,1280,960,daylight,2026-08-18T10:00:00+05:30
pmd_dd6fc59d,poi_bff432a9,media/poi/poi_bff432a9/0.jpg,landmark,Hot Air Balloon Field in Madurai,hot_air_balloon_field,train,1280,960,daylight,2026-08-18T10:00:00+05:30
pmd_88226f1b,poi_bff432a9,media/poi/poi_bff432a9/1.jpg,landmark,Hot Air Balloon Field in Madurai,hot_air_balloon_field,train,1280,960,dusk,2026-08-18T10:00:00+05:30
pmd_9bdd360d,poi_5f60fb6e,media/poi/poi_5f60fb6e/0.jpg,landmark,Madurai Viewpoint in Madurai,madurai_viewpoint,train,1280,960,daylight,2026-08-18T10:00:00+05:30
pmd_696924c7,poi_5f60fb6e,media/poi/poi_5f60fb6e/1.jpg,landmark,Madurai Viewpoint in Madurai,madurai_viewpoint,train,1280,960,dusk,2026-08-18T10:00:00+05:30
pmd_2cfd7133,poi_3ce3c3f2,media/poi/poi_3ce3c3f2/0.jpg,landmark,Antique Lane in Madurai,antique_lane,train,1280,960,daylight,2026-08-18T10:00:00+05:30
pmd_0ced0afc,poi_3ce3c3f2,media/poi/poi_3ce3c3f2/1.jpg,landmark,Antique Lane in Madurai,antique_lane,eval,1280,960,dusk,2026-08-18T10:00:00+05:30
pmd_4869ad06,poi_b72516ce,media/poi/poi_b72516ce/0.jpg,landmark,Blue Pottery Workshop in Madurai,blue_pottery_workshop,train,1280,960,indoor,2026-08-18T10:00:00+05:30
pmd_2cd5cb2a,poi_b72516ce,media/poi/poi_b72516ce/1.jpg,landmark,Blue Pottery Workshop in Madurai,blue_pottery_workshop,train,1280,960,dusk,2026-08-18T10:00:00+05:30
pmd_42443ecb,poi_cc47d60b,media/poi/poi_cc47d60b/0.jpg,landmark,Handloom Cooperative in Madurai,handloom_cooperative,train,1280,960,,2026-08-18T10:00:00+05:30
pmd_4d99f966,poi_cc47d60b,media/poi/poi_cc47d60b/1.jpg,landmark,Handloom Cooperative in Madurai,handloom_cooperative,train,1280,960,daylight,2026-08-18T10:00:00+05:30
pmd_609917d0,poi_0c725142,media/poi/poi_0c725142/0.jpg,landmark,Kayaking at Madurai in Madurai,kayaking_at_madurai,train,1280,960,dusk,2026-08-18T10:00:00+05:30
pmd_792389f9,poi_0c725142,media/poi/poi_0c725142/1.jpg,landmark,Kayaking at Madurai in Madurai,kayaking_at_madurai,eval,1280,960,crowded,2026-08-18T10:00:00+05:30
pmd_e36e0914,poi_216c247f,media/poi/poi_216c247f/0.jpg,landmark,Cycling Loop in Madurai,cycling_loop,train,1280,960,,2026-08-18T10:00:00+05:30
pmd_7f851cdc,poi_216c247f,media/poi/poi_216c247f/1.jpg,landmark,Cycling Loop in Madurai,cycling_loop,train,1280,960,,2026-08-18T10:00:00+05:30
pmd_f606ca36,poi_8c2e2ce7,media/poi/poi_8c2e2ce7/0.jpg,landmark,Museum of Coins in Madurai,museum_of_coins,train,1280,960,daylight,2026-08-18T10:00:00+05:30
pmd_8df81007,poi_8c2e2ce7,media/poi/poi_8c2e2ce7/1.jpg,landmark,Museum of Coins in Madurai,museum_of_coins,eval,1280,960,dusk,2026-08-18T10:00:00+05:30
pmd_4704917d,poi_ce24410a,media/poi/poi_ce24410a/0.jpg,landmark,Paragliding Launch in Madurai,paragliding_launch,train,1280,960,indoor,2026-08-18T10:00:00+05:30
pmd_adf39004,poi_ce24410a,media/poi/poi_ce24410a/1.jpg,landmark,Paragliding Launch in Madurai,paragliding_launch,eval,1280,960,dusk,2026-08-18T10:00:00+05:30
pmd_1fdf0d96,poi_127d23a8,media/poi/poi_127d23a8/0.jpg,landmark,Fishermen's Cove in Madurai,fishermen's_cove,train,1280,960,,2026-08-18T10:00:00+05:30
pmd_07d96f35,poi_127d23a8,media/poi/poi_127d23a8/1.jpg,landmark,Fishermen's Cove in Madurai,fishermen's_cove,train,1280,960,crowded,2026-08-18T10:00:00+05:30
pmd_cdf90f3a,poi_710b6716,media/poi/poi_710b6716/0.jpg,landmark,Ridge Lookout in Madurai,ridge_lookout,train,1280,960,daylight,2026-08-18T10:00:00+05:30
pmd_59507732,poi_710b6716,media/poi/poi_710b6716/1.jpg,landmark,Ridge Lookout in Madurai,ridge_lookout,train,1280,960,indoor,2026-08-18T10:00:00+05:30
pmd_4e329287,poi_2b595469,media/poi/poi_2b595469/0.jpg,landmark,Maritime Museum in Ooty,maritime_museum,train,1280,960,dusk,2026-08-18T10:00:00+05:30
pmd_7a962038,poi_2b595469,media/poi/poi_2b595469/1.jpg,landmark,Maritime Museum in Ooty,maritime_museum,train,1280,960,dusk,2026-08-18T10:00:00+05:30
pmd_abefcf21,poi_101f364b,media/poi/poi_101f364b/0.jpg,landmark,Night Food Bazaar in Ooty,night_food_bazaar,train,1280,960,crowded,2026-08-18T10:00:00+05:30
pmd_18aac545,poi_101f364b,media/poi/poi_101f364b/1.jpg,landmark,Night Food Bazaar in Ooty,night_food_bazaar,train,1280,960,,2026-08-18T10:00:00+05:30
pmd_3fdb1342,poi_aa78ea49,media/poi/poi_aa78ea49/0.jpg,landmark,North Beach in Ooty,north_beach,train,1280,960,daylight,2026-08-18T10:00:00+05:30
pmd_703f2ef2,poi_aa78ea49,media/poi/poi_aa78ea49/1.jpg,landmark,North Beach in Ooty,north_beach,eval,1280,960,crowded,2026-08-18T10:00:00+05:30
pmd_5bfb8278,poi_c102d66f,media/poi/poi_c102d66f/0.jpg,landmark,Lighthouse Beach in Ooty,lighthouse_beach,train,1280,960,daylight,2026-08-18T10:00:00+05:30
pmd_1d95952d,poi_c102d66f,media/poi/poi_c102d66f/1.jpg,landmark,Lighthouse Beach in Ooty,lighthouse_beach,train,1280,960,indoor,2026-08-18T10:00:00+05:30
pmd_b56428d1,poi_7dcd447d,media/poi/poi_7dcd447d/0.jpg,landmark,Yoga Shala in Ooty,yoga_shala,train,1280,960,indoor,2026-08-18T10:00:00+05:30
pmd_a305d799,poi_7dcd447d,media/poi/poi_7dcd447d/1.jpg,landmark,Yoga Shala in Ooty,yoga_shala,train,1280,960,,2026-08-18T10:00:00+05:30
pmd_0ceedca6,poi_c00a070e,media/poi/poi_c00a070e/0.jpg,landmark,Ridge Lookout in Ooty,ridge_lookout,train,1280,960,,2026-08-18T10:00:00+05:30
pmd_4675883b,poi_c00a070e,media/poi/poi_c00a070e/1.jpg,landmark,Ridge Lookout in Ooty,ridge_lookout,train,1280,960,,2026-08-18T10:00:00+05:30
pmd_56e58bf0,poi_003678b5,media/poi/poi_003678b5/0.jpg,landmark,Spice Market Walk in Ooty,spice_market_walk,train,1280,960,,2026-08-18T10:00:00+05:30
pmd_4d67bd12,poi_003678b5,media/poi/poi_003678b5/1.jpg,landmark,Spice Market Walk in Ooty,spice_market_walk,eval,1280,960,indoor,2026-08-18T10:00:00+05:30
pmd_a1cb11f5,poi_28dc076c,media/poi/poi_28dc076c/0.jpg,landmark,Coffee Roastery Tour in Ooty,coffee_roastery_tour,train,1280,960,daylight,2026-08-18T10:00:00+05:30
pmd_dfc03cad,poi_28dc076c,media/poi/poi_28dc076c/1.jpg,landmark,Coffee Roastery Tour in Ooty,coffee_roastery_tour,eval,1280,960,indoor,2026-08-18T10:00:00+05:30
pmd_55e1d95e,poi_a94aa23b,media/poi/poi_a94aa23b/0.jpg,landmark,Quiet Bay in Ooty,quiet_bay,train,1280,960,daylight,2026-08-18T10:00:00+05:30
pmd_87fa912d,poi_a94aa23b,media/poi/poi_a94aa23b/1.jpg,landmark,Quiet Bay in Ooty,quiet_bay,train,1280,960,daylight,2026-08-18T10:00:00+05:30
pmd_3934fe76,poi_0ca3ad9b,media/poi/poi_0ca3ad9b/0.jpg,landmark,"Jazz Cellar, Ooty in Ooty","jazz_cellar,_ooty",train,1280,960,,2026-08-18T10:00:00+05:30
pmd_60bf37f7,poi_0ca3ad9b,media/poi/poi_0ca3ad9b/1.jpg,landmark,"Jazz Cellar, Ooty in Ooty","jazz_cellar,_ooty",train,1280,960,indoor,2026-08-18T10:00:00+05:30
pmd_8ef33fb1,poi_4518419b,media/poi/poi_4518419b/0.jpg,landmark,Quiet Bay in Ooty,quiet_bay,train,1280,960,daylight,2026-08-18T10:00:00+05:30
pmd_9aab8ed5,poi_4518419b,media/poi/poi_4518419b/1.jpg,landmark,Quiet Bay in Ooty,quiet_bay,eval,1280,960,,2026-08-18T10:00:00+05:30
pmd_5eaa58b1,poi_0e534643,media/poi/poi_0e534643/0.jpg,landmark,Ridge Lookout in Ooty,ridge_lookout,train,1280,960,crowded,2026-08-18T10:00:00+05:30
pmd_e3d21ec3,poi_0e534643,media/poi/poi_0e534643/1.jpg,landmark,Ridge Lookout in Ooty,ridge_lookout,train,1280,960,dusk,2026-08-18T10:00:00+05:30
pmd_aa5147ff,poi_3413f625,media/poi/poi_3413f625/0.jpg,landmark,Ridge Lookout in Ooty,ridge_lookout,train,1280,960,,2026-08-18T10:00:00+05:30
pmd_f3f0e17b,poi_3413f625,media/poi/poi_3413f625/1.jpg,landmark,Ridge Lookout in Ooty,ridge_lookout,train,1280,960,crowded,2026-08-18T10:00:00+05:30
pmd_49ee3a50,poi_1b25272a,media/poi/poi_1b25272a/0.jpg,landmark,Cycling Loop in Ooty,cycling_loop,train,1280,960,,2026-08-18T10:00:00+05:30
pmd_3c93a9eb,poi_1b25272a,media/poi/poi_1b25272a/1.jpg,landmark,Cycling Loop in Ooty,cycling_loop,train,1280,960,daylight,2026-08-18T10:00:00+05:30
pmd_226e4b37,poi_856c354e,media/poi/poi_856c354e/0.jpg,landmark,North Beach in Ooty,north_beach,train,1280,960,daylight,2026-08-18T10:00:00+05:30
pmd_63fb521a,poi_856c354e,media/poi/poi_856c354e/1.jpg,landmark,North Beach in Ooty,north_beach,train,1280,960,dusk,2026-08-18T10:00:00+05:30
pmd_ccb897d4,poi_fac2a28d,media/poi/poi_fac2a28d/0.jpg,landmark,Cliff Walk in Pondicherry,cliff_walk,train,1280,960,indoor,2026-08-18T10:00:00+05:30
pmd_2667b22e,poi_fac2a28d,media/poi/poi_fac2a28d/1.jpg,landmark,Cliff Walk in Pondicherry,cliff_walk,train,1280,960,,2026-08-18T10:00:00+05:30
pmd_5d717871,poi_4020e2ba,media/poi/poi_4020e2ba/0.jpg,landmark,Yoga Shala in Pondicherry,yoga_shala,train,1280,960,daylight,2026-08-18T10:00:00+05:30
pmd_d4aacdcb,poi_4020e2ba,media/poi/poi_4020e2ba/1.jpg,landmark,Yoga Shala in Pondicherry,yoga_shala,train,1280,960,indoor,2026-08-18T10:00:00+05:30
pmd_edb79117,poi_9380220d,media/poi/poi_9380220d/0.jpg,landmark,Riverside Lounge in Pondicherry,riverside_lounge,train,1280,960,dusk,2026-08-18T10:00:00+05:30
pmd_c9083dde,poi_9380220d,media/poi/poi_9380220d/1.jpg,landmark,Riverside Lounge in Pondicherry,riverside_lounge,train,1280,960,,2026-08-18T10:00:00+05:30
pmd_60a5899d,poi_a3563f3f,media/poi/poi_a3563f3f/0.jpg,landmark,Ridge Lookout in Pondicherry,ridge_lookout,train,1280,960,,2026-08-18T10:00:00+05:30
pmd_c4d72c55,poi_a3563f3f,media/poi/poi_a3563f3f/1.jpg,landmark,Ridge Lookout in Pondicherry,ridge_lookout,eval,1280,960,dusk,2026-08-18T10:00:00+05:30
pmd_84d32588,poi_93c2898a,media/poi/poi_93c2898a/0.jpg,landmark,Night Food Bazaar in Pondicherry,night_food_bazaar,train,1280,960,,2026-08-18T10:00:00+05:30
pmd_f77a851d,poi_93c2898a,media/poi/poi_93c2898a/1.jpg,landmark,Night Food Bazaar in Pondicherry,night_food_bazaar,train,1280,960,dusk,2026-08-18T10:00:00+05:30
pmd_21851413,poi_9ffc7df5,media/poi/poi_9ffc7df5/0.jpg,landmark,Hot Springs in Pondicherry,hot_springs,train,1280,960,dusk,2026-08-18T10:00:00+05:30
pmd_f0a54011,poi_9ffc7df5,media/poi/poi_9ffc7df5/1.jpg,landmark,Hot Springs in Pondicherry,hot_springs,train,1280,960,dusk,2026-08-18T10:00:00+05:30
pmd_e592f5eb,poi_bb9e4ca5,media/poi/poi_bb9e4ca5/0.jpg,landmark,Cooking Class at Old Town in Pondicherry,cooking_class_at_old_town,train,1280,960,daylight,2026-08-18T10:00:00+05:30
pmd_8555e2b7,poi_bb9e4ca5,media/poi/poi_bb9e4ca5/1.jpg,landmark,Cooking Class at Old Town in Pondicherry,cooking_class_at_old_town,train,1280,960,dusk,2026-08-18T10:00:00+05:30
pmd_3e006fcf,poi_7a6df998,media/poi/poi_7a6df998/0.jpg,landmark,Pondicherry Lake in Pondicherry,pondicherry_lake,train,1280,960,indoor,2026-08-18T10:00:00+05:30
pmd_2ef63ed6,poi_7a6df998,media/poi/poi_7a6df998/1.jpg,landmark,Pondicherry Lake in Pondicherry,pondicherry_lake,train,1280,960,dusk,2026-08-18T10:00:00+05:30
pmd_5e526c6b,poi_140f82f9,media/poi/poi_140f82f9/0.jpg,landmark,Ayurveda Centre in Pondicherry,ayurveda_centre,train,1280,960,crowded,2026-08-18T10:00:00+05:30
pmd_8615c1f3,poi_140f82f9,media/poi/poi_140f82f9/1.jpg,landmark,Ayurveda Centre in Pondicherry,ayurveda_centre,eval,1280,960,crowded,2026-08-18T10:00:00+05:30
pmd_25daca36,poi_9f8da737,media/poi/poi_9f8da737/0.jpg,landmark,Hot Springs in Pondicherry,hot_springs,train,1280,960,dusk,2026-08-18T10:00:00+05:30
pmd_a0acb87d,poi_9f8da737,media/poi/poi_9f8da737/1.jpg,landmark,Hot Springs in Pondicherry,hot_springs,train,1280,960,indoor,2026-08-18T10:00:00+05:30
pmd_7245d463,poi_5f6dfb06,media/poi/poi_5f6dfb06/0.jpg,landmark,Blue Pottery Workshop in Pondicherry,blue_pottery_workshop,train,1280,960,dusk,2026-08-18T10:00:00+05:30
pmd_8745d279,poi_5f6dfb06,media/poi/poi_5f6dfb06/1.jpg,landmark,Blue Pottery Workshop in Pondicherry,blue_pottery_workshop,train,1280,960,,2026-08-18T10:00:00+05:30
pmd_62f4786b,poi_2ddbef11,media/poi/poi_2ddbef11/0.jpg,landmark,Tea Estate Trail in Pondicherry,tea_estate_trail,train,1280,960,crowded,2026-08-18T10:00:00+05:30
pmd_396be47e,poi_2ddbef11,media/poi/poi_2ddbef11/1.jpg,landmark,Tea Estate Trail in Pondicherry,tea_estate_trail,eval,1280,960,,2026-08-18T10:00:00+05:30
pmd_2ea33779,poi_4490728b,media/poi/poi_4490728b/0.jpg,landmark,Night Food Bazaar in Pondicherry,night_food_bazaar,train,1280,960,crowded,2026-08-18T10:00:00+05:30
pmd_6c745e82,poi_4490728b,media/poi/poi_4490728b/1.jpg,landmark,Night Food Bazaar in Pondicherry,night_food_bazaar,train,1280,960,crowded,2026-08-18T10:00:00+05:30
pmd_cc8a4f89,poi_64a35db3,media/poi/poi_64a35db3/0.jpg,landmark,North Beach in Pondicherry,north_beach,train,1280,960,dusk,2026-08-18T10:00:00+05:30
pmd_e2b9640d,poi_64a35db3,media/poi/poi_64a35db3/1.jpg,landmark,North Beach in Pondicherry,north_beach,train,1280,960,daylight,2026-08-18T10:00:00+05:30
pmd_e7da93f3,poi_d68e7f7a,media/poi/poi_d68e7f7a/0.jpg,landmark,Quiet Bay in Pondicherry,quiet_bay,train,1280,960,dusk,2026-08-18T10:00:00+05:30
pmd_8c6f9cc1,poi_d68e7f7a,media/poi/poi_d68e7f7a/1.jpg,landmark,Quiet Bay in Pondicherry,quiet_bay,train,1280,960,daylight,2026-08-18T10:00:00+05:30
pmd_53280c0a,poi_d1bcb16e,media/poi/poi_d1bcb16e/0.jpg,landmark,Riverside Ghats in Thanjavur,riverside_ghats,train,1280,960,,2026-08-18T10:00:00+05:30
pmd_557b16b6,poi_d1bcb16e,media/poi/poi_d1bcb16e/1.jpg,landmark,Riverside Ghats in Thanjavur,riverside_ghats,train,1280,960,crowded,2026-08-18T10:00:00+05:30
pmd_2528b876,poi_ec6f466f,media/poi/poi_ec6f466f/0.jpg,landmark,Riverside Lounge in Thanjavur,riverside_lounge,train,1280,960,indoor,2026-08-18T10:00:00+05:30
pmd_4c2e2a16,poi_ec6f466f,media/poi/poi_ec6f466f/1.jpg,landmark,Riverside Lounge in Thanjavur,riverside_lounge,train,1280,960,indoor,2026-08-18T10:00:00+05:30
pmd_13dd2d2f,poi_1095ead0,media/poi/poi_1095ead0/0.jpg,landmark,Thanjavur Viewpoint in Thanjavur,thanjavur_viewpoint,train,1280,960,crowded,2026-08-18T10:00:00+05:30
pmd_186860c1,poi_1095ead0,media/poi/poi_1095ead0/1.jpg,landmark,Thanjavur Viewpoint in Thanjavur,thanjavur_viewpoint,train,1280,960,dusk,2026-08-18T10:00:00+05:30
pmd_b21a8a42,poi_882527c5,media/poi/poi_882527c5/0.jpg,landmark,Antique Lane in Thanjavur,antique_lane,train,1280,960,indoor,2026-08-18T10:00:00+05:30
pmd_9cd6db9e,poi_882527c5,media/poi/poi_882527c5/1.jpg,landmark,Antique Lane in Thanjavur,antique_lane,train,1280,960,crowded,2026-08-18T10:00:00+05:30
pmd_0f3a8f32,poi_b6b1ef8b,media/poi/poi_b6b1ef8b/0.jpg,landmark,Antique Lane in Thanjavur,antique_lane,train,1280,960,,2026-08-18T10:00:00+05:30
pmd_e63ca04a,poi_b6b1ef8b,media/poi/poi_b6b1ef8b/1.jpg,landmark,Antique Lane in Thanjavur,antique_lane,train,1280,960,daylight,2026-08-18T10:00:00+05:30
pmd_080c5028,poi_e435c16e,media/poi/poi_e435c16e/0.jpg,landmark,Hot Springs in Thanjavur,hot_springs,train,1280,960,,2026-08-18T10:00:00+05:30
pmd_a0ed02b7,poi_e435c16e,media/poi/poi_e435c16e/1.jpg,landmark,Hot Springs in Thanjavur,hot_springs,train,1280,960,,2026-08-18T10:00:00+05:30
pmd_f90232f0,poi_dde08770,media/poi/poi_dde08770/0.jpg,landmark,Riverside Lounge in Thanjavur,riverside_lounge,train,1280,960,indoor,2026-08-18T10:00:00+05:30
pmd_f16f1f70,poi_dde08770,media/poi/poi_dde08770/1.jpg,landmark,Riverside Lounge in Thanjavur,riverside_lounge,train,1280,960,,2026-08-18T10:00:00+05:30
pmd_15899a8d,poi_fca6aef8,media/poi/poi_fca6aef8/0.jpg,landmark,Puppet Museum in Thanjavur,puppet_museum,train,1280,960,indoor,2026-08-18T10:00:00+05:30
pmd_062e78af,poi_fca6aef8,media/poi/poi_fca6aef8/1.jpg,landmark,Puppet Museum in Thanjavur,puppet_museum,train,1280,960,crowded,2026-08-18T10:00:00+05:30
pmd_d84933a1,poi_d87edd8a,media/poi/poi_d87edd8a/0.jpg,landmark,Riverside Lounge in Thanjavur,riverside_lounge,train,1280,960,dusk,2026-08-18T10:00:00+05:30
pmd_1323d557,poi_d87edd8a,media/poi/poi_d87edd8a/1.jpg,landmark,Riverside Lounge in Thanjavur,riverside_lounge,train,1280,960,daylight,2026-08-18T10:00:00+05:30
pmd_03eead4a,poi_6e8951e7,media/poi/poi_6e8951e7/0.jpg,landmark,Textile Museum in Thanjavur,textile_museum,train,1280,960,indoor,2026-08-18T10:00:00+05:30
pmd_d1ab3898,poi_6e8951e7,media/poi/poi_6e8951e7/1.jpg,landmark,Textile Museum in Thanjavur,textile_museum,eval,1280,960,,2026-08-18T10:00:00+05:30
pmd_b0a3caa2,poi_0fa49039,media/poi/poi_0fa49039/0.jpg,landmark,Hot Springs in Thanjavur,hot_springs,train,1280,960,,2026-08-18T10:00:00+05:30
pmd_14a2c77f,poi_0fa49039,media/poi/poi_0fa49039/1.jpg,landmark,Hot Springs in Thanjavur,hot_springs,train,1280,960,dusk,2026-08-18T10:00:00+05:30
pmd_7ab10061,poi_f5f4cb80,media/poi/poi_f5f4cb80/0.jpg,landmark,Hilltop Shrine in Thanjavur,hilltop_shrine,train,1280,960,dusk,2026-08-18T10:00:00+05:30
pmd_4cea34e3,poi_f5f4cb80,media/poi/poi_f5f4cb80/1.jpg,landmark,Hilltop Shrine in Thanjavur,hilltop_shrine,eval,1280,960,indoor,2026-08-18T10:00:00+05:30
pmd_cc469811,poi_90420dc8,media/poi/poi_90420dc8/0.jpg,landmark,Hot Springs in Thanjavur,hot_springs,train,1280,960,daylight,2026-08-18T10:00:00+05:30
pmd_72e20691,poi_90420dc8,media/poi/poi_90420dc8/1.jpg,landmark,Hot Springs in Thanjavur,hot_springs,eval,1280,960,crowded,2026-08-18T10:00:00+05:30
pmd_259c9679,poi_fc2fe936,media/poi/poi_fc2fe936/0.jpg,landmark,Hilltop Shrine in Thanjavur,hilltop_shrine,train,1280,960,dusk,2026-08-18T10:00:00+05:30
pmd_4cdde19b,poi_fc2fe936,media/poi/poi_fc2fe936/1.jpg,landmark,Hilltop Shrine in Thanjavur,hilltop_shrine,train,1280,960,daylight,2026-08-18T10:00:00+05:30
pmd_627587a0,poi_8ea44859,media/poi/poi_8ea44859/0.jpg,landmark,Hot Springs in Thanjavur,hot_springs,train,1280,960,,2026-08-18T10:00:00+05:30
pmd_1ca3d8f3,poi_8ea44859,media/poi/poi_8ea44859/1.jpg,landmark,Hot Springs in Thanjavur,hot_springs,train,1280,960,,2026-08-18T10:00:00+05:30
pmd_1b2c6962,poi_5bfdc682,media/poi/poi_5bfdc682/0.jpg,landmark,Kochi Lake in Kochi,kochi_lake,train,1280,960,indoor,2026-08-18T10:00:00+05:30
pmd_ff679a8b,poi_5bfdc682,media/poi/poi_5bfdc682/1.jpg,landmark,Kochi Lake in Kochi,kochi_lake,train,1280,960,crowded,2026-08-18T10:00:00+05:30
pmd_71f848f8,poi_77bff953,media/poi/poi_77bff953/0.jpg,landmark,Night Food Bazaar in Kochi,night_food_bazaar,train,1280,960,dusk,2026-08-18T10:00:00+05:30
pmd_c0ac39e7,poi_77bff953,media/poi/poi_77bff953/1.jpg,landmark,Night Food Bazaar in Kochi,night_food_bazaar,train,1280,960,indoor,2026-08-18T10:00:00+05:30
pmd_06f0e252,poi_ee4e06ed,media/poi/poi_ee4e06ed/0.jpg,landmark,Kochi Street Food Lane in Kochi,kochi_street_food_lane,train,1280,960,dusk,2026-08-18T10:00:00+05:30
pmd_9543382f,poi_ee4e06ed,media/poi/poi_ee4e06ed/1.jpg,landmark,Kochi Street Food Lane in Kochi,kochi_street_food_lane,train,1280,960,daylight,2026-08-18T10:00:00+05:30
pmd_29d5f809,poi_9f3533a8,media/poi/poi_9f3533a8/0.jpg,landmark,Puppet Museum in Kochi,puppet_museum,train,1280,960,daylight,2026-08-18T10:00:00+05:30
pmd_36a4940c,poi_9f3533a8,media/poi/poi_9f3533a8/1.jpg,landmark,Puppet Museum in Kochi,puppet_museum,train,1280,960,,2026-08-18T10:00:00+05:30
pmd_78d8acb0,poi_f2cb7eae,media/poi/poi_f2cb7eae/0.jpg,landmark,Puppet Museum in Kochi,puppet_museum,train,1280,960,crowded,2026-08-18T10:00:00+05:30
pmd_a451e908,poi_f2cb7eae,media/poi/poi_f2cb7eae/1.jpg,landmark,Puppet Museum in Kochi,puppet_museum,train,1280,960,,2026-08-18T10:00:00+05:30
pmd_38b48baf,poi_9daf754e,media/poi/poi_9daf754e/0.jpg,landmark,Night Food Bazaar in Kochi,night_food_bazaar,train,1280,960,dusk,2026-08-18T10:00:00+05:30
pmd_1716f9be,poi_9daf754e,media/poi/poi_9daf754e/1.jpg,landmark,Night Food Bazaar in Kochi,night_food_bazaar,train,1280,960,crowded,2026-08-18T10:00:00+05:30
pmd_b4bbee3e,poi_45d26bf8,media/poi/poi_45d26bf8/0.jpg,landmark,Tea Estate Trail in Kochi,tea_estate_trail,train,1280,960,dusk,2026-08-18T10:00:00+05:30
pmd_d52e5f6e,poi_45d26bf8,media/poi/poi_45d26bf8/1.jpg,landmark,Tea Estate Trail in Kochi,tea_estate_trail,train,1280,960,dusk,2026-08-18T10:00:00+05:30
pmd_9f198d13,poi_fc3e3e6b,media/poi/poi_fc3e3e6b/0.jpg,landmark,Quiet Bay in Kochi,quiet_bay,train,1280,960,indoor,2026-08-18T10:00:00+05:30
pmd_e0a51e73,poi_fc3e3e6b,media/poi/poi_fc3e3e6b/1.jpg,landmark,Quiet Bay in Kochi,quiet_bay,train,1280,960,indoor,2026-08-18T10:00:00+05:30
pmd_bdfeffcd,poi_4df9bc6d,media/poi/poi_4df9bc6d/0.jpg,landmark,Cooking Class at Old Town in Kochi,cooking_class_at_old_town,train,1280,960,,2026-08-18T10:00:00+05:30
pmd_a43f8ff8,poi_4df9bc6d,media/poi/poi_4df9bc6d/1.jpg,landmark,Cooking Class at Old Town in Kochi,cooking_class_at_old_town,eval,1280,960,,2026-08-18T10:00:00+05:30
pmd_2af44638,poi_5d8f9902,media/poi/poi_5d8f9902/0.jpg,landmark,Fishermen's Cove in Kochi,fishermen's_cove,train,1280,960,indoor,2026-08-18T10:00:00+05:30
pmd_dc4090c1,poi_5d8f9902,media/poi/poi_5d8f9902/1.jpg,landmark,Fishermen's Cove in Kochi,fishermen's_cove,train,1280,960,dusk,2026-08-18T10:00:00+05:30
pmd_6352cde2,poi_9f8cf411,media/poi/poi_9f8cf411/0.jpg,landmark,Blue Pottery Workshop in Kochi,blue_pottery_workshop,train,1280,960,daylight,2026-08-18T10:00:00+05:30
pmd_bd3ae3e5,poi_9f8cf411,media/poi/poi_9f8cf411/1.jpg,landmark,Blue Pottery Workshop in Kochi,blue_pottery_workshop,train,1280,960,,2026-08-18T10:00:00+05:30
pmd_4713b0db,poi_f180e07b,media/poi/poi_f180e07b/0.jpg,landmark,Tea Estate Trail in Kochi,tea_estate_trail,train,1280,960,crowded,2026-08-18T10:00:00+05:30
pmd_c2bd1891,poi_f180e07b,media/poi/poi_f180e07b/1.jpg,landmark,Tea Estate Trail in Kochi,tea_estate_trail,train,1280,960,,2026-08-18T10:00:00+05:30
pmd_30c90673,poi_49b7b32e,media/poi/poi_49b7b32e/0.jpg,landmark,Kayaking at Kochi in Kochi,kayaking_at_kochi,train,1280,960,daylight,2026-08-18T10:00:00+05:30
pmd_2269ac93,poi_49b7b32e,media/poi/poi_49b7b32e/1.jpg,landmark,Kayaking at Kochi in Kochi,kayaking_at_kochi,train,1280,960,indoor,2026-08-18T10:00:00+05:30
pmd_0790e7bd,poi_ac50e745,media/poi/poi_ac50e745/0.jpg,landmark,Blue Pottery Workshop in Kochi,blue_pottery_workshop,train,1280,960,crowded,2026-08-18T10:00:00+05:30
pmd_fb677fff,poi_ac50e745,media/poi/poi_ac50e745/1.jpg,landmark,Blue Pottery Workshop in Kochi,blue_pottery_workshop,train,1280,960,dusk,2026-08-18T10:00:00+05:30
pmd_73cb855f,poi_73ee7f50,media/poi/poi_73ee7f50/0.jpg,landmark,"St Mary's Church, Kochi in Kochi","st_mary's_church,_kochi",train,1280,960,crowded,2026-08-18T10:00:00+05:30
pmd_b03afa07,poi_73ee7f50,media/poi/poi_73ee7f50/1.jpg,landmark,"St Mary's Church, Kochi in Kochi","st_mary's_church,_kochi",train,1280,960,,2026-08-18T10:00:00+05:30
pmd_b92686f2,poi_f0480ca4,media/poi/poi_f0480ca4/0.jpg,landmark,Tea Estate Trail in Alleppey,tea_estate_trail,train,1280,960,daylight,2026-08-18T10:00:00+05:30
pmd_074b85c7,poi_f0480ca4,media/poi/poi_f0480ca4/1.jpg,landmark,Tea Estate Trail in Alleppey,tea_estate_trail,train,1280,960,daylight,2026-08-18T10:00:00+05:30
pmd_23d957eb,poi_e0c06ade,media/poi/poi_e0c06ade/0.jpg,landmark,Alleppey Lake in Alleppey,alleppey_lake,train,1280,960,dusk,2026-08-18T10:00:00+05:30
pmd_43f2bf44,poi_e0c06ade,media/poi/poi_e0c06ade/1.jpg,landmark,Alleppey Lake in Alleppey,alleppey_lake,train,1280,960,,2026-08-18T10:00:00+05:30
pmd_66b1a555,poi_fb2bcabe,media/poi/poi_fb2bcabe/0.jpg,landmark,Sunset Point in Alleppey,sunset_point,train,1280,960,,2026-08-18T10:00:00+05:30
pmd_e7085a5c,poi_fb2bcabe,media/poi/poi_fb2bcabe/1.jpg,landmark,Sunset Point in Alleppey,sunset_point,eval,1280,960,crowded,2026-08-18T10:00:00+05:30
pmd_b1bc0939,poi_d668af53,media/poi/poi_d668af53/0.jpg,landmark,Cycling Loop in Alleppey,cycling_loop,train,1280,960,crowded,2026-08-18T10:00:00+05:30
pmd_05f7aa3a,poi_d668af53,media/poi/poi_d668af53/1.jpg,landmark,Cycling Loop in Alleppey,cycling_loop,eval,1280,960,dusk,2026-08-18T10:00:00+05:30
pmd_e4ed858e,poi_7266e8b1,media/poi/poi_7266e8b1/0.jpg,landmark,Watchtower Terrace in Alleppey,watchtower_terrace,train,1280,960,dusk,2026-08-18T10:00:00+05:30
pmd_07b309fa,poi_7266e8b1,media/poi/poi_7266e8b1/1.jpg,landmark,Watchtower Terrace in Alleppey,watchtower_terrace,train,1280,960,crowded,2026-08-18T10:00:00+05:30
pmd_5d113386,poi_5b490311,media/poi/poi_5b490311/0.jpg,landmark,Alleppey Bazaar in Alleppey,alleppey_bazaar,train,1280,960,dusk,2026-08-18T10:00:00+05:30
pmd_6b3bd4f9,poi_5b490311,media/poi/poi_5b490311/1.jpg,landmark,Alleppey Bazaar in Alleppey,alleppey_bazaar,train,1280,960,,2026-08-18T10:00:00+05:30
pmd_fcb2a535,poi_c860207e,media/poi/poi_c860207e/0.jpg,landmark,Alleppey Viewpoint in Alleppey,alleppey_viewpoint,train,1280,960,indoor,2026-08-18T10:00:00+05:30
pmd_99a82803,poi_c860207e,media/poi/poi_c860207e/1.jpg,landmark,Alleppey Viewpoint in Alleppey,alleppey_viewpoint,train,1280,960,dusk,2026-08-18T10:00:00+05:30
pmd_1686c426,poi_48807df0,media/poi/poi_48807df0/0.jpg,landmark,Alleppey Stepwell in Alleppey,alleppey_stepwell,train,1280,960,dusk,2026-08-18T10:00:00+05:30
pmd_b35be981,poi_48807df0,media/poi/poi_48807df0/1.jpg,landmark,Alleppey Stepwell in Alleppey,alleppey_stepwell,train,1280,960,crowded,2026-08-18T10:00:00+05:30
pmd_0eca103d,poi_a666cab4,media/poi/poi_a666cab4/0.jpg,landmark,Alleppey Bazaar in Alleppey,alleppey_bazaar,train,1280,960,crowded,2026-08-18T10:00:00+05:30
pmd_9355862f,poi_a666cab4,media/poi/poi_a666cab4/1.jpg,landmark,Alleppey Bazaar in Alleppey,alleppey_bazaar,train,1280,960,dusk,2026-08-18T10:00:00+05:30
pmd_77757053,poi_a34a401d,media/poi/poi_a34a401d/0.jpg,landmark,Sunset Point in Alleppey,sunset_point,train,1280,960,indoor,2026-08-18T10:00:00+05:30
pmd_b584335c,poi_a34a401d,media/poi/poi_a34a401d/1.jpg,landmark,Sunset Point in Alleppey,sunset_point,train,1280,960,,2026-08-18T10:00:00+05:30
pmd_47f0bdb3,poi_ddafcd82,media/poi/poi_ddafcd82/0.jpg,landmark,Hilltop Shrine in Alleppey,hilltop_shrine,train,1280,960,dusk,2026-08-18T10:00:00+05:30
pmd_669dfed4,poi_ddafcd82,media/poi/poi_ddafcd82/1.jpg,landmark,Hilltop Shrine in Alleppey,hilltop_shrine,train,1280,960,crowded,2026-08-18T10:00:00+05:30
pmd_91972ff8,poi_b87834c8,media/poi/poi_b87834c8/0.jpg,landmark,Alleppey Bazaar in Alleppey,alleppey_bazaar,train,1280,960,crowded,2026-08-18T10:00:00+05:30
pmd_9e494793,poi_b87834c8,media/poi/poi_b87834c8/1.jpg,landmark,Alleppey Bazaar in Alleppey,alleppey_bazaar,eval,1280,960,crowded,2026-08-18T10:00:00+05:30
pmd_44c0eb3d,poi_6b9d7461,media/poi/poi_6b9d7461/0.jpg,landmark,Backwater Channel in Alleppey,backwater_channel,train,1280,960,daylight,2026-08-18T10:00:00+05:30
pmd_f392531d,poi_6b9d7461,media/poi/poi_6b9d7461/1.jpg,landmark,Backwater Channel in Alleppey,backwater_channel,eval,1280,960,daylight,2026-08-18T10:00:00+05:30
pmd_2464b4c7,poi_ebc96348,media/poi/poi_ebc96348/0.jpg,landmark,Zipline Point in Alleppey,zipline_point,train,1280,960,,2026-08-18T10:00:00+05:30
pmd_63183b18,poi_ebc96348,media/poi/poi_ebc96348/1.jpg,landmark,Zipline Point in Alleppey,zipline_point,eval,1280,960,daylight,2026-08-18T10:00:00+05:30
pmd_8603d574,poi_ef77702c,media/poi/poi_ef77702c/0.jpg,landmark,Alleppey Bazaar in Alleppey,alleppey_bazaar,train,1280,960,,2026-08-18T10:00:00+05:30
pmd_d11582f0,poi_ef77702c,media/poi/poi_ef77702c/1.jpg,landmark,Alleppey Bazaar in Alleppey,alleppey_bazaar,train,1280,960,dusk,2026-08-18T10:00:00+05:30
pmd_8dce1872,poi_a03d90a4,media/poi/poi_a03d90a4/0.jpg,landmark,Quiet Bay in Munnar,quiet_bay,train,1280,960,dusk,2026-08-18T10:00:00+05:30
pmd_23c83396,poi_a03d90a4,media/poi/poi_a03d90a4/1.jpg,landmark,Quiet Bay in Munnar,quiet_bay,train,1280,960,dusk,2026-08-18T10:00:00+05:30
pmd_a5b64e9a,poi_39331eca,media/poi/poi_39331eca/0.jpg,landmark,Quiet Bay in Munnar,quiet_bay,train,1280,960,crowded,2026-08-18T10:00:00+05:30
pmd_189c8ac8,poi_39331eca,media/poi/poi_39331eca/1.jpg,landmark,Quiet Bay in Munnar,quiet_bay,train,1280,960,daylight,2026-08-18T10:00:00+05:30
pmd_9246c7c9,poi_8d8ccc5b,media/poi/poi_8d8ccc5b/0.jpg,landmark,Backwater Channel in Munnar,backwater_channel,train,1280,960,,2026-08-18T10:00:00+05:30
pmd_c93ad78c,poi_8d8ccc5b,media/poi/poi_8d8ccc5b/1.jpg,landmark,Backwater Channel in Munnar,backwater_channel,train,1280,960,,2026-08-18T10:00:00+05:30
pmd_b4e0aed4,poi_1c1c550c,media/poi/poi_1c1c550c/0.jpg,landmark,Fishermen's Cove in Munnar,fishermen's_cove,train,1280,960,crowded,2026-08-18T10:00:00+05:30
pmd_38317e6c,poi_1c1c550c,media/poi/poi_1c1c550c/1.jpg,landmark,Fishermen's Cove in Munnar,fishermen's_cove,train,1280,960,indoor,2026-08-18T10:00:00+05:30
pmd_78e0dcb2,poi_dd78baa6,media/poi/poi_dd78baa6/0.jpg,landmark,Watchtower Terrace in Munnar,watchtower_terrace,train,1280,960,,2026-08-18T10:00:00+05:30
pmd_79c4007c,poi_dd78baa6,media/poi/poi_dd78baa6/1.jpg,landmark,Watchtower Terrace in Munnar,watchtower_terrace,eval,1280,960,daylight,2026-08-18T10:00:00+05:30
pmd_daacc696,poi_c9a12a62,media/poi/poi_c9a12a62/0.jpg,landmark,Hot Springs in Munnar,hot_springs,train,1280,960,daylight,2026-08-18T10:00:00+05:30
pmd_aac40a3d,poi_c9a12a62,media/poi/poi_c9a12a62/1.jpg,landmark,Hot Springs in Munnar,hot_springs,train,1280,960,daylight,2026-08-18T10:00:00+05:30
pmd_0c5861bf,poi_6f608f35,media/poi/poi_6f608f35/0.jpg,landmark,Rock Garden in Munnar,rock_garden,train,1280,960,daylight,2026-08-18T10:00:00+05:30
pmd_0cfa958c,poi_6f608f35,media/poi/poi_6f608f35/1.jpg,landmark,Rock Garden in Munnar,rock_garden,eval,1280,960,indoor,2026-08-18T10:00:00+05:30
pmd_4f4d7381,poi_c8da2549,media/poi/poi_c8da2549/0.jpg,landmark,Hot Springs in Munnar,hot_springs,train,1280,960,dusk,2026-08-18T10:00:00+05:30
pmd_e6b217c8,poi_c8da2549,media/poi/poi_c8da2549/1.jpg,landmark,Hot Springs in Munnar,hot_springs,eval,1280,960,crowded,2026-08-18T10:00:00+05:30
pmd_72363493,poi_eb938fe9,media/poi/poi_eb938fe9/0.jpg,landmark,Lighthouse Beach in Munnar,lighthouse_beach,train,1280,960,,2026-08-18T10:00:00+05:30
pmd_a728c84a,poi_eb938fe9,media/poi/poi_eb938fe9/1.jpg,landmark,Lighthouse Beach in Munnar,lighthouse_beach,train,1280,960,crowded,2026-08-18T10:00:00+05:30
pmd_ea151cae,poi_d8cb0fe2,media/poi/poi_d8cb0fe2/0.jpg,landmark,Quiet Bay in Munnar,quiet_bay,train,1280,960,daylight,2026-08-18T10:00:00+05:30
pmd_8338277d,poi_d8cb0fe2,media/poi/poi_d8cb0fe2/1.jpg,landmark,Quiet Bay in Munnar,quiet_bay,train,1280,960,,2026-08-18T10:00:00+05:30
pmd_be4cff5e,poi_9c0a82f7,media/poi/poi_9c0a82f7/0.jpg,landmark,Paragliding Launch in Munnar,paragliding_launch,train,1280,960,indoor,2026-08-18T10:00:00+05:30
pmd_c8b92c21,poi_9c0a82f7,media/poi/poi_9c0a82f7/1.jpg,landmark,Paragliding Launch in Munnar,paragliding_launch,eval,1280,960,daylight,2026-08-18T10:00:00+05:30
pmd_dfd15ece,poi_d85873d4,media/poi/poi_d85873d4/0.jpg,landmark,Ridge Lookout in Munnar,ridge_lookout,train,1280,960,daylight,2026-08-18T10:00:00+05:30
pmd_dddd57c8,poi_d85873d4,media/poi/poi_d85873d4/1.jpg,landmark,Ridge Lookout in Munnar,ridge_lookout,eval,1280,960,indoor,2026-08-18T10:00:00+05:30
pmd_4c339af7,poi_ee9f14ca,media/poi/poi_ee9f14ca/0.jpg,landmark,Crocodile Park in Munnar,crocodile_park,train,1280,960,daylight,2026-08-18T10:00:00+05:30
pmd_39cb9396,poi_ee9f14ca,media/poi/poi_ee9f14ca/1.jpg,landmark,Crocodile Park in Munnar,crocodile_park,eval,1280,960,daylight,2026-08-18T10:00:00+05:30
pmd_7c453e8e,poi_7e4b1bf1,media/poi/poi_7e4b1bf1/0.jpg,landmark,Handloom Cooperative in Munnar,handloom_cooperative,train,1280,960,crowded,2026-08-18T10:00:00+05:30
pmd_6d7f55a5,poi_7e4b1bf1,media/poi/poi_7e4b1bf1/1.jpg,landmark,Handloom Cooperative in Munnar,handloom_cooperative,train,1280,960,daylight,2026-08-18T10:00:00+05:30
pmd_87e5ff96,poi_a1220965,media/poi/poi_a1220965/0.jpg,landmark,Sunset Point in Munnar,sunset_point,train,1280,960,dusk,2026-08-18T10:00:00+05:30
pmd_67e6570a,poi_a1220965,media/poi/poi_a1220965/1.jpg,landmark,Sunset Point in Munnar,sunset_point,train,1280,960,indoor,2026-08-18T10:00:00+05:30
pmd_ec65f9c3,poi_63594b52,media/poi/poi_63594b52/0.jpg,landmark,Water Palace in Thiruvananthapuram,water_palace,train,1280,960,,2026-08-18T10:00:00+05:30
pmd_5145d445,poi_63594b52,media/poi/poi_63594b52/1.jpg,landmark,Water Palace in Thiruvananthapuram,water_palace,train,1280,960,indoor,2026-08-18T10:00:00+05:30
pmd_ed590a43,poi_a6ab1a68,media/poi/poi_a6ab1a68/0.jpg,landmark,Quiet Bay in Thiruvananthapuram,quiet_bay,train,1280,960,crowded,2026-08-18T10:00:00+05:30
pmd_87c64bfe,poi_a6ab1a68,media/poi/poi_a6ab1a68/1.jpg,landmark,Quiet Bay in Thiruvananthapuram,quiet_bay,train,1280,960,,2026-08-18T10:00:00+05:30
pmd_571fd793,poi_87e0c24e,media/poi/poi_87e0c24e/0.jpg,landmark,Thiruvananthapuram Street Food Lane in Thiruvananthapuram,thiruvananthapuram_street_food_lane,train,1280,960,,2026-08-18T10:00:00+05:30
pmd_0c375907,poi_87e0c24e,media/poi/poi_87e0c24e/1.jpg,landmark,Thiruvananthapuram Street Food Lane in Thiruvananthapuram,thiruvananthapuram_street_food_lane,train,1280,960,daylight,2026-08-18T10:00:00+05:30
pmd_0a0eaeff,poi_0f53485c,media/poi/poi_0f53485c/0.jpg,landmark,Textile Museum in Thiruvananthapuram,textile_museum,train,1280,960,dusk,2026-08-18T10:00:00+05:30
pmd_b2804daa,poi_0f53485c,media/poi/poi_0f53485c/1.jpg,landmark,Textile Museum in Thiruvananthapuram,textile_museum,train,1280,960,,2026-08-18T10:00:00+05:30
pmd_7129cef6,poi_a1100754,media/poi/poi_a1100754/0.jpg,landmark,Ridge Lookout in Thiruvananthapuram,ridge_lookout,train,1280,960,dusk,2026-08-18T10:00:00+05:30
pmd_3eba272f,poi_a1100754,media/poi/poi_a1100754/1.jpg,landmark,Ridge Lookout in Thiruvananthapuram,ridge_lookout,train,1280,960,indoor,2026-08-18T10:00:00+05:30
pmd_6ef5f996,poi_bcc733aa,media/poi/poi_bcc733aa/0.jpg,landmark,North Beach in Thiruvananthapuram,north_beach,train,1280,960,dusk,2026-08-18T10:00:00+05:30
pmd_6a1737d5,poi_bcc733aa,media/poi/poi_bcc733aa/1.jpg,landmark,North Beach in Thiruvananthapuram,north_beach,train,1280,960,indoor,2026-08-18T10:00:00+05:30
pmd_3d9a8970,poi_2f03bafe,media/poi/poi_2f03bafe/0.jpg,landmark,Yoga Shala in Thiruvananthapuram,yoga_shala,train,1280,960,daylight,2026-08-18T10:00:00+05:30
pmd_34169b95,poi_2f03bafe,media/poi/poi_2f03bafe/1.jpg,landmark,Yoga Shala in Thiruvananthapuram,yoga_shala,eval,1280,960,,2026-08-18T10:00:00+05:30
pmd_c2b2a252,poi_2fc8a8df,media/poi/poi_2fc8a8df/0.jpg,landmark,Yoga Shala in Thiruvananthapuram,yoga_shala,train,1280,960,,2026-08-18T10:00:00+05:30
pmd_94bd3b92,poi_2fc8a8df,media/poi/poi_2fc8a8df/1.jpg,landmark,Yoga Shala in Thiruvananthapuram,yoga_shala,train,1280,960,,2026-08-18T10:00:00+05:30
pmd_a0acc2cc,poi_1dc221bb,media/poi/poi_1dc221bb/0.jpg,landmark,Thiruvananthapuram Observatory in Thiruvananthapuram,thiruvananthapuram_observatory,train,1280,960,daylight,2026-08-18T10:00:00+05:30
pmd_4de4f3d5,poi_1dc221bb,media/poi/poi_1dc221bb/1.jpg,landmark,Thiruvananthapuram Observatory in Thiruvananthapuram,thiruvananthapuram_observatory,train,1280,960,dusk,2026-08-18T10:00:00+05:30
pmd_a34ce508,poi_7061ac7c,media/poi/poi_7061ac7c/0.jpg,landmark,Rooftop Live Music in Thiruvananthapuram,rooftop_live_music,train,1280,960,crowded,2026-08-18T10:00:00+05:30
pmd_38db0155,poi_7061ac7c,media/poi/poi_7061ac7c/1.jpg,landmark,Rooftop Live Music in Thiruvananthapuram,rooftop_live_music,train,1280,960,,2026-08-18T10:00:00+05:30
pmd_87fd1c09,poi_7584624c,media/poi/poi_7584624c/0.jpg,landmark,Hot Springs in Thiruvananthapuram,hot_springs,train,1280,960,indoor,2026-08-18T10:00:00+05:30
pmd_9277f832,poi_7584624c,media/poi/poi_7584624c/1.jpg,landmark,Hot Springs in Thiruvananthapuram,hot_springs,train,1280,960,,2026-08-18T10:00:00+05:30
pmd_437d52d4,poi_986efb66,media/poi/poi_986efb66/0.jpg,landmark,Handloom Cooperative in Thiruvananthapuram,handloom_cooperative,train,1280,960,daylight,2026-08-18T10:00:00+05:30
pmd_05fbc992,poi_986efb66,media/poi/poi_986efb66/1.jpg,landmark,Handloom Cooperative in Thiruvananthapuram,handloom_cooperative,eval,1280,960,daylight,2026-08-18T10:00:00+05:30
pmd_f7dee1be,poi_95bca120,media/poi/poi_95bca120/0.jpg,landmark,"Jazz Cellar, Thiruvananthapuram in Thiruvananthapuram","jazz_cellar,_thiruvananthapuram",train,1280,960,indoor,2026-08-18T10:00:00+05:30
pmd_aaa6bd6d,poi_95bca120,media/poi/poi_95bca120/1.jpg,landmark,"Jazz Cellar, Thiruvananthapuram in Thiruvananthapuram","jazz_cellar,_thiruvananthapuram",train,1280,960,indoor,2026-08-18T10:00:00+05:30
pmd_d7bd03bb,poi_481e5628,media/poi/poi_481e5628/0.jpg,landmark,Cooking Class at Old Town in Thiruvananthapuram,cooking_class_at_old_town,train,1280,960,daylight,2026-08-18T10:00:00+05:30
pmd_1e2db47b,poi_481e5628,media/poi/poi_481e5628/1.jpg,landmark,Cooking Class at Old Town in Thiruvananthapuram,cooking_class_at_old_town,train,1280,960,daylight,2026-08-18T10:00:00+05:30
pmd_6fcedbe2,poi_2415e02a,media/poi/poi_2415e02a/0.jpg,landmark,North Beach in Thiruvananthapuram,north_beach,train,1280,960,,2026-08-18T10:00:00+05:30
pmd_ddc8bc54,poi_2415e02a,media/poi/poi_2415e02a/1.jpg,landmark,North Beach in Thiruvananthapuram,north_beach,train,1280,960,,2026-08-18T10:00:00+05:30
pmd_66c41954,poi_0b113cd1,media/poi/poi_0b113cd1/0.jpg,landmark,Wayanad Temple in Wayanad,wayanad_temple,train,1280,960,daylight,2026-08-18T10:00:00+05:30
pmd_4f537223,poi_0b113cd1,media/poi/poi_0b113cd1/1.jpg,landmark,Wayanad Temple in Wayanad,wayanad_temple,eval,1280,960,crowded,2026-08-18T10:00:00+05:30
pmd_4e8bf24d,poi_0c5014db,media/poi/poi_0c5014db/0.jpg,landmark,Lighthouse Beach in Wayanad,lighthouse_beach,train,1280,960,indoor,2026-08-18T10:00:00+05:30
pmd_f63bdb2c,poi_0c5014db,media/poi/poi_0c5014db/1.jpg,landmark,Lighthouse Beach in Wayanad,lighthouse_beach,eval,1280,960,,2026-08-18T10:00:00+05:30
pmd_68ec1cb2,poi_90ae8bdc,media/poi/poi_90ae8bdc/0.jpg,landmark,City Walls Walk in Wayanad,city_walls_walk,train,1280,960,indoor,2026-08-18T10:00:00+05:30
pmd_90dc790d,poi_90ae8bdc,media/poi/poi_90ae8bdc/1.jpg,landmark,City Walls Walk in Wayanad,city_walls_walk,train,1280,960,crowded,2026-08-18T10:00:00+05:30
pmd_06c14941,poi_6b659eca,media/poi/poi_6b659eca/0.jpg,landmark,Hot Springs in Wayanad,hot_springs,train,1280,960,,2026-08-18T10:00:00+05:30
pmd_4d398349,poi_6b659eca,media/poi/poi_6b659eca/1.jpg,landmark,Hot Springs in Wayanad,hot_springs,train,1280,960,,2026-08-18T10:00:00+05:30
pmd_a1905ee0,poi_d2d9d668,media/poi/poi_d2d9d668/0.jpg,landmark,Crocodile Park in Wayanad,crocodile_park,train,1280,960,daylight,2026-08-18T10:00:00+05:30
pmd_b175c658,poi_d2d9d668,media/poi/poi_d2d9d668/1.jpg,landmark,Crocodile Park in Wayanad,crocodile_park,train,1280,960,,2026-08-18T10:00:00+05:30
pmd_ddfface3,poi_ba254651,media/poi/poi_ba254651/0.jpg,landmark,Ayurveda Centre in Wayanad,ayurveda_centre,train,1280,960,indoor,2026-08-18T10:00:00+05:30
pmd_68057087,poi_ba254651,media/poi/poi_ba254651/1.jpg,landmark,Ayurveda Centre in Wayanad,ayurveda_centre,train,1280,960,,2026-08-18T10:00:00+05:30
pmd_b5153412,poi_df26bbb8,media/poi/poi_df26bbb8/0.jpg,landmark,Hot Springs in Wayanad,hot_springs,train,1280,960,crowded,2026-08-18T10:00:00+05:30
pmd_0fe62827,poi_df26bbb8,media/poi/poi_df26bbb8/1.jpg,landmark,Hot Springs in Wayanad,hot_springs,train,1280,960,crowded,2026-08-18T10:00:00+05:30
pmd_67181e80,poi_3132b4af,media/poi/poi_3132b4af/0.jpg,landmark,Wayanad Temple in Wayanad,wayanad_temple,train,1280,960,daylight,2026-08-18T10:00:00+05:30
pmd_89c3da0f,poi_3132b4af,media/poi/poi_3132b4af/1.jpg,landmark,Wayanad Temple in Wayanad,wayanad_temple,train,1280,960,,2026-08-18T10:00:00+05:30
pmd_29dc19cd,poi_679c6407,media/poi/poi_679c6407/0.jpg,landmark,Night Food Bazaar in Wayanad,night_food_bazaar,train,1280,960,,2026-08-18T10:00:00+05:30
pmd_3a67b9bc,poi_679c6407,media/poi/poi_679c6407/1.jpg,landmark,Night Food Bazaar in Wayanad,night_food_bazaar,train,1280,960,indoor,2026-08-18T10:00:00+05:30
pmd_b1587406,poi_ac60ca43,media/poi/poi_ac60ca43/0.jpg,landmark,Wayanad Viewpoint in Wayanad,wayanad_viewpoint,train,1280,960,indoor,2026-08-18T10:00:00+05:30
pmd_33eb1dad,poi_ac60ca43,media/poi/poi_ac60ca43/1.jpg,landmark,Wayanad Viewpoint in Wayanad,wayanad_viewpoint,train,1280,960,dusk,2026-08-18T10:00:00+05:30
pmd_88005c23,poi_b5955e68,media/poi/poi_b5955e68/0.jpg,landmark,Wayanad Fort in Wayanad,wayanad_fort,train,1280,960,dusk,2026-08-18T10:00:00+05:30
pmd_798610e5,poi_b5955e68,media/poi/poi_b5955e68/1.jpg,landmark,Wayanad Fort in Wayanad,wayanad_fort,train,1280,960,indoor,2026-08-18T10:00:00+05:30
pmd_df8c90d0,poi_26b3387f,media/poi/poi_26b3387f/0.jpg,landmark,Kayaking at Wayanad in Wayanad,kayaking_at_wayanad,train,1280,960,dusk,2026-08-18T10:00:00+05:30
pmd_0ad94121,poi_26b3387f,media/poi/poi_26b3387f/1.jpg,landmark,Kayaking at Wayanad in Wayanad,kayaking_at_wayanad,eval,1280,960,,2026-08-18T10:00:00+05:30
pmd_9d2bbb68,poi_89519140,media/poi/poi_89519140/0.jpg,landmark,Crocodile Park in Wayanad,crocodile_park,train,1280,960,indoor,2026-08-18T10:00:00+05:30
pmd_5741df8c,poi_89519140,media/poi/poi_89519140/1.jpg,landmark,Crocodile Park in Wayanad,crocodile_park,train,1280,960,indoor,2026-08-18T10:00:00+05:30
pmd_d9cd071d,poi_d029a07e,media/poi/poi_d029a07e/0.jpg,landmark,Zipline Point in Wayanad,zipline_point,train,1280,960,daylight,2026-08-18T10:00:00+05:30
pmd_4fe0edea,poi_d029a07e,media/poi/poi_d029a07e/1.jpg,landmark,Zipline Point in Wayanad,zipline_point,eval,1280,960,indoor,2026-08-18T10:00:00+05:30
pmd_17ca7966,poi_1e9ed7f1,media/poi/poi_1e9ed7f1/0.jpg,landmark,Elephant Camp in Wayanad,elephant_camp,train,1280,960,dusk,2026-08-18T10:00:00+05:30
pmd_efd64779,poi_1e9ed7f1,media/poi/poi_1e9ed7f1/1.jpg,landmark,Elephant Camp in Wayanad,elephant_camp,train,1280,960,,2026-08-18T10:00:00+05:30
pmd_99e9e0ce,poi_92cf9d43,media/poi/poi_92cf9d43/0.jpg,landmark,Textile Museum in Hyderabad,textile_museum,train,1280,960,dusk,2026-08-18T10:00:00+05:30
pmd_1cfa168a,poi_92cf9d43,media/poi/poi_92cf9d43/1.jpg,landmark,Textile Museum in Hyderabad,textile_museum,train,1280,960,,2026-08-18T10:00:00+05:30
pmd_cf28da20,poi_c814b1d0,media/poi/poi_c814b1d0/0.jpg,landmark,Butterfly Reserve in Hyderabad,butterfly_reserve,train,1280,960,crowded,2026-08-18T10:00:00+05:30
pmd_83cf1de7,poi_c814b1d0,media/poi/poi_c814b1d0/1.jpg,landmark,Butterfly Reserve in Hyderabad,butterfly_reserve,train,1280,960,dusk,2026-08-18T10:00:00+05:30
pmd_6a1d73cf,poi_1d735a17,media/poi/poi_1d735a17/0.jpg,landmark,Crocodile Park in Hyderabad,crocodile_park,train,1280,960,dusk,2026-08-18T10:00:00+05:30
pmd_f5c01f84,poi_1d735a17,media/poi/poi_1d735a17/1.jpg,landmark,Crocodile Park in Hyderabad,crocodile_park,eval,1280,960,indoor,2026-08-18T10:00:00+05:30
pmd_a4e9a444,poi_dbf42d12,media/poi/poi_dbf42d12/0.jpg,landmark,Hyderabad City Museum in Hyderabad,hyderabad_city_museum,train,1280,960,crowded,2026-08-18T10:00:00+05:30
pmd_b5667c4b,poi_dbf42d12,media/poi/poi_dbf42d12/1.jpg,landmark,Hyderabad City Museum in Hyderabad,hyderabad_city_museum,eval,1280,960,dusk,2026-08-18T10:00:00+05:30
pmd_4e93e640,poi_cf0b559b,media/poi/poi_cf0b559b/0.jpg,landmark,Rock Climbing Wall in Hyderabad,rock_climbing_wall,train,1280,960,indoor,2026-08-18T10:00:00+05:30
pmd_22787b2d,poi_cf0b559b,media/poi/poi_cf0b559b/1.jpg,landmark,Rock Climbing Wall in Hyderabad,rock_climbing_wall,train,1280,960,dusk,2026-08-18T10:00:00+05:30
pmd_62fa6474,poi_efeb9acf,media/poi/poi_efeb9acf/0.jpg,landmark,Yoga Shala in Hyderabad,yoga_shala,train,1280,960,dusk,2026-08-18T10:00:00+05:30
pmd_a5d0361d,poi_efeb9acf,media/poi/poi_efeb9acf/1.jpg,landmark,Yoga Shala in Hyderabad,yoga_shala,train,1280,960,daylight,2026-08-18T10:00:00+05:30
pmd_d7a3d0ae,poi_855347dc,media/poi/poi_855347dc/0.jpg,landmark,Hyderabad Bird Sanctuary in Hyderabad,hyderabad_bird_sanctuary,train,1280,960,indoor,2026-08-18T10:00:00+05:30
pmd_caed3ef1,poi_855347dc,media/poi/poi_855347dc/1.jpg,landmark,Hyderabad Bird Sanctuary in Hyderabad,hyderabad_bird_sanctuary,train,1280,960,daylight,2026-08-18T10:00:00+05:30
pmd_7f44d2d4,poi_04171cda,media/poi/poi_04171cda/0.jpg,landmark,Ayurveda Centre in Hyderabad,ayurveda_centre,train,1280,960,crowded,2026-08-18T10:00:00+05:30
pmd_7aca4dca,poi_04171cda,media/poi/poi_04171cda/1.jpg,landmark,Ayurveda Centre in Hyderabad,ayurveda_centre,eval,1280,960,indoor,2026-08-18T10:00:00+05:30
pmd_ea03a51e,poi_bd5ad4bb,media/poi/poi_bd5ad4bb/0.jpg,landmark,Backwater Channel in Hyderabad,backwater_channel,train,1280,960,indoor,2026-08-18T10:00:00+05:30
pmd_d389c076,poi_bd5ad4bb,media/poi/poi_bd5ad4bb/1.jpg,landmark,Backwater Channel in Hyderabad,backwater_channel,eval,1280,960,dusk,2026-08-18T10:00:00+05:30
pmd_f8f27f99,poi_c2b659ff,media/poi/poi_c2b659ff/0.jpg,landmark,Backwater Channel in Hyderabad,backwater_channel,train,1280,960,,2026-08-18T10:00:00+05:30
pmd_a0444122,poi_c2b659ff,media/poi/poi_c2b659ff/1.jpg,landmark,Backwater Channel in Hyderabad,backwater_channel,train,1280,960,indoor,2026-08-18T10:00:00+05:30
pmd_751ec9b2,poi_6631745a,media/poi/poi_6631745a/0.jpg,landmark,Ridge Lookout in Hyderabad,ridge_lookout,train,1280,960,indoor,2026-08-18T10:00:00+05:30
pmd_0f9dd038,poi_6631745a,media/poi/poi_6631745a/1.jpg,landmark,Ridge Lookout in Hyderabad,ridge_lookout,train,1280,960,,2026-08-18T10:00:00+05:30
pmd_856b857a,poi_b97083bd,media/poi/poi_b97083bd/0.jpg,landmark,Textile Museum in Hyderabad,textile_museum,train,1280,960,crowded,2026-08-18T10:00:00+05:30
pmd_6872ec20,poi_b97083bd,media/poi/poi_b97083bd/1.jpg,landmark,Textile Museum in Hyderabad,textile_museum,train,1280,960,daylight,2026-08-18T10:00:00+05:30
pmd_8c3bad47,poi_c7ef2f29,media/poi/poi_c7ef2f29/0.jpg,landmark,Museum of Coins in Hyderabad,museum_of_coins,train,1280,960,dusk,2026-08-18T10:00:00+05:30
pmd_365fed39,poi_c7ef2f29,media/poi/poi_c7ef2f29/1.jpg,landmark,Museum of Coins in Hyderabad,museum_of_coins,eval,1280,960,daylight,2026-08-18T10:00:00+05:30
pmd_9cd822ae,poi_f728973d,media/poi/poi_f728973d/0.jpg,landmark,Kayaking at Hyderabad in Hyderabad,kayaking_at_hyderabad,train,1280,960,dusk,2026-08-18T10:00:00+05:30
pmd_58f2420b,poi_f728973d,media/poi/poi_f728973d/1.jpg,landmark,Kayaking at Hyderabad in Hyderabad,kayaking_at_hyderabad,train,1280,960,daylight,2026-08-18T10:00:00+05:30
pmd_3b1ded32,poi_3c7df950,media/poi/poi_3c7df950/0.jpg,landmark,Ayurveda Centre in Hyderabad,ayurveda_centre,train,1280,960,,2026-08-18T10:00:00+05:30
pmd_d9297e9c,poi_3c7df950,media/poi/poi_3c7df950/1.jpg,landmark,Ayurveda Centre in Hyderabad,ayurveda_centre,train,1280,960,dusk,2026-08-18T10:00:00+05:30
pmd_6c60dac6,poi_16ee7fea,media/poi/poi_16ee7fea/0.jpg,landmark,Crocodile Park in Visakhapatnam,crocodile_park,train,1280,960,dusk,2026-08-18T10:00:00+05:30
pmd_ac7fcd3d,poi_16ee7fea,media/poi/poi_16ee7fea/1.jpg,landmark,Crocodile Park in Visakhapatnam,crocodile_park,train,1280,960,,2026-08-18T10:00:00+05:30
pmd_1352f82c,poi_43fed3a1,media/poi/poi_43fed3a1/0.jpg,landmark,Cooking Class at Old Town in Visakhapatnam,cooking_class_at_old_town,train,1280,960,,2026-08-18T10:00:00+05:30
pmd_29d5dc13,poi_43fed3a1,media/poi/poi_43fed3a1/1.jpg,landmark,Cooking Class at Old Town in Visakhapatnam,cooking_class_at_old_town,eval,1280,960,daylight,2026-08-18T10:00:00+05:30
pmd_1fa4e5a9,poi_13aa9240,media/poi/poi_13aa9240/0.jpg,landmark,Ayurveda Centre in Visakhapatnam,ayurveda_centre,train,1280,960,crowded,2026-08-18T10:00:00+05:30
pmd_c1cd3207,poi_13aa9240,media/poi/poi_13aa9240/1.jpg,landmark,Ayurveda Centre in Visakhapatnam,ayurveda_centre,eval,1280,960,dusk,2026-08-18T10:00:00+05:30
pmd_5dd8ec17,poi_6a074d03,media/poi/poi_6a074d03/0.jpg,landmark,Hot Springs in Visakhapatnam,hot_springs,train,1280,960,indoor,2026-08-18T10:00:00+05:30
pmd_7105edf9,poi_6a074d03,media/poi/poi_6a074d03/1.jpg,landmark,Hot Springs in Visakhapatnam,hot_springs,train,1280,960,,2026-08-18T10:00:00+05:30
pmd_6037ab61,poi_697e3901,media/poi/poi_697e3901/0.jpg,landmark,Crocodile Park in Visakhapatnam,crocodile_park,train,1280,960,dusk,2026-08-18T10:00:00+05:30
pmd_bce89a46,poi_697e3901,media/poi/poi_697e3901/1.jpg,landmark,Crocodile Park in Visakhapatnam,crocodile_park,train,1280,960,crowded,2026-08-18T10:00:00+05:30
pmd_2e6b8c9c,poi_e9a50799,media/poi/poi_e9a50799/0.jpg,landmark,City Walls Walk in Visakhapatnam,city_walls_walk,train,1280,960,dusk,2026-08-18T10:00:00+05:30
pmd_d9989978,poi_e9a50799,media/poi/poi_e9a50799/1.jpg,landmark,City Walls Walk in Visakhapatnam,city_walls_walk,train,1280,960,dusk,2026-08-18T10:00:00+05:30
pmd_d2fd3f8a,poi_46ade188,media/poi/poi_46ade188/0.jpg,landmark,Maritime Museum in Visakhapatnam,maritime_museum,train,1280,960,daylight,2026-08-18T10:00:00+05:30
pmd_9e099763,poi_46ade188,media/poi/poi_46ade188/1.jpg,landmark,Maritime Museum in Visakhapatnam,maritime_museum,train,1280,960,indoor,2026-08-18T10:00:00+05:30
pmd_0753560a,poi_4c2e1d24,media/poi/poi_4c2e1d24/0.jpg,landmark,Visakhapatnam Street Food Lane in Visakhapatnam,visakhapatnam_street_food_lane,train,1280,960,dusk,2026-08-18T10:00:00+05:30
pmd_1169a043,poi_4c2e1d24,media/poi/poi_4c2e1d24/1.jpg,landmark,Visakhapatnam Street Food Lane in Visakhapatnam,visakhapatnam_street_food_lane,train,1280,960,indoor,2026-08-18T10:00:00+05:30
pmd_46898995,poi_8843e985,media/poi/poi_8843e985/0.jpg,landmark,Fishermen's Cove in Visakhapatnam,fishermen's_cove,train,1280,960,crowded,2026-08-18T10:00:00+05:30
pmd_3952a39c,poi_8843e985,media/poi/poi_8843e985/1.jpg,landmark,Fishermen's Cove in Visakhapatnam,fishermen's_cove,train,1280,960,,2026-08-18T10:00:00+05:30
pmd_5a635c79,poi_72868d71,media/poi/poi_72868d71/0.jpg,landmark,Coffee Roastery Tour in Visakhapatnam,coffee_roastery_tour,train,1280,960,crowded,2026-08-18T10:00:00+05:30
pmd_8c8a85e1,poi_72868d71,media/poi/poi_72868d71/1.jpg,landmark,Coffee Roastery Tour in Visakhapatnam,coffee_roastery_tour,train,1280,960,daylight,2026-08-18T10:00:00+05:30
pmd_476b31fa,poi_41fadb4a,media/poi/poi_41fadb4a/0.jpg,landmark,Visakhapatnam Stepwell in Visakhapatnam,visakhapatnam_stepwell,train,1280,960,dusk,2026-08-18T10:00:00+05:30
pmd_c305d3f5,poi_41fadb4a,media/poi/poi_41fadb4a/1.jpg,landmark,Visakhapatnam Stepwell in Visakhapatnam,visakhapatnam_stepwell,train,1280,960,,2026-08-18T10:00:00+05:30
pmd_b24ca8d2,poi_336acf21,media/poi/poi_336acf21/0.jpg,landmark,Crocodile Park in Visakhapatnam,crocodile_park,train,1280,960,dusk,2026-08-18T10:00:00+05:30
pmd_cc13b7e5,poi_336acf21,media/poi/poi_336acf21/1.jpg,landmark,Crocodile Park in Visakhapatnam,crocodile_park,eval,1280,960,indoor,2026-08-18T10:00:00+05:30
pmd_5f9e49c7,poi_b1aec06c,media/poi/poi_b1aec06c/0.jpg,landmark,Spice Market Walk in Visakhapatnam,spice_market_walk,train,1280,960,,2026-08-18T10:00:00+05:30
pmd_91246f58,poi_b1aec06c,media/poi/poi_b1aec06c/1.jpg,landmark,Spice Market Walk in Visakhapatnam,spice_market_walk,train,1280,960,indoor,2026-08-18T10:00:00+05:30
pmd_e8fd2f57,poi_ee54e1e8,media/poi/poi_ee54e1e8/0.jpg,landmark,"Gallery of Modern Art, Visakhapatnam in Visakhapatnam","gallery_of_modern_art,_visakhapatnam",train,1280,960,daylight,2026-08-18T10:00:00+05:30
pmd_77467cbc,poi_ee54e1e8,media/poi/poi_ee54e1e8/1.jpg,landmark,"Gallery of Modern Art, Visakhapatnam in Visakhapatnam","gallery_of_modern_art,_visakhapatnam",train,1280,960,daylight,2026-08-18T10:00:00+05:30
pmd_88048fa9,poi_79d8aa6b,media/poi/poi_79d8aa6b/0.jpg,landmark,Water Palace in Visakhapatnam,water_palace,train,1280,960,,2026-08-18T10:00:00+05:30
pmd_4ad6eef1,poi_79d8aa6b,media/poi/poi_79d8aa6b/1.jpg,landmark,Water Palace in Visakhapatnam,water_palace,train,1280,960,indoor,2026-08-18T10:00:00+05:30
pmd_f9dbd7da,poi_04e07eb8,media/poi/poi_04e07eb8/0.jpg,landmark,Night Food Bazaar in Tirupati,night_food_bazaar,train,1280,960,indoor,2026-08-18T10:00:00+05:30
pmd_b9d3b3ea,poi_04e07eb8,media/poi/poi_04e07eb8/1.jpg,landmark,Night Food Bazaar in Tirupati,night_food_bazaar,eval,1280,960,daylight,2026-08-18T10:00:00+05:30
pmd_b19c3429,poi_0e67fddb,media/poi/poi_0e67fddb/0.jpg,landmark,Butterfly Reserve in Tirupati,butterfly_reserve,train,1280,960,indoor,2026-08-18T10:00:00+05:30
pmd_1250d8a4,poi_0e67fddb,media/poi/poi_0e67fddb/1.jpg,landmark,Butterfly Reserve in Tirupati,butterfly_reserve,train,1280,960,dusk,2026-08-18T10:00:00+05:30
pmd_df76359e,poi_a7aaf961,media/poi/poi_a7aaf961/0.jpg,landmark,Butterfly Reserve in Tirupati,butterfly_reserve,train,1280,960,dusk,2026-08-18T10:00:00+05:30
pmd_c08f4112,poi_a7aaf961,media/poi/poi_a7aaf961/1.jpg,landmark,Butterfly Reserve in Tirupati,butterfly_reserve,eval,1280,960,indoor,2026-08-18T10:00:00+05:30
pmd_0ee2486b,poi_9096d3f8,media/poi/poi_9096d3f8/0.jpg,landmark,Elephant Camp in Tirupati,elephant_camp,train,1280,960,crowded,2026-08-18T10:00:00+05:30
pmd_d677dd8c,poi_9096d3f8,media/poi/poi_9096d3f8/1.jpg,landmark,Elephant Camp in Tirupati,elephant_camp,train,1280,960,dusk,2026-08-18T10:00:00+05:30
pmd_3bcaa0e9,poi_c0f909cd,media/poi/poi_c0f909cd/0.jpg,landmark,Hilltop Shrine in Tirupati,hilltop_shrine,train,1280,960,indoor,2026-08-18T10:00:00+05:30
pmd_f4940820,poi_c0f909cd,media/poi/poi_c0f909cd/1.jpg,landmark,Hilltop Shrine in Tirupati,hilltop_shrine,eval,1280,960,,2026-08-18T10:00:00+05:30
pmd_70f1240f,poi_9cf22283,media/poi/poi_9cf22283/0.jpg,landmark,Spice Market Walk in Tirupati,spice_market_walk,train,1280,960,crowded,2026-08-18T10:00:00+05:30
pmd_31af93a0,poi_9cf22283,media/poi/poi_9cf22283/1.jpg,landmark,Spice Market Walk in Tirupati,spice_market_walk,eval,1280,960,daylight,2026-08-18T10:00:00+05:30
pmd_95668de1,poi_d4ce5bf9,media/poi/poi_d4ce5bf9/0.jpg,landmark,Ayurveda Centre in Tirupati,ayurveda_centre,train,1280,960,indoor,2026-08-18T10:00:00+05:30
pmd_6dd3554c,poi_d4ce5bf9,media/poi/poi_d4ce5bf9/1.jpg,landmark,Ayurveda Centre in Tirupati,ayurveda_centre,train,1280,960,,2026-08-18T10:00:00+05:30
pmd_d5b9aeae,poi_f10b95a4,media/poi/poi_f10b95a4/0.jpg,landmark,Butterfly Reserve in Tirupati,butterfly_reserve,train,1280,960,,2026-08-18T10:00:00+05:30
pmd_d16739ad,poi_f10b95a4,media/poi/poi_f10b95a4/1.jpg,landmark,Butterfly Reserve in Tirupati,butterfly_reserve,eval,1280,960,dusk,2026-08-18T10:00:00+05:30
pmd_8d889f83,poi_5e03114d,media/poi/poi_5e03114d/0.jpg,landmark,Yoga Shala in Tirupati,yoga_shala,train,1280,960,,2026-08-18T10:00:00+05:30
pmd_7d982964,poi_5e03114d,media/poi/poi_5e03114d/1.jpg,landmark,Yoga Shala in Tirupati,yoga_shala,train,1280,960,,2026-08-18T10:00:00+05:30
pmd_bb22d3ab,poi_a15c1505,media/poi/poi_a15c1505/0.jpg,landmark,Water Palace in Tirupati,water_palace,train,1280,960,daylight,2026-08-18T10:00:00+05:30
pmd_9bbc6bfd,poi_a15c1505,media/poi/poi_a15c1505/1.jpg,landmark,Water Palace in Tirupati,water_palace,train,1280,960,dusk,2026-08-18T10:00:00+05:30
pmd_c1a9d8ee,poi_2c78a2a6,media/poi/poi_2c78a2a6/0.jpg,landmark,Quiet Bay in Tirupati,quiet_bay,train,1280,960,dusk,2026-08-18T10:00:00+05:30
pmd_46d69018,poi_2c78a2a6,media/poi/poi_2c78a2a6/1.jpg,landmark,Quiet Bay in Tirupati,quiet_bay,eval,1280,960,,2026-08-18T10:00:00+05:30
pmd_be4e70a5,poi_0893c875,media/poi/poi_0893c875/0.jpg,landmark,Maritime Museum in Tirupati,maritime_museum,train,1280,960,,2026-08-18T10:00:00+05:30
pmd_2721ce22,poi_0893c875,media/poi/poi_0893c875/1.jpg,landmark,Maritime Museum in Tirupati,maritime_museum,train,1280,960,daylight,2026-08-18T10:00:00+05:30
pmd_c4303c88,poi_c26e3e3e,media/poi/poi_c26e3e3e/0.jpg,landmark,Blue Pottery Workshop in Tirupati,blue_pottery_workshop,train,1280,960,daylight,2026-08-18T10:00:00+05:30
pmd_6eee803c,poi_c26e3e3e,media/poi/poi_c26e3e3e/1.jpg,landmark,Blue Pottery Workshop in Tirupati,blue_pottery_workshop,train,1280,960,dusk,2026-08-18T10:00:00+05:30
pmd_555107cc,poi_ba5291a4,media/poi/poi_ba5291a4/0.jpg,landmark,Hot Springs in Tirupati,hot_springs,train,1280,960,dusk,2026-08-18T10:00:00+05:30
pmd_58eeeaf6,poi_ba5291a4,media/poi/poi_ba5291a4/1.jpg,landmark,Hot Springs in Tirupati,hot_springs,train,1280,960,dusk,2026-08-18T10:00:00+05:30
pmd_e1205677,poi_3f1371cd,media/poi/poi_3f1371cd/0.jpg,landmark,Jain Temple Complex in Tirupati,jain_temple_complex,train,1280,960,,2026-08-18T10:00:00+05:30
pmd_95ff9bc7,poi_3f1371cd,media/poi/poi_3f1371cd/1.jpg,landmark,Jain Temple Complex in Tirupati,jain_temple_complex,train,1280,960,,2026-08-18T10:00:00+05:30
pmd_020d0dde,poi_f87e3cfb,media/poi/poi_f87e3cfb/0.jpg,landmark,Hot Springs in Kolkata,hot_springs,train,1280,960,indoor,2026-08-18T10:00:00+05:30
pmd_dc8dd4d2,poi_f87e3cfb,media/poi/poi_f87e3cfb/1.jpg,landmark,Hot Springs in Kolkata,hot_springs,train,1280,960,,2026-08-18T10:00:00+05:30
pmd_2db84968,poi_98d86477,media/poi/poi_98d86477/0.jpg,landmark,Hot Springs in Kolkata,hot_springs,train,1280,960,,2026-08-18T10:00:00+05:30
pmd_bc01f48b,poi_98d86477,media/poi/poi_98d86477/1.jpg,landmark,Hot Springs in Kolkata,hot_springs,train,1280,960,crowded,2026-08-18T10:00:00+05:30
pmd_60fa9fa6,poi_74c8b35f,media/poi/poi_74c8b35f/0.jpg,landmark,Fishermen's Cove in Kolkata,fishermen's_cove,train,1280,960,indoor,2026-08-18T10:00:00+05:30
pmd_6038add8,poi_74c8b35f,media/poi/poi_74c8b35f/1.jpg,landmark,Fishermen's Cove in Kolkata,fishermen's_cove,train,1280,960,indoor,2026-08-18T10:00:00+05:30
pmd_27b4e28d,poi_3f6cade0,media/poi/poi_3f6cade0/0.jpg,landmark,Hot Springs in Kolkata,hot_springs,train,1280,960,indoor,2026-08-18T10:00:00+05:30
pmd_3629b2ae,poi_3f6cade0,media/poi/poi_3f6cade0/1.jpg,landmark,Hot Springs in Kolkata,hot_springs,train,1280,960,daylight,2026-08-18T10:00:00+05:30
pmd_d843be26,poi_9568c284,media/poi/poi_9568c284/0.jpg,landmark,"Gallery of Modern Art, Kolkata in Kolkata","gallery_of_modern_art,_kolkata",train,1280,960,,2026-08-18T10:00:00+05:30
pmd_22bdcfe4,poi_9568c284,media/poi/poi_9568c284/1.jpg,landmark,"Gallery of Modern Art, Kolkata in Kolkata","gallery_of_modern_art,_kolkata",eval,1280,960,crowded,2026-08-18T10:00:00+05:30
pmd_6bb2c140,poi_31043af1,media/poi/poi_31043af1/0.jpg,landmark,Riverside Lounge in Kolkata,riverside_lounge,train,1280,960,crowded,2026-08-18T10:00:00+05:30
pmd_03deddaf,poi_31043af1,media/poi/poi_31043af1/1.jpg,landmark,Riverside Lounge in Kolkata,riverside_lounge,train,1280,960,dusk,2026-08-18T10:00:00+05:30
pmd_70559038,poi_adcad9c8,media/poi/poi_adcad9c8/0.jpg,landmark,Textile Museum in Kolkata,textile_museum,train,1280,960,,2026-08-18T10:00:00+05:30
pmd_fb9b3f78,poi_adcad9c8,media/poi/poi_adcad9c8/1.jpg,landmark,Textile Museum in Kolkata,textile_museum,train,1280,960,indoor,2026-08-18T10:00:00+05:30
pmd_5590c107,poi_5fdabc69,media/poi/poi_5fdabc69/0.jpg,landmark,Ridge Lookout in Kolkata,ridge_lookout,train,1280,960,crowded,2026-08-18T10:00:00+05:30
pmd_4b1b0760,poi_5fdabc69,media/poi/poi_5fdabc69/1.jpg,landmark,Ridge Lookout in Kolkata,ridge_lookout,train,1280,960,daylight,2026-08-18T10:00:00+05:30
pmd_a2b39d5d,poi_65f210fb,media/poi/poi_65f210fb/0.jpg,landmark,Ridge Lookout in Kolkata,ridge_lookout,train,1280,960,,2026-08-18T10:00:00+05:30
pmd_d8ce0b7c,poi_65f210fb,media/poi/poi_65f210fb/1.jpg,landmark,Ridge Lookout in Kolkata,ridge_lookout,eval,1280,960,crowded,2026-08-18T10:00:00+05:30
pmd_3d58c700,poi_0d5f6942,media/poi/poi_0d5f6942/0.jpg,landmark,Antique Lane in Kolkata,antique_lane,train,1280,960,indoor,2026-08-18T10:00:00+05:30
pmd_842afb98,poi_0d5f6942,media/poi/poi_0d5f6942/1.jpg,landmark,Antique Lane in Kolkata,antique_lane,train,1280,960,,2026-08-18T10:00:00+05:30
pmd_925eb515,poi_d4cbdefe,media/poi/poi_d4cbdefe/0.jpg,landmark,Museum of Coins in Kolkata,museum_of_coins,train,1280,960,crowded,2026-08-18T10:00:00+05:30
pmd_48a8910c,poi_d4cbdefe,media/poi/poi_d4cbdefe/1.jpg,landmark,Museum of Coins in Kolkata,museum_of_coins,train,1280,960,,2026-08-18T10:00:00+05:30
pmd_018094c2,poi_688a1740,media/poi/poi_688a1740/0.jpg,landmark,Spice Market Walk in Kolkata,spice_market_walk,train,1280,960,daylight,2026-08-18T10:00:00+05:30
pmd_9e0aa8a8,poi_688a1740,media/poi/poi_688a1740/1.jpg,landmark,Spice Market Walk in Kolkata,spice_market_walk,train,1280,960,crowded,2026-08-18T10:00:00+05:30
pmd_1702d7d1,poi_be89732e,media/poi/poi_be89732e/0.jpg,landmark,Hot Springs in Kolkata,hot_springs,train,1280,960,crowded,2026-08-18T10:00:00+05:30
pmd_b2ba4b37,poi_be89732e,media/poi/poi_be89732e/1.jpg,landmark,Hot Springs in Kolkata,hot_springs,train,1280,960,,2026-08-18T10:00:00+05:30
pmd_513e05e7,poi_1ecd5b2f,media/poi/poi_1ecd5b2f/0.jpg,landmark,Rock Garden in Kolkata,rock_garden,train,1280,960,crowded,2026-08-18T10:00:00+05:30
pmd_95e8bb00,poi_1ecd5b2f,media/poi/poi_1ecd5b2f/1.jpg,landmark,Rock Garden in Kolkata,rock_garden,train,1280,960,,2026-08-18T10:00:00+05:30
pmd_37114f90,poi_31805fa5,media/poi/poi_31805fa5/0.jpg,landmark,Coffee Roastery Tour in Kolkata,coffee_roastery_tour,train,1280,960,crowded,2026-08-18T10:00:00+05:30
pmd_336af62b,poi_31805fa5,media/poi/poi_31805fa5/1.jpg,landmark,Coffee Roastery Tour in Kolkata,coffee_roastery_tour,train,1280,960,indoor,2026-08-18T10:00:00+05:30
pmd_57fe5d4f,poi_18f884dd,media/poi/poi_18f884dd/0.jpg,landmark,Spice Market Walk in Darjeeling,spice_market_walk,train,1280,960,dusk,2026-08-18T10:00:00+05:30
pmd_59b8d42f,poi_18f884dd,media/poi/poi_18f884dd/1.jpg,landmark,Spice Market Walk in Darjeeling,spice_market_walk,eval,1280,960,dusk,2026-08-18T10:00:00+05:30
pmd_f79b9931,poi_3def22c2,media/poi/poi_3def22c2/0.jpg,landmark,Kayaking at Darjeeling in Darjeeling,kayaking_at_darjeeling,train,1280,960,daylight,2026-08-18T10:00:00+05:30
pmd_a6fce9a9,poi_3def22c2,media/poi/poi_3def22c2/1.jpg,landmark,Kayaking at Darjeeling in Darjeeling,kayaking_at_darjeeling,eval,1280,960,,2026-08-18T10:00:00+05:30
pmd_bb80a545,poi_faaa44a9,media/poi/poi_faaa44a9/0.jpg,landmark,Cycling Loop in Darjeeling,cycling_loop,train,1280,960,daylight,2026-08-18T10:00:00+05:30
pmd_607e94de,poi_faaa44a9,media/poi/poi_faaa44a9/1.jpg,landmark,Cycling Loop in Darjeeling,cycling_loop,eval,1280,960,indoor,2026-08-18T10:00:00+05:30
pmd_00fb7007,poi_efe6c1a0,media/poi/poi_efe6c1a0/0.jpg,landmark,Tea Estate Trail in Darjeeling,tea_estate_trail,train,1280,960,,2026-08-18T10:00:00+05:30
pmd_98148712,poi_efe6c1a0,media/poi/poi_efe6c1a0/1.jpg,landmark,Tea Estate Trail in Darjeeling,tea_estate_trail,train,1280,960,indoor,2026-08-18T10:00:00+05:30
pmd_a34f6876,poi_997aec22,media/poi/poi_997aec22/0.jpg,landmark,Darjeeling Street Food Lane in Darjeeling,darjeeling_street_food_lane,train,1280,960,indoor,2026-08-18T10:00:00+05:30
pmd_fb8aea77,poi_997aec22,media/poi/poi_997aec22/1.jpg,landmark,Darjeeling Street Food Lane in Darjeeling,darjeeling_street_food_lane,train,1280,960,,2026-08-18T10:00:00+05:30
pmd_88e15d44,poi_8b544e3b,media/poi/poi_8b544e3b/0.jpg,landmark,Handloom Cooperative in Darjeeling,handloom_cooperative,train,1280,960,crowded,2026-08-18T10:00:00+05:30
pmd_cf8a89b7,poi_8b544e3b,media/poi/poi_8b544e3b/1.jpg,landmark,Handloom Cooperative in Darjeeling,handloom_cooperative,train,1280,960,crowded,2026-08-18T10:00:00+05:30
pmd_5f877c13,poi_b2c3a1df,media/poi/poi_b2c3a1df/0.jpg,landmark,Ridge Lookout in Darjeeling,ridge_lookout,train,1280,960,daylight,2026-08-18T10:00:00+05:30
pmd_7128b518,poi_b2c3a1df,media/poi/poi_b2c3a1df/1.jpg,landmark,Ridge Lookout in Darjeeling,ridge_lookout,train,1280,960,,2026-08-18T10:00:00+05:30
pmd_81932eb3,poi_9d9e5117,media/poi/poi_9d9e5117/0.jpg,landmark,Sunset Point in Darjeeling,sunset_point,train,1280,960,daylight,2026-08-18T10:00:00+05:30
pmd_892b935c,poi_9d9e5117,media/poi/poi_9d9e5117/1.jpg,landmark,Sunset Point in Darjeeling,sunset_point,train,1280,960,crowded,2026-08-18T10:00:00+05:30
pmd_d0dedc94,poi_ee45a4c9,media/poi/poi_ee45a4c9/0.jpg,landmark,North Beach in Darjeeling,north_beach,train,1280,960,crowded,2026-08-18T10:00:00+05:30
pmd_d9e35509,poi_ee45a4c9,media/poi/poi_ee45a4c9/1.jpg,landmark,North Beach in Darjeeling,north_beach,train,1280,960,,2026-08-18T10:00:00+05:30
pmd_4fed73ac,poi_217fa998,media/poi/poi_217fa998/0.jpg,landmark,Ayurveda Centre in Darjeeling,ayurveda_centre,train,1280,960,dusk,2026-08-18T10:00:00+05:30
pmd_31354b10,poi_217fa998,media/poi/poi_217fa998/1.jpg,landmark,Ayurveda Centre in Darjeeling,ayurveda_centre,eval,1280,960,crowded,2026-08-18T10:00:00+05:30
pmd_6b2070c6,poi_fe237777,media/poi/poi_fe237777/0.jpg,landmark,Blue Pottery Workshop in Darjeeling,blue_pottery_workshop,train,1280,960,indoor,2026-08-18T10:00:00+05:30
pmd_0c873941,poi_fe237777,media/poi/poi_fe237777/1.jpg,landmark,Blue Pottery Workshop in Darjeeling,blue_pottery_workshop,train,1280,960,dusk,2026-08-18T10:00:00+05:30
pmd_d4e1d26f,poi_e6d9039a,media/poi/poi_e6d9039a/0.jpg,landmark,Botanical Gardens in Darjeeling,botanical_gardens,train,1280,960,dusk,2026-08-18T10:00:00+05:30
pmd_942aa8c7,poi_e6d9039a,media/poi/poi_e6d9039a/1.jpg,landmark,Botanical Gardens in Darjeeling,botanical_gardens,train,1280,960,daylight,2026-08-18T10:00:00+05:30
pmd_874bef05,poi_b74d6f04,media/poi/poi_b74d6f04/0.jpg,landmark,Zipline Point in Darjeeling,zipline_point,train,1280,960,daylight,2026-08-18T10:00:00+05:30
pmd_7d87895f,poi_b74d6f04,media/poi/poi_b74d6f04/1.jpg,landmark,Zipline Point in Darjeeling,zipline_point,eval,1280,960,,2026-08-18T10:00:00+05:30
pmd_b44107bd,poi_99d11758,media/poi/poi_99d11758/0.jpg,landmark,Hot Springs in Darjeeling,hot_springs,train,1280,960,daylight,2026-08-18T10:00:00+05:30
pmd_c8c3e9af,poi_99d11758,media/poi/poi_99d11758/1.jpg,landmark,Hot Springs in Darjeeling,hot_springs,train,1280,960,crowded,2026-08-18T10:00:00+05:30
pmd_852f253c,poi_f3a12207,media/poi/poi_f3a12207/0.jpg,landmark,Ayurveda Centre in Darjeeling,ayurveda_centre,train,1280,960,indoor,2026-08-18T10:00:00+05:30
pmd_ff423661,poi_f3a12207,media/poi/poi_f3a12207/1.jpg,landmark,Ayurveda Centre in Darjeeling,ayurveda_centre,train,1280,960,,2026-08-18T10:00:00+05:30
pmd_04bb2abd,poi_38e00d19,media/poi/poi_38e00d19/0.jpg,landmark,City Walls Walk in Puri,city_walls_walk,train,1280,960,indoor,2026-08-18T10:00:00+05:30
pmd_93972c0b,poi_38e00d19,media/poi/poi_38e00d19/1.jpg,landmark,City Walls Walk in Puri,city_walls_walk,train,1280,960,indoor,2026-08-18T10:00:00+05:30
pmd_31de2fa6,poi_9eab0466,media/poi/poi_9eab0466/0.jpg,landmark,Cooking Class at Old Town in Puri,cooking_class_at_old_town,train,1280,960,indoor,2026-08-18T10:00:00+05:30
pmd_230e31a1,poi_9eab0466,media/poi/poi_9eab0466/1.jpg,landmark,Cooking Class at Old Town in Puri,cooking_class_at_old_town,train,1280,960,crowded,2026-08-18T10:00:00+05:30
pmd_9cf2f433,poi_0d5f59c1,media/poi/poi_0d5f59c1/0.jpg,landmark,"St Mary's Church, Puri in Puri","st_mary's_church,_puri",train,1280,960,,2026-08-18T10:00:00+05:30
pmd_e50aac17,poi_0d5f59c1,media/poi/poi_0d5f59c1/1.jpg,landmark,"St Mary's Church, Puri in Puri","st_mary's_church,_puri",eval,1280,960,crowded,2026-08-18T10:00:00+05:30
pmd_1fd60a1f,poi_5cc02bcd,media/poi/poi_5cc02bcd/0.jpg,landmark,Rock Climbing Wall in Puri,rock_climbing_wall,train,1280,960,indoor,2026-08-18T10:00:00+05:30
pmd_2b40a402,poi_5cc02bcd,media/poi/poi_5cc02bcd/1.jpg,landmark,Rock Climbing Wall in Puri,rock_climbing_wall,train,1280,960,,2026-08-18T10:00:00+05:30
pmd_e6f74fa4,poi_b52743ff,media/poi/poi_b52743ff/0.jpg,landmark,Elephant Camp in Puri,elephant_camp,train,1280,960,dusk,2026-08-18T10:00:00+05:30
pmd_7fc6f37e,poi_b52743ff,media/poi/poi_b52743ff/1.jpg,landmark,Elephant Camp in Puri,elephant_camp,train,1280,960,daylight,2026-08-18T10:00:00+05:30
pmd_9c18caee,poi_0090275b,media/poi/poi_0090275b/0.jpg,landmark,Rock Climbing Wall in Puri,rock_climbing_wall,train,1280,960,daylight,2026-08-18T10:00:00+05:30
pmd_25b96cad,poi_0090275b,media/poi/poi_0090275b/1.jpg,landmark,Rock Climbing Wall in Puri,rock_climbing_wall,eval,1280,960,,2026-08-18T10:00:00+05:30
pmd_5dd43bdd,poi_fd2b63a5,media/poi/poi_fd2b63a5/0.jpg,landmark,Antique Lane in Puri,antique_lane,train,1280,960,daylight,2026-08-18T10:00:00+05:30
pmd_1d2af6c7,poi_fd2b63a5,media/poi/poi_fd2b63a5/1.jpg,landmark,Antique Lane in Puri,antique_lane,eval,1280,960,,2026-08-18T10:00:00+05:30
pmd_05046076,poi_444a594d,media/poi/poi_444a594d/0.jpg,landmark,Lighthouse Beach in Puri,lighthouse_beach,train,1280,960,,2026-08-18T10:00:00+05:30
pmd_e3d48704,poi_444a594d,media/poi/poi_444a594d/1.jpg,landmark,Lighthouse Beach in Puri,lighthouse_beach,train,1280,960,dusk,2026-08-18T10:00:00+05:30
pmd_0362e9a5,poi_a72e75f0,media/poi/poi_a72e75f0/0.jpg,landmark,Yoga Shala in Puri,yoga_shala,train,1280,960,dusk,2026-08-18T10:00:00+05:30
pmd_1cde7d1b,poi_a72e75f0,media/poi/poi_a72e75f0/1.jpg,landmark,Yoga Shala in Puri,yoga_shala,eval,1280,960,crowded,2026-08-18T10:00:00+05:30
pmd_d7f42fc7,poi_09642bc5,media/poi/poi_09642bc5/0.jpg,landmark,Lighthouse Beach in Puri,lighthouse_beach,train,1280,960,,2026-08-18T10:00:00+05:30
pmd_453bcff2,poi_09642bc5,media/poi/poi_09642bc5/1.jpg,landmark,Lighthouse Beach in Puri,lighthouse_beach,train,1280,960,indoor,2026-08-18T10:00:00+05:30
pmd_6de133e9,poi_3ff2e625,media/poi/poi_3ff2e625/0.jpg,landmark,Crocodile Park in Puri,crocodile_park,train,1280,960,indoor,2026-08-18T10:00:00+05:30
pmd_57c563c4,poi_3ff2e625,media/poi/poi_3ff2e625/1.jpg,landmark,Crocodile Park in Puri,crocodile_park,train,1280,960,dusk,2026-08-18T10:00:00+05:30
pmd_354e06fa,poi_bba10c21,media/poi/poi_bba10c21/0.jpg,landmark,Spice Market Walk in Puri,spice_market_walk,train,1280,960,dusk,2026-08-18T10:00:00+05:30
pmd_13e2896b,poi_bba10c21,media/poi/poi_bba10c21/1.jpg,landmark,Spice Market Walk in Puri,spice_market_walk,train,1280,960,indoor,2026-08-18T10:00:00+05:30
pmd_e71fa567,poi_5c2d2dd5,media/poi/poi_5c2d2dd5/0.jpg,landmark,North Beach in Puri,north_beach,train,1280,960,indoor,2026-08-18T10:00:00+05:30
pmd_7482301a,poi_5c2d2dd5,media/poi/poi_5c2d2dd5/1.jpg,landmark,North Beach in Puri,north_beach,train,1280,960,dusk,2026-08-18T10:00:00+05:30
pmd_d1947ca5,poi_b96fd714,media/poi/poi_b96fd714/0.jpg,landmark,City Walls Walk in Puri,city_walls_walk,train,1280,960,,2026-08-18T10:00:00+05:30
pmd_ebd395cd,poi_b96fd714,media/poi/poi_b96fd714/1.jpg,landmark,City Walls Walk in Puri,city_walls_walk,train,1280,960,crowded,2026-08-18T10:00:00+05:30
pmd_6dd35ef5,poi_a23e13bb,media/poi/poi_a23e13bb/0.jpg,landmark,Kayaking at Puri in Puri,kayaking_at_puri,train,1280,960,crowded,2026-08-18T10:00:00+05:30
pmd_3bccb651,poi_a23e13bb,media/poi/poi_a23e13bb/1.jpg,landmark,Kayaking at Puri in Puri,kayaking_at_puri,eval,1280,960,,2026-08-18T10:00:00+05:30
pmd_a0d2fffb,poi_dcc40577,media/poi/poi_dcc40577/0.jpg,landmark,Hot Springs in Bhubaneswar,hot_springs,train,1280,960,indoor,2026-08-18T10:00:00+05:30
pmd_93548fff,poi_dcc40577,media/poi/poi_dcc40577/1.jpg,landmark,Hot Springs in Bhubaneswar,hot_springs,eval,1280,960,dusk,2026-08-18T10:00:00+05:30
pmd_efcca281,poi_64524fe6,media/poi/poi_64524fe6/0.jpg,landmark,Coffee Roastery Tour in Bhubaneswar,coffee_roastery_tour,train,1280,960,,2026-08-18T10:00:00+05:30
pmd_09cb149d,poi_64524fe6,media/poi/poi_64524fe6/1.jpg,landmark,Coffee Roastery Tour in Bhubaneswar,coffee_roastery_tour,train,1280,960,dusk,2026-08-18T10:00:00+05:30
pmd_2fa8cf72,poi_fd385481,media/poi/poi_fd385481/0.jpg,landmark,Maritime Museum in Bhubaneswar,maritime_museum,train,1280,960,dusk,2026-08-18T10:00:00+05:30
pmd_7693a1ea,poi_fd385481,media/poi/poi_fd385481/1.jpg,landmark,Maritime Museum in Bhubaneswar,maritime_museum,eval,1280,960,,2026-08-18T10:00:00+05:30
pmd_97c82fe9,poi_048c1097,media/poi/poi_048c1097/0.jpg,landmark,Rooftop Live Music in Bhubaneswar,rooftop_live_music,train,1280,960,daylight,2026-08-18T10:00:00+05:30
pmd_0326eca9,poi_048c1097,media/poi/poi_048c1097/1.jpg,landmark,Rooftop Live Music in Bhubaneswar,rooftop_live_music,train,1280,960,indoor,2026-08-18T10:00:00+05:30
pmd_a6cca25b,poi_02b5baa6,media/poi/poi_02b5baa6/0.jpg,landmark,Puppet Museum in Bhubaneswar,puppet_museum,train,1280,960,,2026-08-18T10:00:00+05:30
pmd_2afbc2fb,poi_02b5baa6,media/poi/poi_02b5baa6/1.jpg,landmark,Puppet Museum in Bhubaneswar,puppet_museum,eval,1280,960,,2026-08-18T10:00:00+05:30
pmd_7fcf5eec,poi_2c81c51e,media/poi/poi_2c81c51e/0.jpg,landmark,Watchtower Terrace in Bhubaneswar,watchtower_terrace,train,1280,960,dusk,2026-08-18T10:00:00+05:30
pmd_67b3d073,poi_2c81c51e,media/poi/poi_2c81c51e/1.jpg,landmark,Watchtower Terrace in Bhubaneswar,watchtower_terrace,train,1280,960,crowded,2026-08-18T10:00:00+05:30
pmd_1caf2d69,poi_83511939,media/poi/poi_83511939/0.jpg,landmark,City Walls Walk in Bhubaneswar,city_walls_walk,train,1280,960,,2026-08-18T10:00:00+05:30
pmd_96c5d713,poi_83511939,media/poi/poi_83511939/1.jpg,landmark,City Walls Walk in Bhubaneswar,city_walls_walk,train,1280,960,indoor,2026-08-18T10:00:00+05:30
pmd_7572a8ec,poi_5d21f663,media/poi/poi_5d21f663/0.jpg,landmark,Ayurveda Centre in Bhubaneswar,ayurveda_centre,train,1280,960,,2026-08-18T10:00:00+05:30
pmd_41f51b5b,poi_5d21f663,media/poi/poi_5d21f663/1.jpg,landmark,Ayurveda Centre in Bhubaneswar,ayurveda_centre,train,1280,960,,2026-08-18T10:00:00+05:30
pmd_9525e273,poi_abed8837,media/poi/poi_abed8837/0.jpg,landmark,Riverside Lounge in Bhubaneswar,riverside_lounge,train,1280,960,dusk,2026-08-18T10:00:00+05:30
pmd_bd2e1ea0,poi_abed8837,media/poi/poi_abed8837/1.jpg,landmark,Riverside Lounge in Bhubaneswar,riverside_lounge,eval,1280,960,dusk,2026-08-18T10:00:00+05:30
pmd_02353f04,poi_3a505801,media/poi/poi_3a505801/0.jpg,landmark,Bhubaneswar Observatory in Bhubaneswar,bhubaneswar_observatory,train,1280,960,crowded,2026-08-18T10:00:00+05:30
pmd_e3d1c14c,poi_3a505801,media/poi/poi_3a505801/1.jpg,landmark,Bhubaneswar Observatory in Bhubaneswar,bhubaneswar_observatory,train,1280,960,,2026-08-18T10:00:00+05:30
pmd_530ddb14,poi_2bb93f07,media/poi/poi_2bb93f07/0.jpg,landmark,Rooftop Live Music in Bhubaneswar,rooftop_live_music,train,1280,960,,2026-08-18T10:00:00+05:30
pmd_82ec531a,poi_2bb93f07,media/poi/poi_2bb93f07/1.jpg,landmark,Rooftop Live Music in Bhubaneswar,rooftop_live_music,train,1280,960,daylight,2026-08-18T10:00:00+05:30
pmd_5ddaffaf,poi_b4c99618,media/poi/poi_b4c99618/0.jpg,landmark,Riverside Lounge in Bhubaneswar,riverside_lounge,train,1280,960,daylight,2026-08-18T10:00:00+05:30
pmd_123f55b5,poi_b4c99618,media/poi/poi_b4c99618/1.jpg,landmark,Riverside Lounge in Bhubaneswar,riverside_lounge,train,1280,960,indoor,2026-08-18T10:00:00+05:30
pmd_d6d6cd17,poi_c2f1a07e,media/poi/poi_c2f1a07e/0.jpg,landmark,Night Food Bazaar in Bhubaneswar,night_food_bazaar,train,1280,960,,2026-08-18T10:00:00+05:30
pmd_3181b4be,poi_c2f1a07e,media/poi/poi_c2f1a07e/1.jpg,landmark,Night Food Bazaar in Bhubaneswar,night_food_bazaar,train,1280,960,,2026-08-18T10:00:00+05:30
pmd_c2cd7190,poi_4fae986a,media/poi/poi_4fae986a/0.jpg,landmark,City Walls Walk in Bhubaneswar,city_walls_walk,train,1280,960,crowded,2026-08-18T10:00:00+05:30
pmd_7bc52f25,poi_4fae986a,media/poi/poi_4fae986a/1.jpg,landmark,City Walls Walk in Bhubaneswar,city_walls_walk,train,1280,960,crowded,2026-08-18T10:00:00+05:30
pmd_174ea543,poi_9f7fc300,media/poi/poi_9f7fc300/0.jpg,landmark,Crocodile Park in Bhubaneswar,crocodile_park,train,1280,960,,2026-08-18T10:00:00+05:30
pmd_6ed3e227,poi_9f7fc300,media/poi/poi_9f7fc300/1.jpg,landmark,Crocodile Park in Bhubaneswar,crocodile_park,train,1280,960,,2026-08-18T10:00:00+05:30
pmd_aabc72be,poi_b9be2b67,media/poi/poi_b9be2b67/0.jpg,landmark,Fishermen's Cove in Guwahati,fishermen's_cove,train,1280,960,daylight,2026-08-18T10:00:00+05:30
pmd_413f45fc,poi_b9be2b67,media/poi/poi_b9be2b67/1.jpg,landmark,Fishermen's Cove in Guwahati,fishermen's_cove,train,1280,960,crowded,2026-08-18T10:00:00+05:30
pmd_d53b86f7,poi_5ff5c84a,media/poi/poi_5ff5c84a/0.jpg,landmark,Fishermen's Cove in Guwahati,fishermen's_cove,train,1280,960,indoor,2026-08-18T10:00:00+05:30
pmd_2958426a,poi_5ff5c84a,media/poi/poi_5ff5c84a/1.jpg,landmark,Fishermen's Cove in Guwahati,fishermen's_cove,train,1280,960,,2026-08-18T10:00:00+05:30
pmd_fabc1cee,poi_3eddf245,media/poi/poi_3eddf245/0.jpg,landmark,Great Mosque of Guwahati in Guwahati,great_mosque_of_guwahati,train,1280,960,,2026-08-18T10:00:00+05:30
pmd_b1716263,poi_3eddf245,media/poi/poi_3eddf245/1.jpg,landmark,Great Mosque of Guwahati in Guwahati,great_mosque_of_guwahati,train,1280,960,dusk,2026-08-18T10:00:00+05:30
pmd_26be97e4,poi_b7e5ce86,media/poi/poi_b7e5ce86/0.jpg,landmark,Antique Lane in Guwahati,antique_lane,train,1280,960,indoor,2026-08-18T10:00:00+05:30
pmd_9c033448,poi_b7e5ce86,media/poi/poi_b7e5ce86/1.jpg,landmark,Antique Lane in Guwahati,antique_lane,train,1280,960,crowded,2026-08-18T10:00:00+05:30
pmd_a9a2eba0,poi_fad8c27c,media/poi/poi_fad8c27c/0.jpg,landmark,Ridge Lookout in Guwahati,ridge_lookout,train,1280,960,indoor,2026-08-18T10:00:00+05:30
pmd_eb3b646b,poi_fad8c27c,media/poi/poi_fad8c27c/1.jpg,landmark,Ridge Lookout in Guwahati,ridge_lookout,train,1280,960,,2026-08-18T10:00:00+05:30
pmd_ca9e9a7a,poi_71db86db,media/poi/poi_71db86db/0.jpg,landmark,Ayurveda Centre in Guwahati,ayurveda_centre,train,1280,960,,2026-08-18T10:00:00+05:30
pmd_519dd2ef,poi_71db86db,media/poi/poi_71db86db/1.jpg,landmark,Ayurveda Centre in Guwahati,ayurveda_centre,train,1280,960,,2026-08-18T10:00:00+05:30
pmd_ac074251,poi_b0b60242,media/poi/poi_b0b60242/0.jpg,landmark,"Jazz Cellar, Guwahati in Guwahati","jazz_cellar,_guwahati",train,1280,960,,2026-08-18T10:00:00+05:30
pmd_904c3ff3,poi_b0b60242,media/poi/poi_b0b60242/1.jpg,landmark,"Jazz Cellar, Guwahati in Guwahati","jazz_cellar,_guwahati",eval,1280,960,,2026-08-18T10:00:00+05:30
pmd_e138292b,poi_7b31701e,media/poi/poi_7b31701e/0.jpg,landmark,Quiet Bay in Guwahati,quiet_bay,train,1280,960,,2026-08-18T10:00:00+05:30
pmd_05c78a40,poi_7b31701e,media/poi/poi_7b31701e/1.jpg,landmark,Quiet Bay in Guwahati,quiet_bay,train,1280,960,,2026-08-18T10:00:00+05:30
pmd_4ebe1a49,poi_89f63dd0,media/poi/poi_89f63dd0/0.jpg,landmark,Antique Lane in Guwahati,antique_lane,train,1280,960,dusk,2026-08-18T10:00:00+05:30
pmd_c201e7b4,poi_89f63dd0,media/poi/poi_89f63dd0/1.jpg,landmark,Antique Lane in Guwahati,antique_lane,train,1280,960,dusk,2026-08-18T10:00:00+05:30
pmd_241b6c58,poi_f2bc64a8,media/poi/poi_f2bc64a8/0.jpg,landmark,Lighthouse Beach in Guwahati,lighthouse_beach,train,1280,960,dusk,2026-08-18T10:00:00+05:30
pmd_88c8dc00,poi_f2bc64a8,media/poi/poi_f2bc64a8/1.jpg,landmark,Lighthouse Beach in Guwahati,lighthouse_beach,eval,1280,960,dusk,2026-08-18T10:00:00+05:30
pmd_b1eec1c2,poi_dc28b40b,media/poi/poi_dc28b40b/0.jpg,landmark,"Jazz Cellar, Guwahati in Guwahati","jazz_cellar,_guwahati",train,1280,960,,2026-08-18T10:00:00+05:30
pmd_530ad08a,poi_dc28b40b,media/poi/poi_dc28b40b/1.jpg,landmark,"Jazz Cellar, Guwahati in Guwahati","jazz_cellar,_guwahati",train,1280,960,crowded,2026-08-18T10:00:00+05:30
pmd_35430744,poi_18bfd097,media/poi/poi_18bfd097/0.jpg,landmark,Blue Pottery Workshop in Guwahati,blue_pottery_workshop,train,1280,960,,2026-08-18T10:00:00+05:30
pmd_198e2c5f,poi_18bfd097,media/poi/poi_18bfd097/1.jpg,landmark,Blue Pottery Workshop in Guwahati,blue_pottery_workshop,train,1280,960,,2026-08-18T10:00:00+05:30
pmd_37107e1c,poi_7ec7da38,media/poi/poi_7ec7da38/0.jpg,landmark,Ridge Lookout in Guwahati,ridge_lookout,train,1280,960,,2026-08-18T10:00:00+05:30
pmd_1903c252,poi_7ec7da38,media/poi/poi_7ec7da38/1.jpg,landmark,Ridge Lookout in Guwahati,ridge_lookout,eval,1280,960,,2026-08-18T10:00:00+05:30
pmd_7dd19762,poi_820fce45,media/poi/poi_820fce45/0.jpg,landmark,Ridge Lookout in Guwahati,ridge_lookout,train,1280,960,indoor,2026-08-18T10:00:00+05:30
pmd_c2a6005d,poi_820fce45,media/poi/poi_820fce45/1.jpg,landmark,Ridge Lookout in Guwahati,ridge_lookout,train,1280,960,dusk,2026-08-18T10:00:00+05:30
pmd_a88c02d4,poi_930952ab,media/poi/poi_930952ab/0.jpg,landmark,"St Mary's Church, Guwahati in Guwahati","st_mary's_church,_guwahati",train,1280,960,indoor,2026-08-18T10:00:00+05:30
pmd_e4523119,poi_930952ab,media/poi/poi_930952ab/1.jpg,landmark,"St Mary's Church, Guwahati in Guwahati","st_mary's_church,_guwahati",train,1280,960,dusk,2026-08-18T10:00:00+05:30
pmd_6f439b54,poi_77a0ad40,media/poi/poi_77a0ad40/0.jpg,landmark,Yoga Shala in Shillong,yoga_shala,train,1280,960,daylight,2026-08-18T10:00:00+05:30
pmd_c501011f,poi_77a0ad40,media/poi/poi_77a0ad40/1.jpg,landmark,Yoga Shala in Shillong,yoga_shala,train,1280,960,dusk,2026-08-18T10:00:00+05:30
pmd_57f6daa5,poi_9a9d7e0e,media/poi/poi_9a9d7e0e/0.jpg,landmark,City Walls Walk in Shillong,city_walls_walk,train,1280,960,crowded,2026-08-18T10:00:00+05:30
pmd_17c0da59,poi_9a9d7e0e,media/poi/poi_9a9d7e0e/1.jpg,landmark,City Walls Walk in Shillong,city_walls_walk,train,1280,960,dusk,2026-08-18T10:00:00+05:30
pmd_491ea0ed,poi_a73142fa,media/poi/poi_a73142fa/0.jpg,landmark,Ridge Lookout in Shillong,ridge_lookout,train,1280,960,,2026-08-18T10:00:00+05:30
pmd_65a2bdd3,poi_a73142fa,media/poi/poi_a73142fa/1.jpg,landmark,Ridge Lookout in Shillong,ridge_lookout,train,1280,960,,2026-08-18T10:00:00+05:30
pmd_5af4618b,poi_d7f0deab,media/poi/poi_d7f0deab/0.jpg,landmark,Hilltop Shrine in Shillong,hilltop_shrine,train,1280,960,dusk,2026-08-18T10:00:00+05:30
pmd_c11e11ca,poi_d7f0deab,media/poi/poi_d7f0deab/1.jpg,landmark,Hilltop Shrine in Shillong,hilltop_shrine,train,1280,960,indoor,2026-08-18T10:00:00+05:30
pmd_72d47a27,poi_0fd7ac72,media/poi/poi_0fd7ac72/0.jpg,landmark,Riverside Ghats in Shillong,riverside_ghats,train,1280,960,,2026-08-18T10:00:00+05:30
pmd_c078433b,poi_0fd7ac72,media/poi/poi_0fd7ac72/1.jpg,landmark,Riverside Ghats in Shillong,riverside_ghats,train,1280,960,crowded,2026-08-18T10:00:00+05:30
pmd_bacf4284,poi_5a4b1db1,media/poi/poi_5a4b1db1/0.jpg,landmark,Lighthouse Beach in Shillong,lighthouse_beach,train,1280,960,,2026-08-18T10:00:00+05:30
pmd_08cc5723,poi_5a4b1db1,media/poi/poi_5a4b1db1/1.jpg,landmark,Lighthouse Beach in Shillong,lighthouse_beach,train,1280,960,indoor,2026-08-18T10:00:00+05:30
pmd_b42542e9,poi_48e7f870,media/poi/poi_48e7f870/0.jpg,landmark,Blue Pottery Workshop in Shillong,blue_pottery_workshop,train,1280,960,,2026-08-18T10:00:00+05:30
pmd_d7c5dba2,poi_48e7f870,media/poi/poi_48e7f870/1.jpg,landmark,Blue Pottery Workshop in Shillong,blue_pottery_workshop,train,1280,960,daylight,2026-08-18T10:00:00+05:30
pmd_6250d970,poi_7c469878,media/poi/poi_7c469878/0.jpg,landmark,Riverside Ghats in Shillong,riverside_ghats,train,1280,960,indoor,2026-08-18T10:00:00+05:30
pmd_7ff6568b,poi_7c469878,media/poi/poi_7c469878/1.jpg,landmark,Riverside Ghats in Shillong,riverside_ghats,train,1280,960,,2026-08-18T10:00:00+05:30
pmd_40b92bd0,poi_ba79f08d,media/poi/poi_ba79f08d/0.jpg,landmark,Great Mosque of Shillong in Shillong,great_mosque_of_shillong,train,1280,960,crowded,2026-08-18T10:00:00+05:30
pmd_95f9713f,poi_ba79f08d,media/poi/poi_ba79f08d/1.jpg,landmark,Great Mosque of Shillong in Shillong,great_mosque_of_shillong,train,1280,960,,2026-08-18T10:00:00+05:30
pmd_3184943b,poi_5ad79628,media/poi/poi_5ad79628/0.jpg,landmark,Riverside Ghats in Shillong,riverside_ghats,train,1280,960,dusk,2026-08-18T10:00:00+05:30
pmd_38b6eb79,poi_5ad79628,media/poi/poi_5ad79628/1.jpg,landmark,Riverside Ghats in Shillong,riverside_ghats,train,1280,960,daylight,2026-08-18T10:00:00+05:30
pmd_d26832bc,poi_07f7299f,media/poi/poi_07f7299f/0.jpg,landmark,Butterfly Reserve in Shillong,butterfly_reserve,train,1280,960,crowded,2026-08-18T10:00:00+05:30
pmd_e5d9c775,poi_07f7299f,media/poi/poi_07f7299f/1.jpg,landmark,Butterfly Reserve in Shillong,butterfly_reserve,train,1280,960,dusk,2026-08-18T10:00:00+05:30
pmd_aed20ccb,poi_d962443d,media/poi/poi_d962443d/0.jpg,landmark,Ridge Lookout in Shillong,ridge_lookout,train,1280,960,,2026-08-18T10:00:00+05:30
pmd_2f983cc8,poi_d962443d,media/poi/poi_d962443d/1.jpg,landmark,Ridge Lookout in Shillong,ridge_lookout,train,1280,960,,2026-08-18T10:00:00+05:30
pmd_22cdfa18,poi_9a8440a8,media/poi/poi_9a8440a8/0.jpg,landmark,Shillong Bazaar in Shillong,shillong_bazaar,train,1280,960,daylight,2026-08-18T10:00:00+05:30
pmd_04d3f29f,poi_9a8440a8,media/poi/poi_9a8440a8/1.jpg,landmark,Shillong Bazaar in Shillong,shillong_bazaar,train,1280,960,crowded,2026-08-18T10:00:00+05:30
pmd_2e99fdf8,poi_54f6b9ab,media/poi/poi_54f6b9ab/0.jpg,landmark,Great Mosque of Shillong in Shillong,great_mosque_of_shillong,train,1280,960,,2026-08-18T10:00:00+05:30
pmd_8daf3e54,poi_54f6b9ab,media/poi/poi_54f6b9ab/1.jpg,landmark,Great Mosque of Shillong in Shillong,great_mosque_of_shillong,train,1280,960,,2026-08-18T10:00:00+05:30
pmd_e542169a,poi_01826480,media/poi/poi_01826480/0.jpg,landmark,Shillong Bird Sanctuary in Shillong,shillong_bird_sanctuary,train,1280,960,,2026-08-18T10:00:00+05:30
pmd_5c4024bf,poi_01826480,media/poi/poi_01826480/1.jpg,landmark,Shillong Bird Sanctuary in Shillong,shillong_bird_sanctuary,eval,1280,960,indoor,2026-08-18T10:00:00+05:30
pmd_aba41316,poi_89dfcf7d,media/poi/poi_89dfcf7d/0.jpg,landmark,Kayaking at Gangtok in Gangtok,kayaking_at_gangtok,train,1280,960,indoor,2026-08-18T10:00:00+05:30
pmd_d60aadb6,poi_89dfcf7d,media/poi/poi_89dfcf7d/1.jpg,landmark,Kayaking at Gangtok in Gangtok,kayaking_at_gangtok,train,1280,960,crowded,2026-08-18T10:00:00+05:30
pmd_2a3acda2,poi_042b5737,media/poi/poi_042b5737/0.jpg,landmark,Riverside Lounge in Gangtok,riverside_lounge,train,1280,960,crowded,2026-08-18T10:00:00+05:30
pmd_97a7aea6,poi_042b5737,media/poi/poi_042b5737/1.jpg,landmark,Riverside Lounge in Gangtok,riverside_lounge,train,1280,960,,2026-08-18T10:00:00+05:30
pmd_0775bed7,poi_fb2bf178,media/poi/poi_fb2bf178/0.jpg,landmark,Hot Air Balloon Field in Gangtok,hot_air_balloon_field,train,1280,960,crowded,2026-08-18T10:00:00+05:30
pmd_07f18674,poi_fb2bf178,media/poi/poi_fb2bf178/1.jpg,landmark,Hot Air Balloon Field in Gangtok,hot_air_balloon_field,eval,1280,960,,2026-08-18T10:00:00+05:30
pmd_68258cd5,poi_5cc799a4,media/poi/poi_5cc799a4/0.jpg,landmark,Gangtok Stepwell in Gangtok,gangtok_stepwell,train,1280,960,,2026-08-18T10:00:00+05:30
pmd_bd15c55f,poi_5cc799a4,media/poi/poi_5cc799a4/1.jpg,landmark,Gangtok Stepwell in Gangtok,gangtok_stepwell,train,1280,960,,2026-08-18T10:00:00+05:30
pmd_888eac86,poi_09ad9d0b,media/poi/poi_09ad9d0b/0.jpg,landmark,Royal Cenotaphs in Gangtok,royal_cenotaphs,train,1280,960,crowded,2026-08-18T10:00:00+05:30
pmd_96d947a5,poi_09ad9d0b,media/poi/poi_09ad9d0b/1.jpg,landmark,Royal Cenotaphs in Gangtok,royal_cenotaphs,train,1280,960,daylight,2026-08-18T10:00:00+05:30
pmd_5677bdeb,poi_e0062f3a,media/poi/poi_e0062f3a/0.jpg,landmark,Night Food Bazaar in Gangtok,night_food_bazaar,train,1280,960,indoor,2026-08-18T10:00:00+05:30
pmd_725a9195,poi_e0062f3a,media/poi/poi_e0062f3a/1.jpg,landmark,Night Food Bazaar in Gangtok,night_food_bazaar,train,1280,960,,2026-08-18T10:00:00+05:30
pmd_f9c66867,poi_c9b77fcd,media/poi/poi_c9b77fcd/0.jpg,landmark,Gangtok Observatory in Gangtok,gangtok_observatory,train,1280,960,indoor,2026-08-18T10:00:00+05:30
pmd_63f01d76,poi_c9b77fcd,media/poi/poi_c9b77fcd/1.jpg,landmark,Gangtok Observatory in Gangtok,gangtok_observatory,train,1280,960,,2026-08-18T10:00:00+05:30
pmd_0d969250,poi_ceb016d6,media/poi/poi_ceb016d6/0.jpg,landmark,Fishermen's Cove in Gangtok,fishermen's_cove,train,1280,960,daylight,2026-08-18T10:00:00+05:30
pmd_5c7ed968,poi_ceb016d6,media/poi/poi_ceb016d6/1.jpg,landmark,Fishermen's Cove in Gangtok,fishermen's_cove,train,1280,960,dusk,2026-08-18T10:00:00+05:30
pmd_93e90fa3,poi_41d2fe0c,media/poi/poi_41d2fe0c/0.jpg,landmark,"Jazz Cellar, Gangtok in Gangtok","jazz_cellar,_gangtok",train,1280,960,crowded,2026-08-18T10:00:00+05:30
pmd_4e1641eb,poi_41d2fe0c,media/poi/poi_41d2fe0c/1.jpg,landmark,"Jazz Cellar, Gangtok in Gangtok","jazz_cellar,_gangtok",eval,1280,960,daylight,2026-08-18T10:00:00+05:30
pmd_3d33217c,poi_959f437e,media/poi/poi_959f437e/0.jpg,landmark,City Walls Walk in Gangtok,city_walls_walk,train,1280,960,indoor,2026-08-18T10:00:00+05:30
pmd_9027ab44,poi_959f437e,media/poi/poi_959f437e/1.jpg,landmark,City Walls Walk in Gangtok,city_walls_walk,train,1280,960,,2026-08-18T10:00:00+05:30
pmd_8d34e66e,poi_caa6c359,media/poi/poi_caa6c359/0.jpg,landmark,Riverside Lounge in Gangtok,riverside_lounge,train,1280,960,,2026-08-18T10:00:00+05:30
pmd_0431b6b1,poi_caa6c359,media/poi/poi_caa6c359/1.jpg,landmark,Riverside Lounge in Gangtok,riverside_lounge,eval,1280,960,indoor,2026-08-18T10:00:00+05:30
pmd_58cced2b,poi_76c67412,media/poi/poi_76c67412/0.jpg,landmark,Water Palace in Gangtok,water_palace,train,1280,960,dusk,2026-08-18T10:00:00+05:30
pmd_7fb47ca5,poi_76c67412,media/poi/poi_76c67412/1.jpg,landmark,Water Palace in Gangtok,water_palace,train,1280,960,daylight,2026-08-18T10:00:00+05:30
pmd_2223cbc1,poi_813f1ef8,media/poi/poi_813f1ef8/0.jpg,landmark,"Jazz Cellar, Gangtok in Gangtok","jazz_cellar,_gangtok",train,1280,960,dusk,2026-08-18T10:00:00+05:30
pmd_83f6c273,poi_813f1ef8,media/poi/poi_813f1ef8/1.jpg,landmark,"Jazz Cellar, Gangtok in Gangtok","jazz_cellar,_gangtok",eval,1280,960,indoor,2026-08-18T10:00:00+05:30
pmd_5cacbccc,poi_3b3ffda3,media/poi/poi_3b3ffda3/0.jpg,landmark,Lighthouse Beach in Gangtok,lighthouse_beach,train,1280,960,crowded,2026-08-18T10:00:00+05:30
pmd_d8f97f18,poi_3b3ffda3,media/poi/poi_3b3ffda3/1.jpg,landmark,Lighthouse Beach in Gangtok,lighthouse_beach,train,1280,960,indoor,2026-08-18T10:00:00+05:30
pmd_2578b52e,poi_ee0bae13,media/poi/poi_ee0bae13/0.jpg,landmark,Jain Temple Complex in Gangtok,jain_temple_complex,train,1280,960,dusk,2026-08-18T10:00:00+05:30
pmd_6083c2ad,poi_ee0bae13,media/poi/poi_ee0bae13/1.jpg,landmark,Jain Temple Complex in Gangtok,jain_temple_complex,eval,1280,960,dusk,2026-08-18T10:00:00+05:30
pmd_ae4a0cfd,poi_087e39c1,media/poi/poi_087e39c1/0.jpg,landmark,Colombo Bird Sanctuary in Colombo,colombo_bird_sanctuary,train,1280,960,,2026-08-18T10:00:00+05:30
pmd_7447dc82,poi_087e39c1,media/poi/poi_087e39c1/1.jpg,landmark,Colombo Bird Sanctuary in Colombo,colombo_bird_sanctuary,train,1280,960,daylight,2026-08-18T10:00:00+05:30
pmd_5c498b02,poi_e607799f,media/poi/poi_e607799f/0.jpg,landmark,Ridge Lookout in Colombo,ridge_lookout,train,1280,960,dusk,2026-08-18T10:00:00+05:30
pmd_a8721ccb,poi_e607799f,media/poi/poi_e607799f/1.jpg,landmark,Ridge Lookout in Colombo,ridge_lookout,train,1280,960,dusk,2026-08-18T10:00:00+05:30
pmd_fcf4ae53,poi_635f25bf,media/poi/poi_635f25bf/0.jpg,landmark,Colombo Bird Sanctuary in Colombo,colombo_bird_sanctuary,train,1280,960,crowded,2026-08-18T10:00:00+05:30
pmd_3cd06ed1,poi_635f25bf,media/poi/poi_635f25bf/1.jpg,landmark,Colombo Bird Sanctuary in Colombo,colombo_bird_sanctuary,train,1280,960,,2026-08-18T10:00:00+05:30
pmd_5c66b247,poi_88685566,media/poi/poi_88685566/0.jpg,landmark,Colombo Bird Sanctuary in Colombo,colombo_bird_sanctuary,train,1280,960,crowded,2026-08-18T10:00:00+05:30
pmd_fdb8c941,poi_88685566,media/poi/poi_88685566/1.jpg,landmark,Colombo Bird Sanctuary in Colombo,colombo_bird_sanctuary,eval,1280,960,,2026-08-18T10:00:00+05:30
pmd_dccb02e3,poi_666df4c4,media/poi/poi_666df4c4/0.jpg,landmark,Colombo Street Food Lane in Colombo,colombo_street_food_lane,train,1280,960,,2026-08-18T10:00:00+05:30
pmd_cd70035a,poi_666df4c4,media/poi/poi_666df4c4/1.jpg,landmark,Colombo Street Food Lane in Colombo,colombo_street_food_lane,eval,1280,960,crowded,2026-08-18T10:00:00+05:30
pmd_622fd8a7,poi_79d812fe,media/poi/poi_79d812fe/0.jpg,landmark,Blue Pottery Workshop in Colombo,blue_pottery_workshop,train,1280,960,,2026-08-18T10:00:00+05:30
pmd_9e487324,poi_79d812fe,media/poi/poi_79d812fe/1.jpg,landmark,Blue Pottery Workshop in Colombo,blue_pottery_workshop,eval,1280,960,indoor,2026-08-18T10:00:00+05:30
pmd_1c1eff81,poi_781c5215,media/poi/poi_781c5215/0.jpg,landmark,Colombo Viewpoint in Colombo,colombo_viewpoint,train,1280,960,dusk,2026-08-18T10:00:00+05:30
pmd_cb99767e,poi_781c5215,media/poi/poi_781c5215/1.jpg,landmark,Colombo Viewpoint in Colombo,colombo_viewpoint,train,1280,960,indoor,2026-08-18T10:00:00+05:30
pmd_d7aa9e25,poi_51bdae21,media/poi/poi_51bdae21/0.jpg,landmark,Cliff Walk in Colombo,cliff_walk,train,1280,960,dusk,2026-08-18T10:00:00+05:30
pmd_809c2e11,poi_51bdae21,media/poi/poi_51bdae21/1.jpg,landmark,Cliff Walk in Colombo,cliff_walk,train,1280,960,crowded,2026-08-18T10:00:00+05:30
pmd_df419f04,poi_74153e8b,media/poi/poi_74153e8b/0.jpg,landmark,Butterfly Reserve in Colombo,butterfly_reserve,train,1280,960,indoor,2026-08-18T10:00:00+05:30
pmd_970eb107,poi_74153e8b,media/poi/poi_74153e8b/1.jpg,landmark,Butterfly Reserve in Colombo,butterfly_reserve,train,1280,960,daylight,2026-08-18T10:00:00+05:30
pmd_05f4ac42,poi_3253659e,media/poi/poi_3253659e/0.jpg,landmark,Colombo Bird Sanctuary in Colombo,colombo_bird_sanctuary,train,1280,960,crowded,2026-08-18T10:00:00+05:30
pmd_e57ec3bb,poi_3253659e,media/poi/poi_3253659e/1.jpg,landmark,Colombo Bird Sanctuary in Colombo,colombo_bird_sanctuary,train,1280,960,dusk,2026-08-18T10:00:00+05:30
pmd_2b91d684,poi_713fb7e0,media/poi/poi_713fb7e0/0.jpg,landmark,Colombo Viewpoint in Colombo,colombo_viewpoint,train,1280,960,daylight,2026-08-18T10:00:00+05:30
pmd_5b9bd1a1,poi_713fb7e0,media/poi/poi_713fb7e0/1.jpg,landmark,Colombo Viewpoint in Colombo,colombo_viewpoint,train,1280,960,daylight,2026-08-18T10:00:00+05:30
pmd_3223c58b,poi_d54e3e96,media/poi/poi_d54e3e96/0.jpg,landmark,Museum of Coins in Colombo,museum_of_coins,train,1280,960,,2026-08-18T10:00:00+05:30
pmd_c33d7e39,poi_d54e3e96,media/poi/poi_d54e3e96/1.jpg,landmark,Museum of Coins in Colombo,museum_of_coins,train,1280,960,crowded,2026-08-18T10:00:00+05:30
pmd_01867797,poi_103de9e0,media/poi/poi_103de9e0/0.jpg,landmark,Spice Market Walk in Colombo,spice_market_walk,train,1280,960,indoor,2026-08-18T10:00:00+05:30
pmd_d177b788,poi_103de9e0,media/poi/poi_103de9e0/1.jpg,landmark,Spice Market Walk in Colombo,spice_market_walk,eval,1280,960,crowded,2026-08-18T10:00:00+05:30
pmd_fd79798f,poi_4395d2bd,media/poi/poi_4395d2bd/0.jpg,landmark,Antique Lane in Colombo,antique_lane,train,1280,960,crowded,2026-08-18T10:00:00+05:30
pmd_97ab1cca,poi_4395d2bd,media/poi/poi_4395d2bd/1.jpg,landmark,Antique Lane in Colombo,antique_lane,eval,1280,960,,2026-08-18T10:00:00+05:30
pmd_d715f8fe,poi_0419848e,media/poi/poi_0419848e/0.jpg,landmark,Cooking Class at Old Town in Colombo,cooking_class_at_old_town,train,1280,960,daylight,2026-08-18T10:00:00+05:30
pmd_558475ef,poi_0419848e,media/poi/poi_0419848e/1.jpg,landmark,Cooking Class at Old Town in Colombo,cooking_class_at_old_town,train,1280,960,dusk,2026-08-18T10:00:00+05:30
pmd_56b0f62b,poi_45a913e2,media/poi/poi_45a913e2/0.jpg,landmark,Lighthouse Beach in Kandy,lighthouse_beach,train,1280,960,daylight,2026-08-18T10:00:00+05:30
pmd_ea84fa79,poi_45a913e2,media/poi/poi_45a913e2/1.jpg,landmark,Lighthouse Beach in Kandy,lighthouse_beach,train,1280,960,crowded,2026-08-18T10:00:00+05:30
pmd_93050cf5,poi_932b65dc,media/poi/poi_932b65dc/0.jpg,landmark,Riverside Ghats in Kandy,riverside_ghats,train,1280,960,dusk,2026-08-18T10:00:00+05:30
pmd_3696b89f,poi_932b65dc,media/poi/poi_932b65dc/1.jpg,landmark,Riverside Ghats in Kandy,riverside_ghats,eval,1280,960,daylight,2026-08-18T10:00:00+05:30
pmd_a54c967d,poi_a1337353,media/poi/poi_a1337353/0.jpg,landmark,Rooftop Live Music in Kandy,rooftop_live_music,train,1280,960,dusk,2026-08-18T10:00:00+05:30
pmd_3002eb0a,poi_a1337353,media/poi/poi_a1337353/1.jpg,landmark,Rooftop Live Music in Kandy,rooftop_live_music,train,1280,960,crowded,2026-08-18T10:00:00+05:30
pmd_c46f5d92,poi_3222744b,media/poi/poi_3222744b/0.jpg,landmark,Rock Climbing Wall in Kandy,rock_climbing_wall,train,1280,960,daylight,2026-08-18T10:00:00+05:30
pmd_d960f2e1,poi_3222744b,media/poi/poi_3222744b/1.jpg,landmark,Rock Climbing Wall in Kandy,rock_climbing_wall,eval,1280,960,indoor,2026-08-18T10:00:00+05:30
pmd_d08b8819,poi_493eac5b,media/poi/poi_493eac5b/0.jpg,landmark,"St Mary's Church, Kandy in Kandy","st_mary's_church,_kandy",train,1280,960,,2026-08-18T10:00:00+05:30
pmd_8b850ec0,poi_493eac5b,media/poi/poi_493eac5b/1.jpg,landmark,"St Mary's Church, Kandy in Kandy","st_mary's_church,_kandy",train,1280,960,indoor,2026-08-18T10:00:00+05:30
pmd_bf4e9948,poi_f6d9652b,media/poi/poi_f6d9652b/0.jpg,landmark,Quiet Bay in Kandy,quiet_bay,train,1280,960,,2026-08-18T10:00:00+05:30
pmd_f8ddf35f,poi_f6d9652b,media/poi/poi_f6d9652b/1.jpg,landmark,Quiet Bay in Kandy,quiet_bay,train,1280,960,indoor,2026-08-18T10:00:00+05:30
pmd_b64a5eec,poi_6c366b48,media/poi/poi_6c366b48/0.jpg,landmark,Puppet Museum in Kandy,puppet_museum,train,1280,960,,2026-08-18T10:00:00+05:30
pmd_63f229c6,poi_6c366b48,media/poi/poi_6c366b48/1.jpg,landmark,Puppet Museum in Kandy,puppet_museum,train,1280,960,dusk,2026-08-18T10:00:00+05:30
pmd_36812f5a,poi_df352f3a,media/poi/poi_df352f3a/0.jpg,landmark,Puppet Museum in Kandy,puppet_museum,train,1280,960,indoor,2026-08-18T10:00:00+05:30
pmd_ccb333e9,poi_df352f3a,media/poi/poi_df352f3a/1.jpg,landmark,Puppet Museum in Kandy,puppet_museum,eval,1280,960,daylight,2026-08-18T10:00:00+05:30
pmd_2ce6350c,poi_cfa920ab,media/poi/poi_cfa920ab/0.jpg,landmark,Great Mosque of Kandy in Kandy,great_mosque_of_kandy,train,1280,960,dusk,2026-08-18T10:00:00+05:30
pmd_a4a31b3f,poi_cfa920ab,media/poi/poi_cfa920ab/1.jpg,landmark,Great Mosque of Kandy in Kandy,great_mosque_of_kandy,train,1280,960,,2026-08-18T10:00:00+05:30
pmd_b0a4d0ec,poi_006cc81d,media/poi/poi_006cc81d/0.jpg,landmark,Kandy Bird Sanctuary in Kandy,kandy_bird_sanctuary,train,1280,960,,2026-08-18T10:00:00+05:30
pmd_7ceaacf1,poi_006cc81d,media/poi/poi_006cc81d/1.jpg,landmark,Kandy Bird Sanctuary in Kandy,kandy_bird_sanctuary,train,1280,960,daylight,2026-08-18T10:00:00+05:30
pmd_98f33257,poi_0a0915f9,media/poi/poi_0a0915f9/0.jpg,landmark,North Beach in Kandy,north_beach,train,1280,960,daylight,2026-08-18T10:00:00+05:30
pmd_e929cf58,poi_0a0915f9,media/poi/poi_0a0915f9/1.jpg,landmark,North Beach in Kandy,north_beach,eval,1280,960,crowded,2026-08-18T10:00:00+05:30
pmd_cf124be1,poi_e8073ad8,media/poi/poi_e8073ad8/0.jpg,landmark,Kandy Bazaar in Kandy,kandy_bazaar,train,1280,960,,2026-08-18T10:00:00+05:30
pmd_f7041357,poi_e8073ad8,media/poi/poi_e8073ad8/1.jpg,landmark,Kandy Bazaar in Kandy,kandy_bazaar,eval,1280,960,,2026-08-18T10:00:00+05:30
pmd_2846b287,poi_e5f3caea,media/poi/poi_e5f3caea/0.jpg,landmark,"Old Palace, Kandy in Kandy","old_palace,_kandy",train,1280,960,,2026-08-18T10:00:00+05:30
pmd_6e6e9756,poi_e5f3caea,media/poi/poi_e5f3caea/1.jpg,landmark,"Old Palace, Kandy in Kandy","old_palace,_kandy",train,1280,960,crowded,2026-08-18T10:00:00+05:30
pmd_2e45863b,poi_829372bf,media/poi/poi_829372bf/0.jpg,landmark,North Beach in Kandy,north_beach,train,1280,960,dusk,2026-08-18T10:00:00+05:30
pmd_c1cc3555,poi_829372bf,media/poi/poi_829372bf/1.jpg,landmark,North Beach in Kandy,north_beach,eval,1280,960,,2026-08-18T10:00:00+05:30
pmd_80dd5057,poi_6aa41eb7,media/poi/poi_6aa41eb7/0.jpg,landmark,Elephant Camp in Kandy,elephant_camp,train,1280,960,,2026-08-18T10:00:00+05:30
pmd_622dcd7f,poi_6aa41eb7,media/poi/poi_6aa41eb7/1.jpg,landmark,Elephant Camp in Kandy,elephant_camp,train,1280,960,dusk,2026-08-18T10:00:00+05:30
pmd_aabfde56,poi_b72c42e5,media/poi/poi_b72c42e5/0.jpg,landmark,Ayurveda Centre in Kathmandu,ayurveda_centre,train,1280,960,daylight,2026-08-18T10:00:00+05:30
pmd_7a1d433e,poi_b72c42e5,media/poi/poi_b72c42e5/1.jpg,landmark,Ayurveda Centre in Kathmandu,ayurveda_centre,eval,1280,960,dusk,2026-08-18T10:00:00+05:30
pmd_c768d42d,poi_bc82e986,media/poi/poi_bc82e986/0.jpg,landmark,Kathmandu Viewpoint in Kathmandu,kathmandu_viewpoint,train,1280,960,indoor,2026-08-18T10:00:00+05:30
pmd_d70ea2ec,poi_bc82e986,media/poi/poi_bc82e986/1.jpg,landmark,Kathmandu Viewpoint in Kathmandu,kathmandu_viewpoint,train,1280,960,dusk,2026-08-18T10:00:00+05:30
pmd_d677c825,poi_08ddfd62,media/poi/poi_08ddfd62/0.jpg,landmark,Watchtower Terrace in Kathmandu,watchtower_terrace,train,1280,960,daylight,2026-08-18T10:00:00+05:30
pmd_bd4acaa6,poi_08ddfd62,media/poi/poi_08ddfd62/1.jpg,landmark,Watchtower Terrace in Kathmandu,watchtower_terrace,train,1280,960,dusk,2026-08-18T10:00:00+05:30
pmd_edeea062,poi_0d199b84,media/poi/poi_0d199b84/0.jpg,landmark,Rooftop Live Music in Kathmandu,rooftop_live_music,train,1280,960,crowded,2026-08-18T10:00:00+05:30
pmd_bfc77df2,poi_0d199b84,media/poi/poi_0d199b84/1.jpg,landmark,Rooftop Live Music in Kathmandu,rooftop_live_music,train,1280,960,indoor,2026-08-18T10:00:00+05:30
pmd_c46da776,poi_38456be9,media/poi/poi_38456be9/0.jpg,landmark,Kathmandu Street Food Lane in Kathmandu,kathmandu_street_food_lane,train,1280,960,,2026-08-18T10:00:00+05:30
pmd_b488b5f4,poi_38456be9,media/poi/poi_38456be9/1.jpg,landmark,Kathmandu Street Food Lane in Kathmandu,kathmandu_street_food_lane,eval,1280,960,indoor,2026-08-18T10:00:00+05:30
pmd_807beb4d,poi_252f76b3,media/poi/poi_252f76b3/0.jpg,landmark,Royal Cenotaphs in Kathmandu,royal_cenotaphs,train,1280,960,,2026-08-18T10:00:00+05:30
pmd_53f663ac,poi_252f76b3,media/poi/poi_252f76b3/1.jpg,landmark,Royal Cenotaphs in Kathmandu,royal_cenotaphs,train,1280,960,indoor,2026-08-18T10:00:00+05:30
pmd_303dcde1,poi_387a71ad,media/poi/poi_387a71ad/0.jpg,landmark,Kathmandu Lake in Kathmandu,kathmandu_lake,train,1280,960,daylight,2026-08-18T10:00:00+05:30
pmd_8605bef4,poi_387a71ad,media/poi/poi_387a71ad/1.jpg,landmark,Kathmandu Lake in Kathmandu,kathmandu_lake,train,1280,960,dusk,2026-08-18T10:00:00+05:30
pmd_ce6e7300,poi_01a95571,media/poi/poi_01a95571/0.jpg,landmark,Yoga Shala in Kathmandu,yoga_shala,train,1280,960,indoor,2026-08-18T10:00:00+05:30
pmd_01d54f4a,poi_01a95571,media/poi/poi_01a95571/1.jpg,landmark,Yoga Shala in Kathmandu,yoga_shala,eval,1280,960,,2026-08-18T10:00:00+05:30
pmd_e217e9c1,poi_8743dced,media/poi/poi_8743dced/0.jpg,landmark,Jain Temple Complex in Kathmandu,jain_temple_complex,train,1280,960,dusk,2026-08-18T10:00:00+05:30
pmd_9f97494a,poi_8743dced,media/poi/poi_8743dced/1.jpg,landmark,Jain Temple Complex in Kathmandu,jain_temple_complex,eval,1280,960,daylight,2026-08-18T10:00:00+05:30
pmd_59135d6c,poi_586568b0,media/poi/poi_586568b0/0.jpg,landmark,Riverside Lounge in Kathmandu,riverside_lounge,train,1280,960,,2026-08-18T10:00:00+05:30
pmd_4f46dc6c,poi_586568b0,media/poi/poi_586568b0/1.jpg,landmark,Riverside Lounge in Kathmandu,riverside_lounge,train,1280,960,,2026-08-18T10:00:00+05:30
pmd_4ebed551,poi_bf2fe1b8,media/poi/poi_bf2fe1b8/0.jpg,landmark,Kathmandu Stepwell in Kathmandu,kathmandu_stepwell,train,1280,960,,2026-08-18T10:00:00+05:30
pmd_6bc5cd52,poi_bf2fe1b8,media/poi/poi_bf2fe1b8/1.jpg,landmark,Kathmandu Stepwell in Kathmandu,kathmandu_stepwell,train,1280,960,crowded,2026-08-18T10:00:00+05:30
pmd_40804501,poi_12199456,media/poi/poi_12199456/0.jpg,landmark,Yoga Shala in Kathmandu,yoga_shala,train,1280,960,daylight,2026-08-18T10:00:00+05:30
pmd_ba069e7d,poi_12199456,media/poi/poi_12199456/1.jpg,landmark,Yoga Shala in Kathmandu,yoga_shala,train,1280,960,,2026-08-18T10:00:00+05:30
pmd_2548a6e8,poi_d349b995,media/poi/poi_d349b995/0.jpg,landmark,Hot Springs in Kathmandu,hot_springs,train,1280,960,indoor,2026-08-18T10:00:00+05:30
pmd_b41ec041,poi_d349b995,media/poi/poi_d349b995/1.jpg,landmark,Hot Springs in Kathmandu,hot_springs,train,1280,960,daylight,2026-08-18T10:00:00+05:30
pmd_9d708dea,poi_db424623,media/poi/poi_db424623/0.jpg,landmark,Tea Estate Trail in Kathmandu,tea_estate_trail,train,1280,960,daylight,2026-08-18T10:00:00+05:30
pmd_77fbfe3e,poi_db424623,media/poi/poi_db424623/1.jpg,landmark,Tea Estate Trail in Kathmandu,tea_estate_trail,eval,1280,960,crowded,2026-08-18T10:00:00+05:30
pmd_1227debd,poi_37bfdcc0,media/poi/poi_37bfdcc0/0.jpg,landmark,Kathmandu Street Food Lane in Kathmandu,kathmandu_street_food_lane,train,1280,960,,2026-08-18T10:00:00+05:30
pmd_09a4f6d4,poi_37bfdcc0,media/poi/poi_37bfdcc0/1.jpg,landmark,Kathmandu Street Food Lane in Kathmandu,kathmandu_street_food_lane,train,1280,960,daylight,2026-08-18T10:00:00+05:30
pmd_f9d12d2a,poi_a1498a91,media/poi/poi_a1498a91/0.jpg,landmark,Watchtower Terrace in Pokhara,watchtower_terrace,train,1280,960,crowded,2026-08-18T10:00:00+05:30
pmd_e5cd1715,poi_a1498a91,media/poi/poi_a1498a91/1.jpg,landmark,Watchtower Terrace in Pokhara,watchtower_terrace,train,1280,960,indoor,2026-08-18T10:00:00+05:30
pmd_0e721386,poi_0aa7daf7,media/poi/poi_0aa7daf7/0.jpg,landmark,Hilltop Shrine in Pokhara,hilltop_shrine,train,1280,960,daylight,2026-08-18T10:00:00+05:30
pmd_cb511f1a,poi_0aa7daf7,media/poi/poi_0aa7daf7/1.jpg,landmark,Hilltop Shrine in Pokhara,hilltop_shrine,train,1280,960,crowded,2026-08-18T10:00:00+05:30
pmd_d06d5170,poi_e784aeca,media/poi/poi_e784aeca/0.jpg,landmark,Night Food Bazaar in Pokhara,night_food_bazaar,train,1280,960,dusk,2026-08-18T10:00:00+05:30
pmd_18839564,poi_e784aeca,media/poi/poi_e784aeca/1.jpg,landmark,Night Food Bazaar in Pokhara,night_food_bazaar,train,1280,960,indoor,2026-08-18T10:00:00+05:30
pmd_a20feabc,poi_11e096fc,media/poi/poi_11e096fc/0.jpg,landmark,Rock Garden in Pokhara,rock_garden,train,1280,960,indoor,2026-08-18T10:00:00+05:30
pmd_2357fe0f,poi_11e096fc,media/poi/poi_11e096fc/1.jpg,landmark,Rock Garden in Pokhara,rock_garden,train,1280,960,,2026-08-18T10:00:00+05:30
pmd_7e2012a4,poi_29d547a4,media/poi/poi_29d547a4/0.jpg,landmark,Backwater Channel in Pokhara,backwater_channel,train,1280,960,crowded,2026-08-18T10:00:00+05:30
pmd_a2eab3ea,poi_29d547a4,media/poi/poi_29d547a4/1.jpg,landmark,Backwater Channel in Pokhara,backwater_channel,train,1280,960,daylight,2026-08-18T10:00:00+05:30
pmd_53830d01,poi_b8450f6f,media/poi/poi_b8450f6f/0.jpg,landmark,Pokhara Street Food Lane in Pokhara,pokhara_street_food_lane,train,1280,960,,2026-08-18T10:00:00+05:30
pmd_b987580f,poi_b8450f6f,media/poi/poi_b8450f6f/1.jpg,landmark,Pokhara Street Food Lane in Pokhara,pokhara_street_food_lane,train,1280,960,,2026-08-18T10:00:00+05:30
pmd_54cc5433,poi_a010c1ba,media/poi/poi_a010c1ba/0.jpg,landmark,Backwater Channel in Pokhara,backwater_channel,train,1280,960,daylight,2026-08-18T10:00:00+05:30
pmd_ea8f8053,poi_a010c1ba,media/poi/poi_a010c1ba/1.jpg,landmark,Backwater Channel in Pokhara,backwater_channel,train,1280,960,indoor,2026-08-18T10:00:00+05:30
pmd_66331c16,poi_204e9388,media/poi/poi_204e9388/0.jpg,landmark,Cliff Walk in Pokhara,cliff_walk,train,1280,960,daylight,2026-08-18T10:00:00+05:30
pmd_53ab49c8,poi_204e9388,media/poi/poi_204e9388/1.jpg,landmark,Cliff Walk in Pokhara,cliff_walk,train,1280,960,dusk,2026-08-18T10:00:00+05:30
pmd_8978a812,poi_48787ec6,media/poi/poi_48787ec6/0.jpg,landmark,Zipline Point in Pokhara,zipline_point,train,1280,960,indoor,2026-08-18T10:00:00+05:30
pmd_922176ef,poi_48787ec6,media/poi/poi_48787ec6/1.jpg,landmark,Zipline Point in Pokhara,zipline_point,train,1280,960,dusk,2026-08-18T10:00:00+05:30
pmd_ce76ec13,poi_a4f7cc8b,media/poi/poi_a4f7cc8b/0.jpg,landmark,Quiet Bay in Pokhara,quiet_bay,train,1280,960,daylight,2026-08-18T10:00:00+05:30
pmd_0290b722,poi_a4f7cc8b,media/poi/poi_a4f7cc8b/1.jpg,landmark,Quiet Bay in Pokhara,quiet_bay,train,1280,960,,2026-08-18T10:00:00+05:30
pmd_1b4cb240,poi_ab48d16e,media/poi/poi_ab48d16e/0.jpg,landmark,Quiet Bay in Pokhara,quiet_bay,train,1280,960,daylight,2026-08-18T10:00:00+05:30
pmd_6a847f58,poi_ab48d16e,media/poi/poi_ab48d16e/1.jpg,landmark,Quiet Bay in Pokhara,quiet_bay,eval,1280,960,dusk,2026-08-18T10:00:00+05:30
pmd_feeb92d4,poi_132d3868,media/poi/poi_132d3868/0.jpg,landmark,Cliff Walk in Pokhara,cliff_walk,train,1280,960,crowded,2026-08-18T10:00:00+05:30
pmd_8a435310,poi_132d3868,media/poi/poi_132d3868/1.jpg,landmark,Cliff Walk in Pokhara,cliff_walk,train,1280,960,crowded,2026-08-18T10:00:00+05:30
pmd_422110c1,poi_ef2400fa,media/poi/poi_ef2400fa/0.jpg,landmark,Watchtower Terrace in Pokhara,watchtower_terrace,train,1280,960,,2026-08-18T10:00:00+05:30
pmd_810f001b,poi_ef2400fa,media/poi/poi_ef2400fa/1.jpg,landmark,Watchtower Terrace in Pokhara,watchtower_terrace,train,1280,960,,2026-08-18T10:00:00+05:30
pmd_62fb4c40,poi_49791c2d,media/poi/poi_49791c2d/0.jpg,landmark,Crocodile Park in Pokhara,crocodile_park,train,1280,960,indoor,2026-08-18T10:00:00+05:30
pmd_5505266a,poi_49791c2d,media/poi/poi_49791c2d/1.jpg,landmark,Crocodile Park in Pokhara,crocodile_park,train,1280,960,daylight,2026-08-18T10:00:00+05:30
pmd_5ed92744,poi_39f134c5,media/poi/poi_39f134c5/0.jpg,landmark,Zipline Point in Pokhara,zipline_point,train,1280,960,dusk,2026-08-18T10:00:00+05:30
pmd_7401ebd2,poi_39f134c5,media/poi/poi_39f134c5/1.jpg,landmark,Zipline Point in Pokhara,zipline_point,train,1280,960,,2026-08-18T10:00:00+05:30
pmd_ba0a853a,poi_68cc2f6d,media/poi/poi_68cc2f6d/0.jpg,landmark,Quiet Bay in Thimphu,quiet_bay,train,1280,960,indoor,2026-08-18T10:00:00+05:30
pmd_10668a9d,poi_68cc2f6d,media/poi/poi_68cc2f6d/1.jpg,landmark,Quiet Bay in Thimphu,quiet_bay,train,1280,960,indoor,2026-08-18T10:00:00+05:30
pmd_e52bcd30,poi_c8feccee,media/poi/poi_c8feccee/0.jpg,landmark,Ridge Lookout in Thimphu,ridge_lookout,train,1280,960,,2026-08-18T10:00:00+05:30
pmd_fd3c5652,poi_c8feccee,media/poi/poi_c8feccee/1.jpg,landmark,Ridge Lookout in Thimphu,ridge_lookout,train,1280,960,daylight,2026-08-18T10:00:00+05:30
pmd_0fe98101,poi_13aa1bd7,media/poi/poi_13aa1bd7/0.jpg,landmark,North Beach in Thimphu,north_beach,train,1280,960,daylight,2026-08-18T10:00:00+05:30
pmd_a3e08c7b,poi_13aa1bd7,media/poi/poi_13aa1bd7/1.jpg,landmark,North Beach in Thimphu,north_beach,train,1280,960,,2026-08-18T10:00:00+05:30
pmd_f1ba2535,poi_f4eeb66a,media/poi/poi_f4eeb66a/0.jpg,landmark,Cycling Loop in Thimphu,cycling_loop,train,1280,960,indoor,2026-08-18T10:00:00+05:30
pmd_f3f25528,poi_f4eeb66a,media/poi/poi_f4eeb66a/1.jpg,landmark,Cycling Loop in Thimphu,cycling_loop,train,1280,960,daylight,2026-08-18T10:00:00+05:30
pmd_ea0ac226,poi_4ab34c66,media/poi/poi_4ab34c66/0.jpg,landmark,Kayaking at Thimphu in Thimphu,kayaking_at_thimphu,train,1280,960,,2026-08-18T10:00:00+05:30
pmd_ce657b9a,poi_4ab34c66,media/poi/poi_4ab34c66/1.jpg,landmark,Kayaking at Thimphu in Thimphu,kayaking_at_thimphu,train,1280,960,dusk,2026-08-18T10:00:00+05:30
pmd_90fadfbb,poi_359c6161,media/poi/poi_359c6161/0.jpg,landmark,Kayaking at Thimphu in Thimphu,kayaking_at_thimphu,train,1280,960,,2026-08-18T10:00:00+05:30
pmd_ecc0f689,poi_359c6161,media/poi/poi_359c6161/1.jpg,landmark,Kayaking at Thimphu in Thimphu,kayaking_at_thimphu,train,1280,960,,2026-08-18T10:00:00+05:30
pmd_d2019772,poi_eb535fc6,media/poi/poi_eb535fc6/0.jpg,landmark,North Beach in Thimphu,north_beach,train,1280,960,,2026-08-18T10:00:00+05:30
pmd_7d0ccb3f,poi_eb535fc6,media/poi/poi_eb535fc6/1.jpg,landmark,North Beach in Thimphu,north_beach,train,1280,960,,2026-08-18T10:00:00+05:30
pmd_14f20afd,poi_935b4fdb,media/poi/poi_935b4fdb/0.jpg,landmark,Elephant Camp in Thimphu,elephant_camp,train,1280,960,crowded,2026-08-18T10:00:00+05:30
pmd_11ccb999,poi_935b4fdb,media/poi/poi_935b4fdb/1.jpg,landmark,Elephant Camp in Thimphu,elephant_camp,train,1280,960,dusk,2026-08-18T10:00:00+05:30
pmd_dbc69d56,poi_9f5cc706,media/poi/poi_9f5cc706/0.jpg,landmark,Thimphu City Museum in Thimphu,thimphu_city_museum,train,1280,960,,2026-08-18T10:00:00+05:30
pmd_6879bb76,poi_9f5cc706,media/poi/poi_9f5cc706/1.jpg,landmark,Thimphu City Museum in Thimphu,thimphu_city_museum,eval,1280,960,dusk,2026-08-18T10:00:00+05:30
pmd_ff45b9e0,poi_00bd0042,media/poi/poi_00bd0042/0.jpg,landmark,North Beach in Thimphu,north_beach,train,1280,960,,2026-08-18T10:00:00+05:30
pmd_75864ee4,poi_00bd0042,media/poi/poi_00bd0042/1.jpg,landmark,North Beach in Thimphu,north_beach,eval,1280,960,daylight,2026-08-18T10:00:00+05:30
pmd_5b0ff5a9,poi_d748ceaa,media/poi/poi_d748ceaa/0.jpg,landmark,Lighthouse Beach in Thimphu,lighthouse_beach,train,1280,960,crowded,2026-08-18T10:00:00+05:30
pmd_321c0d26,poi_d748ceaa,media/poi/poi_d748ceaa/1.jpg,landmark,Lighthouse Beach in Thimphu,lighthouse_beach,train,1280,960,crowded,2026-08-18T10:00:00+05:30
pmd_5d5e104b,poi_daf5e087,media/poi/poi_daf5e087/0.jpg,landmark,Cycling Loop in Thimphu,cycling_loop,train,1280,960,dusk,2026-08-18T10:00:00+05:30
pmd_abed109f,poi_daf5e087,media/poi/poi_daf5e087/1.jpg,landmark,Cycling Loop in Thimphu,cycling_loop,train,1280,960,indoor,2026-08-18T10:00:00+05:30
pmd_d87b4c0c,poi_ec5a00fb,media/poi/poi_ec5a00fb/0.jpg,landmark,Backwater Channel in Thimphu,backwater_channel,train,1280,960,dusk,2026-08-18T10:00:00+05:30
pmd_ce7507c5,poi_ec5a00fb,media/poi/poi_ec5a00fb/1.jpg,landmark,Backwater Channel in Thimphu,backwater_channel,train,1280,960,dusk,2026-08-18T10:00:00+05:30
pmd_275ab595,poi_eb997264,media/poi/poi_eb997264/0.jpg,landmark,Crocodile Park in Thimphu,crocodile_park,train,1280,960,indoor,2026-08-18T10:00:00+05:30
pmd_da142c02,poi_eb997264,media/poi/poi_eb997264/1.jpg,landmark,Crocodile Park in Thimphu,crocodile_park,train,1280,960,indoor,2026-08-18T10:00:00+05:30
pmd_5b5bb20f,poi_6532241a,media/poi/poi_6532241a/0.jpg,landmark,Cliff Walk in Thimphu,cliff_walk,train,1280,960,crowded,2026-08-18T10:00:00+05:30
pmd_c6edd80f,poi_6532241a,media/poi/poi_6532241a/1.jpg,landmark,Cliff Walk in Thimphu,cliff_walk,train,1280,960,daylight,2026-08-18T10:00:00+05:30
pmd_aea5c81c,poi_9b3237a3,media/poi/poi_9b3237a3/0.jpg,landmark,Butterfly Reserve in Male,butterfly_reserve,train,1280,960,dusk,2026-08-18T10:00:00+05:30
pmd_bb343e19,poi_9b3237a3,media/poi/poi_9b3237a3/1.jpg,landmark,Butterfly Reserve in Male,butterfly_reserve,eval,1280,960,daylight,2026-08-18T10:00:00+05:30
pmd_4254238a,poi_48aa21f1,media/poi/poi_48aa21f1/0.jpg,landmark,Male Observatory in Male,male_observatory,train,1280,960,dusk,2026-08-18T10:00:00+05:30
pmd_dad5382e,poi_48aa21f1,media/poi/poi_48aa21f1/1.jpg,landmark,Male Observatory in Male,male_observatory,eval,1280,960,indoor,2026-08-18T10:00:00+05:30
pmd_5be3c8b4,poi_98cf2950,media/poi/poi_98cf2950/0.jpg,landmark,Backwater Channel in Male,backwater_channel,train,1280,960,daylight,2026-08-18T10:00:00+05:30
pmd_926869c2,poi_98cf2950,media/poi/poi_98cf2950/1.jpg,landmark,Backwater Channel in Male,backwater_channel,train,1280,960,indoor,2026-08-18T10:00:00+05:30
pmd_192471b1,poi_567aa575,media/poi/poi_567aa575/0.jpg,landmark,Male Observatory in Male,male_observatory,train,1280,960,,2026-08-18T10:00:00+05:30
pmd_19d443f2,poi_567aa575,media/poi/poi_567aa575/1.jpg,landmark,Male Observatory in Male,male_observatory,train,1280,960,daylight,2026-08-18T10:00:00+05:30
pmd_14305fad,poi_4cb3a2d4,media/poi/poi_4cb3a2d4/0.jpg,landmark,Blue Pottery Workshop in Male,blue_pottery_workshop,train,1280,960,,2026-08-18T10:00:00+05:30
pmd_82a1d7fe,poi_4cb3a2d4,media/poi/poi_4cb3a2d4/1.jpg,landmark,Blue Pottery Workshop in Male,blue_pottery_workshop,eval,1280,960,daylight,2026-08-18T10:00:00+05:30
pmd_0be8a0e5,poi_26fca860,media/poi/poi_26fca860/0.jpg,landmark,Tea Estate Trail in Male,tea_estate_trail,train,1280,960,indoor,2026-08-18T10:00:00+05:30
pmd_7958ebaa,poi_26fca860,media/poi/poi_26fca860/1.jpg,landmark,Tea Estate Trail in Male,tea_estate_trail,eval,1280,960,,2026-08-18T10:00:00+05:30
pmd_ebf59d57,poi_9af6a696,media/poi/poi_9af6a696/0.jpg,landmark,Male Lake in Male,male_lake,train,1280,960,,2026-08-18T10:00:00+05:30
pmd_4fb54fd3,poi_9af6a696,media/poi/poi_9af6a696/1.jpg,landmark,Male Lake in Male,male_lake,train,1280,960,,2026-08-18T10:00:00+05:30
pmd_2e03c710,poi_a71ffa2e,media/poi/poi_a71ffa2e/0.jpg,landmark,Quiet Bay in Male,quiet_bay,train,1280,960,daylight,2026-08-18T10:00:00+05:30
pmd_f5325adb,poi_a71ffa2e,media/poi/poi_a71ffa2e/1.jpg,landmark,Quiet Bay in Male,quiet_bay,train,1280,960,daylight,2026-08-18T10:00:00+05:30
pmd_780465db,poi_c09c7423,media/poi/poi_c09c7423/0.jpg,landmark,Crocodile Park in Male,crocodile_park,train,1280,960,crowded,2026-08-18T10:00:00+05:30
pmd_c3b4cfbf,poi_c09c7423,media/poi/poi_c09c7423/1.jpg,landmark,Crocodile Park in Male,crocodile_park,eval,1280,960,,2026-08-18T10:00:00+05:30
pmd_0dfd8c4f,poi_3457ab13,media/poi/poi_3457ab13/0.jpg,landmark,Sunset Point in Male,sunset_point,train,1280,960,indoor,2026-08-18T10:00:00+05:30
pmd_3839e436,poi_3457ab13,media/poi/poi_3457ab13/1.jpg,landmark,Sunset Point in Male,sunset_point,train,1280,960,,2026-08-18T10:00:00+05:30
pmd_915aa8b4,poi_42b84f74,media/poi/poi_42b84f74/0.jpg,landmark,Handloom Cooperative in Male,handloom_cooperative,train,1280,960,,2026-08-18T10:00:00+05:30
pmd_fa21cf66,poi_42b84f74,media/poi/poi_42b84f74/1.jpg,landmark,Handloom Cooperative in Male,handloom_cooperative,eval,1280,960,crowded,2026-08-18T10:00:00+05:30
pmd_8dd240f2,poi_85d28439,media/poi/poi_85d28439/0.jpg,landmark,Great Mosque of Male in Male,great_mosque_of_male,train,1280,960,,2026-08-18T10:00:00+05:30
pmd_38efd9ad,poi_85d28439,media/poi/poi_85d28439/1.jpg,landmark,Great Mosque of Male in Male,great_mosque_of_male,eval,1280,960,indoor,2026-08-18T10:00:00+05:30
pmd_10b6781c,poi_78b732e3,media/poi/poi_78b732e3/0.jpg,landmark,Botanical Gardens in Male,botanical_gardens,train,1280,960,,2026-08-18T10:00:00+05:30
pmd_1911c105,poi_78b732e3,media/poi/poi_78b732e3/1.jpg,landmark,Botanical Gardens in Male,botanical_gardens,train,1280,960,daylight,2026-08-18T10:00:00+05:30
pmd_97433105,poi_3c7d9152,media/poi/poi_3c7d9152/0.jpg,landmark,"Jazz Cellar, Male in Male","jazz_cellar,_male",train,1280,960,indoor,2026-08-18T10:00:00+05:30
pmd_56f65304,poi_3c7d9152,media/poi/poi_3c7d9152/1.jpg,landmark,"Jazz Cellar, Male in Male","jazz_cellar,_male",eval,1280,960,indoor,2026-08-18T10:00:00+05:30
pmd_2da53374,poi_fcf3ec8d,media/poi/poi_fcf3ec8d/0.jpg,landmark,Ayurveda Centre in Male,ayurveda_centre,train,1280,960,indoor,2026-08-18T10:00:00+05:30
pmd_d71c3b7b,poi_fcf3ec8d,media/poi/poi_fcf3ec8d/1.jpg,landmark,Ayurveda Centre in Male,ayurveda_centre,train,1280,960,,2026-08-18T10:00:00+05:30
pmd_fbc35b8a,poi_09409c63,media/poi/poi_09409c63/0.jpg,landmark,City Walls Walk in Dubai,city_walls_walk,train,1280,960,indoor,2026-08-18T10:00:00+05:30
pmd_89dc2a88,poi_09409c63,media/poi/poi_09409c63/1.jpg,landmark,City Walls Walk in Dubai,city_walls_walk,train,1280,960,crowded,2026-08-18T10:00:00+05:30
pmd_723a8ab1,poi_83533555,media/poi/poi_83533555/0.jpg,landmark,Dubai Observatory in Dubai,dubai_observatory,train,1280,960,indoor,2026-08-18T10:00:00+05:30
pmd_123c0aef,poi_83533555,media/poi/poi_83533555/1.jpg,landmark,Dubai Observatory in Dubai,dubai_observatory,train,1280,960,indoor,2026-08-18T10:00:00+05:30
pmd_c6fb044a,poi_80512660,media/poi/poi_80512660/0.jpg,landmark,Butterfly Reserve in Dubai,butterfly_reserve,train,1280,960,crowded,2026-08-18T10:00:00+05:30
pmd_10d70448,poi_80512660,media/poi/poi_80512660/1.jpg,landmark,Butterfly Reserve in Dubai,butterfly_reserve,eval,1280,960,,2026-08-18T10:00:00+05:30
pmd_8b739ccd,poi_34992d1f,media/poi/poi_34992d1f/0.jpg,landmark,Handloom Cooperative in Dubai,handloom_cooperative,train,1280,960,daylight,2026-08-18T10:00:00+05:30
pmd_355667c0,poi_34992d1f,media/poi/poi_34992d1f/1.jpg,landmark,Handloom Cooperative in Dubai,handloom_cooperative,train,1280,960,,2026-08-18T10:00:00+05:30
pmd_f0d35d7a,poi_ca481e64,media/poi/poi_ca481e64/0.jpg,landmark,Dubai Bazaar in Dubai,dubai_bazaar,train,1280,960,dusk,2026-08-18T10:00:00+05:30
pmd_6d7e5fe5,poi_ca481e64,media/poi/poi_ca481e64/1.jpg,landmark,Dubai Bazaar in Dubai,dubai_bazaar,train,1280,960,crowded,2026-08-18T10:00:00+05:30
pmd_b2042072,poi_33111021,media/poi/poi_33111021/0.jpg,landmark,Dubai Observatory in Dubai,dubai_observatory,train,1280,960,daylight,2026-08-18T10:00:00+05:30
pmd_c6ad8f5f,poi_33111021,media/poi/poi_33111021/1.jpg,landmark,Dubai Observatory in Dubai,dubai_observatory,train,1280,960,daylight,2026-08-18T10:00:00+05:30
pmd_feeb55e5,poi_34b126e7,media/poi/poi_34b126e7/0.jpg,landmark,Cliff Walk in Dubai,cliff_walk,train,1280,960,crowded,2026-08-18T10:00:00+05:30
pmd_0a78f432,poi_34b126e7,media/poi/poi_34b126e7/1.jpg,landmark,Cliff Walk in Dubai,cliff_walk,eval,1280,960,daylight,2026-08-18T10:00:00+05:30
pmd_acdadefe,poi_354a6a7e,media/poi/poi_354a6a7e/0.jpg,landmark,Butterfly Reserve in Dubai,butterfly_reserve,train,1280,960,,2026-08-18T10:00:00+05:30
pmd_940d13ca,poi_354a6a7e,media/poi/poi_354a6a7e/1.jpg,landmark,Butterfly Reserve in Dubai,butterfly_reserve,train,1280,960,,2026-08-18T10:00:00+05:30
pmd_e4e8cf65,poi_2ef9dd71,media/poi/poi_2ef9dd71/0.jpg,landmark,Dubai Bird Sanctuary in Dubai,dubai_bird_sanctuary,train,1280,960,daylight,2026-08-18T10:00:00+05:30
pmd_1cde688d,poi_2ef9dd71,media/poi/poi_2ef9dd71/1.jpg,landmark,Dubai Bird Sanctuary in Dubai,dubai_bird_sanctuary,train,1280,960,daylight,2026-08-18T10:00:00+05:30
pmd_63338f73,poi_0b57a65c,media/poi/poi_0b57a65c/0.jpg,landmark,Rooftop Live Music in Dubai,rooftop_live_music,train,1280,960,,2026-08-18T10:00:00+05:30
pmd_ac199a7a,poi_0b57a65c,media/poi/poi_0b57a65c/1.jpg,landmark,Rooftop Live Music in Dubai,rooftop_live_music,train,1280,960,indoor,2026-08-18T10:00:00+05:30
pmd_a4f7698a,poi_298b5ad9,media/poi/poi_298b5ad9/0.jpg,landmark,Riverside Lounge in Dubai,riverside_lounge,train,1280,960,dusk,2026-08-18T10:00:00+05:30
pmd_67c2ce8f,poi_298b5ad9,media/poi/poi_298b5ad9/1.jpg,landmark,Riverside Lounge in Dubai,riverside_lounge,eval,1280,960,,2026-08-18T10:00:00+05:30
pmd_511f05e6,poi_8f09155f,media/poi/poi_8f09155f/0.jpg,landmark,Dubai Street Food Lane in Dubai,dubai_street_food_lane,train,1280,960,dusk,2026-08-18T10:00:00+05:30
pmd_f720e337,poi_8f09155f,media/poi/poi_8f09155f/1.jpg,landmark,Dubai Street Food Lane in Dubai,dubai_street_food_lane,train,1280,960,daylight,2026-08-18T10:00:00+05:30
pmd_9a2e4694,poi_425aeafb,media/poi/poi_425aeafb/0.jpg,landmark,Hot Springs in Dubai,hot_springs,train,1280,960,dusk,2026-08-18T10:00:00+05:30
pmd_da7e0605,poi_425aeafb,media/poi/poi_425aeafb/1.jpg,landmark,Hot Springs in Dubai,hot_springs,train,1280,960,,2026-08-18T10:00:00+05:30
pmd_32dd37d3,poi_ae95e1be,media/poi/poi_ae95e1be/0.jpg,landmark,Hot Springs in Dubai,hot_springs,train,1280,960,dusk,2026-08-18T10:00:00+05:30
pmd_7bff2cf5,poi_ae95e1be,media/poi/poi_ae95e1be/1.jpg,landmark,Hot Springs in Dubai,hot_springs,eval,1280,960,crowded,2026-08-18T10:00:00+05:30
pmd_c21b9601,poi_65d65d15,media/poi/poi_65d65d15/0.jpg,landmark,Cooking Class at Old Town in Dubai,cooking_class_at_old_town,train,1280,960,crowded,2026-08-18T10:00:00+05:30
pmd_7b26982c,poi_65d65d15,media/poi/poi_65d65d15/1.jpg,landmark,Cooking Class at Old Town in Dubai,cooking_class_at_old_town,train,1280,960,,2026-08-18T10:00:00+05:30
pmd_d2959696,poi_88179724,media/poi/poi_88179724/0.jpg,landmark,Riverside Lounge in Abu Dhabi,riverside_lounge,train,1280,960,daylight,2026-08-18T10:00:00+05:30
pmd_81e0650c,poi_88179724,media/poi/poi_88179724/1.jpg,landmark,Riverside Lounge in Abu Dhabi,riverside_lounge,train,1280,960,dusk,2026-08-18T10:00:00+05:30
pmd_3713814b,poi_76a11c20,media/poi/poi_76a11c20/0.jpg,landmark,Cycling Loop in Abu Dhabi,cycling_loop,train,1280,960,daylight,2026-08-18T10:00:00+05:30
pmd_e7ee4c37,poi_76a11c20,media/poi/poi_76a11c20/1.jpg,landmark,Cycling Loop in Abu Dhabi,cycling_loop,eval,1280,960,,2026-08-18T10:00:00+05:30
pmd_8588ce17,poi_6a46e565,media/poi/poi_6a46e565/0.jpg,landmark,North Beach in Abu Dhabi,north_beach,train,1280,960,dusk,2026-08-18T10:00:00+05:30
pmd_34f52b1d,poi_6a46e565,media/poi/poi_6a46e565/1.jpg,landmark,North Beach in Abu Dhabi,north_beach,eval,1280,960,,2026-08-18T10:00:00+05:30
pmd_8ad218b4,poi_6ba7ee43,media/poi/poi_6ba7ee43/0.jpg,landmark,City Walls Walk in Abu Dhabi,city_walls_walk,train,1280,960,,2026-08-18T10:00:00+05:30
pmd_48cd25f6,poi_6ba7ee43,media/poi/poi_6ba7ee43/1.jpg,landmark,City Walls Walk in Abu Dhabi,city_walls_walk,eval,1280,960,dusk,2026-08-18T10:00:00+05:30
pmd_6a9f25d1,poi_1b0e68c0,media/poi/poi_1b0e68c0/0.jpg,landmark,Abu Dhabi Street Food Lane in Abu Dhabi,abu_dhabi_street_food_lane,train,1280,960,daylight,2026-08-18T10:00:00+05:30
pmd_594b0b80,poi_1b0e68c0,media/poi/poi_1b0e68c0/1.jpg,landmark,Abu Dhabi Street Food Lane in Abu Dhabi,abu_dhabi_street_food_lane,train,1280,960,dusk,2026-08-18T10:00:00+05:30
pmd_002b2b2d,poi_4c0e8968,media/poi/poi_4c0e8968/0.jpg,landmark,Hot Air Balloon Field in Abu Dhabi,hot_air_balloon_field,train,1280,960,daylight,2026-08-18T10:00:00+05:30
pmd_122a5547,poi_4c0e8968,media/poi/poi_4c0e8968/1.jpg,landmark,Hot Air Balloon Field in Abu Dhabi,hot_air_balloon_field,eval,1280,960,indoor,2026-08-18T10:00:00+05:30
pmd_7589699b,poi_6be08c1c,media/poi/poi_6be08c1c/0.jpg,landmark,Antique Lane in Abu Dhabi,antique_lane,train,1280,960,,2026-08-18T10:00:00+05:30
pmd_b75fd7c1,poi_6be08c1c,media/poi/poi_6be08c1c/1.jpg,landmark,Antique Lane in Abu Dhabi,antique_lane,train,1280,960,,2026-08-18T10:00:00+05:30
pmd_33fe92ec,poi_ebbd9619,media/poi/poi_ebbd9619/0.jpg,landmark,"Jazz Cellar, Abu Dhabi in Abu Dhabi","jazz_cellar,_abu_dhabi",train,1280,960,,2026-08-18T10:00:00+05:30
pmd_755d493c,poi_ebbd9619,media/poi/poi_ebbd9619/1.jpg,landmark,"Jazz Cellar, Abu Dhabi in Abu Dhabi","jazz_cellar,_abu_dhabi",train,1280,960,dusk,2026-08-18T10:00:00+05:30
pmd_90f06468,poi_a2c46b6b,media/poi/poi_a2c46b6b/0.jpg,landmark,Coffee Roastery Tour in Abu Dhabi,coffee_roastery_tour,train,1280,960,,2026-08-18T10:00:00+05:30
pmd_9ba7b92a,poi_a2c46b6b,media/poi/poi_a2c46b6b/1.jpg,landmark,Coffee Roastery Tour in Abu Dhabi,coffee_roastery_tour,eval,1280,960,,2026-08-18T10:00:00+05:30
pmd_a7ef8440,poi_7d1dd83c,media/poi/poi_7d1dd83c/0.jpg,landmark,Cycling Loop in Abu Dhabi,cycling_loop,train,1280,960,,2026-08-18T10:00:00+05:30
pmd_4b04a082,poi_7d1dd83c,media/poi/poi_7d1dd83c/1.jpg,landmark,Cycling Loop in Abu Dhabi,cycling_loop,train,1280,960,crowded,2026-08-18T10:00:00+05:30
pmd_c06fabfb,poi_0f836f1a,media/poi/poi_0f836f1a/0.jpg,landmark,Abu Dhabi Bazaar in Abu Dhabi,abu_dhabi_bazaar,train,1280,960,crowded,2026-08-18T10:00:00+05:30
pmd_bf24fae5,poi_0f836f1a,media/poi/poi_0f836f1a/1.jpg,landmark,Abu Dhabi Bazaar in Abu Dhabi,abu_dhabi_bazaar,train,1280,960,,2026-08-18T10:00:00+05:30
pmd_d0edafb0,poi_2a99be47,media/poi/poi_2a99be47/0.jpg,landmark,Abu Dhabi Street Food Lane in Abu Dhabi,abu_dhabi_street_food_lane,train,1280,960,indoor,2026-08-18T10:00:00+05:30
pmd_ae6472c2,poi_2a99be47,media/poi/poi_2a99be47/1.jpg,landmark,Abu Dhabi Street Food Lane in Abu Dhabi,abu_dhabi_street_food_lane,train,1280,960,crowded,2026-08-18T10:00:00+05:30
pmd_53bab611,poi_4fc9345d,media/poi/poi_4fc9345d/0.jpg,landmark,North Beach in Abu Dhabi,north_beach,train,1280,960,,2026-08-18T10:00:00+05:30
pmd_248461ef,poi_4fc9345d,media/poi/poi_4fc9345d/1.jpg,landmark,North Beach in Abu Dhabi,north_beach,eval,1280,960,daylight,2026-08-18T10:00:00+05:30
pmd_9c439cdc,poi_22ce875f,media/poi/poi_22ce875f/0.jpg,landmark,"Jazz Cellar, Abu Dhabi in Abu Dhabi","jazz_cellar,_abu_dhabi",train,1280,960,,2026-08-18T10:00:00+05:30
pmd_870e4b87,poi_22ce875f,media/poi/poi_22ce875f/1.jpg,landmark,"Jazz Cellar, Abu Dhabi in Abu Dhabi","jazz_cellar,_abu_dhabi",train,1280,960,crowded,2026-08-18T10:00:00+05:30
pmd_5cbfc6d2,poi_ea89965b,media/poi/poi_ea89965b/0.jpg,landmark,Quiet Bay in Abu Dhabi,quiet_bay,train,1280,960,,2026-08-18T10:00:00+05:30
pmd_2a12440b,poi_ea89965b,media/poi/poi_ea89965b/1.jpg,landmark,Quiet Bay in Abu Dhabi,quiet_bay,train,1280,960,indoor,2026-08-18T10:00:00+05:30
pmd_2af826fa,poi_b76d6bf5,media/poi/poi_b76d6bf5/0.jpg,landmark,Riverside Ghats in Doha,riverside_ghats,train,1280,960,indoor,2026-08-18T10:00:00+05:30
pmd_850b07c8,poi_b76d6bf5,media/poi/poi_b76d6bf5/1.jpg,landmark,Riverside Ghats in Doha,riverside_ghats,train,1280,960,indoor,2026-08-18T10:00:00+05:30
pmd_d55c83de,poi_f5306b2a,media/poi/poi_f5306b2a/0.jpg,landmark,Watchtower Terrace in Doha,watchtower_terrace,train,1280,960,crowded,2026-08-18T10:00:00+05:30
pmd_a10141c0,poi_f5306b2a,media/poi/poi_f5306b2a/1.jpg,landmark,Watchtower Terrace in Doha,watchtower_terrace,eval,1280,960,crowded,2026-08-18T10:00:00+05:30
pmd_32c04842,poi_c54e9c8a,media/poi/poi_c54e9c8a/0.jpg,landmark,Cliff Walk in Doha,cliff_walk,train,1280,960,crowded,2026-08-18T10:00:00+05:30
pmd_5ccd9011,poi_c54e9c8a,media/poi/poi_c54e9c8a/1.jpg,landmark,Cliff Walk in Doha,cliff_walk,train,1280,960,crowded,2026-08-18T10:00:00+05:30
pmd_8810e5bd,poi_47d68050,media/poi/poi_47d68050/0.jpg,landmark,Ridge Lookout in Doha,ridge_lookout,train,1280,960,daylight,2026-08-18T10:00:00+05:30
pmd_c478f718,poi_47d68050,media/poi/poi_47d68050/1.jpg,landmark,Ridge Lookout in Doha,ridge_lookout,train,1280,960,indoor,2026-08-18T10:00:00+05:30
pmd_b477288a,poi_f161b897,media/poi/poi_f161b897/0.jpg,landmark,Riverside Lounge in Doha,riverside_lounge,train,1280,960,,2026-08-18T10:00:00+05:30
pmd_95cc7dd4,poi_f161b897,media/poi/poi_f161b897/1.jpg,landmark,Riverside Lounge in Doha,riverside_lounge,eval,1280,960,crowded,2026-08-18T10:00:00+05:30
pmd_e617f1a4,poi_53bf0d16,media/poi/poi_53bf0d16/0.jpg,landmark,Handloom Cooperative in Doha,handloom_cooperative,train,1280,960,crowded,2026-08-18T10:00:00+05:30
pmd_7c294743,poi_53bf0d16,media/poi/poi_53bf0d16/1.jpg,landmark,Handloom Cooperative in Doha,handloom_cooperative,train,1280,960,,2026-08-18T10:00:00+05:30
pmd_8278c318,poi_abe5a41e,media/poi/poi_abe5a41e/0.jpg,landmark,Cliff Walk in Doha,cliff_walk,train,1280,960,indoor,2026-08-18T10:00:00+05:30
pmd_c8d518da,poi_abe5a41e,media/poi/poi_abe5a41e/1.jpg,landmark,Cliff Walk in Doha,cliff_walk,train,1280,960,dusk,2026-08-18T10:00:00+05:30
pmd_c38885fe,poi_ae2101df,media/poi/poi_ae2101df/0.jpg,landmark,Hot Springs in Doha,hot_springs,train,1280,960,,2026-08-18T10:00:00+05:30
pmd_0f724271,poi_ae2101df,media/poi/poi_ae2101df/1.jpg,landmark,Hot Springs in Doha,hot_springs,train,1280,960,,2026-08-18T10:00:00+05:30
pmd_53934c03,poi_89bf902e,media/poi/poi_89bf902e/0.jpg,landmark,Lighthouse Beach in Doha,lighthouse_beach,train,1280,960,crowded,2026-08-18T10:00:00+05:30
pmd_927e20bd,poi_89bf902e,media/poi/poi_89bf902e/1.jpg,landmark,Lighthouse Beach in Doha,lighthouse_beach,train,1280,960,daylight,2026-08-18T10:00:00+05:30
pmd_3cf0a97b,poi_8e3a62a3,media/poi/poi_8e3a62a3/0.jpg,landmark,Doha Viewpoint in Doha,doha_viewpoint,train,1280,960,indoor,2026-08-18T10:00:00+05:30
pmd_4ae0d9c4,poi_8e3a62a3,media/poi/poi_8e3a62a3/1.jpg,landmark,Doha Viewpoint in Doha,doha_viewpoint,train,1280,960,,2026-08-18T10:00:00+05:30
pmd_3953e683,poi_6ecd8564,media/poi/poi_6ecd8564/0.jpg,landmark,Rooftop Live Music in Doha,rooftop_live_music,train,1280,960,,2026-08-18T10:00:00+05:30
pmd_bcb53e25,poi_6ecd8564,media/poi/poi_6ecd8564/1.jpg,landmark,Rooftop Live Music in Doha,rooftop_live_music,train,1280,960,dusk,2026-08-18T10:00:00+05:30
pmd_53ff9195,poi_d9da6279,media/poi/poi_d9da6279/0.jpg,landmark,Coffee Roastery Tour in Doha,coffee_roastery_tour,train,1280,960,indoor,2026-08-18T10:00:00+05:30
pmd_658addde,poi_d9da6279,media/poi/poi_d9da6279/1.jpg,landmark,Coffee Roastery Tour in Doha,coffee_roastery_tour,train,1280,960,crowded,2026-08-18T10:00:00+05:30
pmd_31d01ce3,poi_b7df1f45,media/poi/poi_b7df1f45/0.jpg,landmark,Yoga Shala in Doha,yoga_shala,train,1280,960,indoor,2026-08-18T10:00:00+05:30
pmd_bcd61246,poi_b7df1f45,media/poi/poi_b7df1f45/1.jpg,landmark,Yoga Shala in Doha,yoga_shala,train,1280,960,indoor,2026-08-18T10:00:00+05:30
pmd_7fb7933a,poi_d108c40d,media/poi/poi_d108c40d/0.jpg,landmark,Rock Garden in Doha,rock_garden,train,1280,960,,2026-08-18T10:00:00+05:30
pmd_7cc26dae,poi_d108c40d,media/poi/poi_d108c40d/1.jpg,landmark,Rock Garden in Doha,rock_garden,train,1280,960,indoor,2026-08-18T10:00:00+05:30
pmd_107182fd,poi_2254e322,media/poi/poi_2254e322/0.jpg,landmark,Spice Market Walk in Doha,spice_market_walk,train,1280,960,,2026-08-18T10:00:00+05:30
pmd_b9e0cbd7,poi_2254e322,media/poi/poi_2254e322/1.jpg,landmark,Spice Market Walk in Doha,spice_market_walk,train,1280,960,,2026-08-18T10:00:00+05:30
pmd_dedaad55,poi_d30698db,media/poi/poi_d30698db/0.jpg,landmark,Museum of Coins in Singapore,museum_of_coins,train,1280,960,crowded,2026-08-18T10:00:00+05:30
pmd_1e8cbdd2,poi_d30698db,media/poi/poi_d30698db/1.jpg,landmark,Museum of Coins in Singapore,museum_of_coins,train,1280,960,daylight,2026-08-18T10:00:00+05:30
pmd_9a291cff,poi_38dfbd85,media/poi/poi_38dfbd85/0.jpg,landmark,Watchtower Terrace in Singapore,watchtower_terrace,train,1280,960,crowded,2026-08-18T10:00:00+05:30
pmd_e4a9c946,poi_38dfbd85,media/poi/poi_38dfbd85/1.jpg,landmark,Watchtower Terrace in Singapore,watchtower_terrace,train,1280,960,,2026-08-18T10:00:00+05:30
pmd_1e9e3cab,poi_995c7c81,media/poi/poi_995c7c81/0.jpg,landmark,Singapore Street Food Lane in Singapore,singapore_street_food_lane,train,1280,960,,2026-08-18T10:00:00+05:30
pmd_ae01fcc4,poi_995c7c81,media/poi/poi_995c7c81/1.jpg,landmark,Singapore Street Food Lane in Singapore,singapore_street_food_lane,eval,1280,960,,2026-08-18T10:00:00+05:30
pmd_7707dd99,poi_80e3ffe4,media/poi/poi_80e3ffe4/0.jpg,landmark,Antique Lane in Singapore,antique_lane,train,1280,960,dusk,2026-08-18T10:00:00+05:30
pmd_586c1293,poi_80e3ffe4,media/poi/poi_80e3ffe4/1.jpg,landmark,Antique Lane in Singapore,antique_lane,train,1280,960,dusk,2026-08-18T10:00:00+05:30
pmd_c98c89b6,poi_354c91c9,media/poi/poi_354c91c9/0.jpg,landmark,Ridge Lookout in Singapore,ridge_lookout,train,1280,960,,2026-08-18T10:00:00+05:30
pmd_71c1d7b3,poi_354c91c9,media/poi/poi_354c91c9/1.jpg,landmark,Ridge Lookout in Singapore,ridge_lookout,eval,1280,960,indoor,2026-08-18T10:00:00+05:30
pmd_83a0662a,poi_61b5cf0b,media/poi/poi_61b5cf0b/0.jpg,landmark,Riverside Lounge in Singapore,riverside_lounge,train,1280,960,,2026-08-18T10:00:00+05:30
pmd_381ccd8b,poi_61b5cf0b,media/poi/poi_61b5cf0b/1.jpg,landmark,Riverside Lounge in Singapore,riverside_lounge,eval,1280,960,daylight,2026-08-18T10:00:00+05:30
pmd_c8e5cc49,poi_b110a36b,media/poi/poi_b110a36b/0.jpg,landmark,Yoga Shala in Singapore,yoga_shala,train,1280,960,indoor,2026-08-18T10:00:00+05:30
pmd_da0e371e,poi_b110a36b,media/poi/poi_b110a36b/1.jpg,landmark,Yoga Shala in Singapore,yoga_shala,eval,1280,960,dusk,2026-08-18T10:00:00+05:30
pmd_8fe75e04,poi_facb346b,media/poi/poi_facb346b/0.jpg,landmark,Singapore Viewpoint in Singapore,singapore_viewpoint,train,1280,960,,2026-08-18T10:00:00+05:30
pmd_f2fa409f,poi_facb346b,media/poi/poi_facb346b/1.jpg,landmark,Singapore Viewpoint in Singapore,singapore_viewpoint,eval,1280,960,indoor,2026-08-18T10:00:00+05:30
pmd_97411a77,poi_f31cfd33,media/poi/poi_f31cfd33/0.jpg,landmark,Butterfly Reserve in Singapore,butterfly_reserve,train,1280,960,crowded,2026-08-18T10:00:00+05:30
pmd_3c54b625,poi_f31cfd33,media/poi/poi_f31cfd33/1.jpg,landmark,Butterfly Reserve in Singapore,butterfly_reserve,train,1280,960,,2026-08-18T10:00:00+05:30
pmd_c9922dc7,poi_18500e1c,media/poi/poi_18500e1c/0.jpg,landmark,Riverside Lounge in Singapore,riverside_lounge,train,1280,960,daylight,2026-08-18T10:00:00+05:30
pmd_d7ac65f9,poi_18500e1c,media/poi/poi_18500e1c/1.jpg,landmark,Riverside Lounge in Singapore,riverside_lounge,train,1280,960,dusk,2026-08-18T10:00:00+05:30
pmd_2721184d,poi_055ec68f,media/poi/poi_055ec68f/0.jpg,landmark,Rooftop Live Music in Singapore,rooftop_live_music,train,1280,960,,2026-08-18T10:00:00+05:30
pmd_b4b64455,poi_055ec68f,media/poi/poi_055ec68f/1.jpg,landmark,Rooftop Live Music in Singapore,rooftop_live_music,eval,1280,960,,2026-08-18T10:00:00+05:30
pmd_14a8527d,poi_ac095ceb,media/poi/poi_ac095ceb/0.jpg,landmark,Butterfly Reserve in Singapore,butterfly_reserve,train,1280,960,,2026-08-18T10:00:00+05:30
pmd_e6671cc2,poi_ac095ceb,media/poi/poi_ac095ceb/1.jpg,landmark,Butterfly Reserve in Singapore,butterfly_reserve,eval,1280,960,,2026-08-18T10:00:00+05:30
pmd_dee2456f,poi_a460f77a,media/poi/poi_a460f77a/0.jpg,landmark,Blue Pottery Workshop in Singapore,blue_pottery_workshop,train,1280,960,crowded,2026-08-18T10:00:00+05:30
pmd_81bdadf1,poi_a460f77a,media/poi/poi_a460f77a/1.jpg,landmark,Blue Pottery Workshop in Singapore,blue_pottery_workshop,eval,1280,960,daylight,2026-08-18T10:00:00+05:30
pmd_27c9782e,poi_c8753eab,media/poi/poi_c8753eab/0.jpg,landmark,Crocodile Park in Singapore,crocodile_park,train,1280,960,,2026-08-18T10:00:00+05:30
pmd_a8abd1a5,poi_c8753eab,media/poi/poi_c8753eab/1.jpg,landmark,Crocodile Park in Singapore,crocodile_park,train,1280,960,indoor,2026-08-18T10:00:00+05:30
pmd_55e1fe5b,poi_ab7dc80e,media/poi/poi_ab7dc80e/0.jpg,landmark,Maritime Museum in Singapore,maritime_museum,train,1280,960,daylight,2026-08-18T10:00:00+05:30
pmd_69c6e7d1,poi_ab7dc80e,media/poi/poi_ab7dc80e/1.jpg,landmark,Maritime Museum in Singapore,maritime_museum,eval,1280,960,,2026-08-18T10:00:00+05:30
pmd_0d8fe9b2,poi_33fc148a,media/poi/poi_33fc148a/0.jpg,landmark,Bangkok Bird Sanctuary in Bangkok,bangkok_bird_sanctuary,train,1280,960,crowded,2026-08-18T10:00:00+05:30
pmd_6ec0960c,poi_33fc148a,media/poi/poi_33fc148a/1.jpg,landmark,Bangkok Bird Sanctuary in Bangkok,bangkok_bird_sanctuary,eval,1280,960,indoor,2026-08-18T10:00:00+05:30
pmd_55259321,poi_21a012fe,media/poi/poi_21a012fe/0.jpg,landmark,"Gallery of Modern Art, Bangkok in Bangkok","gallery_of_modern_art,_bangkok",train,1280,960,dusk,2026-08-18T10:00:00+05:30
pmd_68dfa44c,poi_21a012fe,media/poi/poi_21a012fe/1.jpg,landmark,"Gallery of Modern Art, Bangkok in Bangkok","gallery_of_modern_art,_bangkok",eval,1280,960,daylight,2026-08-18T10:00:00+05:30
pmd_2c857800,poi_64085486,media/poi/poi_64085486/0.jpg,landmark,Hot Springs in Bangkok,hot_springs,train,1280,960,,2026-08-18T10:00:00+05:30
pmd_140769ea,poi_64085486,media/poi/poi_64085486/1.jpg,landmark,Hot Springs in Bangkok,hot_springs,eval,1280,960,,2026-08-18T10:00:00+05:30
pmd_61c6a405,poi_d0d48d2e,media/poi/poi_d0d48d2e/0.jpg,landmark,Rock Garden in Bangkok,rock_garden,train,1280,960,,2026-08-18T10:00:00+05:30
pmd_ea8ecd3c,poi_d0d48d2e,media/poi/poi_d0d48d2e/1.jpg,landmark,Rock Garden in Bangkok,rock_garden,train,1280,960,dusk,2026-08-18T10:00:00+05:30
pmd_cdb37d35,poi_90b70970,media/poi/poi_90b70970/0.jpg,landmark,Watchtower Terrace in Bangkok,watchtower_terrace,train,1280,960,crowded,2026-08-18T10:00:00+05:30
pmd_eab278b9,poi_90b70970,media/poi/poi_90b70970/1.jpg,landmark,Watchtower Terrace in Bangkok,watchtower_terrace,train,1280,960,dusk,2026-08-18T10:00:00+05:30
pmd_c062a44c,poi_c9bd1fcd,media/poi/poi_c9bd1fcd/0.jpg,landmark,Rock Garden in Bangkok,rock_garden,train,1280,960,daylight,2026-08-18T10:00:00+05:30
pmd_01af3fb9,poi_c9bd1fcd,media/poi/poi_c9bd1fcd/1.jpg,landmark,Rock Garden in Bangkok,rock_garden,train,1280,960,crowded,2026-08-18T10:00:00+05:30
pmd_ba397c88,poi_adef3914,media/poi/poi_adef3914/0.jpg,landmark,Bangkok City Museum in Bangkok,bangkok_city_museum,train,1280,960,daylight,2026-08-18T10:00:00+05:30
pmd_fbdbd26e,poi_adef3914,media/poi/poi_adef3914/1.jpg,landmark,Bangkok City Museum in Bangkok,bangkok_city_museum,eval,1280,960,crowded,2026-08-18T10:00:00+05:30
pmd_587d7841,poi_c3cf2431,media/poi/poi_c3cf2431/0.jpg,landmark,Royal Cenotaphs in Bangkok,royal_cenotaphs,train,1280,960,indoor,2026-08-18T10:00:00+05:30
pmd_04479cc1,poi_c3cf2431,media/poi/poi_c3cf2431/1.jpg,landmark,Royal Cenotaphs in Bangkok,royal_cenotaphs,train,1280,960,crowded,2026-08-18T10:00:00+05:30
pmd_d91f98e5,poi_2100d6d3,media/poi/poi_2100d6d3/0.jpg,landmark,Water Palace in Bangkok,water_palace,train,1280,960,crowded,2026-08-18T10:00:00+05:30
pmd_9c9095df,poi_2100d6d3,media/poi/poi_2100d6d3/1.jpg,landmark,Water Palace in Bangkok,water_palace,train,1280,960,,2026-08-18T10:00:00+05:30
pmd_3fe25948,poi_c5ec38ec,media/poi/poi_c5ec38ec/0.jpg,landmark,"Gallery of Modern Art, Bangkok in Bangkok","gallery_of_modern_art,_bangkok",train,1280,960,daylight,2026-08-18T10:00:00+05:30
pmd_d60088d8,poi_c5ec38ec,media/poi/poi_c5ec38ec/1.jpg,landmark,"Gallery of Modern Art, Bangkok in Bangkok","gallery_of_modern_art,_bangkok",eval,1280,960,,2026-08-18T10:00:00+05:30
pmd_aa330621,poi_9a25581d,media/poi/poi_9a25581d/0.jpg,landmark,Bangkok Bird Sanctuary in Bangkok,bangkok_bird_sanctuary,train,1280,960,crowded,2026-08-18T10:00:00+05:30
pmd_e5f6d89e,poi_9a25581d,media/poi/poi_9a25581d/1.jpg,landmark,Bangkok Bird Sanctuary in Bangkok,bangkok_bird_sanctuary,train,1280,960,,2026-08-18T10:00:00+05:30
pmd_02520a31,poi_fb892134,media/poi/poi_fb892134/0.jpg,landmark,Cycling Loop in Bangkok,cycling_loop,train,1280,960,dusk,2026-08-18T10:00:00+05:30
pmd_4d704dfd,poi_fb892134,media/poi/poi_fb892134/1.jpg,landmark,Cycling Loop in Bangkok,cycling_loop,train,1280,960,,2026-08-18T10:00:00+05:30
pmd_165ef4d7,poi_91f66035,media/poi/poi_91f66035/0.jpg,landmark,Hot Springs in Bangkok,hot_springs,train,1280,960,daylight,2026-08-18T10:00:00+05:30
pmd_66ec4cf8,poi_91f66035,media/poi/poi_91f66035/1.jpg,landmark,Hot Springs in Bangkok,hot_springs,eval,1280,960,dusk,2026-08-18T10:00:00+05:30
pmd_795d48c9,poi_aeffb89e,media/poi/poi_aeffb89e/0.jpg,landmark,Ayurveda Centre in Bangkok,ayurveda_centre,train,1280,960,indoor,2026-08-18T10:00:00+05:30
pmd_eb41baa3,poi_aeffb89e,media/poi/poi_aeffb89e/1.jpg,landmark,Ayurveda Centre in Bangkok,ayurveda_centre,eval,1280,960,daylight,2026-08-18T10:00:00+05:30
pmd_b54e0242,poi_670d2abe,media/poi/poi_670d2abe/0.jpg,landmark,Ayurveda Centre in Bangkok,ayurveda_centre,train,1280,960,indoor,2026-08-18T10:00:00+05:30
pmd_67235e4f,poi_670d2abe,media/poi/poi_670d2abe/1.jpg,landmark,Ayurveda Centre in Bangkok,ayurveda_centre,train,1280,960,crowded,2026-08-18T10:00:00+05:30
pmd_a6701c05,poi_23cb8612,media/poi/poi_23cb8612/0.jpg,landmark,Fishermen's Cove in Kuala Lumpur,fishermen's_cove,train,1280,960,crowded,2026-08-18T10:00:00+05:30
pmd_519ea09d,poi_23cb8612,media/poi/poi_23cb8612/1.jpg,landmark,Fishermen's Cove in Kuala Lumpur,fishermen's_cove,eval,1280,960,,2026-08-18T10:00:00+05:30
pmd_6d748be8,poi_042b48b8,media/poi/poi_042b48b8/0.jpg,landmark,Zipline Point in Kuala Lumpur,zipline_point,train,1280,960,,2026-08-18T10:00:00+05:30
pmd_6af6369b,poi_042b48b8,media/poi/poi_042b48b8/1.jpg,landmark,Zipline Point in Kuala Lumpur,zipline_point,train,1280,960,crowded,2026-08-18T10:00:00+05:30
pmd_3eff1628,poi_ee320088,media/poi/poi_ee320088/0.jpg,landmark,Cycling Loop in Kuala Lumpur,cycling_loop,train,1280,960,daylight,2026-08-18T10:00:00+05:30
pmd_c5f9d964,poi_ee320088,media/poi/poi_ee320088/1.jpg,landmark,Cycling Loop in Kuala Lumpur,cycling_loop,train,1280,960,indoor,2026-08-18T10:00:00+05:30
pmd_d5d25ed6,poi_b68d9ac4,media/poi/poi_b68d9ac4/0.jpg,landmark,North Beach in Kuala Lumpur,north_beach,train,1280,960,indoor,2026-08-18T10:00:00+05:30
pmd_f2cbc720,poi_b68d9ac4,media/poi/poi_b68d9ac4/1.jpg,landmark,North Beach in Kuala Lumpur,north_beach,eval,1280,960,indoor,2026-08-18T10:00:00+05:30
pmd_0e5c291c,poi_a0cb84df,media/poi/poi_a0cb84df/0.jpg,landmark,Watchtower Terrace in Kuala Lumpur,watchtower_terrace,train,1280,960,,2026-08-18T10:00:00+05:30
pmd_e55b236a,poi_a0cb84df,media/poi/poi_a0cb84df/1.jpg,landmark,Watchtower Terrace in Kuala Lumpur,watchtower_terrace,eval,1280,960,,2026-08-18T10:00:00+05:30
pmd_cdb1d6aa,poi_277d6ca8,media/poi/poi_277d6ca8/0.jpg,landmark,Kuala Lumpur Bazaar in Kuala Lumpur,kuala_lumpur_bazaar,train,1280,960,,2026-08-18T10:00:00+05:30
pmd_0bce6814,poi_277d6ca8,media/poi/poi_277d6ca8/1.jpg,landmark,Kuala Lumpur Bazaar in Kuala Lumpur,kuala_lumpur_bazaar,train,1280,960,,2026-08-18T10:00:00+05:30
pmd_fa652839,poi_ac776f7b,media/poi/poi_ac776f7b/0.jpg,landmark,Cycling Loop in Kuala Lumpur,cycling_loop,train,1280,960,crowded,2026-08-18T10:00:00+05:30
pmd_3aa88ed7,poi_ac776f7b,media/poi/poi_ac776f7b/1.jpg,landmark,Cycling Loop in Kuala Lumpur,cycling_loop,eval,1280,960,crowded,2026-08-18T10:00:00+05:30
pmd_2bed38f9,poi_448dd95a,media/poi/poi_448dd95a/0.jpg,landmark,Hot Air Balloon Field in Kuala Lumpur,hot_air_balloon_field,train,1280,960,,2026-08-18T10:00:00+05:30
pmd_010333e8,poi_448dd95a,media/poi/poi_448dd95a/1.jpg,landmark,Hot Air Balloon Field in Kuala Lumpur,hot_air_balloon_field,train,1280,960,,2026-08-18T10:00:00+05:30
pmd_f2983f95,poi_baaea645,media/poi/poi_baaea645/0.jpg,landmark,Great Mosque of Kuala Lumpur in Kuala Lumpur,great_mosque_of_kuala_lumpur,train,1280,960,,2026-08-18T10:00:00+05:30
pmd_0e8d8ae7,poi_baaea645,media/poi/poi_baaea645/1.jpg,landmark,Great Mosque of Kuala Lumpur in Kuala Lumpur,great_mosque_of_kuala_lumpur,train,1280,960,,2026-08-18T10:00:00+05:30
pmd_8a171a3d,poi_47a367e4,media/poi/poi_47a367e4/0.jpg,landmark,Maritime Museum in Kuala Lumpur,maritime_museum,train,1280,960,crowded,2026-08-18T10:00:00+05:30
pmd_7e60f1b1,poi_47a367e4,media/poi/poi_47a367e4/1.jpg,landmark,Maritime Museum in Kuala Lumpur,maritime_museum,eval,1280,960,crowded,2026-08-18T10:00:00+05:30
pmd_e27298cc,poi_391f3e77,media/poi/poi_391f3e77/0.jpg,landmark,Watchtower Terrace in Kuala Lumpur,watchtower_terrace,train,1280,960,indoor,2026-08-18T10:00:00+05:30
pmd_31136602,poi_391f3e77,media/poi/poi_391f3e77/1.jpg,landmark,Watchtower Terrace in Kuala Lumpur,watchtower_terrace,train,1280,960,dusk,2026-08-18T10:00:00+05:30
pmd_8328f2d6,poi_dd011b96,media/poi/poi_dd011b96/0.jpg,landmark,Spice Market Walk in Kuala Lumpur,spice_market_walk,train,1280,960,daylight,2026-08-18T10:00:00+05:30
pmd_f4d2339b,poi_dd011b96,media/poi/poi_dd011b96/1.jpg,landmark,Spice Market Walk in Kuala Lumpur,spice_market_walk,eval,1280,960,,2026-08-18T10:00:00+05:30
pmd_ddbaf6cd,poi_566ecbdf,media/poi/poi_566ecbdf/0.jpg,landmark,Ridge Lookout in Kuala Lumpur,ridge_lookout,train,1280,960,daylight,2026-08-18T10:00:00+05:30
pmd_f64f9a72,poi_566ecbdf,media/poi/poi_566ecbdf/1.jpg,landmark,Ridge Lookout in Kuala Lumpur,ridge_lookout,train,1280,960,,2026-08-18T10:00:00+05:30
pmd_111d24f5,poi_8740f93b,media/poi/poi_8740f93b/0.jpg,landmark,Jain Temple Complex in Kuala Lumpur,jain_temple_complex,train,1280,960,,2026-08-18T10:00:00+05:30
pmd_b0cef18b,poi_8740f93b,media/poi/poi_8740f93b/1.jpg,landmark,Jain Temple Complex in Kuala Lumpur,jain_temple_complex,train,1280,960,dusk,2026-08-18T10:00:00+05:30
pmd_e866c671,poi_9d150a02,media/poi/poi_9d150a02/0.jpg,landmark,Kuala Lumpur Bird Sanctuary in Kuala Lumpur,kuala_lumpur_bird_sanctuary,train,1280,960,indoor,2026-08-18T10:00:00+05:30
pmd_f205b6cf,poi_9d150a02,media/poi/poi_9d150a02/1.jpg,landmark,Kuala Lumpur Bird Sanctuary in Kuala Lumpur,kuala_lumpur_bird_sanctuary,train,1280,960,dusk,2026-08-18T10:00:00+05:30
pmd_9cade57a,poi_29af0a10,media/poi/poi_29af0a10/0.jpg,landmark,Coffee Roastery Tour in Bali,coffee_roastery_tour,train,1280,960,,2026-08-18T10:00:00+05:30
pmd_f28c0a8b,poi_29af0a10,media/poi/poi_29af0a10/1.jpg,landmark,Coffee Roastery Tour in Bali,coffee_roastery_tour,train,1280,960,indoor,2026-08-18T10:00:00+05:30
pmd_0d3c52ca,poi_45d40c26,media/poi/poi_45d40c26/0.jpg,landmark,Bali City Museum in Bali,bali_city_museum,train,1280,960,,2026-08-18T10:00:00+05:30
pmd_b9bb38a8,poi_45d40c26,media/poi/poi_45d40c26/1.jpg,landmark,Bali City Museum in Bali,bali_city_museum,train,1280,960,,2026-08-18T10:00:00+05:30
pmd_6af1a7b8,poi_67992007,media/poi/poi_67992007/0.jpg,landmark,Ayurveda Centre in Bali,ayurveda_centre,train,1280,960,crowded,2026-08-18T10:00:00+05:30
pmd_ef38d8ae,poi_67992007,media/poi/poi_67992007/1.jpg,landmark,Ayurveda Centre in Bali,ayurveda_centre,train,1280,960,daylight,2026-08-18T10:00:00+05:30
pmd_c0091f28,poi_19b1930f,media/poi/poi_19b1930f/0.jpg,landmark,Bali Viewpoint in Bali,bali_viewpoint,train,1280,960,crowded,2026-08-18T10:00:00+05:30
pmd_616e262d,poi_19b1930f,media/poi/poi_19b1930f/1.jpg,landmark,Bali Viewpoint in Bali,bali_viewpoint,train,1280,960,daylight,2026-08-18T10:00:00+05:30
pmd_17a039fd,poi_edbbfa7c,media/poi/poi_edbbfa7c/0.jpg,landmark,Water Palace in Bali,water_palace,train,1280,960,dusk,2026-08-18T10:00:00+05:30
pmd_8c5b2542,poi_edbbfa7c,media/poi/poi_edbbfa7c/1.jpg,landmark,Water Palace in Bali,water_palace,eval,1280,960,,2026-08-18T10:00:00+05:30
pmd_1225ae18,poi_4083e010,media/poi/poi_4083e010/0.jpg,landmark,Fishermen's Cove in Bali,fishermen's_cove,train,1280,960,crowded,2026-08-18T10:00:00+05:30
pmd_306e7e90,poi_4083e010,media/poi/poi_4083e010/1.jpg,landmark,Fishermen's Cove in Bali,fishermen's_cove,train,1280,960,crowded,2026-08-18T10:00:00+05:30
pmd_e72b232a,poi_7fd38d45,media/poi/poi_7fd38d45/0.jpg,landmark,Night Food Bazaar in Bali,night_food_bazaar,train,1280,960,daylight,2026-08-18T10:00:00+05:30
pmd_b3c42240,poi_7fd38d45,media/poi/poi_7fd38d45/1.jpg,landmark,Night Food Bazaar in Bali,night_food_bazaar,train,1280,960,indoor,2026-08-18T10:00:00+05:30
pmd_f173cd15,poi_adab11df,media/poi/poi_adab11df/0.jpg,landmark,Bali Stepwell in Bali,bali_stepwell,train,1280,960,daylight,2026-08-18T10:00:00+05:30
pmd_ca6213c9,poi_adab11df,media/poi/poi_adab11df/1.jpg,landmark,Bali Stepwell in Bali,bali_stepwell,train,1280,960,daylight,2026-08-18T10:00:00+05:30
pmd_f6ae35d1,poi_f9130509,media/poi/poi_f9130509/0.jpg,landmark,Bali Bazaar in Bali,bali_bazaar,train,1280,960,dusk,2026-08-18T10:00:00+05:30
pmd_68db76a2,poi_f9130509,media/poi/poi_f9130509/1.jpg,landmark,Bali Bazaar in Bali,bali_bazaar,eval,1280,960,,2026-08-18T10:00:00+05:30
pmd_31da6152,poi_c82b2d5e,media/poi/poi_c82b2d5e/0.jpg,landmark,Textile Museum in Bali,textile_museum,train,1280,960,daylight,2026-08-18T10:00:00+05:30
pmd_be7e1196,poi_c82b2d5e,media/poi/poi_c82b2d5e/1.jpg,landmark,Textile Museum in Bali,textile_museum,train,1280,960,indoor,2026-08-18T10:00:00+05:30
pmd_5edad8b4,poi_6f8881e5,media/poi/poi_6f8881e5/0.jpg,landmark,Watchtower Terrace in Bali,watchtower_terrace,train,1280,960,,2026-08-18T10:00:00+05:30
pmd_d37dd0cc,poi_6f8881e5,media/poi/poi_6f8881e5/1.jpg,landmark,Watchtower Terrace in Bali,watchtower_terrace,train,1280,960,dusk,2026-08-18T10:00:00+05:30
pmd_263bf309,poi_8bbc9fa1,media/poi/poi_8bbc9fa1/0.jpg,landmark,Blue Pottery Workshop in Bali,blue_pottery_workshop,train,1280,960,,2026-08-18T10:00:00+05:30
pmd_14225ebb,poi_8bbc9fa1,media/poi/poi_8bbc9fa1/1.jpg,landmark,Blue Pottery Workshop in Bali,blue_pottery_workshop,train,1280,960,,2026-08-18T10:00:00+05:30
pmd_4d6cd20e,poi_47522fff,media/poi/poi_47522fff/0.jpg,landmark,Blue Pottery Workshop in Bali,blue_pottery_workshop,train,1280,960,,2026-08-18T10:00:00+05:30
pmd_0bb03998,poi_47522fff,media/poi/poi_47522fff/1.jpg,landmark,Blue Pottery Workshop in Bali,blue_pottery_workshop,train,1280,960,,2026-08-18T10:00:00+05:30
pmd_2fc8338e,poi_13d980c4,media/poi/poi_13d980c4/0.jpg,landmark,Lighthouse Beach in Bali,lighthouse_beach,train,1280,960,,2026-08-18T10:00:00+05:30
pmd_1cf846ca,poi_13d980c4,media/poi/poi_13d980c4/1.jpg,landmark,Lighthouse Beach in Bali,lighthouse_beach,train,1280,960,daylight,2026-08-18T10:00:00+05:30
pmd_f5a0831c,poi_4f98940c,media/poi/poi_4f98940c/0.jpg,landmark,Zipline Point in Bali,zipline_point,train,1280,960,,2026-08-18T10:00:00+05:30
pmd_0728a6ed,poi_4f98940c,media/poi/poi_4f98940c/1.jpg,landmark,Zipline Point in Bali,zipline_point,eval,1280,960,,2026-08-18T10:00:00+05:30
pmd_225cd282,poi_25297fae,media/poi/poi_25297fae/0.jpg,landmark,Rock Garden in Kyoto,rock_garden,train,1280,960,daylight,2026-08-18T10:00:00+05:30
pmd_9be14862,poi_25297fae,media/poi/poi_25297fae/1.jpg,landmark,Rock Garden in Kyoto,rock_garden,train,1280,960,,2026-08-18T10:00:00+05:30
pmd_4d98f366,poi_b6e36b7d,media/poi/poi_b6e36b7d/0.jpg,landmark,Watchtower Terrace in Kyoto,watchtower_terrace,train,1280,960,,2026-08-18T10:00:00+05:30
pmd_73903a7d,poi_b6e36b7d,media/poi/poi_b6e36b7d/1.jpg,landmark,Watchtower Terrace in Kyoto,watchtower_terrace,eval,1280,960,indoor,2026-08-18T10:00:00+05:30
pmd_6e95d02d,poi_7dbcbc93,media/poi/poi_7dbcbc93/0.jpg,landmark,Cliff Walk in Kyoto,cliff_walk,train,1280,960,,2026-08-18T10:00:00+05:30
pmd_6a899ee9,poi_7dbcbc93,media/poi/poi_7dbcbc93/1.jpg,landmark,Cliff Walk in Kyoto,cliff_walk,train,1280,960,,2026-08-18T10:00:00+05:30
pmd_41d9718c,poi_7222df37,media/poi/poi_7222df37/0.jpg,landmark,Riverside Lounge in Kyoto,riverside_lounge,train,1280,960,,2026-08-18T10:00:00+05:30
pmd_8562eddf,poi_7222df37,media/poi/poi_7222df37/1.jpg,landmark,Riverside Lounge in Kyoto,riverside_lounge,train,1280,960,dusk,2026-08-18T10:00:00+05:30
pmd_7a329383,poi_7b3b06ba,media/poi/poi_7b3b06ba/0.jpg,landmark,Jain Temple Complex in Kyoto,jain_temple_complex,train,1280,960,,2026-08-18T10:00:00+05:30
pmd_2396f0f7,poi_7b3b06ba,media/poi/poi_7b3b06ba/1.jpg,landmark,Jain Temple Complex in Kyoto,jain_temple_complex,eval,1280,960,dusk,2026-08-18T10:00:00+05:30
pmd_58bbf62c,poi_5f0425b4,media/poi/poi_5f0425b4/0.jpg,landmark,Kyoto Bazaar in Kyoto,kyoto_bazaar,train,1280,960,crowded,2026-08-18T10:00:00+05:30
pmd_bad16c0c,poi_5f0425b4,media/poi/poi_5f0425b4/1.jpg,landmark,Kyoto Bazaar in Kyoto,kyoto_bazaar,train,1280,960,crowded,2026-08-18T10:00:00+05:30
pmd_2147270c,poi_1fcbd044,media/poi/poi_1fcbd044/0.jpg,landmark,"Old Palace, Kyoto in Kyoto","old_palace,_kyoto",train,1280,960,,2026-08-18T10:00:00+05:30
pmd_2496a628,poi_1fcbd044,media/poi/poi_1fcbd044/1.jpg,landmark,"Old Palace, Kyoto in Kyoto","old_palace,_kyoto",train,1280,960,crowded,2026-08-18T10:00:00+05:30
pmd_302ebc2a,poi_d2db3dab,media/poi/poi_d2db3dab/0.jpg,landmark,Blue Pottery Workshop in Kyoto,blue_pottery_workshop,train,1280,960,,2026-08-18T10:00:00+05:30
pmd_58f8d827,poi_d2db3dab,media/poi/poi_d2db3dab/1.jpg,landmark,Blue Pottery Workshop in Kyoto,blue_pottery_workshop,train,1280,960,daylight,2026-08-18T10:00:00+05:30
pmd_e25d0500,poi_d1c73e68,media/poi/poi_d1c73e68/0.jpg,landmark,Museum of Coins in Kyoto,museum_of_coins,train,1280,960,daylight,2026-08-18T10:00:00+05:30
pmd_b5996719,poi_d1c73e68,media/poi/poi_d1c73e68/1.jpg,landmark,Museum of Coins in Kyoto,museum_of_coins,train,1280,960,indoor,2026-08-18T10:00:00+05:30
pmd_7dfc7b3d,poi_1fcba288,media/poi/poi_1fcba288/0.jpg,landmark,Crocodile Park in Kyoto,crocodile_park,train,1280,960,crowded,2026-08-18T10:00:00+05:30
pmd_3e562489,poi_1fcba288,media/poi/poi_1fcba288/1.jpg,landmark,Crocodile Park in Kyoto,crocodile_park,eval,1280,960,dusk,2026-08-18T10:00:00+05:30
pmd_8ba0a85b,poi_18c77529,media/poi/poi_18c77529/0.jpg,landmark,Botanical Gardens in Kyoto,botanical_gardens,train,1280,960,indoor,2026-08-18T10:00:00+05:30
pmd_14f5056e,poi_18c77529,media/poi/poi_18c77529/1.jpg,landmark,Botanical Gardens in Kyoto,botanical_gardens,train,1280,960,daylight,2026-08-18T10:00:00+05:30
pmd_ba4871f3,poi_4814eeb4,media/poi/poi_4814eeb4/0.jpg,landmark,Maritime Museum in Kyoto,maritime_museum,train,1280,960,dusk,2026-08-18T10:00:00+05:30
pmd_b01cd083,poi_4814eeb4,media/poi/poi_4814eeb4/1.jpg,landmark,Maritime Museum in Kyoto,maritime_museum,train,1280,960,dusk,2026-08-18T10:00:00+05:30
pmd_6b63b7bd,poi_1b12b60f,media/poi/poi_1b12b60f/0.jpg,landmark,Elephant Camp in Kyoto,elephant_camp,train,1280,960,daylight,2026-08-18T10:00:00+05:30
pmd_f80dd2c7,poi_1b12b60f,media/poi/poi_1b12b60f/1.jpg,landmark,Elephant Camp in Kyoto,elephant_camp,train,1280,960,indoor,2026-08-18T10:00:00+05:30
pmd_facd418d,poi_9ebb50cc,media/poi/poi_9ebb50cc/0.jpg,landmark,Jain Temple Complex in Kyoto,jain_temple_complex,train,1280,960,dusk,2026-08-18T10:00:00+05:30
pmd_e0bdedcc,poi_9ebb50cc,media/poi/poi_9ebb50cc/1.jpg,landmark,Jain Temple Complex in Kyoto,jain_temple_complex,train,1280,960,,2026-08-18T10:00:00+05:30
pmd_7e37705f,poi_e8cfe658,media/poi/poi_e8cfe658/0.jpg,landmark,Kyoto Temple in Kyoto,kyoto_temple,train,1280,960,,2026-08-18T10:00:00+05:30
pmd_2489bbca,poi_e8cfe658,media/poi/poi_e8cfe658/1.jpg,landmark,Kyoto Temple in Kyoto,kyoto_temple,train,1280,960,dusk,2026-08-18T10:00:00+05:30
pmd_ac82def7,poi_36344a67,media/poi/poi_36344a67/0.jpg,landmark,Night Food Bazaar in Zurich,night_food_bazaar,train,1280,960,,2026-08-18T10:00:00+05:30
pmd_0f99d6f4,poi_36344a67,media/poi/poi_36344a67/1.jpg,landmark,Night Food Bazaar in Zurich,night_food_bazaar,eval,1280,960,daylight,2026-08-18T10:00:00+05:30
pmd_b6c4a453,poi_a2683340,media/poi/poi_a2683340/0.jpg,landmark,Cliff Walk in Zurich,cliff_walk,train,1280,960,daylight,2026-08-18T10:00:00+05:30
pmd_0263bb8e,poi_a2683340,media/poi/poi_a2683340/1.jpg,landmark,Cliff Walk in Zurich,cliff_walk,eval,1280,960,daylight,2026-08-18T10:00:00+05:30
pmd_1e8fdccc,poi_0d0097d8,media/poi/poi_0d0097d8/0.jpg,landmark,Cycling Loop in Zurich,cycling_loop,train,1280,960,indoor,2026-08-18T10:00:00+05:30
pmd_48167ca1,poi_0d0097d8,media/poi/poi_0d0097d8/1.jpg,landmark,Cycling Loop in Zurich,cycling_loop,train,1280,960,indoor,2026-08-18T10:00:00+05:30
pmd_6ce29993,poi_91b95b2c,media/poi/poi_91b95b2c/0.jpg,landmark,Zipline Point in Zurich,zipline_point,train,1280,960,indoor,2026-08-18T10:00:00+05:30
pmd_79d24ded,poi_91b95b2c,media/poi/poi_91b95b2c/1.jpg,landmark,Zipline Point in Zurich,zipline_point,eval,1280,960,crowded,2026-08-18T10:00:00+05:30
pmd_9f5124f1,poi_7858bc94,media/poi/poi_7858bc94/0.jpg,landmark,Riverside Lounge in Zurich,riverside_lounge,train,1280,960,,2026-08-18T10:00:00+05:30
pmd_d368bf25,poi_7858bc94,media/poi/poi_7858bc94/1.jpg,landmark,Riverside Lounge in Zurich,riverside_lounge,eval,1280,960,daylight,2026-08-18T10:00:00+05:30
pmd_19303cd6,poi_0f290346,media/poi/poi_0f290346/0.jpg,landmark,Zurich City Museum in Zurich,zurich_city_museum,train,1280,960,crowded,2026-08-18T10:00:00+05:30
pmd_6df5cdef,poi_0f290346,media/poi/poi_0f290346/1.jpg,landmark,Zurich City Museum in Zurich,zurich_city_museum,train,1280,960,,2026-08-18T10:00:00+05:30
pmd_117a6770,poi_6a47f431,media/poi/poi_6a47f431/0.jpg,landmark,Riverside Lounge in Zurich,riverside_lounge,train,1280,960,indoor,2026-08-18T10:00:00+05:30
pmd_5d431c30,poi_6a47f431,media/poi/poi_6a47f431/1.jpg,landmark,Riverside Lounge in Zurich,riverside_lounge,train,1280,960,crowded,2026-08-18T10:00:00+05:30
pmd_b4f9f0ea,poi_2de73961,media/poi/poi_2de73961/0.jpg,landmark,Museum of Coins in Zurich,museum_of_coins,train,1280,960,,2026-08-18T10:00:00+05:30
pmd_2ef57443,poi_2de73961,media/poi/poi_2de73961/1.jpg,landmark,Museum of Coins in Zurich,museum_of_coins,train,1280,960,daylight,2026-08-18T10:00:00+05:30
pmd_2ce20f3b,poi_e42ee142,media/poi/poi_e42ee142/0.jpg,landmark,Rock Garden in Zurich,rock_garden,train,1280,960,,2026-08-18T10:00:00+05:30
pmd_61696781,poi_e42ee142,media/poi/poi_e42ee142/1.jpg,landmark,Rock Garden in Zurich,rock_garden,train,1280,960,daylight,2026-08-18T10:00:00+05:30
pmd_b414f374,poi_691b9d78,media/poi/poi_691b9d78/0.jpg,landmark,Kayaking at Zurich in Zurich,kayaking_at_zurich,train,1280,960,indoor,2026-08-18T10:00:00+05:30
pmd_950dd7c9,poi_691b9d78,media/poi/poi_691b9d78/1.jpg,landmark,Kayaking at Zurich in Zurich,kayaking_at_zurich,train,1280,960,,2026-08-18T10:00:00+05:30
pmd_f13eac1b,poi_84400ff6,media/poi/poi_84400ff6/0.jpg,landmark,Hot Springs in Zurich,hot_springs,train,1280,960,,2026-08-18T10:00:00+05:30
pmd_ca246130,poi_84400ff6,media/poi/poi_84400ff6/1.jpg,landmark,Hot Springs in Zurich,hot_springs,eval,1280,960,,2026-08-18T10:00:00+05:30
pmd_61576b45,poi_4af84782,media/poi/poi_4af84782/0.jpg,landmark,Paragliding Launch in Zurich,paragliding_launch,train,1280,960,,2026-08-18T10:00:00+05:30
pmd_f6be8ade,poi_4af84782,media/poi/poi_4af84782/1.jpg,landmark,Paragliding Launch in Zurich,paragliding_launch,train,1280,960,daylight,2026-08-18T10:00:00+05:30
pmd_b9f64dc0,poi_44b0ea0b,media/poi/poi_44b0ea0b/0.jpg,landmark,Zurich Stepwell in Zurich,zurich_stepwell,train,1280,960,indoor,2026-08-18T10:00:00+05:30
pmd_2f9686dd,poi_44b0ea0b,media/poi/poi_44b0ea0b/1.jpg,landmark,Zurich Stepwell in Zurich,zurich_stepwell,train,1280,960,indoor,2026-08-18T10:00:00+05:30
pmd_8ba5a7de,poi_2751dae9,media/poi/poi_2751dae9/0.jpg,landmark,Puppet Museum in Zurich,puppet_museum,train,1280,960,indoor,2026-08-18T10:00:00+05:30
pmd_700e933e,poi_2751dae9,media/poi/poi_2751dae9/1.jpg,landmark,Puppet Museum in Zurich,puppet_museum,train,1280,960,crowded,2026-08-18T10:00:00+05:30
pmd_88732de0,poi_1351648f,media/poi/poi_1351648f/0.jpg,landmark,Maritime Museum in Zurich,maritime_museum,train,1280,960,indoor,2026-08-18T10:00:00+05:30
pmd_b87f1126,poi_1351648f,media/poi/poi_1351648f/1.jpg,landmark,Maritime Museum in Zurich,maritime_museum,train,1280,960,crowded,2026-08-18T10:00:00+05:30
