matrix_id,origin_poi_id,dest_poi_id,mode,minutes,distance_km,carbon_kg,cost,currency,bearing_deg,updated_at
ptm_d526df68,poi_7f6561ec,poi_afcb7beb,walk,27,1.981,0,0.00,INR,135,2026-08-18T10:00:00+05:30
ptm_b803a9e7,poi_7f6561ec,poi_afcb7beb,cab,11,1.981,0.339,61.67,INR,135,2026-08-18T10:00:00+05:30
ptm_4396519f,poi_7f6561ec,poi_bf6716e9,cab,41,11.499,1.966,223.48,INR,306,2026-08-18T10:00:00+05:30
ptm_794da684,poi_7f6561ec,poi_e68abae6,cab,23,5.73,0.98,125.40,INR,275,2026-08-18T10:00:00+05:30
ptm_5c3fd85d,poi_7f6561ec,poi_fe8a867b,cab,25,6.634,1.134,140.77,INR,302,2026-08-18T10:00:00+05:30
ptm_c461333d,poi_7f6561ec,poi_c192ae9d,cab,32,8.666,1.482,175.31,INR,239,2026-08-18T10:00:00+05:30
ptm_cb680514,poi_7f6561ec,poi_cd4eb948,cab,21,5.226,0.894,116.84,INR,94,2026-08-18T10:00:00+05:30
ptm_0d124233,poi_7f6561ec,poi_443a14c5,cab,20,4.776,0.817,109.19,INR,52,2026-08-18T10:00:00+05:30
ptm_bd2eff2c,poi_7f6561ec,poi_364cac5a,cab,25,6.631,1.134,140.72,INR,122,2026-08-18T10:00:00+05:30
ptm_17749a68,poi_7f6561ec,poi_5252b3dc,cab,40,11.351,1.941,220.96,INR,323,2026-08-18T10:00:00+05:30
ptm_3f5ea010,poi_afcb7beb,poi_7f6561ec,walk,27,1.981,0,0.00,INR,315,2026-08-18T10:00:00+05:30
ptm_1d2a8074,poi_afcb7beb,poi_7f6561ec,cab,11,1.981,0.339,61.67,INR,315,2026-08-18T10:00:00+05:30
ptm_cb29e93b,poi_afcb7beb,poi_bf6716e9,cab,47,13.46,2.302,256.82,INR,308,2026-08-18T10:00:00+05:30
ptm_b745d093,poi_afcb7beb,poi_e68abae6,cab,28,7.352,1.257,152.99,INR,285,2026-08-18T10:00:00+05:30
ptm_82ecd957,poi_afcb7beb,poi_fe8a867b,cab,32,8.577,1.467,173.80,INR,305,2026-08-18T10:00:00+05:30
ptm_750b2a34,poi_afcb7beb,poi_c192ae9d,cab,34,9.357,1.6,187.07,INR,251,2026-08-18T10:00:00+05:30
ptm_6c993b4d,poi_afcb7beb,poi_cd4eb948,walk,53,3.942,0,0.00,INR,75,2026-08-18T10:00:00+05:30
ptm_8ff88211,poi_afcb7beb,poi_cd4eb948,cab,17,3.942,0.674,95.01,INR,75,2026-08-18T10:00:00+05:30
ptm_03af31af,poi_afcb7beb,poi_443a14c5,cab,20,4.931,0.843,111.83,INR,29,2026-08-18T10:00:00+05:30
ptm_0f46000d,poi_afcb7beb,poi_364cac5a,cab,19,4.721,0.807,108.26,INR,117,2026-08-18T10:00:00+05:30
ptm_b96c639b,poi_afcb7beb,poi_5252b3dc,cab,47,13.316,2.277,254.37,INR,322,2026-08-18T10:00:00+05:30
ptm_0da4d232,poi_bf6716e9,poi_7f6561ec,cab,41,11.499,1.966,223.48,INR,126,2026-08-18T10:00:00+05:30
ptm_83d75457,poi_bf6716e9,poi_afcb7beb,cab,47,13.46,2.302,256.82,INR,128,2026-08-18T10:00:00+05:30
ptm_2c59872f,poi_bf6716e9,poi_e68abae6,cab,27,7.267,1.243,151.53,INR,151,2026-08-18T10:00:00+05:30
ptm_5585c952,poi_bf6716e9,poi_fe8a867b,cab,20,4.903,0.838,111.35,INR,132,2026-08-18T10:00:00+05:30
ptm_061a7e10,poi_bf6716e9,poi_c192ae9d,cab,40,11.354,1.942,221.02,INR,171,2026-08-18T10:00:00+05:30
ptm_efc692a3,poi_bf6716e9,poi_cd4eb948,cab,56,16.172,2.765,302.92,INR,116,2026-08-18T10:00:00+05:30
ptm_dcc899fe,poi_bf6716e9,poi_443a14c5,cab,48,13.619,2.329,259.53,INR,107,2026-08-18T10:00:00+05:30
ptm_8c615e49,poi_bf6716e9,poi_364cac5a,cab,62,18.118,3.098,336.01,INR,125,2026-08-18T10:00:00+05:30
ptm_49f4ca94,poi_bf6716e9,poi_5252b3dc,walk,44,3.29,0,0.00,INR,47,2026-08-18T10:00:00+05:30
ptm_d95accc3,poi_bf6716e9,poi_5252b3dc,cab,15,3.29,0.563,83.93,INR,47,2026-08-18T10:00:00+05:30
ptm_0f0c88c9,poi_e68abae6,poi_7f6561ec,cab,23,5.73,0.98,125.40,INR,95,2026-08-18T10:00:00+05:30
ptm_a8f67225,poi_e68abae6,poi_afcb7beb,cab,28,7.352,1.257,152.99,INR,105,2026-08-18T10:00:00+05:30
ptm_c5861aaf,poi_e68abae6,poi_bf6716e9,cab,27,7.267,1.243,151.53,INR,331,2026-08-18T10:00:00+05:30
ptm_6ba0b711,poi_e68abae6,poi_fe8a867b,walk,42,3.077,0,0.00,INR,2,2026-08-18T10:00:00+05:30
ptm_693888a8,poi_e68abae6,poi_fe8a867b,cab,14,3.077,0.526,80.30,INR,2,2026-08-18T10:00:00+05:30
ptm_9c9e76f0,poi_e68abae6,poi_c192ae9d,cab,21,5.179,0.886,116.05,INR,200,2026-08-18T10:00:00+05:30
ptm_71db4c32,poi_e68abae6,poi_cd4eb948,cab,39,10.956,1.873,214.24,INR,95,2026-08-18T10:00:00+05:30
ptm_02d7736b,poi_e68abae6,poi_443a14c5,cab,35,9.804,1.676,194.66,INR,76,2026-08-18T10:00:00+05:30
ptm_5e80eb59,poi_e68abae6,poi_364cac5a,cab,42,12.011,2.054,232.19,INR,109,2026-08-18T10:00:00+05:30
ptm_76a5caa7,poi_e68abae6,poi_5252b3dc,cab,32,8.651,1.479,175.07,INR,352,2026-08-18T10:00:00+05:30
ptm_c32c0952,poi_fe8a867b,poi_7f6561ec,cab,25,6.634,1.134,140.77,INR,122,2026-08-18T10:00:00+05:30
ptm_deb27ecb,poi_fe8a867b,poi_afcb7beb,cab,32,8.577,1.467,173.80,INR,125,2026-08-18T10:00:00+05:30
ptm_64060d98,poi_fe8a867b,poi_bf6716e9,cab,20,4.903,0.838,111.35,INR,312,2026-08-18T10:00:00+05:30
ptm_f2342ae6,poi_fe8a867b,poi_e68abae6,walk,42,3.077,0,0.00,INR,182,2026-08-18T10:00:00+05:30
ptm_f766843d,poi_fe8a867b,poi_e68abae6,cab,14,3.077,0.526,80.30,INR,182,2026-08-18T10:00:00+05:30
ptm_607d0351,poi_fe8a867b,poi_c192ae9d,cab,30,8.162,1.396,166.76,INR,193,2026-08-18T10:00:00+05:30
ptm_6fe86b34,poi_fe8a867b,poi_cd4eb948,cab,41,11.514,1.969,223.73,INR,110,2026-08-18T10:00:00+05:30
ptm_04686eeb,poi_fe8a867b,poi_443a14c5,cab,34,9.412,1.609,188.00,INR,94,2026-08-18T10:00:00+05:30
ptm_e2eecd9e,poi_fe8a867b,poi_364cac5a,cab,46,13.264,2.268,253.49,INR,122,2026-08-18T10:00:00+05:30
ptm_e961da58,poi_fe8a867b,poi_5252b3dc,cab,22,5.641,0.965,123.89,INR,347,2026-08-18T10:00:00+05:30
ptm_3392ad36,poi_c192ae9d,poi_7f6561ec,cab,32,8.666,1.482,175.31,INR,59,2026-08-18T10:00:00+05:30
ptm_7dff006a,poi_c192ae9d,poi_afcb7beb,cab,34,9.357,1.6,187.07,INR,71,2026-08-18T10:00:00+05:30
ptm_d047bfab,poi_c192ae9d,poi_bf6716e9,cab,40,11.354,1.942,221.02,INR,351,2026-08-18T10:00:00+05:30
ptm_63e4ed44,poi_c192ae9d,poi_e68abae6,cab,21,5.179,0.886,116.05,INR,20,2026-08-18T10:00:00+05:30
ptm_374227ed,poi_c192ae9d,poi_fe8a867b,cab,30,8.162,1.396,166.76,INR,13,2026-08-18T10:00:00+05:30
ptm_3e85253e,poi_c192ae9d,poi_cd4eb948,cab,46,13.292,2.273,253.97,INR,72,2026-08-18T10:00:00+05:30
ptm_7f04602f,poi_c192ae9d,poi_443a14c5,cab,47,13.418,2.294,256.11,INR,57,2026-08-18T10:00:00+05:30
ptm_07b0fdf6,poi_c192ae9d,poi_364cac5a,cab,46,13.112,2.242,250.90,INR,86,2026-08-18T10:00:00+05:30
ptm_eddd25d3,poi_c192ae9d,poi_5252b3dc,cab,47,13.462,2.302,256.86,INR,3,2026-08-18T10:00:00+05:30
ptm_55a78951,poi_cd4eb948,poi_7f6561ec,cab,21,5.226,0.894,116.84,INR,274,2026-08-18T10:00:00+05:30
ptm_5e694d9d,poi_cd4eb948,poi_afcb7beb,walk,53,3.942,0,0.00,INR,255,2026-08-18T10:00:00+05:30
ptm_6de89245,poi_cd4eb948,poi_afcb7beb,cab,17,3.942,0.674,95.01,INR,255,2026-08-18T10:00:00+05:30
ptm_a74de310,poi_cd4eb948,poi_bf6716e9,cab,56,16.172,2.765,302.92,INR,296,2026-08-18T10:00:00+05:30
ptm_320e4c80,poi_cd4eb948,poi_e68abae6,cab,39,10.956,1.873,214.24,INR,275,2026-08-18T10:00:00+05:30
ptm_36fbe99a,poi_cd4eb948,poi_fe8a867b,cab,41,11.514,1.969,223.73,INR,290,2026-08-18T10:00:00+05:30
ptm_b16e0242,poi_cd4eb948,poi_c192ae9d,cab,46,13.292,2.273,253.97,INR,252,2026-08-18T10:00:00+05:30
ptm_dd3987fa,poi_cd4eb948,poi_443a14c5,walk,49,3.606,0,0.00,INR,337,2026-08-18T10:00:00+05:30
ptm_7df47672,poi_cd4eb948,poi_443a14c5,cab,16,3.606,0.617,89.31,INR,337,2026-08-18T10:00:00+05:30
ptm_bb2f6b50,poi_cd4eb948,poi_364cac5a,walk,43,3.15,0,0.00,INR,173,2026-08-18T10:00:00+05:30
ptm_4b7e579c,poi_cd4eb948,poi_364cac5a,cab,14,3.15,0.539,81.55,INR,173,2026-08-18T10:00:00+05:30
ptm_40c7e534,poi_cd4eb948,poi_5252b3dc,cab,53,15.323,2.62,288.49,INR,308,2026-08-18T10:00:00+05:30
ptm_ed523121,poi_443a14c5,poi_7f6561ec,cab,20,4.776,0.817,109.19,INR,232,2026-08-18T10:00:00+05:30
ptm_2b6d331d,poi_443a14c5,poi_afcb7beb,cab,20,4.931,0.843,111.83,INR,209,2026-08-18T10:00:00+05:30
ptm_577d48da,poi_443a14c5,poi_bf6716e9,cab,48,13.619,2.329,259.53,INR,287,2026-08-18T10:00:00+05:30
ptm_f819d5ba,poi_443a14c5,poi_e68abae6,cab,35,9.804,1.676,194.66,INR,256,2026-08-18T10:00:00+05:30
ptm_d0befb96,poi_443a14c5,poi_fe8a867b,cab,34,9.412,1.609,188.00,INR,274,2026-08-18T10:00:00+05:30
ptm_9875c5ca,poi_443a14c5,poi_c192ae9d,cab,47,13.418,2.294,256.11,INR,237,2026-08-18T10:00:00+05:30
ptm_79d01a85,poi_443a14c5,poi_cd4eb948,walk,49,3.606,0,0.00,INR,157,2026-08-18T10:00:00+05:30
ptm_e78a3e14,poi_443a14c5,poi_cd4eb948,cab,16,3.606,0.617,89.31,INR,157,2026-08-18T10:00:00+05:30
ptm_c918536d,poi_443a14c5,poi_364cac5a,cab,26,6.692,1.144,141.77,INR,164,2026-08-18T10:00:00+05:30
ptm_0836d65f,poi_443a14c5,poi_5252b3dc,cab,43,12.28,2.1,236.76,INR,300,2026-08-18T10:00:00+05:30
ptm_7cb49e25,poi_364cac5a,poi_7f6561ec,cab,25,6.631,1.134,140.72,INR,302,2026-08-18T10:00:00+05:30
ptm_6230c536,poi_364cac5a,poi_afcb7beb,cab,19,4.721,0.807,108.26,INR,297,2026-08-18T10:00:00+05:30
ptm_a00d6070,poi_364cac5a,poi_bf6716e9,cab,62,18.118,3.098,336.01,INR,305,2026-08-18T10:00:00+05:30
ptm_518875de,poi_364cac5a,poi_e68abae6,cab,42,12.011,2.054,232.19,INR,289,2026-08-18T10:00:00+05:30
ptm_f548b711,poi_364cac5a,poi_fe8a867b,cab,46,13.264,2.268,253.49,INR,302,2026-08-18T10:00:00+05:30
ptm_9b00c5e7,poi_364cac5a,poi_c192ae9d,cab,46,13.112,2.242,250.90,INR,266,2026-08-18T10:00:00+05:30
ptm_3ecf4d7a,poi_364cac5a,poi_cd4eb948,walk,43,3.15,0,0.00,INR,353,2026-08-18T10:00:00+05:30
ptm_596774b4,poi_364cac5a,poi_cd4eb948,cab,14,3.15,0.539,81.55,INR,353,2026-08-18T10:00:00+05:30
ptm_4c671616,poi_364cac5a,poi_443a14c5,cab,26,6.692,1.144,141.77,INR,344,2026-08-18T10:00:00+05:30
ptm_960ed5ee,poi_364cac5a,poi_5252b3dc,cab,60,17.707,3.028,329.02,INR,315,2026-08-18T10:00:00+05:30
ptm_ea401342,poi_5252b3dc,poi_7f6561ec,cab,40,11.351,1.941,220.96,INR,143,2026-08-18T10:00:00+05:30
ptm_25ddf450,poi_5252b3dc,poi_afcb7beb,cab,47,13.316,2.277,254.37,INR,142,2026-08-18T10:00:00+05:30
ptm_b8fc9078,poi_5252b3dc,poi_bf6716e9,walk,44,3.29,0,0.00,INR,227,2026-08-18T10:00:00+05:30
ptm_91d5285a,poi_5252b3dc,poi_bf6716e9,cab,15,3.29,0.563,83.93,INR,227,2026-08-18T10:00:00+05:30
ptm_b30c4172,poi_5252b3dc,poi_e68abae6,cab,32,8.651,1.479,175.07,INR,172,2026-08-18T10:00:00+05:30
ptm_0a0db40f,poi_5252b3dc,poi_fe8a867b,cab,22,5.641,0.965,123.89,INR,167,2026-08-18T10:00:00+05:30
ptm_fc7e7eea,poi_5252b3dc,poi_c192ae9d,cab,47,13.462,2.302,256.86,INR,183,2026-08-18T10:00:00+05:30
ptm_9e5569e1,poi_5252b3dc,poi_cd4eb948,cab,53,15.323,2.62,288.49,INR,128,2026-08-18T10:00:00+05:30
ptm_4a369bcb,poi_5252b3dc,poi_443a14c5,cab,43,12.28,2.1,236.76,INR,120,2026-08-18T10:00:00+05:30
ptm_4ada26de,poi_5252b3dc,poi_364cac5a,cab,60,17.707,3.028,329.02,INR,135,2026-08-18T10:00:00+05:30
ptm_030529b2,poi_39c95ec6,poi_c0128d7d,walk,39,2.867,0,0.00,INR,358,2026-08-18T10:00:00+05:30
ptm_c9c22efd,poi_39c95ec6,poi_c0128d7d,cab,14,2.867,0.49,76.74,INR,358,2026-08-18T10:00:00+05:30
ptm_463277aa,poi_39c95ec6,poi_78eecc44,cab,25,6.36,1.088,136.12,INR,262,2026-08-18T10:00:00+05:30
ptm_afd94a99,poi_39c95ec6,poi_6949e353,cab,31,8.483,1.451,172.21,INR,209,2026-08-18T10:00:00+05:30
ptm_a9ec939a,poi_39c95ec6,poi_9e725958,cab,32,8.687,1.486,175.68,INR,337,2026-08-18T10:00:00+05:30
ptm_f0f672a5,poi_39c95ec6,poi_7d81053b,walk,42,3.079,0,0.00,INR,355,2026-08-18T10:00:00+05:30
ptm_24ceb173,poi_39c95ec6,poi_7d81053b,cab,14,3.079,0.527,80.34,INR,355,2026-08-18T10:00:00+05:30
ptm_797e2011,poi_39c95ec6,poi_3ca0d3de,cab,20,4.869,0.833,110.77,INR,332,2026-08-18T10:00:00+05:30
ptm_6bcde9ca,poi_39c95ec6,poi_d052fde5,walk,32,2.313,0,0.00,INR,281,2026-08-18T10:00:00+05:30
ptm_c78c160d,poi_39c95ec6,poi_d052fde5,cab,12,2.313,0.395,67.32,INR,281,2026-08-18T10:00:00+05:30
ptm_ae6ffc03,poi_39c95ec6,poi_1559dff8,cab,41,11.439,1.956,222.47,INR,243,2026-08-18T10:00:00+05:30
ptm_e99c397d,poi_39c95ec6,poi_6b45f5d8,cab,26,6.741,1.153,142.60,INR,300,2026-08-18T10:00:00+05:30
ptm_b762bd85,poi_c0128d7d,poi_39c95ec6,walk,39,2.867,0,0.00,INR,178,2026-08-18T10:00:00+05:30
ptm_1f15c64d,poi_c0128d7d,poi_39c95ec6,cab,14,2.867,0.49,76.74,INR,178,2026-08-18T10:00:00+05:30
ptm_ab10b2e0,poi_c0128d7d,poi_78eecc44,cab,27,7.223,1.235,150.80,INR,239,2026-08-18T10:00:00+05:30
ptm_54748d01,poi_c0128d7d,poi_6949e353,cab,39,11.042,1.888,215.71,INR,201,2026-08-18T10:00:00+05:30
ptm_75cfc64a,poi_c0128d7d,poi_9e725958,cab,24,6.087,1.041,131.48,INR,328,2026-08-18T10:00:00+05:30
ptm_6755b530,poi_c0128d7d,poi_7d81053b,walk,5,0.265,0,0.00,INR,319,2026-08-18T10:00:00+05:30
ptm_6442a8f3,poi_c0128d7d,poi_7d81053b,cab,5,0.265,0.045,32.50,INR,319,2026-08-18T10:00:00+05:30
ptm_ba2d20d6,poi_c0128d7d,poi_3ca0d3de,walk,35,2.591,0,0.00,INR,304,2026-08-18T10:00:00+05:30
ptm_f8f5504a,poi_c0128d7d,poi_3ca0d3de,cab,13,2.591,0.443,72.06,INR,304,2026-08-18T10:00:00+05:30
ptm_b6bbce84,poi_c0128d7d,poi_d052fde5,walk,44,3.252,0,0.00,INR,221,2026-08-18T10:00:00+05:30
ptm_c6a745b6,poi_c0128d7d,poi_d052fde5,cab,15,3.252,0.556,83.29,INR,221,2026-08-18T10:00:00+05:30
ptm_d9688a42,poi_c0128d7d,poi_1559dff8,cab,45,12.894,2.205,247.19,INR,231,2026-08-18T10:00:00+05:30
ptm_df4274ef,poi_c0128d7d,poi_6b45f5d8,cab,23,5.72,0.978,125.24,INR,276,2026-08-18T10:00:00+05:30
ptm_8f473498,poi_78eecc44,poi_39c95ec6,cab,25,6.36,1.088,136.12,INR,82,2026-08-18T10:00:00+05:30
ptm_4498450c,poi_78eecc44,poi_c0128d7d,cab,27,7.223,1.235,150.80,INR,59,2026-08-18T10:00:00+05:30
ptm_ccd3c88b,poi_78eecc44,poi_6949e353,cab,26,6.953,1.189,146.20,INR,161,2026-08-18T10:00:00+05:30
ptm_1edd5278,poi_78eecc44,poi_9e725958,cab,34,9.338,1.597,186.75,INR,18,2026-08-18T10:00:00+05:30
ptm_29b39893,poi_78eecc44,poi_7d81053b,cab,27,7.184,1.228,150.13,INR,57,2026-08-18T10:00:00+05:30
ptm_1f5f6229,poi_78eecc44,poi_3ca0d3de,cab,25,6.561,1.122,139.54,INR,38,2026-08-18T10:00:00+05:30
ptm_987fbbe4,poi_78eecc44,poi_d052fde5,walk,57,4.232,0,0.00,INR,72,2026-08-18T10:00:00+05:30
ptm_f30cb5ce,poi_78eecc44,poi_d052fde5,cab,18,4.232,0.724,99.94,INR,72,2026-08-18T10:00:00+05:30
ptm_bb054549,poi_78eecc44,poi_1559dff8,cab,23,5.804,0.992,126.67,INR,222,2026-08-18T10:00:00+05:30
ptm_1958c891,poi_78eecc44,poi_6b45f5d8,walk,58,4.315,0,0.00,INR,6,2026-08-18T10:00:00+05:30
ptm_7d3d2258,poi_78eecc44,poi_6b45f5d8,cab,18,4.315,0.738,101.36,INR,6,2026-08-18T10:00:00+05:30
ptm_95622103,poi_6949e353,poi_39c95ec6,cab,31,8.483,1.451,172.21,INR,29,2026-08-18T10:00:00+05:30
ptm_fe8307fa,poi_6949e353,poi_c0128d7d,cab,39,11.042,1.888,215.71,INR,21,2026-08-18T10:00:00+05:30
ptm_21332620,poi_6949e353,poi_78eecc44,cab,26,6.953,1.189,146.20,INR,341,2026-08-18T10:00:00+05:30
ptm_2c044acc,poi_6949e353,poi_9e725958,cab,53,15.466,2.645,290.93,INR,2,2026-08-18T10:00:00+05:30
ptm_a16b52ee,poi_6949e353,poi_7d81053b,cab,40,11.17,1.91,217.89,INR,20,2026-08-18T10:00:00+05:30
ptm_20d80558,poi_6949e353,poi_3ca0d3de,cab,42,11.893,2.034,230.18,INR,9,2026-08-18T10:00:00+05:30
ptm_86c9c6f3,poi_6949e353,poi_d052fde5,cab,30,8.079,1.382,165.34,INR,13,2026-08-18T10:00:00+05:30
ptm_8ba6922c,poi_6949e353,poi_1559dff8,cab,25,6.567,1.123,139.64,INR,290,2026-08-18T10:00:00+05:30
ptm_3ea2429d,poi_6949e353,poi_6b45f5d8,cab,39,11.009,1.883,215.15,INR,351,2026-08-18T10:00:00+05:30
ptm_08088e2b,poi_9e725958,poi_39c95ec6,cab,32,8.687,1.486,175.68,INR,157,2026-08-18T10:00:00+05:30
ptm_134e2c3f,poi_9e725958,poi_c0128d7d,cab,24,6.087,1.041,131.48,INR,147,2026-08-18T10:00:00+05:30
ptm_0d40ab3d,poi_9e725958,poi_78eecc44,cab,34,9.338,1.597,186.75,INR,198,2026-08-18T10:00:00+05:30
ptm_27ad8a41,poi_9e725958,poi_6949e353,cab,53,15.466,2.645,290.93,INR,182,2026-08-18T10:00:00+05:30
ptm_91cfac42,poi_9e725958,poi_7d81053b,cab,23,5.825,0.996,127.03,INR,148,2026-08-18T10:00:00+05:30
ptm_27b2dfc8,poi_9e725958,poi_3ca0d3de,walk,52,3.858,0,0.00,INR,163,2026-08-18T10:00:00+05:30
ptm_de942f4e,poi_9e725958,poi_3ca0d3de,cab,17,3.858,0.66,93.59,INR,163,2026-08-18T10:00:00+05:30
ptm_54738494,poi_9e725958,poi_d052fde5,cab,29,7.653,1.309,158.10,INR,172,2026-08-18T10:00:00+05:30
ptm_1080af1d,poi_9e725958,poi_1559dff8,cab,51,14.825,2.535,280.03,INR,207,2026-08-18T10:00:00+05:30
ptm_a768aad3,poi_9e725958,poi_6b45f5d8,cab,21,5.186,0.887,116.17,INR,208,2026-08-18T10:00:00+05:30
ptm_d0963861,poi_7d81053b,poi_39c95ec6,walk,42,3.079,0,0.00,INR,175,2026-08-18T10:00:00+05:30
ptm_e80deb37,poi_7d81053b,poi_39c95ec6,cab,14,3.079,0.527,80.34,INR,175,2026-08-18T10:00:00+05:30
ptm_cdfc01b0,poi_7d81053b,poi_c0128d7d,walk,5,0.265,0,0.00,INR,139,2026-08-18T10:00:00+05:30
ptm_b0249787,poi_7d81053b,poi_c0128d7d,cab,5,0.265,0.045,32.50,INR,139,2026-08-18T10:00:00+05:30
ptm_d86b8517,poi_7d81053b,poi_78eecc44,cab,27,7.184,1.228,150.13,INR,237,2026-08-18T10:00:00+05:30
ptm_8275ec40,poi_7d81053b,poi_6949e353,cab,40,11.17,1.91,217.89,INR,200,2026-08-18T10:00:00+05:30
ptm_d19cb2a7,poi_7d81053b,poi_9e725958,cab,23,5.825,0.996,127.03,INR,328,2026-08-18T10:00:00+05:30
ptm_77e079a5,poi_7d81053b,poi_3ca0d3de,walk,32,2.337,0,0.00,INR,302,2026-08-18T10:00:00+05:30
ptm_779c737e,poi_7d81053b,poi_3ca0d3de,cab,12,2.337,0.4,67.73,INR,302,2026-08-18T10:00:00+05:30
ptm_bd7abe97,poi_7d81053b,poi_d052fde5,walk,45,3.298,0,0.00,INR,217,2026-08-18T10:00:00+05:30
ptm_1cfe8333,poi_7d81053b,poi_d052fde5,cab,15,3.298,0.564,84.07,INR,217,2026-08-18T10:00:00+05:30
ptm_73f7aeb1,poi_7d81053b,poi_1559dff8,cab,45,12.886,2.204,247.06,INR,230,2026-08-18T10:00:00+05:30
ptm_35872ec6,poi_7d81053b,poi_6b45f5d8,cab,22,5.532,0.946,122.04,INR,274,2026-08-18T10:00:00+05:30
ptm_819e84ed,poi_3ca0d3de,poi_39c95ec6,cab,20,4.869,0.833,110.77,INR,152,2026-08-18T10:00:00+05:30
ptm_36b8b0a7,poi_3ca0d3de,poi_c0128d7d,walk,35,2.591,0,0.00,INR,124,2026-08-18T10:00:00+05:30
ptm_2be3565a,poi_3ca0d3de,poi_c0128d7d,cab,13,2.591,0.443,72.06,INR,124,2026-08-18T10:00:00+05:30
ptm_34cfc559,poi_3ca0d3de,poi_78eecc44,cab,25,6.561,1.122,139.54,INR,218,2026-08-18T10:00:00+05:30
ptm_fb1ea2bd,poi_3ca0d3de,poi_6949e353,cab,42,11.893,2.034,230.18,INR,189,2026-08-18T10:00:00+05:30
ptm_e192a600,poi_3ca0d3de,poi_9e725958,walk,52,3.858,0,0.00,INR,343,2026-08-18T10:00:00+05:30
ptm_e4b8e4d2,poi_3ca0d3de,poi_9e725958,cab,17,3.858,0.66,93.59,INR,343,2026-08-18T10:00:00+05:30
ptm_3a92547c,poi_3ca0d3de,poi_7d81053b,walk,32,2.337,0,0.00,INR,122,2026-08-18T10:00:00+05:30
ptm_53efde89,poi_3ca0d3de,poi_7d81053b,cab,12,2.337,0.4,67.73,INR,122,2026-08-18T10:00:00+05:30
ptm_3727e7d6,poi_3ca0d3de,poi_d052fde5,walk,52,3.878,0,0.00,INR,180,2026-08-18T10:00:00+05:30
ptm_1a15f6d5,poi_3ca0d3de,poi_d052fde5,cab,17,3.878,0.663,93.93,INR,180,2026-08-18T10:00:00+05:30
ptm_9309846d,poi_3ca0d3de,poi_1559dff8,cab,44,12.356,2.113,238.04,INR,220,2026-08-18T10:00:00+05:30
ptm_cba37372,poi_3ca0d3de,poi_6b45f5d8,walk,49,3.651,0,0.00,INR,256,2026-08-18T10:00:00+05:30
ptm_afcdd7f1,poi_3ca0d3de,poi_6b45f5d8,cab,16,3.651,0.624,90.06,INR,256,2026-08-18T10:00:00+05:30
ptm_0bb8ed46,poi_d052fde5,poi_39c95ec6,walk,32,2.313,0,0.00,INR,101,2026-08-18T10:00:00+05:30
ptm_2710d837,poi_d052fde5,poi_39c95ec6,cab,12,2.313,0.395,67.32,INR,101,2026-08-18T10:00:00+05:30
ptm_07770ccc,poi_d052fde5,poi_c0128d7d,walk,44,3.252,0,0.00,INR,41,2026-08-18T10:00:00+05:30
ptm_ae563597,poi_d052fde5,poi_c0128d7d,cab,15,3.252,0.556,83.29,INR,41,2026-08-18T10:00:00+05:30
ptm_7f393f51,poi_d052fde5,poi_78eecc44,walk,57,4.232,0,0.00,INR,252,2026-08-18T10:00:00+05:30
ptm_e67cc97f,poi_d052fde5,poi_78eecc44,cab,18,4.232,0.724,99.94,INR,252,2026-08-18T10:00:00+05:30
ptm_c413108d,poi_d052fde5,poi_6949e353,cab,30,8.079,1.382,165.34,INR,193,2026-08-18T10:00:00+05:30
ptm_6ec37f5c,poi_d052fde5,poi_9e725958,cab,29,7.653,1.309,158.10,INR,352,2026-08-18T10:00:00+05:30
ptm_c5386a50,poi_d052fde5,poi_7d81053b,walk,45,3.298,0,0.00,INR,37,2026-08-18T10:00:00+05:30
ptm_78092d05,poi_d052fde5,poi_7d81053b,cab,15,3.298,0.564,84.07,INR,37,2026-08-18T10:00:00+05:30
ptm_6bde29a3,poi_d052fde5,poi_3ca0d3de,walk,52,3.878,0,0.00,INR,360,2026-08-18T10:00:00+05:30
ptm_9fc46f77,poi_d052fde5,poi_3ca0d3de,cab,17,3.878,0.663,93.93,INR,360,2026-08-18T10:00:00+05:30
ptm_106b90d0,poi_d052fde5,poi_1559dff8,cab,35,9.707,1.66,193.02,INR,235,2026-08-18T10:00:00+05:30
ptm_7104d426,poi_d052fde5,poi_6b45f5d8,cab,19,4.631,0.792,106.73,INR,310,2026-08-18T10:00:00+05:30
ptm_605ec606,poi_1559dff8,poi_39c95ec6,cab,41,11.439,1.956,222.47,INR,63,2026-08-18T10:00:00+05:30
ptm_e49722eb,poi_1559dff8,poi_c0128d7d,cab,45,12.894,2.205,247.19,INR,51,2026-08-18T10:00:00+05:30
ptm_e67f9d7c,poi_1559dff8,poi_78eecc44,cab,23,5.804,0.992,126.67,INR,42,2026-08-18T10:00:00+05:30
ptm_8b5e166e,poi_1559dff8,poi_6949e353,cab,25,6.567,1.123,139.64,INR,110,2026-08-18T10:00:00+05:30
ptm_3028a356,poi_1559dff8,poi_9e725958,cab,51,14.825,2.535,280.03,INR,27,2026-08-18T10:00:00+05:30
ptm_94af550c,poi_1559dff8,poi_7d81053b,cab,45,12.886,2.204,247.06,INR,50,2026-08-18T10:00:00+05:30
ptm_b9bf3b22,poi_1559dff8,poi_3ca0d3de,cab,44,12.356,2.113,238.04,INR,40,2026-08-18T10:00:00+05:30
ptm_ea44d239,poi_1559dff8,poi_d052fde5,cab,35,9.707,1.66,193.02,INR,55,2026-08-18T10:00:00+05:30
ptm_78ca132f,poi_1559dff8,poi_6b45f5d8,cab,35,9.639,1.648,191.87,INR,27,2026-08-18T10:00:00+05:30
ptm_df00468d,poi_6b45f5d8,poi_39c95ec6,cab,26,6.741,1.153,142.60,INR,120,2026-08-18T10:00:00+05:30
ptm_8da80a67,poi_6b45f5d8,poi_c0128d7d,cab,23,5.72,0.978,125.24,INR,95,2026-08-18T10:00:00+05:30
ptm_0d83c285,poi_6b45f5d8,poi_78eecc44,walk,58,4.315,0,0.00,INR,186,2026-08-18T10:00:00+05:30
ptm_23eacf38,poi_6b45f5d8,poi_78eecc44,cab,18,4.315,0.738,101.36,INR,186,2026-08-18T10:00:00+05:30
ptm_e61da9e5,poi_6b45f5d8,poi_6949e353,cab,39,11.009,1.883,215.15,INR,171,2026-08-18T10:00:00+05:30
ptm_db5cda42,poi_6b45f5d8,poi_9e725958,cab,21,5.186,0.887,116.17,INR,28,2026-08-18T10:00:00+05:30
ptm_456ee3cd,poi_6b45f5d8,poi_7d81053b,cab,22,5.532,0.946,122.04,INR,94,2026-08-18T10:00:00+05:30
ptm_0679d95e,poi_6b45f5d8,poi_3ca0d3de,walk,49,3.651,0,0.00,INR,76,2026-08-18T10:00:00+05:30
ptm_52b04a6e,poi_6b45f5d8,poi_3ca0d3de,cab,16,3.651,0.624,90.06,INR,76,2026-08-18T10:00:00+05:30
ptm_2d942798,poi_6b45f5d8,poi_d052fde5,cab,19,4.631,0.792,106.73,INR,130,2026-08-18T10:00:00+05:30
ptm_545aa9c2,poi_6b45f5d8,poi_1559dff8,cab,35,9.639,1.648,191.87,INR,207,2026-08-18T10:00:00+05:30
ptm_faa0f4bb,poi_a6e080dd,poi_7b4e4d8d,walk,31,2.233,0,0.00,INR,90,2026-08-18T10:00:00+05:30
ptm_4f792985,poi_a6e080dd,poi_7b4e4d8d,cab,12,2.233,0.382,65.96,INR,90,2026-08-18T10:00:00+05:30
ptm_009a319c,poi_a6e080dd,poi_d607a9e8,cab,34,9.368,1.602,187.25,INR,186,2026-08-18T10:00:00+05:30
ptm_7b744bb4,poi_a6e080dd,poi_3383cc81,cab,19,4.576,0.782,105.78,INR,164,2026-08-18T10:00:00+05:30
ptm_41746b88,poi_a6e080dd,poi_84c56970,cab,24,6.076,1.039,131.29,INR,102,2026-08-18T10:00:00+05:30
ptm_f654b96b,poi_a6e080dd,poi_f5507243,walk,47,3.497,0,0.00,INR,159,2026-08-18T10:00:00+05:30
ptm_77b1956a,poi_a6e080dd,poi_f5507243,cab,16,3.497,0.598,87.45,INR,159,2026-08-18T10:00:00+05:30
ptm_65ac3ec5,poi_a6e080dd,poi_8c370a2f,cab,38,10.649,1.821,209.04,INR,130,2026-08-18T10:00:00+05:30
ptm_ae41b183,poi_a6e080dd,poi_423f2b73,walk,51,3.758,0,0.00,INR,126,2026-08-18T10:00:00+05:30
ptm_428f2ea8,poi_a6e080dd,poi_423f2b73,cab,16,3.758,0.643,91.89,INR,126,2026-08-18T10:00:00+05:30
ptm_ce22c9f3,poi_a6e080dd,poi_529792ec,walk,59,4.425,0,0.00,INR,170,2026-08-18T10:00:00+05:30
ptm_d1a1ba52,poi_a6e080dd,poi_529792ec,cab,18,4.425,0.757,103.22,INR,170,2026-08-18T10:00:00+05:30
ptm_e8264c27,poi_a6e080dd,poi_4ae9c459,cab,50,14.281,2.442,270.78,INR,153,2026-08-18T10:00:00+05:30
ptm_466f2772,poi_7b4e4d8d,poi_a6e080dd,walk,31,2.233,0,0.00,INR,270,2026-08-18T10:00:00+05:30
ptm_fc349afe,poi_7b4e4d8d,poi_a6e080dd,cab,12,2.233,0.382,65.96,INR,270,2026-08-18T10:00:00+05:30
ptm_3fb1463e,poi_7b4e4d8d,poi_d607a9e8,cab,36,9.864,1.687,195.70,INR,199,2026-08-18T10:00:00+05:30
ptm_14654867,poi_7b4e4d8d,poi_3383cc81,cab,19,4.508,0.771,104.64,INR,193,2026-08-18T10:00:00+05:30
ptm_2f24a130,poi_7b4e4d8d,poi_84c56970,walk,53,3.915,0,0.00,INR,108,2026-08-18T10:00:00+05:30
ptm_b42849bd,poi_7b4e4d8d,poi_84c56970,cab,17,3.915,0.669,94.55,INR,108,2026-08-18T10:00:00+05:30
ptm_9ab80596,poi_7b4e4d8d,poi_f5507243,walk,46,3.406,0,0.00,INR,197,2026-08-18T10:00:00+05:30
ptm_00430060,poi_7b4e4d8d,poi_f5507243,cab,15,3.406,0.582,85.90,INR,197,2026-08-18T10:00:00+05:30
ptm_9ceaab41,poi_7b4e4d8d,poi_8c370a2f,cab,33,9.062,1.55,182.05,INR,139,2026-08-18T10:00:00+05:30
ptm_8f0d8c4e,poi_7b4e4d8d,poi_423f2b73,walk,32,2.338,0,0.00,INR,159,2026-08-18T10:00:00+05:30
ptm_c3435110,poi_7b4e4d8d,poi_423f2b73,cab,12,2.338,0.4,67.74,INR,159,2026-08-18T10:00:00+05:30
ptm_4bf033dc,poi_7b4e4d8d,poi_529792ec,cab,19,4.593,0.785,106.08,INR,198,2026-08-18T10:00:00+05:30
ptm_78af501d,poi_7b4e4d8d,poi_4ae9c459,cab,47,13.424,2.295,256.20,INR,162,2026-08-18T10:00:00+05:30
ptm_a1d70769,poi_d607a9e8,poi_a6e080dd,cab,34,9.368,1.602,187.25,INR,6,2026-08-18T10:00:00+05:30
ptm_cf57bc1f,poi_d607a9e8,poi_7b4e4d8d,cab,36,9.864,1.687,195.70,INR,19,2026-08-18T10:00:00+05:30
ptm_578f04fe,poi_d607a9e8,poi_3383cc81,cab,22,5.413,0.926,120.02,INR,25,2026-08-18T10:00:00+05:30
ptm_c8141c1a,poi_d607a9e8,poi_84c56970,cab,38,10.68,1.826,209.56,INR,41,2026-08-18T10:00:00+05:30
ptm_78cf317d,poi_d607a9e8,poi_f5507243,cab,25,6.464,1.105,137.89,INR,21,2026-08-18T10:00:00+05:30
ptm_aadaec94,poi_d607a9e8,poi_8c370a2f,cab,34,9.461,1.618,188.83,INR,75,2026-08-18T10:00:00+05:30
ptm_c2a56f82,poi_d607a9e8,poi_423f2b73,cab,30,8.208,1.404,167.54,INR,30,2026-08-18T10:00:00+05:30
ptm_240c4276,poi_d607a9e8,poi_529792ec,cab,21,5.273,0.902,117.63,INR,20,2026-08-18T10:00:00+05:30
ptm_73950c03,poi_d607a9e8,poi_4ae9c459,cab,30,8.211,1.404,167.59,INR,115,2026-08-18T10:00:00+05:30
ptm_fdd21e80,poi_3383cc81,poi_a6e080dd,cab,19,4.576,0.782,105.78,INR,344,2026-08-18T10:00:00+05:30
ptm_353f8c4b,poi_3383cc81,poi_7b4e4d8d,cab,19,4.508,0.771,104.64,INR,13,2026-08-18T10:00:00+05:30
ptm_5a990a60,poi_3383cc81,poi_d607a9e8,cab,22,5.413,0.926,120.02,INR,205,2026-08-18T10:00:00+05:30
ptm_395c9705,poi_3383cc81,poi_84c56970,cab,22,5.672,0.97,124.42,INR,56,2026-08-18T10:00:00+05:30
ptm_126270c2,poi_3383cc81,poi_f5507243,walk,16,1.137,0,0.00,INR,0,2026-08-18T10:00:00+05:30
ptm_a3cae2f6,poi_3383cc81,poi_f5507243,cab,8,1.137,0.194,47.33,INR,0,2026-08-18T10:00:00+05:30
ptm_b88f972d,poi_3383cc81,poi_8c370a2f,cab,28,7.305,1.249,152.18,INR,110,2026-08-18T10:00:00+05:30
ptm_25ef1860,poi_3383cc81,poi_423f2b73,walk,39,2.853,0,0.00,INR,39,2026-08-18T10:00:00+05:30
ptm_71ef6528,poi_3383cc81,poi_423f2b73,cab,14,2.853,0.488,76.50,INR,39,2026-08-18T10:00:00+05:30
ptm_8f405f92,poi_3383cc81,poi_529792ec,walk,8,0.478,0,0.00,INR,275,2026-08-18T10:00:00+05:30
ptm_c4e83ce2,poi_3383cc81,poi_529792ec,cab,6,0.478,0.082,36.13,INR,275,2026-08-18T10:00:00+05:30
ptm_7f12e806,poi_3383cc81,poi_4ae9c459,cab,36,9.826,1.68,195.04,INR,148,2026-08-18T10:00:00+05:30
ptm_f0195a74,poi_84c56970,poi_a6e080dd,cab,24,6.076,1.039,131.29,INR,282,2026-08-18T10:00:00+05:30
ptm_3c2539f4,poi_84c56970,poi_7b4e4d8d,walk,53,3.915,0,0.00,INR,288,2026-08-18T10:00:00+05:30
ptm_546302a9,poi_84c56970,poi_7b4e4d8d,cab,17,3.915,0.669,94.55,INR,288,2026-08-18T10:00:00+05:30
ptm_0dd02be4,poi_84c56970,poi_d607a9e8,cab,38,10.68,1.826,209.56,INR,221,2026-08-18T10:00:00+05:30
ptm_40e5cf0e,poi_84c56970,poi_3383cc81,cab,22,5.672,0.97,124.42,INR,236,2026-08-18T10:00:00+05:30
ptm_e8448d0f,poi_84c56970,poi_f5507243,cab,21,5.118,0.875,115.00,INR,246,2026-08-18T10:00:00+05:30
ptm_d688bfb0,poi_84c56970,poi_8c370a2f,cab,24,6.066,1.037,131.12,INR,159,2026-08-18T10:00:00+05:30
ptm_232e6219,poi_84c56970,poi_423f2b73,walk,41,3.053,0,0.00,INR,252,2026-08-18T10:00:00+05:30
ptm_5e24043c,poi_84c56970,poi_423f2b73,cab,14,3.053,0.522,79.90,INR,252,2026-08-18T10:00:00+05:30
ptm_c4f55ca1,poi_84c56970,poi_529792ec,cab,24,6.049,1.034,130.83,INR,239,2026-08-18T10:00:00+05:30
ptm_501e7f4d,poi_84c56970,poi_4ae9c459,cab,41,11.536,1.973,224.12,INR,178,2026-08-18T10:00:00+05:30
ptm_4d1bf9da,poi_f5507243,poi_a6e080dd,walk,47,3.497,0,0.00,INR,339,2026-08-18T10:00:00+05:30
ptm_c14448f8,poi_f5507243,poi_a6e080dd,cab,16,3.497,0.598,87.45,INR,339,2026-08-18T10:00:00+05:30
ptm_26257e6c,poi_f5507243,poi_7b4e4d8d,walk,46,3.406,0,0.00,INR,17,2026-08-18T10:00:00+05:30
ptm_117fb20e,poi_f5507243,poi_7b4e4d8d,cab,15,3.406,0.582,85.90,INR,17,2026-08-18T10:00:00+05:30
ptm_6b3dfce0,poi_f5507243,poi_d607a9e8,cab,25,6.464,1.105,137.89,INR,201,2026-08-18T10:00:00+05:30
ptm_9ada4d81,poi_f5507243,poi_3383cc81,walk,16,1.137,0,0.00,INR,180,2026-08-18T10:00:00+05:30
ptm_96dedccd,poi_f5507243,poi_3383cc81,cab,8,1.137,0.194,47.33,INR,180,2026-08-18T10:00:00+05:30
ptm_cb42e7b3,poi_f5507243,poi_84c56970,cab,21,5.118,0.875,115.00,INR,66,2026-08-18T10:00:00+05:30
ptm_70f66a48,poi_f5507243,poi_8c370a2f,cab,29,7.762,1.327,159.96,INR,118,2026-08-18T10:00:00+05:30
ptm_5aae3de3,poi_f5507243,poi_423f2b73,walk,29,2.094,0,0.00,INR,59,2026-08-18T10:00:00+05:30
ptm_0abfe794,poi_f5507243,poi_423f2b73,cab,11,2.094,0.358,63.60,INR,59,2026-08-18T10:00:00+05:30
ptm_3681db94,poi_f5507243,poi_529792ec,walk,17,1.194,0,0.00,INR,204,2026-08-18T10:00:00+05:30
ptm_6d14a687,poi_f5507243,poi_529792ec,cab,8,1.194,0.204,48.29,INR,204,2026-08-18T10:00:00+05:30
ptm_a4e97cce,poi_f5507243,poi_4ae9c459,cab,39,10.807,1.848,211.71,INR,151,2026-08-18T10:00:00+05:30
ptm_e8d93b68,poi_8c370a2f,poi_a6e080dd,cab,38,10.649,1.821,209.04,INR,310,2026-08-18T10:00:00+05:30
ptm_3667c393,poi_8c370a2f,poi_7b4e4d8d,cab,33,9.062,1.55,182.05,INR,319,2026-08-18T10:00:00+05:30
ptm_83ff01aa,poi_8c370a2f,poi_d607a9e8,cab,34,9.461,1.618,188.83,INR,255,2026-08-18T10:00:00+05:30
ptm_b8e0dae6,poi_8c370a2f,poi_3383cc81,cab,28,7.305,1.249,152.18,INR,290,2026-08-18T10:00:00+05:30
ptm_bae7c6b6,poi_8c370a2f,poi_84c56970,cab,24,6.066,1.037,131.12,INR,339,2026-08-18T10:00:00+05:30
ptm_9cf0729f,poi_8c370a2f,poi_f5507243,cab,29,7.762,1.327,159.96,INR,298,2026-08-18T10:00:00+05:30
ptm_d60acc5e,poi_8c370a2f,poi_423f2b73,cab,26,6.91,1.182,145.47,INR,313,2026-08-18T10:00:00+05:30
ptm_d77172db,poi_8c370a2f,poi_529792ec,cab,29,7.769,1.328,160.07,INR,289,2026-08-18T10:00:00+05:30
ptm_e7257e8c,poi_8c370a2f,poi_4ae9c459,cab,24,6.1,1.043,131.70,INR,196,2026-08-18T10:00:00+05:30
ptm_342a2c36,poi_423f2b73,poi_a6e080dd,walk,51,3.758,0,0.00,INR,306,2026-08-18T10:00:00+05:30
ptm_fe34eef1,poi_423f2b73,poi_a6e080dd,cab,16,3.758,0.643,91.89,INR,306,2026-08-18T10:00:00+05:30
ptm_f5e123b2,poi_423f2b73,poi_7b4e4d8d,walk,32,2.338,0,0.00,INR,339,2026-08-18T10:00:00+05:30
ptm_bc5aef89,poi_423f2b73,poi_7b4e4d8d,cab,12,2.338,0.4,67.74,INR,339,2026-08-18T10:00:00+05:30
ptm_7cb6763b,poi_423f2b73,poi_d607a9e8,cab,30,8.208,1.404,167.54,INR,210,2026-08-18T10:00:00+05:30
ptm_cb7fb6ae,poi_423f2b73,poi_3383cc81,walk,39,2.853,0,0.00,INR,219,2026-08-18T10:00:00+05:30
ptm_5c937ae3,poi_423f2b73,poi_3383cc81,cab,14,2.853,0.488,76.50,INR,219,2026-08-18T10:00:00+05:30
ptm_6957d5d4,poi_423f2b73,poi_84c56970,walk,41,3.053,0,0.00,INR,72,2026-08-18T10:00:00+05:30
ptm_0026da90,poi_423f2b73,poi_84c56970,cab,14,3.053,0.522,79.90,INR,72,2026-08-18T10:00:00+05:30
ptm_82e8310e,poi_423f2b73,poi_f5507243,walk,29,2.094,0,0.00,INR,239,2026-08-18T10:00:00+05:30
ptm_73ec40df,poi_423f2b73,poi_f5507243,cab,11,2.094,0.358,63.60,INR,239,2026-08-18T10:00:00+05:30
ptm_7c27ca6b,poi_423f2b73,poi_8c370a2f,cab,26,6.91,1.182,145.47,INR,133,2026-08-18T10:00:00+05:30
ptm_cfb0fc9c,poi_423f2b73,poi_529792ec,walk,43,3.144,0,0.00,INR,226,2026-08-18T10:00:00+05:30
ptm_e5fc6104,poi_423f2b73,poi_529792ec,cab,14,3.144,0.538,81.46,INR,226,2026-08-18T10:00:00+05:30
ptm_655eeb5e,poi_423f2b73,poi_4ae9c459,cab,40,11.088,1.896,216.50,INR,162,2026-08-18T10:00:00+05:30
ptm_41116ebe,poi_529792ec,poi_a6e080dd,walk,59,4.425,0,0.00,INR,350,2026-08-18T10:00:00+05:30
ptm_d434d983,poi_529792ec,poi_a6e080dd,cab,18,4.425,0.757,103.22,INR,350,2026-08-18T10:00:00+05:30
ptm_9069e220,poi_529792ec,poi_7b4e4d8d,cab,19,4.593,0.785,106.08,INR,18,2026-08-18T10:00:00+05:30
ptm_59d9e11b,poi_529792ec,poi_d607a9e8,cab,21,5.273,0.902,117.63,INR,200,2026-08-18T10:00:00+05:30
ptm_f3d82387,poi_529792ec,poi_3383cc81,walk,8,0.478,0,0.00,INR,95,2026-08-18T10:00:00+05:30
ptm_fb8f635c,poi_529792ec,poi_3383cc81,cab,6,0.478,0.082,36.13,INR,95,2026-08-18T10:00:00+05:30
ptm_1cda0a4e,poi_529792ec,poi_84c56970,cab,24,6.049,1.034,130.83,INR,59,2026-08-18T10:00:00+05:30
ptm_631a7462,poi_529792ec,poi_f5507243,walk,17,1.194,0,0.00,INR,24,2026-08-18T10:00:00+05:30
ptm_015cce07,poi_529792ec,poi_f5507243,cab,8,1.194,0.204,48.29,INR,24,2026-08-18T10:00:00+05:30
ptm_f2394e24,poi_529792ec,poi_8c370a2f,cab,29,7.769,1.328,160.07,INR,109,2026-08-18T10:00:00+05:30
ptm_409237b5,poi_529792ec,poi_423f2b73,walk,43,3.144,0,0.00,INR,46,2026-08-18T10:00:00+05:30
ptm_c5e78d68,poi_529792ec,poi_423f2b73,cab,14,3.144,0.538,81.46,INR,46,2026-08-18T10:00:00+05:30
ptm_8bde4369,poi_529792ec,poi_4ae9c459,cab,36,10.122,1.731,200.07,INR,146,2026-08-18T10:00:00+05:30
ptm_84ef1ec6,poi_4ae9c459,poi_a6e080dd,cab,50,14.281,2.442,270.78,INR,333,2026-08-18T10:00:00+05:30
ptm_a77d534e,poi_4ae9c459,poi_7b4e4d8d,cab,47,13.424,2.295,256.20,INR,342,2026-08-18T10:00:00+05:30
ptm_b98ec6fe,poi_4ae9c459,poi_d607a9e8,cab,30,8.211,1.404,167.59,INR,295,2026-08-18T10:00:00+05:30
ptm_167ae277,poi_4ae9c459,poi_3383cc81,cab,36,9.826,1.68,195.04,INR,328,2026-08-18T10:00:00+05:30
ptm_eb7eb8f1,poi_4ae9c459,poi_84c56970,cab,41,11.536,1.973,224.12,INR,358,2026-08-18T10:00:00+05:30
ptm_c59e54f8,poi_4ae9c459,poi_f5507243,cab,39,10.807,1.848,211.71,INR,331,2026-08-18T10:00:00+05:30
ptm_e796ca39,poi_4ae9c459,poi_8c370a2f,cab,24,6.1,1.043,131.70,INR,16,2026-08-18T10:00:00+05:30
ptm_80727875,poi_4ae9c459,poi_423f2b73,cab,40,11.088,1.896,216.50,INR,342,2026-08-18T10:00:00+05:30
ptm_4c50f762,poi_4ae9c459,poi_529792ec,cab,36,10.122,1.731,200.07,INR,326,2026-08-18T10:00:00+05:30
ptm_4d6104b2,poi_4ea03993,poi_5f6b0929,cab,25,6.572,1.124,139.72,INR,91,2026-08-18T10:00:00+05:30
ptm_8c41831c,poi_4ea03993,poi_55aa9e6a,cab,43,12.143,2.076,234.43,INR,164,2026-08-18T10:00:00+05:30
ptm_30f2f710,poi_4ea03993,poi_51183123,cab,47,13.475,2.304,257.07,INR,187,2026-08-18T10:00:00+05:30
ptm_15585ee9,poi_4ea03993,poi_a81484fe,cab,48,13.741,2.35,261.60,INR,149,2026-08-18T10:00:00+05:30
ptm_49ba0a75,poi_4ea03993,poi_047adfc6,cab,26,6.894,1.179,145.20,INR,185,2026-08-18T10:00:00+05:30
ptm_203ddc8d,poi_4ea03993,poi_fb32afcd,cab,57,16.677,2.852,311.51,INR,143,2026-08-18T10:00:00+05:30
ptm_67c6e70e,poi_4ea03993,poi_40f22ba7,cab,25,6.345,1.085,135.86,INR,141,2026-08-18T10:00:00+05:30
ptm_62bb3d71,poi_4ea03993,poi_6e34d5eb,cab,51,14.755,2.523,278.84,INR,146,2026-08-18T10:00:00+05:30
ptm_1d1bcef3,poi_4ea03993,poi_51f80251,cab,24,6.273,1.073,134.64,INR,100,2026-08-18T10:00:00+05:30
ptm_feeb62b3,poi_5f6b0929,poi_4ea03993,cab,25,6.572,1.124,139.72,INR,271,2026-08-18T10:00:00+05:30
ptm_0d71b539,poi_5f6b0929,poi_55aa9e6a,cab,43,12.042,2.059,232.72,INR,196,2026-08-18T10:00:00+05:30
ptm_39ef5455,poi_5f6b0929,poi_51183123,cab,54,15.636,2.674,293.82,INR,212,2026-08-18T10:00:00+05:30
ptm_5d939d05,poi_5f6b0929,poi_a81484fe,cab,41,11.663,1.994,226.26,INR,177,2026-08-18T10:00:00+05:30
ptm_3332e3d4,poi_5f6b0929,poi_047adfc6,cab,36,9.868,1.687,195.76,INR,227,2026-08-18T10:00:00+05:30
ptm_9d58d72c,poi_5f6b0929,poi_fb32afcd,cab,48,13.634,2.331,259.77,INR,165,2026-08-18T10:00:00+05:30
ptm_64042ff6,poi_5f6b0929,poi_40f22ba7,cab,22,5.509,0.942,121.65,INR,208,2026-08-18T10:00:00+05:30
ptm_f9a7bb33,poi_5f6b0929,poi_6e34d5eb,cab,43,12.277,2.099,236.71,INR,172,2026-08-18T10:00:00+05:30
ptm_21db027f,poi_5f6b0929,poi_51f80251,walk,15,1.049,0,0.00,INR,202,2026-08-18T10:00:00+05:30
ptm_7b9258a2,poi_5f6b0929,poi_51f80251,cab,8,1.049,0.179,45.83,INR,202,2026-08-18T10:00:00+05:30
ptm_82db3d87,poi_55aa9e6a,poi_4ea03993,cab,43,12.143,2.076,234.43,INR,344,2026-08-18T10:00:00+05:30
ptm_ca943475,poi_55aa9e6a,poi_5f6b0929,cab,43,12.042,2.059,232.72,INR,16,2026-08-18T10:00:00+05:30
ptm_48c95797,poi_55aa9e6a,poi_51183123,cab,21,5.274,0.902,117.65,INR,251,2026-08-18T10:00:00+05:30
ptm_85d77d92,poi_55aa9e6a,poi_a81484fe,walk,51,3.832,0,0.00,INR,91,2026-08-18T10:00:00+05:30
ptm_d1896cf5,poi_55aa9e6a,poi_a81484fe,cab,17,3.832,0.655,93.14,INR,91,2026-08-18T10:00:00+05:30
ptm_1cb77ae4,poi_55aa9e6a,poi_047adfc6,cab,24,6.204,1.061,133.46,INR,321,2026-08-18T10:00:00+05:30
ptm_3116c901,poi_55aa9e6a,poi_fb32afcd,cab,27,6.99,1.195,146.83,INR,103,2026-08-18T10:00:00+05:30
ptm_15b87df9,poi_55aa9e6a,poi_40f22ba7,cab,26,6.768,1.157,143.05,INR,6,2026-08-18T10:00:00+05:30
ptm_f17fb3f4,poi_55aa9e6a,poi_6e34d5eb,cab,20,4.938,0.844,111.95,INR,97,2026-08-18T10:00:00+05:30
ptm_0d8e231e,poi_55aa9e6a,poi_51f80251,cab,39,11,1.881,215.00,INR,15,2026-08-18T10:00:00+05:30
ptm_0d016404,poi_51183123,poi_4ea03993,cab,47,13.475,2.304,257.07,INR,7,2026-08-18T10:00:00+05:30
ptm_b9432e68,poi_51183123,poi_5f6b0929,cab,54,15.636,2.674,293.82,INR,32,2026-08-18T10:00:00+05:30
ptm_ea17db32,poi_51183123,poi_55aa9e6a,cab,21,5.274,0.902,117.65,INR,71,2026-08-18T10:00:00+05:30
ptm_1724e039,poi_51183123,poi_a81484fe,cab,33,8.978,1.535,180.62,INR,80,2026-08-18T10:00:00+05:30
ptm_a4d44e02,poi_51183123,poi_047adfc6,cab,25,6.591,1.127,140.04,INR,9,2026-08-18T10:00:00+05:30
ptm_964a637d,poi_51183123,poi_fb32afcd,cab,42,11.809,2.019,228.75,INR,89,2026-08-18T10:00:00+05:30
ptm_5f3836fb,poi_51183123,poi_40f22ba7,cab,37,10.145,1.735,200.47,INR,34,2026-08-18T10:00:00+05:30
ptm_8cf67da1,poi_51183123,poi_6e34d5eb,cab,36,9.964,1.704,197.38,INR,84,2026-08-18T10:00:00+05:30
ptm_a2e3d684,poi_51183123,poi_51f80251,cab,51,14.605,2.497,276.29,INR,33,2026-08-18T10:00:00+05:30
ptm_d8254f00,poi_a81484fe,poi_4ea03993,cab,48,13.741,2.35,261.60,INR,329,2026-08-18T10:00:00+05:30
ptm_7db9fd46,poi_a81484fe,poi_5f6b0929,cab,41,11.663,1.994,226.26,INR,357,2026-08-18T10:00:00+05:30
ptm_ba7b97b0,poi_a81484fe,poi_55aa9e6a,walk,51,3.832,0,0.00,INR,271,2026-08-18T10:00:00+05:30
ptm_2c9ad81b,poi_a81484fe,poi_55aa9e6a,cab,17,3.832,0.655,93.14,INR,271,2026-08-18T10:00:00+05:30
ptm_31f6593b,poi_a81484fe,poi_51183123,cab,33,8.978,1.535,180.62,INR,260,2026-08-18T10:00:00+05:30
ptm_9d1380d0,poi_a81484fe,poi_047adfc6,cab,33,9.148,1.564,183.52,INR,302,2026-08-18T10:00:00+05:30
ptm_ccf8b506,poi_a81484fe,poi_fb32afcd,walk,45,3.343,0,0.00,INR,117,2026-08-18T10:00:00+05:30
ptm_2ded29e1,poi_a81484fe,poi_fb32afcd,cab,15,3.343,0.572,84.82,INR,117,2026-08-18T10:00:00+05:30
ptm_c487f336,poi_a81484fe,poi_40f22ba7,cab,28,7.495,1.282,155.41,INR,335,2026-08-18T10:00:00+05:30
ptm_8b918941,poi_a81484fe,poi_6e34d5eb,walk,17,1.191,0,0.00,INR,116,2026-08-18T10:00:00+05:30
ptm_0331d656,poi_a81484fe,poi_6e34d5eb,cab,8,1.191,0.204,48.25,INR,116,2026-08-18T10:00:00+05:30
ptm_bee9246e,poi_a81484fe,poi_51f80251,cab,38,10.718,1.833,210.21,INR,355,2026-08-18T10:00:00+05:30
ptm_53e7dfc0,poi_047adfc6,poi_4ea03993,cab,26,6.894,1.179,145.20,INR,5,2026-08-18T10:00:00+05:30
ptm_ed0fffea,poi_047adfc6,poi_5f6b0929,cab,36,9.868,1.687,195.76,INR,47,2026-08-18T10:00:00+05:30
ptm_c08afb33,poi_047adfc6,poi_55aa9e6a,cab,24,6.204,1.061,133.46,INR,141,2026-08-18T10:00:00+05:30
ptm_0e07292b,poi_047adfc6,poi_51183123,cab,25,6.591,1.127,140.04,INR,189,2026-08-18T10:00:00+05:30
ptm_0dc78c05,poi_047adfc6,poi_a81484fe,cab,33,9.148,1.564,183.52,INR,122,2026-08-18T10:00:00+05:30
ptm_89eac2f4,poi_047adfc6,poi_fb32afcd,cab,44,12.481,2.134,240.17,INR,121,2026-08-18T10:00:00+05:30
ptm_0e3c7ca5,poi_047adfc6,poi_40f22ba7,cab,20,4.96,0.848,112.32,INR,67,2026-08-18T10:00:00+05:30
ptm_af832431,poi_047adfc6,poi_6e34d5eb,cab,37,10.333,1.767,203.66,INR,121,2026-08-18T10:00:00+05:30
ptm_1ff49b33,poi_047adfc6,poi_51f80251,cab,33,8.927,1.527,179.76,INR,49,2026-08-18T10:00:00+05:30
ptm_67c90fd6,poi_fb32afcd,poi_4ea03993,cab,57,16.677,2.852,311.51,INR,323,2026-08-18T10:00:00+05:30
ptm_e2bedcaa,poi_fb32afcd,poi_5f6b0929,cab,48,13.634,2.331,259.77,INR,345,2026-08-18T10:00:00+05:30
ptm_ee79239b,poi_fb32afcd,poi_55aa9e6a,cab,27,6.99,1.195,146.83,INR,283,2026-08-18T10:00:00+05:30
ptm_9119ffba,poi_fb32afcd,poi_51183123,cab,42,11.809,2.019,228.75,INR,269,2026-08-18T10:00:00+05:30
ptm_f2ee2dd6,poi_fb32afcd,poi_a81484fe,walk,45,3.343,0,0.00,INR,297,2026-08-18T10:00:00+05:30
ptm_7bc92b53,poi_fb32afcd,poi_a81484fe,cab,15,3.343,0.572,84.82,INR,297,2026-08-18T10:00:00+05:30
ptm_ff991738,poi_fb32afcd,poi_047adfc6,cab,44,12.481,2.134,240.17,INR,301,2026-08-18T10:00:00+05:30
ptm_b8ae545e,poi_fb32afcd,poi_40f22ba7,cab,37,10.335,1.767,203.69,INR,324,2026-08-18T10:00:00+05:30
ptm_60bdc972,poi_fb32afcd,poi_6e34d5eb,walk,30,2.152,0,0.00,INR,298,2026-08-18T10:00:00+05:30
ptm_9883865b,poi_fb32afcd,poi_6e34d5eb,cab,11,2.152,0.368,64.58,INR,298,2026-08-18T10:00:00+05:30
ptm_bbe0dae6,poi_fb32afcd,poi_51f80251,cab,45,12.811,2.191,245.78,INR,342,2026-08-18T10:00:00+05:30
ptm_136269c4,poi_40f22ba7,poi_4ea03993,cab,25,6.345,1.085,135.86,INR,321,2026-08-18T10:00:00+05:30
ptm_bd75bee9,poi_40f22ba7,poi_5f6b0929,cab,22,5.509,0.942,121.65,INR,28,2026-08-18T10:00:00+05:30
ptm_b0d72419,poi_40f22ba7,poi_55aa9e6a,cab,26,6.768,1.157,143.05,INR,186,2026-08-18T10:00:00+05:30
ptm_245f1d9e,poi_40f22ba7,poi_51183123,cab,37,10.145,1.735,200.47,INR,214,2026-08-18T10:00:00+05:30
ptm_84e9106a,poi_40f22ba7,poi_a81484fe,cab,28,7.495,1.282,155.41,INR,155,2026-08-18T10:00:00+05:30
ptm_bb6de52c,poi_40f22ba7,poi_047adfc6,cab,20,4.96,0.848,112.32,INR,247,2026-08-18T10:00:00+05:30
ptm_775877d0,poi_40f22ba7,poi_fb32afcd,cab,37,10.335,1.767,203.69,INR,143,2026-08-18T10:00:00+05:30
ptm_07cd2946,poi_40f22ba7,poi_6e34d5eb,cab,31,8.451,1.445,171.67,INR,150,2026-08-18T10:00:00+05:30
ptm_dc1e8a88,poi_40f22ba7,poi_51f80251,walk,60,4.468,0,0.00,INR,30,2026-08-18T10:00:00+05:30
ptm_b3a82ecf,poi_40f22ba7,poi_51f80251,cab,19,4.468,0.764,103.96,INR,30,2026-08-18T10:00:00+05:30
ptm_09682e0a,poi_6e34d5eb,poi_4ea03993,cab,51,14.755,2.523,278.84,INR,326,2026-08-18T10:00:00+05:30
ptm_098d377f,poi_6e34d5eb,poi_5f6b0929,cab,43,12.277,2.099,236.71,INR,352,2026-08-18T10:00:00+05:30
ptm_26edd73c,poi_6e34d5eb,poi_55aa9e6a,cab,20,4.938,0.844,111.95,INR,277,2026-08-18T10:00:00+05:30
ptm_2c02013a,poi_6e34d5eb,poi_51183123,cab,36,9.964,1.704,197.38,INR,264,2026-08-18T10:00:00+05:30
ptm_6f8faa7b,poi_6e34d5eb,poi_a81484fe,walk,17,1.191,0,0.00,INR,296,2026-08-18T10:00:00+05:30
ptm_5383d052,poi_6e34d5eb,poi_a81484fe,cab,8,1.191,0.204,48.25,INR,296,2026-08-18T10:00:00+05:30
ptm_3ab27e4a,poi_6e34d5eb,poi_047adfc6,cab,37,10.333,1.767,203.66,INR,301,2026-08-18T10:00:00+05:30
ptm_d97b4602,poi_6e34d5eb,poi_fb32afcd,walk,30,2.152,0,0.00,INR,118,2026-08-18T10:00:00+05:30
ptm_5c8d3b06,poi_6e34d5eb,poi_fb32afcd,cab,11,2.152,0.368,64.58,INR,118,2026-08-18T10:00:00+05:30
ptm_42d2e510,poi_6e34d5eb,poi_40f22ba7,cab,31,8.451,1.445,171.67,INR,330,2026-08-18T10:00:00+05:30
ptm_e70eee17,poi_6e34d5eb,poi_51f80251,cab,40,11.376,1.945,221.39,INR,350,2026-08-18T10:00:00+05:30
ptm_4c982b52,poi_51f80251,poi_4ea03993,cab,24,6.273,1.073,134.64,INR,280,2026-08-18T10:00:00+05:30
ptm_d1fab340,poi_51f80251,poi_5f6b0929,walk,15,1.049,0,0.00,INR,22,2026-08-18T10:00:00+05:30
ptm_1eaf5f5e,poi_51f80251,poi_5f6b0929,cab,8,1.049,0.179,45.83,INR,22,2026-08-18T10:00:00+05:30
ptm_7c6c7da7,poi_51f80251,poi_55aa9e6a,cab,39,11,1.881,215.00,INR,195,2026-08-18T10:00:00+05:30
ptm_98ce61bb,poi_51f80251,poi_51183123,cab,51,14.605,2.497,276.29,INR,213,2026-08-18T10:00:00+05:30
ptm_6b4bdbc9,poi_51f80251,poi_a81484fe,cab,38,10.718,1.833,210.21,INR,175,2026-08-18T10:00:00+05:30
ptm_59ef2ac5,poi_51f80251,poi_047adfc6,cab,33,8.927,1.527,179.76,INR,229,2026-08-18T10:00:00+05:30
ptm_cb2e1474,poi_51f80251,poi_fb32afcd,cab,45,12.811,2.191,245.78,INR,162,2026-08-18T10:00:00+05:30
ptm_502be089,poi_51f80251,poi_40f22ba7,walk,60,4.468,0,0.00,INR,210,2026-08-18T10:00:00+05:30
ptm_935a931e,poi_51f80251,poi_40f22ba7,cab,19,4.468,0.764,103.96,INR,210,2026-08-18T10:00:00+05:30
ptm_9718624a,poi_51f80251,poi_6e34d5eb,cab,40,11.376,1.945,221.39,INR,170,2026-08-18T10:00:00+05:30
ptm_c11b6fdf,poi_99eeb49d,poi_2918d9a5,cab,29,7.915,1.353,162.55,INR,234,2026-08-18T10:00:00+05:30
ptm_f3af62a4,poi_99eeb49d,poi_a9e46e7f,cab,38,10.496,1.795,206.42,INR,230,2026-08-18T10:00:00+05:30
ptm_2340c9b1,poi_99eeb49d,poi_1153b6f1,cab,39,10.797,1.846,211.55,INR,258,2026-08-18T10:00:00+05:30
ptm_e7f9028f,poi_99eeb49d,poi_e698d1f2,cab,20,4.961,0.848,112.33,INR,293,2026-08-18T10:00:00+05:30
ptm_b09975f9,poi_99eeb49d,poi_cc30bc8d,cab,48,13.891,2.375,264.14,INR,204,2026-08-18T10:00:00+05:30
ptm_6d5ec8d6,poi_99eeb49d,poi_d94e1880,cab,46,12.998,2.223,248.97,INR,241,2026-08-18T10:00:00+05:30
ptm_31d1460e,poi_99eeb49d,poi_4733b6f0,walk,35,2.559,0,0.00,INR,337,2026-08-18T10:00:00+05:30
ptm_0d5c4800,poi_99eeb49d,poi_4733b6f0,cab,13,2.559,0.438,71.50,INR,337,2026-08-18T10:00:00+05:30
ptm_ac7ec46d,poi_99eeb49d,poi_de929193,cab,45,12.952,2.215,248.19,INR,165,2026-08-18T10:00:00+05:30
ptm_f66c9dbf,poi_99eeb49d,poi_ecc44f4e,cab,31,8.244,1.41,168.15,INR,201,2026-08-18T10:00:00+05:30
ptm_dd3cd96d,poi_2918d9a5,poi_99eeb49d,cab,29,7.915,1.353,162.55,INR,54,2026-08-18T10:00:00+05:30
ptm_cb3a5512,poi_2918d9a5,poi_a9e46e7f,walk,36,2.638,0,0.00,INR,220,2026-08-18T10:00:00+05:30
ptm_87503f81,poi_2918d9a5,poi_a9e46e7f,cab,13,2.638,0.451,72.85,INR,220,2026-08-18T10:00:00+05:30
ptm_52022fa7,poi_2918d9a5,poi_1153b6f1,cab,20,4.868,0.832,110.75,INR,301,2026-08-18T10:00:00+05:30
ptm_87ccbbd0,poi_2918d9a5,poi_e698d1f2,cab,26,6.834,1.169,144.18,INR,15,2026-08-18T10:00:00+05:30
ptm_7cbb09b1,poi_2918d9a5,poi_cc30bc8d,cab,30,8.103,1.386,165.75,INR,174,2026-08-18T10:00:00+05:30
ptm_a2d6ae31,poi_2918d9a5,poi_d94e1880,cab,21,5.248,0.897,117.22,INR,252,2026-08-18T10:00:00+05:30
ptm_0b36eb49,poi_2918d9a5,poi_4733b6f0,cab,32,8.858,1.515,178.58,INR,38,2026-08-18T10:00:00+05:30
ptm_e5a69d9b,poi_2918d9a5,poi_de929193,cab,44,12.488,2.135,240.29,INR,129,2026-08-18T10:00:00+05:30
ptm_0976366e,poi_2918d9a5,poi_ecc44f4e,cab,19,4.62,0.79,106.54,INR,131,2026-08-18T10:00:00+05:30
ptm_ac9e954a,poi_a9e46e7f,poi_99eeb49d,cab,38,10.496,1.795,206.42,INR,50,2026-08-18T10:00:00+05:30
ptm_14ad0b44,poi_a9e46e7f,poi_2918d9a5,walk,36,2.638,0,0.00,INR,40,2026-08-18T10:00:00+05:30
ptm_bed9c50c,poi_a9e46e7f,poi_2918d9a5,cab,13,2.638,0.451,72.85,INR,40,2026-08-18T10:00:00+05:30
ptm_8b221617,poi_a9e46e7f,poi_1153b6f1,cab,21,5.149,0.881,115.54,INR,331,2026-08-18T10:00:00+05:30
ptm_1c24cca5,poi_a9e46e7f,poi_e698d1f2,cab,34,9.298,1.59,186.07,INR,22,2026-08-18T10:00:00+05:30
ptm_34849b22,poi_a9e46e7f,poi_cc30bc8d,cab,25,6.547,1.12,139.30,INR,157,2026-08-18T10:00:00+05:30
ptm_ed75c604,poi_a9e46e7f,poi_d94e1880,walk,45,3.335,0,0.00,INR,277,2026-08-18T10:00:00+05:30
ptm_5b78b8da,poi_a9e46e7f,poi_d94e1880,cab,15,3.335,0.57,84.69,INR,277,2026-08-18T10:00:00+05:30
ptm_5e207ed0,poi_a9e46e7f,poi_4733b6f0,cab,41,11.494,1.965,223.40,INR,38,2026-08-18T10:00:00+05:30
ptm_9f8ef41d,poi_a9e46e7f,poi_de929193,cab,45,12.811,2.191,245.78,INR,117,2026-08-18T10:00:00+05:30
ptm_389dc73d,poi_a9e46e7f,poi_ecc44f4e,cab,21,5.273,0.902,117.63,INR,101,2026-08-18T10:00:00+05:30
ptm_d5c4d747,poi_1153b6f1,poi_99eeb49d,cab,39,10.797,1.846,211.55,INR,78,2026-08-18T10:00:00+05:30
ptm_0b4f7965,poi_1153b6f1,poi_2918d9a5,cab,20,4.868,0.832,110.75,INR,121,2026-08-18T10:00:00+05:30
ptm_636b24aa,poi_1153b6f1,poi_a9e46e7f,cab,21,5.149,0.881,115.54,INR,151,2026-08-18T10:00:00+05:30
ptm_9656570a,poi_1153b6f1,poi_e698d1f2,cab,27,7.268,1.243,151.55,INR,56,2026-08-18T10:00:00+05:30
ptm_4438bec5,poi_1153b6f1,poi_cc30bc8d,cab,41,11.68,1.997,226.56,INR,155,2026-08-18T10:00:00+05:30
ptm_0b97fd42,poi_1153b6f1,poi_d94e1880,walk,56,4.157,0,0.00,INR,191,2026-08-18T10:00:00+05:30
ptm_4647b27a,poi_1153b6f1,poi_d94e1880,cab,18,4.157,0.711,98.66,INR,191,2026-08-18T10:00:00+05:30
ptm_31cb7324,poi_1153b6f1,poi_4733b6f0,cab,38,10.598,1.812,208.17,INR,65,2026-08-18T10:00:00+05:30
ptm_9c7e97c6,poi_1153b6f1,poi_de929193,cab,59,17.319,2.962,322.43,INR,127,2026-08-18T10:00:00+05:30
ptm_538e4b3a,poi_1153b6f1,poi_ecc44f4e,cab,34,9.448,1.616,188.62,INR,126,2026-08-18T10:00:00+05:30
ptm_2d3bc19f,poi_e698d1f2,poi_99eeb49d,cab,20,4.961,0.848,112.33,INR,113,2026-08-18T10:00:00+05:30
ptm_260ec511,poi_e698d1f2,poi_2918d9a5,cab,26,6.834,1.169,144.18,INR,195,2026-08-18T10:00:00+05:30
ptm_49461783,poi_e698d1f2,poi_a9e46e7f,cab,34,9.298,1.59,186.07,INR,202,2026-08-18T10:00:00+05:30
ptm_66cc1cf6,poi_e698d1f2,poi_1153b6f1,cab,27,7.268,1.243,151.55,INR,236,2026-08-18T10:00:00+05:30
ptm_b1d4066a,poi_e698d1f2,poi_cc30bc8d,cab,51,14.682,2.511,277.59,INR,184,2026-08-18T10:00:00+05:30
ptm_f946860e,poi_e698d1f2,poi_d94e1880,cab,38,10.646,1.82,208.98,INR,220,2026-08-18T10:00:00+05:30
ptm_974bf8fc,poi_e698d1f2,poi_4733b6f0,walk,49,3.604,0,0.00,INR,83,2026-08-18T10:00:00+05:30
ptm_29e0482e,poi_e698d1f2,poi_4733b6f0,cab,16,3.604,0.616,89.27,INR,83,2026-08-18T10:00:00+05:30
ptm_b33d1e63,poi_e698d1f2,poi_de929193,cab,56,16.456,2.814,307.75,INR,151,2026-08-18T10:00:00+05:30
ptm_8cdf85cc,poi_e698d1f2,poi_ecc44f4e,cab,35,9.773,1.671,194.14,INR,170,2026-08-18T10:00:00+05:30
ptm_73a78b1e,poi_cc30bc8d,poi_99eeb49d,cab,48,13.891,2.375,264.14,INR,24,2026-08-18T10:00:00+05:30
ptm_56ee6143,poi_cc30bc8d,poi_2918d9a5,cab,30,8.103,1.386,165.75,INR,354,2026-08-18T10:00:00+05:30
ptm_378c64ec,poi_cc30bc8d,poi_a9e46e7f,cab,25,6.547,1.12,139.30,INR,337,2026-08-18T10:00:00+05:30
ptm_01286dfa,poi_cc30bc8d,poi_1153b6f1,cab,41,11.68,1.997,226.56,INR,335,2026-08-18T10:00:00+05:30
ptm_9881ab19,poi_cc30bc8d,poi_e698d1f2,cab,51,14.682,2.511,277.59,INR,4,2026-08-18T10:00:00+05:30
ptm_c15bc7ce,poi_cc30bc8d,poi_d94e1880,cab,32,8.714,1.49,176.14,INR,318,2026-08-18T10:00:00+05:30
ptm_1b0a20dc,poi_cc30bc8d,poi_4733b6f0,cab,54,15.761,2.695,295.94,INR,17,2026-08-18T10:00:00+05:30
ptm_b73d2cca,poi_cc30bc8d,poi_de929193,cab,33,8.883,1.519,179.00,INR,89,2026-08-18T10:00:00+05:30
ptm_281096b9,poi_cc30bc8d,poi_ecc44f4e,cab,22,5.672,0.97,124.43,INR,28,2026-08-18T10:00:00+05:30
ptm_16a9bbb1,poi_d94e1880,poi_99eeb49d,cab,46,12.998,2.223,248.97,INR,61,2026-08-18T10:00:00+05:30
ptm_bfb2f880,poi_d94e1880,poi_2918d9a5,cab,21,5.248,0.897,117.22,INR,72,2026-08-18T10:00:00+05:30
ptm_dbd064f3,poi_d94e1880,poi_a9e46e7f,walk,45,3.335,0,0.00,INR,97,2026-08-18T10:00:00+05:30
ptm_ecc33334,poi_d94e1880,poi_a9e46e7f,cab,15,3.335,0.57,84.69,INR,97,2026-08-18T10:00:00+05:30
ptm_912877e5,poi_d94e1880,poi_1153b6f1,walk,56,4.157,0,0.00,INR,11,2026-08-18T10:00:00+05:30
ptm_ab245600,poi_d94e1880,poi_1153b6f1,cab,18,4.157,0.711,98.66,INR,11,2026-08-18T10:00:00+05:30
ptm_a468d077,poi_d94e1880,poi_e698d1f2,cab,38,10.646,1.82,208.98,INR,40,2026-08-18T10:00:00+05:30
ptm_10224e54,poi_d94e1880,poi_cc30bc8d,cab,32,8.714,1.49,176.14,INR,138,2026-08-18T10:00:00+05:30
ptm_da36f9f0,poi_d94e1880,poi_4733b6f0,cab,47,13.501,2.309,257.51,INR,50,2026-08-18T10:00:00+05:30
ptm_b4ef2c93,poi_d94e1880,poi_de929193,cab,55,15.992,2.735,299.86,INR,113,2026-08-18T10:00:00+05:30
ptm_52bbfcf5,poi_d94e1880,poi_ecc44f4e,cab,32,8.603,1.471,174.25,INR,100,2026-08-18T10:00:00+05:30
ptm_51c91d97,poi_4733b6f0,poi_99eeb49d,walk,35,2.559,0,0.00,INR,157,2026-08-18T10:00:00+05:30
ptm_3f651dd3,poi_4733b6f0,poi_99eeb49d,cab,13,2.559,0.438,71.50,INR,157,2026-08-18T10:00:00+05:30
ptm_1ba2e2c1,poi_4733b6f0,poi_2918d9a5,cab,32,8.858,1.515,178.58,INR,218,2026-08-18T10:00:00+05:30
ptm_bffa1240,poi_4733b6f0,poi_a9e46e7f,cab,41,11.494,1.965,223.40,INR,218,2026-08-18T10:00:00+05:30
ptm_491d603a,poi_4733b6f0,poi_1153b6f1,cab,38,10.598,1.812,208.17,INR,245,2026-08-18T10:00:00+05:30
ptm_8e91c6b7,poi_4733b6f0,poi_e698d1f2,walk,49,3.604,0,0.00,INR,263,2026-08-18T10:00:00+05:30
ptm_e286595f,poi_4733b6f0,poi_e698d1f2,cab,16,3.604,0.616,89.27,INR,263,2026-08-18T10:00:00+05:30
ptm_d89f2abc,poi_4733b6f0,poi_cc30bc8d,cab,54,15.761,2.695,295.94,INR,197,2026-08-18T10:00:00+05:30
ptm_31956d24,poi_4733b6f0,poi_d94e1880,cab,47,13.501,2.309,257.51,INR,230,2026-08-18T10:00:00+05:30
ptm_0e4e4554,poi_4733b6f0,poi_de929193,cab,53,15.49,2.649,291.33,INR,164,2026-08-18T10:00:00+05:30
ptm_da6c43bd,poi_4733b6f0,poi_ecc44f4e,cab,37,10.25,1.753,202.25,INR,191,2026-08-18T10:00:00+05:30
ptm_d2c17070,poi_de929193,poi_99eeb49d,cab,45,12.952,2.215,248.19,INR,345,2026-08-18T10:00:00+05:30
ptm_4b488fb3,poi_de929193,poi_2918d9a5,cab,44,12.488,2.135,240.29,INR,309,2026-08-18T10:00:00+05:30
ptm_b27c9cfe,poi_de929193,poi_a9e46e7f,cab,45,12.811,2.191,245.78,INR,297,2026-08-18T10:00:00+05:30
ptm_4824bb17,poi_de929193,poi_1153b6f1,cab,59,17.319,2.962,322.43,INR,307,2026-08-18T10:00:00+05:30
ptm_cbfd5eca,poi_de929193,poi_e698d1f2,cab,56,16.456,2.814,307.75,INR,331,2026-08-18T10:00:00+05:30
ptm_21e898e8,poi_de929193,poi_cc30bc8d,cab,33,8.883,1.519,179.00,INR,269,2026-08-18T10:00:00+05:30
ptm_ac003935,poi_de929193,poi_d94e1880,cab,55,15.992,2.735,299.86,INR,293,2026-08-18T10:00:00+05:30
ptm_7a1bf9c9,poi_de929193,poi_4733b6f0,cab,53,15.49,2.649,291.33,INR,344,2026-08-18T10:00:00+05:30
ptm_f83d07e4,poi_de929193,poi_ecc44f4e,cab,29,7.873,1.346,161.85,INR,308,2026-08-18T10:00:00+05:30
ptm_b068dd56,poi_ecc44f4e,poi_99eeb49d,cab,31,8.244,1.41,168.15,INR,21,2026-08-18T10:00:00+05:30
ptm_0e59eb73,poi_ecc44f4e,poi_2918d9a5,cab,19,4.62,0.79,106.54,INR,311,2026-08-18T10:00:00+05:30
ptm_10e59831,poi_ecc44f4e,poi_a9e46e7f,cab,21,5.273,0.902,117.63,INR,281,2026-08-18T10:00:00+05:30
ptm_364746a4,poi_ecc44f4e,poi_1153b6f1,cab,34,9.448,1.616,188.62,INR,306,2026-08-18T10:00:00+05:30
ptm_d3e19853,poi_ecc44f4e,poi_e698d1f2,cab,35,9.773,1.671,194.14,INR,350,2026-08-18T10:00:00+05:30
ptm_09b6c375,poi_ecc44f4e,poi_cc30bc8d,cab,22,5.672,0.97,124.43,INR,208,2026-08-18T10:00:00+05:30
ptm_cac3751e,poi_ecc44f4e,poi_d94e1880,cab,32,8.603,1.471,174.25,INR,280,2026-08-18T10:00:00+05:30
ptm_3b3a7d60,poi_ecc44f4e,poi_4733b6f0,cab,37,10.25,1.753,202.25,INR,11,2026-08-18T10:00:00+05:30
ptm_aa96e3ac,poi_ecc44f4e,poi_de929193,cab,29,7.873,1.346,161.85,INR,128,2026-08-18T10:00:00+05:30
ptm_26f2694a,poi_1f6b3fea,poi_4b6fd669,cab,36,10.101,1.727,199.71,INR,294,2026-08-18T10:00:00+05:30
ptm_d3ace9aa,poi_1f6b3fea,poi_6cf96802,walk,55,4.072,0,0.00,INR,23,2026-08-18T10:00:00+05:30
ptm_d42263a4,poi_1f6b3fea,poi_6cf96802,cab,17,4.072,0.696,97.22,INR,23,2026-08-18T10:00:00+05:30
ptm_2f82a601,poi_1f6b3fea,poi_ac798552,walk,48,3.567,0,0.00,INR,259,2026-08-18T10:00:00+05:30
ptm_c7cfca5e,poi_1f6b3fea,poi_ac798552,cab,16,3.567,0.61,88.63,INR,259,2026-08-18T10:00:00+05:30
ptm_6f88fea4,poi_1f6b3fea,poi_b342c8f0,walk,56,4.142,0,0.00,INR,272,2026-08-18T10:00:00+05:30
ptm_d8f382f7,poi_1f6b3fea,poi_b342c8f0,cab,18,4.142,0.708,98.41,INR,272,2026-08-18T10:00:00+05:30
ptm_74906414,poi_1f6b3fea,poi_ce379b2f,cab,37,10.29,1.76,202.93,INR,292,2026-08-18T10:00:00+05:30
ptm_d458c4f6,poi_1f6b3fea,poi_3c0c89be,walk,53,3.919,0,0.00,INR,263,2026-08-18T10:00:00+05:30
ptm_02a5c043,poi_1f6b3fea,poi_3c0c89be,cab,17,3.919,0.67,94.62,INR,263,2026-08-18T10:00:00+05:30
ptm_0117ed8f,poi_1f6b3fea,poi_3f6b3047,cab,40,11.175,1.911,217.97,INR,299,2026-08-18T10:00:00+05:30
ptm_ef81ae67,poi_1f6b3fea,poi_5d60f7d3,cab,20,4.798,0.82,109.57,INR,13,2026-08-18T10:00:00+05:30
ptm_f9d83342,poi_1f6b3fea,poi_14133aa5,cab,23,5.711,0.977,125.08,INR,9,2026-08-18T10:00:00+05:30
ptm_53ec3fd7,poi_4b6fd669,poi_1f6b3fea,cab,36,10.101,1.727,199.71,INR,114,2026-08-18T10:00:00+05:30
ptm_629b8c27,poi_4b6fd669,poi_6cf96802,cab,39,10.841,1.854,212.29,INR,92,2026-08-18T10:00:00+05:30
ptm_4b2cccff,poi_4b6fd669,poi_ac798552,cab,28,7.452,1.274,154.69,INR,130,2026-08-18T10:00:00+05:30
ptm_94c75d17,poi_4b6fd669,poi_b342c8f0,cab,25,6.443,1.102,137.52,INR,128,2026-08-18T10:00:00+05:30
ptm_a7f96209,poi_4b6fd669,poi_ce379b2f,walk,7,0.391,0,0.00,INR,232,2026-08-18T10:00:00+05:30
ptm_fa8daba7,poi_4b6fd669,poi_ce379b2f,cab,6,0.391,0.067,34.65,INR,232,2026-08-18T10:00:00+05:30
ptm_3f842219,poi_4b6fd669,poi_3c0c89be,cab,27,7.022,1.201,147.37,INR,131,2026-08-18T10:00:00+05:30
ptm_ec961ab1,poi_4b6fd669,poi_3f6b3047,walk,20,1.433,0,0.00,INR,338,2026-08-18T10:00:00+05:30
ptm_900d50a3,poi_4b6fd669,poi_3f6b3047,cab,9,1.433,0.245,52.36,INR,338,2026-08-18T10:00:00+05:30
ptm_b3e096b7,poi_4b6fd669,poi_5d60f7d3,cab,37,10.314,1.764,203.34,INR,87,2026-08-18T10:00:00+05:30
ptm_a23909c4,poi_4b6fd669,poi_14133aa5,cab,37,10.204,1.745,201.47,INR,81,2026-08-18T10:00:00+05:30
ptm_3eb29d24,poi_6cf96802,poi_1f6b3fea,walk,55,4.072,0,0.00,INR,203,2026-08-18T10:00:00+05:30
ptm_2c02a19a,poi_6cf96802,poi_1f6b3fea,cab,17,4.072,0.696,97.22,INR,203,2026-08-18T10:00:00+05:30
ptm_c14f20ae,poi_6cf96802,poi_4b6fd669,cab,39,10.841,1.854,212.29,INR,272,2026-08-18T10:00:00+05:30
ptm_8049b7ac,poi_6cf96802,poi_ac798552,cab,26,6.748,1.154,142.72,INR,229,2026-08-18T10:00:00+05:30
ptm_4e2bfe53,poi_6cf96802,poi_b342c8f0,cab,26,6.772,1.158,143.13,INR,238,2026-08-18T10:00:00+05:30
ptm_a6eb60cd,poi_6cf96802,poi_ce379b2f,cab,40,11.143,1.906,217.44,INR,271,2026-08-18T10:00:00+05:30
ptm_50874094,poi_6cf96802,poi_3c0c89be,cab,26,6.918,1.183,145.61,INR,233,2026-08-18T10:00:00+05:30
ptm_f8cefb82,poi_6cf96802,poi_3f6b3047,cab,41,11.496,1.966,223.42,INR,279,2026-08-18T10:00:00+05:30
ptm_7e2ba2c9,poi_6cf96802,poi_5d60f7d3,walk,16,1.078,0,0.00,INR,330,2026-08-18T10:00:00+05:30
ptm_a13b8b35,poi_6cf96802,poi_5d60f7d3,cab,8,1.078,0.184,46.33,INR,330,2026-08-18T10:00:00+05:30
ptm_9850c57e,poi_6cf96802,poi_14133aa5,walk,28,2.046,0,0.00,INR,339,2026-08-18T10:00:00+05:30
ptm_95fade36,poi_6cf96802,poi_14133aa5,cab,11,2.046,0.35,62.77,INR,339,2026-08-18T10:00:00+05:30
ptm_d0880ceb,poi_ac798552,poi_1f6b3fea,walk,48,3.567,0,0.00,INR,79,2026-08-18T10:00:00+05:30
ptm_bec73422,poi_ac798552,poi_1f6b3fea,cab,16,3.567,0.61,88.63,INR,79,2026-08-18T10:00:00+05:30
ptm_5fb24ae7,poi_ac798552,poi_4b6fd669,cab,28,7.452,1.274,154.69,INR,310,2026-08-18T10:00:00+05:30
ptm_cf067450,poi_ac798552,poi_6cf96802,cab,26,6.748,1.154,142.72,INR,49,2026-08-18T10:00:00+05:30
ptm_8db516a9,poi_ac798552,poi_b342c8f0,walk,15,1.038,0,0.00,INR,322,2026-08-18T10:00:00+05:30
ptm_00312eb7,poi_ac798552,poi_b342c8f0,cab,8,1.038,0.178,45.65,INR,322,2026-08-18T10:00:00+05:30
ptm_41bcb4cc,poi_ac798552,poi_ce379b2f,cab,28,7.545,1.29,156.26,INR,307,2026-08-18T10:00:00+05:30
ptm_422c0cd3,poi_ac798552,poi_3c0c89be,walk,7,0.44,0,0.00,INR,298,2026-08-18T10:00:00+05:30
ptm_f5a50669,poi_ac798552,poi_3c0c89be,cab,6,0.44,0.075,35.49,INR,298,2026-08-18T10:00:00+05:30
ptm_f87d3e4e,poi_ac798552,poi_3f6b3047,cab,32,8.741,1.495,176.60,INR,314,2026-08-18T10:00:00+05:30
ptm_2f03b2a8,poi_ac798552,poi_5d60f7d3,cab,27,7.033,1.203,147.57,INR,41,2026-08-18T10:00:00+05:30
ptm_f9a9ed3b,poi_ac798552,poi_14133aa5,cab,29,7.673,1.312,158.44,INR,35,2026-08-18T10:00:00+05:30
ptm_5fa8ee5c,poi_b342c8f0,poi_1f6b3fea,walk,56,4.142,0,0.00,INR,92,2026-08-18T10:00:00+05:30
ptm_0b83ac9a,poi_b342c8f0,poi_1f6b3fea,cab,18,4.142,0.708,98.41,INR,92,2026-08-18T10:00:00+05:30
ptm_3d7443da,poi_b342c8f0,poi_4b6fd669,cab,25,6.443,1.102,137.52,INR,308,2026-08-18T10:00:00+05:30
ptm_5d5460d4,poi_b342c8f0,poi_6cf96802,cab,26,6.772,1.158,143.13,INR,58,2026-08-18T10:00:00+05:30
ptm_0f02f073,poi_b342c8f0,poi_ac798552,walk,15,1.038,0,0.00,INR,142,2026-08-18T10:00:00+05:30
ptm_74f0e01d,poi_b342c8f0,poi_ac798552,cab,8,1.038,0.178,45.65,INR,142,2026-08-18T10:00:00+05:30
ptm_f9788432,poi_b342c8f0,poi_ce379b2f,cab,25,6.55,1.12,139.34,INR,305,2026-08-18T10:00:00+05:30
ptm_79f36d49,poi_b342c8f0,poi_3c0c89be,walk,10,0.661,0,0.00,INR,158,2026-08-18T10:00:00+05:30
ptm_cb64ab63,poi_b342c8f0,poi_3c0c89be,cab,7,0.661,0.113,39.24,INR,158,2026-08-18T10:00:00+05:30
ptm_2f55dcd2,poi_b342c8f0,poi_3f6b3047,cab,29,7.714,1.319,159.14,INR,313,2026-08-18T10:00:00+05:30
ptm_fa455de3,poi_b342c8f0,poi_5d60f7d3,cab,26,6.898,1.179,145.26,INR,49,2026-08-18T10:00:00+05:30
ptm_5ff0d639,poi_b342c8f0,poi_14133aa5,cab,28,7.424,1.27,154.21,INR,42,2026-08-18T10:00:00+05:30
ptm_0ace0a08,poi_ce379b2f,poi_1f6b3fea,cab,37,10.29,1.76,202.93,INR,112,2026-08-18T10:00:00+05:30
ptm_ad297917,poi_ce379b2f,poi_4b6fd669,walk,7,0.391,0,0.00,INR,52,2026-08-18T10:00:00+05:30
ptm_0f7cff7d,poi_ce379b2f,poi_4b6fd669,cab,6,0.391,0.067,34.65,INR,52,2026-08-18T10:00:00+05:30
ptm_3c6b9057,poi_ce379b2f,poi_6cf96802,cab,40,11.143,1.906,217.44,INR,91,2026-08-18T10:00:00+05:30
ptm_7e84ce36,poi_ce379b2f,poi_ac798552,cab,28,7.545,1.29,156.26,INR,127,2026-08-18T10:00:00+05:30
ptm_3ba1f4d0,poi_ce379b2f,poi_b342c8f0,cab,25,6.55,1.12,139.34,INR,125,2026-08-18T10:00:00+05:30
ptm_17f3df8e,poi_ce379b2f,poi_3c0c89be,cab,27,7.11,1.216,148.87,INR,128,2026-08-18T10:00:00+05:30
ptm_3e8da1d8,poi_ce379b2f,poi_3f6b3047,walk,22,1.586,0,0.00,INR,352,2026-08-18T10:00:00+05:30
ptm_3f175c35,poi_ce379b2f,poi_3f6b3047,cab,10,1.586,0.271,54.96,INR,352,2026-08-18T10:00:00+05:30
ptm_746461b6,poi_ce379b2f,poi_5d60f7d3,cab,38,10.638,1.819,208.84,INR,86,2026-08-18T10:00:00+05:30
ptm_7ba99112,poi_ce379b2f,poi_14133aa5,cab,38,10.547,1.804,207.30,INR,80,2026-08-18T10:00:00+05:30
ptm_c13edb64,poi_3c0c89be,poi_1f6b3fea,walk,53,3.919,0,0.00,INR,83,2026-08-18T10:00:00+05:30
ptm_6aac7f54,poi_3c0c89be,poi_1f6b3fea,cab,17,3.919,0.67,94.62,INR,83,2026-08-18T10:00:00+05:30
ptm_6934af41,poi_3c0c89be,poi_4b6fd669,cab,27,7.022,1.201,147.37,INR,311,2026-08-18T10:00:00+05:30
ptm_1c471bfd,poi_3c0c89be,poi_6cf96802,cab,26,6.918,1.183,145.61,INR,53,2026-08-18T10:00:00+05:30
ptm_a40cac07,poi_3c0c89be,poi_ac798552,walk,7,0.44,0,0.00,INR,118,2026-08-18T10:00:00+05:30
ptm_9fff8ceb,poi_3c0c89be,poi_ac798552,cab,6,0.44,0.075,35.49,INR,118,2026-08-18T10:00:00+05:30
ptm_5bbf72f1,poi_3c0c89be,poi_b342c8f0,walk,10,0.661,0,0.00,INR,338,2026-08-18T10:00:00+05:30
ptm_c022431f,poi_3c0c89be,poi_b342c8f0,cab,7,0.661,0.113,39.24,INR,338,2026-08-18T10:00:00+05:30
ptm_9ea7c0d2,poi_3c0c89be,poi_ce379b2f,cab,27,7.11,1.216,148.87,INR,308,2026-08-18T10:00:00+05:30
ptm_aaeaa5ee,poi_3c0c89be,poi_3f6b3047,cab,31,8.319,1.423,169.42,INR,315,2026-08-18T10:00:00+05:30
ptm_fab5760d,poi_3c0c89be,poi_5d60f7d3,cab,27,7.141,1.221,149.39,INR,44,2026-08-18T10:00:00+05:30
ptm_5df60f5a,poi_3c0c89be,poi_14133aa5,cab,29,7.735,1.323,159.49,INR,38,2026-08-18T10:00:00+05:30
ptm_9a68513d,poi_3f6b3047,poi_1f6b3fea,cab,40,11.175,1.911,217.97,INR,119,2026-08-18T10:00:00+05:30
ptm_95171007,poi_3f6b3047,poi_4b6fd669,walk,20,1.433,0,0.00,INR,158,2026-08-18T10:00:00+05:30
ptm_3a359843,poi_3f6b3047,poi_4b6fd669,cab,9,1.433,0.245,52.36,INR,158,2026-08-18T10:00:00+05:30
ptm_cb6644c3,poi_3f6b3047,poi_6cf96802,cab,41,11.496,1.966,223.42,INR,99,2026-08-18T10:00:00+05:30
ptm_7d017b79,poi_3f6b3047,poi_ac798552,cab,32,8.741,1.495,176.60,INR,134,2026-08-18T10:00:00+05:30
ptm_ab6022ed,poi_3f6b3047,poi_b342c8f0,cab,29,7.714,1.319,159.14,INR,133,2026-08-18T10:00:00+05:30
ptm_69d8cf04,poi_3f6b3047,poi_ce379b2f,walk,22,1.586,0,0.00,INR,172,2026-08-18T10:00:00+05:30
ptm_18dc5ec5,poi_3f6b3047,poi_ce379b2f,cab,10,1.586,0.271,54.96,INR,172,2026-08-18T10:00:00+05:30
ptm_6c05a85c,poi_3f6b3047,poi_3c0c89be,cab,31,8.319,1.423,169.42,INR,135,2026-08-18T10:00:00+05:30
ptm_bb2ac8ff,poi_3f6b3047,poi_5d60f7d3,cab,39,10.861,1.857,212.63,INR,94,2026-08-18T10:00:00+05:30
ptm_ec54be61,poi_3f6b3047,poi_14133aa5,cab,38,10.625,1.817,208.63,INR,89,2026-08-18T10:00:00+05:30
ptm_6ba0b5c0,poi_5d60f7d3,poi_1f6b3fea,cab,20,4.798,0.82,109.57,INR,193,2026-08-18T10:00:00+05:30
ptm_cd6c6b43,poi_5d60f7d3,poi_4b6fd669,cab,37,10.314,1.764,203.34,INR,267,2026-08-18T10:00:00+05:30
ptm_0012357a,poi_5d60f7d3,poi_6cf96802,walk,16,1.078,0,0.00,INR,150,2026-08-18T10:00:00+05:30
ptm_68b106b5,poi_5d60f7d3,poi_6cf96802,cab,8,1.078,0.184,46.33,INR,150,2026-08-18T10:00:00+05:30
ptm_3fb6e4ec,poi_5d60f7d3,poi_ac798552,cab,27,7.033,1.203,147.57,INR,221,2026-08-18T10:00:00+05:30
ptm_a03b49d2,poi_5d60f7d3,poi_b342c8f0,cab,26,6.898,1.179,145.26,INR,229,2026-08-18T10:00:00+05:30
ptm_f07b93a7,poi_5d60f7d3,poi_ce379b2f,cab,38,10.638,1.819,208.84,INR,266,2026-08-18T10:00:00+05:30
ptm_18eac801,poi_5d60f7d3,poi_3c0c89be,cab,27,7.141,1.221,149.39,INR,224,2026-08-18T10:00:00+05:30
ptm_fbfa83f3,poi_5d60f7d3,poi_3f6b3047,cab,39,10.861,1.857,212.63,INR,274,2026-08-18T10:00:00+05:30
ptm_9da3e812,poi_5d60f7d3,poi_14133aa5,walk,14,0.991,0,0.00,INR,348,2026-08-18T10:00:00+05:30
ptm_e2f5fe7d,poi_5d60f7d3,poi_14133aa5,cab,8,0.991,0.17,44.85,INR,348,2026-08-18T10:00:00+05:30
ptm_2b9c9067,poi_14133aa5,poi_1f6b3fea,cab,23,5.711,0.977,125.08,INR,189,2026-08-18T10:00:00+05:30
ptm_8c9e5d7f,poi_14133aa5,poi_4b6fd669,cab,37,10.204,1.745,201.47,INR,261,2026-08-18T10:00:00+05:30
ptm_0a226508,poi_14133aa5,poi_6cf96802,walk,28,2.046,0,0.00,INR,159,2026-08-18T10:00:00+05:30
ptm_675c8000,poi_14133aa5,poi_6cf96802,cab,11,2.046,0.35,62.77,INR,159,2026-08-18T10:00:00+05:30
ptm_1284b115,poi_14133aa5,poi_ac798552,cab,29,7.673,1.312,158.44,INR,215,2026-08-18T10:00:00+05:30
ptm_f625ff91,poi_14133aa5,poi_b342c8f0,cab,28,7.424,1.27,154.21,INR,222,2026-08-18T10:00:00+05:30
ptm_18ca937c,poi_14133aa5,poi_ce379b2f,cab,38,10.547,1.804,207.30,INR,260,2026-08-18T10:00:00+05:30
ptm_8aa8242a,poi_14133aa5,poi_3c0c89be,cab,29,7.735,1.323,159.49,INR,218,2026-08-18T10:00:00+05:30
ptm_885147a8,poi_14133aa5,poi_3f6b3047,cab,38,10.625,1.817,208.63,INR,269,2026-08-18T10:00:00+05:30
ptm_e1b7cb19,poi_14133aa5,poi_5d60f7d3,walk,14,0.991,0,0.00,INR,168,2026-08-18T10:00:00+05:30
ptm_5caaa678,poi_14133aa5,poi_5d60f7d3,cab,8,0.991,0.17,44.85,INR,168,2026-08-18T10:00:00+05:30
ptm_271919f0,poi_45ad255e,poi_19ef3aca,walk,59,4.381,0,0.00,INR,209,2026-08-18T10:00:00+05:30
ptm_86a49810,poi_45ad255e,poi_19ef3aca,cab,18,4.381,0.749,102.49,INR,209,2026-08-18T10:00:00+05:30
ptm_3fb8f51b,poi_45ad255e,poi_654970ad,cab,34,9.474,1.62,189.06,INR,39,2026-08-18T10:00:00+05:30
ptm_ce4844da,poi_45ad255e,poi_cfe191ae,cab,35,9.518,1.628,189.81,INR,104,2026-08-18T10:00:00+05:30
ptm_629e3362,poi_45ad255e,poi_1b1c636a,cab,36,9.857,1.686,195.57,INR,334,2026-08-18T10:00:00+05:30
ptm_b97a6171,poi_45ad255e,poi_6d2179fc,cab,24,6.131,1.048,132.23,INR,246,2026-08-18T10:00:00+05:30
ptm_a4c4097b,poi_45ad255e,poi_3657db09,cab,32,8.757,1.497,176.86,INR,48,2026-08-18T10:00:00+05:30
ptm_4147fa6f,poi_45ad255e,poi_617e6210,walk,43,3.205,0,0.00,INR,162,2026-08-18T10:00:00+05:30
ptm_da049f80,poi_45ad255e,poi_617e6210,cab,15,3.205,0.548,82.49,INR,162,2026-08-18T10:00:00+05:30
ptm_4d15d17d,poi_45ad255e,poi_537e1423,cab,24,6.234,1.066,133.98,INR,94,2026-08-18T10:00:00+05:30
ptm_912bce41,poi_45ad255e,poi_4014708e,cab,32,8.638,1.477,174.85,INR,84,2026-08-18T10:00:00+05:30
ptm_6b67f880,poi_19ef3aca,poi_45ad255e,walk,59,4.381,0,0.00,INR,29,2026-08-18T10:00:00+05:30
ptm_d9a5fc51,poi_19ef3aca,poi_45ad255e,cab,18,4.381,0.749,102.49,INR,29,2026-08-18T10:00:00+05:30
ptm_7281b12e,poi_19ef3aca,poi_654970ad,cab,48,13.81,2.361,262.77,INR,36,2026-08-18T10:00:00+05:30
ptm_76b3d808,poi_19ef3aca,poi_cfe191ae,cab,41,11.457,1.959,222.76,INR,82,2026-08-18T10:00:00+05:30
ptm_156aefe4,poi_19ef3aca,poi_1b1c636a,cab,45,12.883,2.203,247.00,INR,350,2026-08-18T10:00:00+05:30
ptm_2165fa1a,poi_19ef3aca,poi_6d2179fc,walk,50,3.755,0,0.00,INR,291,2026-08-18T10:00:00+05:30
ptm_ae58b0d0,poi_19ef3aca,poi_6d2179fc,cab,16,3.755,0.642,91.84,INR,291,2026-08-18T10:00:00+05:30
ptm_77157ed8,poi_19ef3aca,poi_3657db09,cab,45,12.976,2.219,248.60,INR,42,2026-08-18T10:00:00+05:30
ptm_9f65a675,poi_19ef3aca,poi_617e6210,walk,43,3.178,0,0.00,INR,76,2026-08-18T10:00:00+05:30
ptm_729a44e4,poi_19ef3aca,poi_617e6210,cab,15,3.178,0.543,82.03,INR,76,2026-08-18T10:00:00+05:30
ptm_c58ae89f,poi_19ef3aca,poi_537e1423,cab,33,8.999,1.539,180.99,INR,68,2026-08-18T10:00:00+05:30
ptm_5a21efee,poi_19ef3aca,poi_4014708e,cab,42,11.724,2.005,227.32,INR,66,2026-08-18T10:00:00+05:30
ptm_db9bd311,poi_654970ad,poi_45ad255e,cab,34,9.474,1.62,189.06,INR,219,2026-08-18T10:00:00+05:30
ptm_7348ae20,poi_654970ad,poi_19ef3aca,cab,48,13.81,2.361,262.77,INR,216,2026-08-18T10:00:00+05:30
ptm_af0a4ff4,poi_654970ad,poi_cfe191ae,cab,37,10.217,1.747,201.69,INR,161,2026-08-18T10:00:00+05:30
ptm_d92f5892,poi_654970ad,poi_1b1c636a,cab,37,10.386,1.776,204.56,INR,278,2026-08-18T10:00:00+05:30
ptm_6a6cffdd,poi_654970ad,poi_6d2179fc,cab,52,15.182,2.596,286.10,INR,230,2026-08-18T10:00:00+05:30
ptm_a49fda4c,poi_654970ad,poi_3657db09,walk,23,1.612,0,0.00,INR,160,2026-08-18T10:00:00+05:30
ptm_f2da522b,poi_654970ad,poi_3657db09,cab,10,1.612,0.276,55.41,INR,160,2026-08-18T10:00:00+05:30
ptm_b879989f,poi_654970ad,poi_617e6210,cab,41,11.56,1.977,224.53,INR,206,2026-08-18T10:00:00+05:30
ptm_8cc79f03,poi_654970ad,poi_537e1423,cab,29,7.822,1.338,160.97,INR,178,2026-08-18T10:00:00+05:30
ptm_69d07a86,poi_654970ad,poi_4014708e,cab,26,6.943,1.187,146.04,INR,158,2026-08-18T10:00:00+05:30
ptm_b624b4e2,poi_cfe191ae,poi_45ad255e,cab,35,9.518,1.628,189.81,INR,284,2026-08-18T10:00:00+05:30
ptm_74427c74,poi_cfe191ae,poi_19ef3aca,cab,41,11.457,1.959,222.76,INR,262,2026-08-18T10:00:00+05:30
ptm_f43d3036,poi_cfe191ae,poi_654970ad,cab,37,10.217,1.747,201.69,INR,341,2026-08-18T10:00:00+05:30
ptm_893350dc,poi_cfe191ae,poi_1b1c636a,cab,60,17.564,3.003,326.59,INR,309,2026-08-18T10:00:00+05:30
ptm_f96f46b5,poi_cfe191ae,poi_6d2179fc,cab,51,14.85,2.539,280.46,INR,269,2026-08-18T10:00:00+05:30
ptm_0e3e02a9,poi_cfe191ae,poi_3657db09,cab,32,8.605,1.471,174.29,INR,342,2026-08-18T10:00:00+05:30
ptm_26009598,poi_cfe191ae,poi_617e6210,cab,31,8.307,1.42,169.21,INR,265,2026-08-18T10:00:00+05:30
ptm_ee316044,poi_cfe191ae,poi_537e1423,walk,48,3.543,0,0.00,INR,302,2026-08-18T10:00:00+05:30
ptm_852598dd,poi_cfe191ae,poi_537e1423,cab,16,3.543,0.606,88.23,INR,302,2026-08-18T10:00:00+05:30
ptm_d3e1fc41,poi_cfe191ae,poi_4014708e,walk,45,3.315,0,0.00,INR,349,2026-08-18T10:00:00+05:30
ptm_6131de14,poi_cfe191ae,poi_4014708e,cab,15,3.315,0.567,84.35,INR,349,2026-08-18T10:00:00+05:30
ptm_55bf042a,poi_1b1c636a,poi_45ad255e,cab,36,9.857,1.686,195.57,INR,154,2026-08-18T10:00:00+05:30
ptm_9ce96016,poi_1b1c636a,poi_19ef3aca,cab,45,12.883,2.203,247.00,INR,170,2026-08-18T10:00:00+05:30
ptm_cf8ab784,poi_1b1c636a,poi_654970ad,cab,37,10.386,1.776,204.56,INR,98,2026-08-18T10:00:00+05:30
ptm_a9e25451,poi_1b1c636a,poi_cfe191ae,cab,60,17.564,3.003,326.59,INR,129,2026-08-18T10:00:00+05:30
ptm_4471ce2b,poi_1b1c636a,poi_6d2179fc,cab,40,11.394,1.948,221.69,INR,186,2026-08-18T10:00:00+05:30
ptm_2c42b34d,poi_1b1c636a,poi_3657db09,cab,40,11.243,1.923,219.13,INR,105,2026-08-18T10:00:00+05:30
ptm_34ba8295,poi_1b1c636a,poi_617e6210,cab,46,13.035,2.229,249.60,INR,156,2026-08-18T10:00:00+05:30
ptm_311ff4a7,poi_1b1c636a,poi_537e1423,cab,49,14.062,2.405,267.06,INR,131,2026-08-18T10:00:00+05:30
ptm_7e1ea97c,poi_1b1c636a,poi_4014708e,cab,52,15.143,2.589,285.44,INR,121,2026-08-18T10:00:00+05:30
ptm_8c55914a,poi_6d2179fc,poi_45ad255e,cab,24,6.131,1.048,132.23,INR,66,2026-08-18T10:00:00+05:30
ptm_85871a84,poi_6d2179fc,poi_19ef3aca,walk,50,3.755,0,0.00,INR,111,2026-08-18T10:00:00+05:30
ptm_349dccec,poi_6d2179fc,poi_19ef3aca,cab,16,3.755,0.642,91.84,INR,111,2026-08-18T10:00:00+05:30
ptm_cf5fa58b,poi_6d2179fc,poi_654970ad,cab,52,15.182,2.596,286.10,INR,50,2026-08-18T10:00:00+05:30
ptm_9d97f1c3,poi_6d2179fc,poi_cfe191ae,cab,51,14.85,2.539,280.46,INR,89,2026-08-18T10:00:00+05:30
ptm_620c0a3f,poi_6d2179fc,poi_1b1c636a,cab,40,11.394,1.948,221.69,INR,6,2026-08-18T10:00:00+05:30
ptm_183f17f8,poi_6d2179fc,poi_3657db09,cab,51,14.705,2.514,277.98,INR,55,2026-08-18T10:00:00+05:30
ptm_66809072,poi_6d2179fc,poi_617e6210,cab,25,6.604,1.129,140.27,INR,95,2026-08-18T10:00:00+05:30
ptm_205fc1e3,poi_6d2179fc,poi_537e1423,cab,42,12.003,2.053,232.06,INR,80,2026-08-18T10:00:00+05:30
ptm_7736f144,poi_6d2179fc,poi_4014708e,cab,51,14.605,2.497,276.28,INR,76,2026-08-18T10:00:00+05:30
ptm_26e0d3e9,poi_3657db09,poi_45ad255e,cab,32,8.757,1.497,176.86,INR,228,2026-08-18T10:00:00+05:30
ptm_b43c175e,poi_3657db09,poi_19ef3aca,cab,45,12.976,2.219,248.60,INR,222,2026-08-18T10:00:00+05:30
ptm_8bfc892e,poi_3657db09,poi_654970ad,walk,23,1.612,0,0.00,INR,340,2026-08-18T10:00:00+05:30
ptm_5d23e93a,poi_3657db09,poi_654970ad,cab,10,1.612,0.276,55.41,INR,340,2026-08-18T10:00:00+05:30
ptm_00e8176e,poi_3657db09,poi_cfe191ae,cab,32,8.605,1.471,174.29,INR,162,2026-08-18T10:00:00+05:30
ptm_f6e53d77,poi_3657db09,poi_1b1c636a,cab,40,11.243,1.923,219.13,INR,285,2026-08-18T10:00:00+05:30
ptm_47224856,poi_3657db09,poi_6d2179fc,cab,51,14.705,2.514,277.98,INR,236,2026-08-18T10:00:00+05:30
ptm_b3bdfc55,poi_3657db09,poi_617e6210,cab,38,10.499,1.795,206.49,INR,212,2026-08-18T10:00:00+05:30
ptm_64fb3757,poi_3657db09,poi_537e1423,cab,24,6.311,1.079,135.28,INR,183,2026-08-18T10:00:00+05:30
ptm_3e024b35,poi_3657db09,poi_4014708e,cab,21,5.332,0.912,118.65,INR,157,2026-08-18T10:00:00+05:30
ptm_92666836,poi_617e6210,poi_45ad255e,walk,43,3.205,0,0.00,INR,342,2026-08-18T10:00:00+05:30
ptm_00534b59,poi_617e6210,poi_45ad255e,cab,15,3.205,0.548,82.49,INR,342,2026-08-18T10:00:00+05:30
ptm_6bf59b23,poi_617e6210,poi_19ef3aca,walk,43,3.178,0,0.00,INR,256,2026-08-18T10:00:00+05:30
ptm_84108c41,poi_617e6210,poi_19ef3aca,cab,15,3.178,0.543,82.03,INR,256,2026-08-18T10:00:00+05:30
ptm_23faf101,poi_617e6210,poi_654970ad,cab,41,11.56,1.977,224.53,INR,26,2026-08-18T10:00:00+05:30
ptm_7d1c9aa4,poi_617e6210,poi_cfe191ae,cab,31,8.307,1.42,169.21,INR,85,2026-08-18T10:00:00+05:30
ptm_ddb69a0b,poi_617e6210,poi_1b1c636a,cab,46,13.035,2.229,249.60,INR,336,2026-08-18T10:00:00+05:30
ptm_a3f9df88,poi_617e6210,poi_6d2179fc,cab,25,6.604,1.129,140.27,INR,275,2026-08-18T10:00:00+05:30
ptm_2376a1b2,poi_617e6210,poi_3657db09,cab,38,10.499,1.795,206.49,INR,32,2026-08-18T10:00:00+05:30
ptm_fc0a04a8,poi_617e6210,poi_537e1423,cab,23,5.868,1.003,127.76,INR,64,2026-08-18T10:00:00+05:30
ptm_3fec47bc,poi_617e6210,poi_4014708e,cab,32,8.611,1.472,174.39,INR,62,2026-08-18T10:00:00+05:30
ptm_51edfde9,poi_537e1423,poi_45ad255e,cab,24,6.234,1.066,133.98,INR,274,2026-08-18T10:00:00+05:30
ptm_b2e86072,poi_537e1423,poi_19ef3aca,cab,33,8.999,1.539,180.99,INR,248,2026-08-18T10:00:00+05:30
ptm_14f77374,poi_537e1423,poi_654970ad,cab,29,7.822,1.338,160.97,INR,358,2026-08-18T10:00:00+05:30
ptm_5fbd7a81,poi_537e1423,poi_cfe191ae,walk,48,3.543,0,0.00,INR,122,2026-08-18T10:00:00+05:30
ptm_f01282ca,poi_537e1423,poi_cfe191ae,cab,16,3.543,0.606,88.23,INR,122,2026-08-18T10:00:00+05:30
ptm_80ed2701,poi_537e1423,poi_1b1c636a,cab,49,14.062,2.405,267.06,INR,311,2026-08-18T10:00:00+05:30
ptm_73879a56,poi_537e1423,poi_6d2179fc,cab,42,12.003,2.053,232.06,INR,260,2026-08-18T10:00:00+05:30
ptm_0c6c9f14,poi_537e1423,poi_3657db09,cab,24,6.311,1.079,135.28,INR,3,2026-08-18T10:00:00+05:30
ptm_1c26e264,poi_537e1423,poi_617e6210,cab,23,5.868,1.003,127.76,INR,244,2026-08-18T10:00:00+05:30
ptm_86718967,poi_537e1423,poi_4014708e,walk,37,2.747,0,0.00,INR,60,2026-08-18T10:00:00+05:30
ptm_65265176,poi_537e1423,poi_4014708e,cab,13,2.747,0.47,74.71,INR,60,2026-08-18T10:00:00+05:30
ptm_97d23ef3,poi_4014708e,poi_45ad255e,cab,32,8.638,1.477,174.85,INR,264,2026-08-18T10:00:00+05:30
ptm_fa21ecfa,poi_4014708e,poi_19ef3aca,cab,42,11.724,2.005,227.32,INR,246,2026-08-18T10:00:00+05:30
ptm_b68864d7,poi_4014708e,poi_654970ad,cab,26,6.943,1.187,146.04,INR,338,2026-08-18T10:00:00+05:30
ptm_02361235,poi_4014708e,poi_cfe191ae,walk,45,3.315,0,0.00,INR,169,2026-08-18T10:00:00+05:30
ptm_faaab31e,poi_4014708e,poi_cfe191ae,cab,15,3.315,0.567,84.35,INR,169,2026-08-18T10:00:00+05:30
ptm_66b072f8,poi_4014708e,poi_1b1c636a,cab,52,15.143,2.589,285.44,INR,301,2026-08-18T10:00:00+05:30
ptm_c4aeb175,poi_4014708e,poi_6d2179fc,cab,51,14.605,2.497,276.28,INR,256,2026-08-18T10:00:00+05:30
ptm_b8b50c32,poi_4014708e,poi_3657db09,cab,21,5.332,0.912,118.65,INR,337,2026-08-18T10:00:00+05:30
ptm_1874c614,poi_4014708e,poi_617e6210,cab,32,8.611,1.472,174.39,INR,242,2026-08-18T10:00:00+05:30
ptm_ed9c24f4,poi_4014708e,poi_537e1423,walk,37,2.747,0,0.00,INR,240,2026-08-18T10:00:00+05:30
ptm_c277ced5,poi_4014708e,poi_537e1423,cab,13,2.747,0.47,74.71,INR,240,2026-08-18T10:00:00+05:30
ptm_db8ff6e8,poi_6dce5a76,poi_356fc49a,cab,41,11.498,1.966,223.46,INR,111,2026-08-18T10:00:00+05:30
ptm_3841d35e,poi_6dce5a76,poi_d3737db1,cab,39,11,1.881,215.00,INR,60,2026-08-18T10:00:00+05:30
ptm_35fc69f0,poi_6dce5a76,poi_453bdf21,cab,40,11.233,1.921,218.97,INR,118,2026-08-18T10:00:00+05:30
ptm_3c04901b,poi_6dce5a76,poi_0f2aad38,walk,47,3.507,0,0.00,INR,242,2026-08-18T10:00:00+05:30
ptm_53bd4f19,poi_6dce5a76,poi_0f2aad38,cab,16,3.507,0.6,87.62,INR,242,2026-08-18T10:00:00+05:30
ptm_a0791792,poi_6dce5a76,poi_04a93c99,cab,21,5.089,0.87,114.52,INR,69,2026-08-18T10:00:00+05:30
ptm_759d6c66,poi_6dce5a76,poi_854510d3,cab,31,8.54,1.46,173.18,INR,34,2026-08-18T10:00:00+05:30
ptm_9064124d,poi_6dce5a76,poi_b678840e,cab,21,5.151,0.881,115.57,INR,102,2026-08-18T10:00:00+05:30
ptm_9e4a48db,poi_6dce5a76,poi_59a49b81,cab,41,11.472,1.962,223.02,INR,91,2026-08-18T10:00:00+05:30
ptm_547a0d6f,poi_6dce5a76,poi_69af3525,cab,32,8.613,1.473,174.41,INR,98,2026-08-18T10:00:00+05:30
ptm_2e0eb74f,poi_356fc49a,poi_6dce5a76,cab,41,11.498,1.966,223.46,INR,291,2026-08-18T10:00:00+05:30
ptm_1ed36a88,poi_356fc49a,poi_d3737db1,cab,35,9.767,1.67,194.04,INR,353,2026-08-18T10:00:00+05:30
ptm_ef9bf94c,poi_356fc49a,poi_453bdf21,walk,19,1.315,0,0.00,INR,216,2026-08-18T10:00:00+05:30
ptm_8f797123,poi_356fc49a,poi_453bdf21,cab,9,1.315,0.225,50.35,INR,216,2026-08-18T10:00:00+05:30
ptm_44b578ed,poi_356fc49a,poi_0f2aad38,cab,49,14.033,2.4,266.56,INR,280,2026-08-18T10:00:00+05:30
ptm_ae248886,poi_356fc49a,poi_04a93c99,cab,31,8.429,1.441,171.30,INR,315,2026-08-18T10:00:00+05:30
ptm_b82f3a4f,poi_356fc49a,poi_854510d3,cab,45,12.758,2.182,244.88,INR,332,2026-08-18T10:00:00+05:30
ptm_a9d34b1b,poi_356fc49a,poi_b678840e,cab,25,6.471,1.107,138.01,INR,299,2026-08-18T10:00:00+05:30
ptm_c30278a2,poi_356fc49a,poi_59a49b81,walk,55,4.095,0,0.00,INR,11,2026-08-18T10:00:00+05:30
ptm_54a32fed,poi_356fc49a,poi_59a49b81,cab,17,4.095,0.7,97.62,INR,11,2026-08-18T10:00:00+05:30
ptm_76f5cd5b,poi_356fc49a,poi_69af3525,walk,49,3.668,0,0.00,INR,323,2026-08-18T10:00:00+05:30
ptm_2d6c59a8,poi_356fc49a,poi_69af3525,cab,16,3.668,0.627,90.36,INR,323,2026-08-18T10:00:00+05:30
ptm_c58c046a,poi_d3737db1,poi_6dce5a76,cab,39,11,1.881,215.00,INR,240,2026-08-18T10:00:00+05:30
ptm_a95bbebf,poi_d3737db1,poi_356fc49a,cab,35,9.767,1.67,194.04,INR,173,2026-08-18T10:00:00+05:30
ptm_1e7566bb,poi_d3737db1,poi_453bdf21,cab,38,10.764,1.841,210.98,INR,178,2026-08-18T10:00:00+05:30
ptm_24d698bb,poi_d3737db1,poi_0f2aad38,cab,50,14.506,2.48,274.59,INR,240,2026-08-18T10:00:00+05:30
ptm_bc2049c8,poi_d3737db1,poi_04a93c99,cab,24,6.038,1.032,130.64,INR,232,2026-08-18T10:00:00+05:30
ptm_719d8f88,poi_d3737db1,poi_854510d3,cab,20,5.026,0.859,113.44,INR,288,2026-08-18T10:00:00+05:30
ptm_adeb8909,poi_d3737db1,poi_b678840e,cab,30,7.956,1.36,163.24,INR,214,2026-08-18T10:00:00+05:30
ptm_53097f68,poi_d3737db1,poi_59a49b81,cab,23,5.997,1.025,129.95,INR,161,2026-08-18T10:00:00+05:30
ptm_50737c09,poi_d3737db1,poi_69af3525,cab,26,6.822,1.167,143.98,INR,188,2026-08-18T10:00:00+05:30
ptm_58c7f8f2,poi_453bdf21,poi_6dce5a76,cab,40,11.233,1.921,218.97,INR,298,2026-08-18T10:00:00+05:30
ptm_1440b781,poi_453bdf21,poi_356fc49a,walk,19,1.315,0,0.00,INR,36,2026-08-18T10:00:00+05:30
ptm_20c6b495,poi_453bdf21,poi_356fc49a,cab,9,1.315,0.225,50.35,INR,36,2026-08-18T10:00:00+05:30
ptm_695503d5,poi_453bdf21,poi_d3737db1,cab,38,10.764,1.841,210.98,INR,358,2026-08-18T10:00:00+05:30
ptm_8c00359d,poi_453bdf21,poi_0f2aad38,cab,47,13.513,2.311,257.72,INR,285,2026-08-18T10:00:00+05:30
ptm_3a2c396a,poi_453bdf21,poi_04a93c99,cab,32,8.731,1.493,176.43,INR,324,2026-08-18T10:00:00+05:30
ptm_a190946d,poi_453bdf21,poi_854510d3,cab,47,13.386,2.289,255.56,INR,337,2026-08-18T10:00:00+05:30
ptm_2c871277,poi_453bdf21,poi_b678840e,cab,25,6.437,1.101,137.43,INR,310,2026-08-18T10:00:00+05:30
ptm_d9339c90,poi_453bdf21,poi_59a49b81,cab,21,5.312,0.908,118.31,INR,17,2026-08-18T10:00:00+05:30
ptm_a7dc2875,poi_453bdf21,poi_69af3525,walk,57,4.248,0,0.00,INR,341,2026-08-18T10:00:00+05:30
ptm_293ad9b8,poi_453bdf21,poi_69af3525,cab,18,4.248,0.726,100.21,INR,341,2026-08-18T10:00:00+05:30
ptm_96b18c9e,poi_0f2aad38,poi_6dce5a76,walk,47,3.507,0,0.00,INR,62,2026-08-18T10:00:00+05:30
ptm_7c6c2b61,poi_0f2aad38,poi_6dce5a76,cab,16,3.507,0.6,87.62,INR,62,2026-08-18T10:00:00+05:30
ptm_0deb2bfa,poi_0f2aad38,poi_356fc49a,cab,49,14.033,2.4,266.56,INR,100,2026-08-18T10:00:00+05:30
ptm_6d1f9e0e,poi_0f2aad38,poi_d3737db1,cab,50,14.506,2.48,274.59,INR,60,2026-08-18T10:00:00+05:30
ptm_2df31af5,poi_0f2aad38,poi_453bdf21,cab,47,13.513,2.311,257.72,INR,105,2026-08-18T10:00:00+05:30
ptm_bf52599f,poi_0f2aad38,poi_04a93c99,cab,32,8.579,1.467,173.84,INR,66,2026-08-18T10:00:00+05:30
ptm_27fc6c31,poi_0f2aad38,poi_854510d3,cab,42,11.751,2.009,227.77,INR,42,2026-08-18T10:00:00+05:30
ptm_67842bf3,poi_0f2aad38,poi_b678840e,cab,30,8.155,1.394,166.63,INR,86,2026-08-18T10:00:00+05:30
ptm_24de97a9,poi_0f2aad38,poi_59a49b81,cab,51,14.64,2.503,276.88,INR,84,2026-08-18T10:00:00+05:30
ptm_b6399514,poi_0f2aad38,poi_69af3525,cab,41,11.624,1.988,225.60,INR,88,2026-08-18T10:00:00+05:30
ptm_626e2483,poi_04a93c99,poi_6dce5a76,cab,21,5.089,0.87,114.52,INR,249,2026-08-18T10:00:00+05:30
ptm_0f6d4370,poi_04a93c99,poi_356fc49a,cab,31,8.429,1.441,171.30,INR,135,2026-08-18T10:00:00+05:30
ptm_8dc3892b,poi_04a93c99,poi_d3737db1,cab,24,6.038,1.032,130.64,INR,52,2026-08-18T10:00:00+05:30
ptm_c16b3d9c,poi_04a93c99,poi_453bdf21,cab,32,8.731,1.493,176.43,INR,144,2026-08-18T10:00:00+05:30
ptm_0a3ece6d,poi_04a93c99,poi_0f2aad38,cab,32,8.579,1.467,173.84,INR,246,2026-08-18T10:00:00+05:30
ptm_47beaad2,poi_04a93c99,poi_854510d3,cab,21,5.306,0.907,118.19,INR,360,2026-08-18T10:00:00+05:30
ptm_abc01ef8,poi_04a93c99,poi_b678840e,walk,39,2.868,0,0.00,INR,174,2026-08-18T10:00:00+05:30
ptm_77688070,poi_04a93c99,poi_b678840e,cab,14,2.868,0.49,76.76,INR,174,2026-08-18T10:00:00+05:30
ptm_291977a8,poi_04a93c99,poi_59a49b81,cab,27,6.985,1.194,146.74,INR,106,2026-08-18T10:00:00+05:30
ptm_e4b0da6a,poi_04a93c99,poi_69af3525,cab,20,4.828,0.826,110.08,INR,129,2026-08-18T10:00:00+05:30
ptm_b7415767,poi_854510d3,poi_6dce5a76,cab,31,8.54,1.46,173.18,INR,214,2026-08-18T10:00:00+05:30
ptm_b7dd1b60,poi_854510d3,poi_356fc49a,cab,45,12.758,2.182,244.88,INR,152,2026-08-18T10:00:00+05:30
ptm_76f63679,poi_854510d3,poi_d3737db1,cab,20,5.026,0.859,113.44,INR,108,2026-08-18T10:00:00+05:30
ptm_fd009c49,poi_854510d3,poi_453bdf21,cab,47,13.386,2.289,255.56,INR,157,2026-08-18T10:00:00+05:30
ptm_deda48d2,poi_854510d3,poi_0f2aad38,cab,42,11.751,2.009,227.77,INR,222,2026-08-18T10:00:00+05:30
ptm_d3f2aa7d,poi_854510d3,poi_04a93c99,cab,21,5.306,0.907,118.19,INR,180,2026-08-18T10:00:00+05:30
ptm_6965d4a0,poi_854510d3,poi_b678840e,cab,30,8.166,1.396,166.81,INR,178,2026-08-18T10:00:00+05:30
ptm_ab01cd65,poi_854510d3,poi_59a49b81,cab,36,9.89,1.691,196.13,INR,137,2026-08-18T10:00:00+05:30
ptm_7c9713d7,poi_854510d3,poi_69af3525,cab,33,9.149,1.564,183.53,INR,156,2026-08-18T10:00:00+05:30
ptm_fd6bc67e,poi_b678840e,poi_6dce5a76,cab,21,5.151,0.881,115.57,INR,282,2026-08-18T10:00:00+05:30
ptm_611db495,poi_b678840e,poi_356fc49a,cab,25,6.471,1.107,138.01,INR,119,2026-08-18T10:00:00+05:30
ptm_fb76df92,poi_b678840e,poi_d3737db1,cab,30,7.956,1.36,163.24,INR,34,2026-08-18T10:00:00+05:30
ptm_630676a5,poi_b678840e,poi_453bdf21,cab,25,6.437,1.101,137.43,INR,130,2026-08-18T10:00:00+05:30
ptm_2a559069,poi_b678840e,poi_0f2aad38,cab,30,8.155,1.394,166.63,INR,266,2026-08-18T10:00:00+05:30
ptm_3fd32332,poi_b678840e,poi_04a93c99,walk,39,2.868,0,0.00,INR,354,2026-08-18T10:00:00+05:30
ptm_a5b9d968,poi_b678840e,poi_04a93c99,cab,14,2.868,0.49,76.76,INR,354,2026-08-18T10:00:00+05:30
ptm_70dad0c5,poi_b678840e,poi_854510d3,cab,30,8.166,1.396,166.81,INR,358,2026-08-18T10:00:00+05:30
ptm_37cf0c3d,poi_b678840e,poi_59a49b81,cab,25,6.494,1.11,138.40,INR,82,2026-08-18T10:00:00+05:30
ptm_c4434b38,poi_b678840e,poi_69af3525,walk,47,3.488,0,0.00,INR,93,2026-08-18T10:00:00+05:30
ptm_a7dbdbf3,poi_b678840e,poi_69af3525,cab,16,3.488,0.596,87.29,INR,93,2026-08-18T10:00:00+05:30
ptm_64d9bc16,poi_59a49b81,poi_6dce5a76,cab,41,11.472,1.962,223.02,INR,271,2026-08-18T10:00:00+05:30
ptm_960eb392,poi_59a49b81,poi_356fc49a,walk,55,4.095,0,0.00,INR,191,2026-08-18T10:00:00+05:30
ptm_07e98365,poi_59a49b81,poi_356fc49a,cab,17,4.095,0.7,97.62,INR,191,2026-08-18T10:00:00+05:30
ptm_b6f773d8,poi_59a49b81,poi_d3737db1,cab,23,5.997,1.025,129.95,INR,341,2026-08-18T10:00:00+05:30
ptm_df60e701,poi_59a49b81,poi_453bdf21,cab,21,5.312,0.908,118.31,INR,197,2026-08-18T10:00:00+05:30
ptm_ef233b26,poi_59a49b81,poi_0f2aad38,cab,51,14.64,2.503,276.88,INR,264,2026-08-18T10:00:00+05:30
ptm_855096bc,poi_59a49b81,poi_04a93c99,cab,27,6.985,1.194,146.74,INR,286,2026-08-18T10:00:00+05:30
ptm_de0ba39c,poi_59a49b81,poi_854510d3,cab,36,9.89,1.691,196.13,INR,317,2026-08-18T10:00:00+05:30
ptm_27bd3ad9,poi_59a49b81,poi_b678840e,cab,25,6.494,1.11,138.40,INR,262,2026-08-18T10:00:00+05:30
ptm_784c851a,poi_59a49b81,poi_69af3525,walk,42,3.139,0,0.00,INR,250,2026-08-18T10:00:00+05:30
ptm_0a042d51,poi_59a49b81,poi_69af3525,cab,14,3.139,0.537,81.36,INR,250,2026-08-18T10:00:00+05:30
ptm_0e1b1a4e,poi_69af3525,poi_6dce5a76,cab,32,8.613,1.473,174.41,INR,278,2026-08-18T10:00:00+05:30
ptm_f9b3a47a,poi_69af3525,poi_356fc49a,walk,49,3.668,0,0.00,INR,143,2026-08-18T10:00:00+05:30
ptm_10ed4e2a,poi_69af3525,poi_356fc49a,cab,16,3.668,0.627,90.36,INR,143,2026-08-18T10:00:00+05:30
ptm_92647a5e,poi_69af3525,poi_d3737db1,cab,26,6.822,1.167,143.98,INR,8,2026-08-18T10:00:00+05:30
ptm_c73b77b4,poi_69af3525,poi_453bdf21,walk,57,4.248,0,0.00,INR,161,2026-08-18T10:00:00+05:30
ptm_be2e8bdf,poi_69af3525,poi_453bdf21,cab,18,4.248,0.726,100.21,INR,161,2026-08-18T10:00:00+05:30
ptm_02ea03ca,poi_69af3525,poi_0f2aad38,cab,41,11.624,1.988,225.60,INR,268,2026-08-18T10:00:00+05:30
ptm_ccdf21da,poi_69af3525,poi_04a93c99,cab,20,4.828,0.826,110.08,INR,309,2026-08-18T10:00:00+05:30
ptm_76a945de,poi_69af3525,poi_854510d3,cab,33,9.149,1.564,183.53,INR,336,2026-08-18T10:00:00+05:30
ptm_c5f0e804,poi_69af3525,poi_b678840e,walk,47,3.488,0,0.00,INR,273,2026-08-18T10:00:00+05:30
ptm_0a5ba4cb,poi_69af3525,poi_b678840e,cab,16,3.488,0.596,87.29,INR,273,2026-08-18T10:00:00+05:30
ptm_636c5527,poi_69af3525,poi_59a49b81,walk,42,3.139,0,0.00,INR,70,2026-08-18T10:00:00+05:30
ptm_5e1f195a,poi_69af3525,poi_59a49b81,cab,14,3.139,0.537,81.36,INR,70,2026-08-18T10:00:00+05:30
ptm_1a9fc1b6,poi_66c3e7d9,poi_c8a30b2b,cab,27,7.112,1.216,148.90,INR,320,2026-08-18T10:00:00+05:30
ptm_7f9b72a0,poi_66c3e7d9,poi_814c5981,cab,25,6.415,1.097,137.05,INR,233,2026-08-18T10:00:00+05:30
ptm_325758cc,poi_66c3e7d9,poi_da4f49cf,cab,20,5.019,0.858,113.33,INR,316,2026-08-18T10:00:00+05:30
ptm_acbdec2b,poi_66c3e7d9,poi_f069d484,cab,31,8.374,1.432,170.35,INR,285,2026-08-18T10:00:00+05:30
ptm_72b34770,poi_66c3e7d9,poi_a2b2ebb4,cab,30,7.94,1.358,162.98,INR,297,2026-08-18T10:00:00+05:30
ptm_4e7f43de,poi_66c3e7d9,poi_2b68f8e3,walk,49,3.676,0,0.00,INR,150,2026-08-18T10:00:00+05:30
ptm_339601ee,poi_66c3e7d9,poi_2b68f8e3,cab,16,3.676,0.629,90.49,INR,150,2026-08-18T10:00:00+05:30
ptm_d6330544,poi_66c3e7d9,poi_e6da4930,cab,31,8.503,1.454,172.55,INR,317,2026-08-18T10:00:00+05:30
ptm_4c22298c,poi_66c3e7d9,poi_16a57a9d,cab,36,9.873,1.688,195.84,INR,274,2026-08-18T10:00:00+05:30
ptm_e4367301,poi_66c3e7d9,poi_65054389,walk,32,2.328,0,0.00,INR,350,2026-08-18T10:00:00+05:30
ptm_43e0e19e,poi_66c3e7d9,poi_65054389,cab,12,2.328,0.398,67.58,INR,350,2026-08-18T10:00:00+05:30
ptm_18a44c89,poi_c8a30b2b,poi_66c3e7d9,cab,27,7.112,1.216,148.90,INR,140,2026-08-18T10:00:00+05:30
ptm_1205d9e9,poi_c8a30b2b,poi_814c5981,cab,34,9.355,1.6,187.04,INR,184,2026-08-18T10:00:00+05:30
ptm_3c140261,poi_c8a30b2b,poi_da4f49cf,walk,29,2.145,0,0.00,INR,151,2026-08-18T10:00:00+05:30
ptm_91e8630c,poi_c8a30b2b,poi_da4f49cf,cab,11,2.145,0.367,64.47,INR,151,2026-08-18T10:00:00+05:30
ptm_752f368b,poi_c8a30b2b,poi_f069d484,cab,20,4.901,0.838,111.31,INR,227,2026-08-18T10:00:00+05:30
ptm_d8904f14,poi_c8a30b2b,poi_a2b2ebb4,walk,43,3.177,0,0.00,INR,233,2026-08-18T10:00:00+05:30
ptm_dd034de9,poi_c8a30b2b,poi_a2b2ebb4,cab,15,3.177,0.543,82.00,INR,233,2026-08-18T10:00:00+05:30
ptm_9d176c85,poi_c8a30b2b,poi_2b68f8e3,cab,38,10.754,1.839,210.83,INR,143,2026-08-18T10:00:00+05:30
ptm_fece0eca,poi_c8a30b2b,poi_e6da4930,walk,21,1.471,0,0.00,INR,299,2026-08-18T10:00:00+05:30
ptm_bf02ee99,poi_c8a30b2b,poi_e6da4930,cab,9,1.471,0.252,53.01,INR,299,2026-08-18T10:00:00+05:30
ptm_05240540,poi_c8a30b2b,poi_16a57a9d,cab,27,7.179,1.228,150.05,INR,228,2026-08-18T10:00:00+05:30
ptm_50ce090d,poi_c8a30b2b,poi_65054389,cab,21,5.213,0.891,116.62,INR,128,2026-08-18T10:00:00+05:30
ptm_c789ab4a,poi_814c5981,poi_66c3e7d9,cab,25,6.415,1.097,137.05,INR,53,2026-08-18T10:00:00+05:30
ptm_405807c4,poi_814c5981,poi_c8a30b2b,cab,34,9.355,1.6,187.04,INR,3,2026-08-18T10:00:00+05:30
ptm_caf79b0d,poi_814c5981,poi_da4f49cf,cab,29,7.634,1.305,157.78,INR,12,2026-08-18T10:00:00+05:30
ptm_92cd778f,poi_814c5981,poi_f069d484,cab,26,6.676,1.142,141.49,INR,333,2026-08-18T10:00:00+05:30
ptm_fef02450,poi_814c5981,poi_a2b2ebb4,cab,29,7.696,1.316,158.83,INR,345,2026-08-18T10:00:00+05:30
ptm_17e5e47b,poi_814c5981,poi_2b68f8e3,cab,27,7.003,1.198,147.05,INR,84,2026-08-18T10:00:00+05:30
ptm_5b6e11ba,poi_814c5981,poi_e6da4930,cab,36,10.087,1.725,199.47,INR,356,2026-08-18T10:00:00+05:30
ptm_4b841d88,poi_814c5981,poi_16a57a9d,cab,25,6.534,1.117,139.08,INR,314,2026-08-18T10:00:00+05:30
ptm_791ac3f2,poi_814c5981,poi_65054389,cab,29,7.75,1.325,159.75,INR,37,2026-08-18T10:00:00+05:30
ptm_eee854d0,poi_da4f49cf,poi_66c3e7d9,cab,20,5.019,0.858,113.33,INR,136,2026-08-18T10:00:00+05:30
ptm_d7e7a0e0,poi_da4f49cf,poi_c8a30b2b,walk,29,2.145,0,0.00,INR,331,2026-08-18T10:00:00+05:30
ptm_3042a8d2,poi_da4f49cf,poi_c8a30b2b,cab,11,2.145,0.367,64.47,INR,331,2026-08-18T10:00:00+05:30
ptm_8e0ad70a,poi_da4f49cf,poi_814c5981,cab,29,7.634,1.305,157.78,INR,192,2026-08-18T10:00:00+05:30
ptm_ff6eb632,poi_da4f49cf,poi_f069d484,cab,20,4.837,0.827,110.24,INR,252,2026-08-18T10:00:00+05:30
ptm_31ebba53,poi_da4f49cf,poi_a2b2ebb4,walk,48,3.588,0,0.00,INR,270,2026-08-18T10:00:00+05:30
ptm_674db596,poi_da4f49cf,poi_a2b2ebb4,cab,16,3.588,0.613,88.99,INR,270,2026-08-18T10:00:00+05:30
ptm_556dfc84,poi_da4f49cf,poi_2b68f8e3,cab,32,8.632,1.476,174.74,INR,142,2026-08-18T10:00:00+05:30
ptm_b7722f2b,poi_da4f49cf,poi_e6da4930,walk,47,3.485,0,0.00,INR,318,2026-08-18T10:00:00+05:30
ptm_f65ee1bb,poi_da4f49cf,poi_e6da4930,cab,16,3.485,0.596,87.25,INR,318,2026-08-18T10:00:00+05:30
ptm_48273033,poi_da4f49cf,poi_16a57a9d,cab,27,7.004,1.198,147.07,INR,245,2026-08-18T10:00:00+05:30
ptm_b757a4ac,poi_da4f49cf,poi_65054389,walk,45,3.354,0,0.00,INR,113,2026-08-18T10:00:00+05:30
ptm_d4294e07,poi_da4f49cf,poi_65054389,cab,15,3.354,0.574,85.02,INR,113,2026-08-18T10:00:00+05:30
ptm_0e202d38,poi_f069d484,poi_66c3e7d9,cab,31,8.374,1.432,170.35,INR,105,2026-08-18T10:00:00+05:30
ptm_3611257c,poi_f069d484,poi_c8a30b2b,cab,20,4.901,0.838,111.31,INR,47,2026-08-18T10:00:00+05:30
ptm_5df10ed8,poi_f069d484,poi_814c5981,cab,26,6.676,1.142,141.49,INR,153,2026-08-18T10:00:00+05:30
ptm_01b21ccc,poi_f069d484,poi_da4f49cf,cab,20,4.837,0.827,110.24,INR,72,2026-08-18T10:00:00+05:30
ptm_862abc10,poi_f069d484,poi_a2b2ebb4,walk,25,1.785,0,0.00,INR,35,2026-08-18T10:00:00+05:30
ptm_675d6c7b,poi_f069d484,poi_a2b2ebb4,cab,10,1.785,0.305,58.34,INR,35,2026-08-18T10:00:00+05:30
ptm_09d1f1af,poi_f069d484,poi_2b68f8e3,cab,40,11.269,1.927,219.58,INR,118,2026-08-18T10:00:00+05:30
ptm_81d12bdf,poi_f069d484,poi_e6da4930,cab,19,4.684,0.801,107.63,INR,29,2026-08-18T10:00:00+05:30
ptm_1af57e58,poi_f069d484,poi_16a57a9d,walk,31,2.281,0,0.00,INR,230,2026-08-18T10:00:00+05:30
ptm_ffda7140,poi_f069d484,poi_16a57a9d,cab,12,2.281,0.39,66.78,INR,230,2026-08-18T10:00:00+05:30
ptm_e4230e30,poi_f069d484,poi_65054389,cab,29,7.694,1.316,158.81,INR,89,2026-08-18T10:00:00+05:30
ptm_df233ba3,poi_a2b2ebb4,poi_66c3e7d9,cab,30,7.94,1.358,162.98,INR,117,2026-08-18T10:00:00+05:30
ptm_ecfb1002,poi_a2b2ebb4,poi_c8a30b2b,walk,43,3.177,0,0.00,INR,53,2026-08-18T10:00:00+05:30
ptm_fc2e6cb5,poi_a2b2ebb4,poi_c8a30b2b,cab,15,3.177,0.543,82.00,INR,53,2026-08-18T10:00:00+05:30
ptm_20bcb24a,poi_a2b2ebb4,poi_814c5981,cab,29,7.696,1.316,158.83,INR,165,2026-08-18T10:00:00+05:30
ptm_f864c106,poi_a2b2ebb4,poi_da4f49cf,walk,48,3.588,0,0.00,INR,90,2026-08-18T10:00:00+05:30
ptm_057a772d,poi_a2b2ebb4,poi_da4f49cf,cab,16,3.588,0.613,88.99,INR,90,2026-08-18T10:00:00+05:30
ptm_d927b5e0,poi_a2b2ebb4,poi_f069d484,walk,25,1.785,0,0.00,INR,215,2026-08-18T10:00:00+05:30
ptm_6e106483,poi_a2b2ebb4,poi_f069d484,cab,10,1.785,0.305,58.34,INR,215,2026-08-18T10:00:00+05:30
ptm_a9fec62d,poi_a2b2ebb4,poi_2b68f8e3,cab,40,11.202,1.916,218.44,INR,127,2026-08-18T10:00:00+05:30
ptm_9823dacc,poi_a2b2ebb4,poi_e6da4930,walk,39,2.913,0,0.00,INR,26,2026-08-18T10:00:00+05:30
ptm_0b3b3de9,poi_a2b2ebb4,poi_e6da4930,cab,14,2.913,0.498,77.52,INR,26,2026-08-18T10:00:00+05:30
ptm_2635a9e7,poi_a2b2ebb4,poi_16a57a9d,walk,54,4.03,0,0.00,INR,223,2026-08-18T10:00:00+05:30
ptm_a5657a51,poi_a2b2ebb4,poi_16a57a9d,cab,17,4.03,0.689,96.51,INR,223,2026-08-18T10:00:00+05:30
ptm_49ab55f1,poi_a2b2ebb4,poi_65054389,cab,26,6.8,1.163,143.59,INR,101,2026-08-18T10:00:00+05:30
ptm_ad8d6644,poi_2b68f8e3,poi_66c3e7d9,walk,49,3.676,0,0.00,INR,330,2026-08-18T10:00:00+05:30
ptm_3069f59e,poi_2b68f8e3,poi_66c3e7d9,cab,16,3.676,0.629,90.49,INR,330,2026-08-18T10:00:00+05:30
ptm_77645258,poi_2b68f8e3,poi_c8a30b2b,cab,38,10.754,1.839,210.83,INR,324,2026-08-18T10:00:00+05:30
ptm_dfd3e505,poi_2b68f8e3,poi_814c5981,cab,27,7.003,1.198,147.05,INR,264,2026-08-18T10:00:00+05:30
ptm_778e98ee,poi_2b68f8e3,poi_da4f49cf,cab,32,8.632,1.476,174.74,INR,322,2026-08-18T10:00:00+05:30
ptm_f8aaade2,poi_2b68f8e3,poi_f069d484,cab,40,11.269,1.927,219.58,INR,298,2026-08-18T10:00:00+05:30
ptm_d47a6e52,poi_2b68f8e3,poi_a2b2ebb4,cab,40,11.202,1.916,218.44,INR,307,2026-08-18T10:00:00+05:30
ptm_a704acec,poi_2b68f8e3,poi_e6da4930,cab,43,12.113,2.071,233.92,INR,321,2026-08-18T10:00:00+05:30
ptm_9aceea00,poi_2b68f8e3,poi_16a57a9d,cab,43,12.308,2.105,237.24,INR,288,2026-08-18T10:00:00+05:30
ptm_5853816f,poi_2b68f8e3,poi_65054389,cab,23,5.918,1.012,128.60,INR,338,2026-08-18T10:00:00+05:30
ptm_c53e8307,poi_e6da4930,poi_66c3e7d9,cab,31,8.503,1.454,172.55,INR,137,2026-08-18T10:00:00+05:30
ptm_c67bf1cb,poi_e6da4930,poi_c8a30b2b,walk,21,1.471,0,0.00,INR,119,2026-08-18T10:00:00+05:30
ptm_1cc0b2e7,poi_e6da4930,poi_c8a30b2b,cab,9,1.471,0.252,53.01,INR,119,2026-08-18T10:00:00+05:30
ptm_aa95ef58,poi_e6da4930,poi_814c5981,cab,36,10.087,1.725,199.47,INR,176,2026-08-18T10:00:00+05:30
ptm_37187d53,poi_e6da4930,poi_da4f49cf,walk,47,3.485,0,0.00,INR,138,2026-08-18T10:00:00+05:30
ptm_5dca1fa3,poi_e6da4930,poi_da4f49cf,cab,16,3.485,0.596,87.25,INR,138,2026-08-18T10:00:00+05:30
ptm_a5793368,poi_e6da4930,poi_f069d484,cab,19,4.684,0.801,107.63,INR,209,2026-08-18T10:00:00+05:30
ptm_01dce63d,poi_e6da4930,poi_a2b2ebb4,walk,39,2.913,0,0.00,INR,206,2026-08-18T10:00:00+05:30
ptm_d2b029a7,poi_e6da4930,poi_a2b2ebb4,cab,14,2.913,0.498,77.52,INR,206,2026-08-18T10:00:00+05:30
ptm_9c5c9b22,poi_e6da4930,poi_2b68f8e3,cab,43,12.113,2.071,233.92,INR,141,2026-08-18T10:00:00+05:30
ptm_3c75f92a,poi_e6da4930,poi_16a57a9d,cab,26,6.864,1.174,144.69,INR,216,2026-08-18T10:00:00+05:30
ptm_33ec4040,poi_e6da4930,poi_65054389,cab,26,6.672,1.141,141.43,INR,126,2026-08-18T10:00:00+05:30
ptm_04d0ced2,poi_16a57a9d,poi_66c3e7d9,cab,36,9.873,1.688,195.84,INR,94,2026-08-18T10:00:00+05:30
ptm_436fc64a,poi_16a57a9d,poi_c8a30b2b,cab,27,7.179,1.228,150.05,INR,48,2026-08-18T10:00:00+05:30
ptm_b714e1e1,poi_16a57a9d,poi_814c5981,cab,25,6.534,1.117,139.08,INR,134,2026-08-18T10:00:00+05:30
ptm_6db32bdf,poi_16a57a9d,poi_da4f49cf,cab,27,7.004,1.198,147.07,INR,65,2026-08-18T10:00:00+05:30
ptm_95dd9478,poi_16a57a9d,poi_f069d484,walk,31,2.281,0,0.00,INR,50,2026-08-18T10:00:00+05:30
ptm_54adf5db,poi_16a57a9d,poi_f069d484,cab,12,2.281,0.39,66.78,INR,50,2026-08-18T10:00:00+05:30
ptm_568f8267,poi_16a57a9d,poi_a2b2ebb4,walk,54,4.03,0,0.00,INR,43,2026-08-18T10:00:00+05:30
ptm_92971a88,poi_16a57a9d,poi_a2b2ebb4,cab,17,4.03,0.689,96.51,INR,43,2026-08-18T10:00:00+05:30
ptm_b45d609d,poi_16a57a9d,poi_2b68f8e3,cab,43,12.308,2.105,237.24,INR,108,2026-08-18T10:00:00+05:30
ptm_4c367bab,poi_16a57a9d,poi_e6da4930,cab,26,6.864,1.174,144.69,INR,36,2026-08-18T10:00:00+05:30
ptm_da04c786,poi_16a57a9d,poi_65054389,cab,35,9.583,1.639,190.91,INR,80,2026-08-18T10:00:00+05:30
ptm_121b57f0,poi_65054389,poi_66c3e7d9,walk,32,2.328,0,0.00,INR,170,2026-08-18T10:00:00+05:30
ptm_6742bc2e,poi_65054389,poi_66c3e7d9,cab,12,2.328,0.398,67.58,INR,170,2026-08-18T10:00:00+05:30
ptm_3976142f,poi_65054389,poi_c8a30b2b,cab,21,5.213,0.891,116.62,INR,308,2026-08-18T10:00:00+05:30
ptm_3b200f84,poi_65054389,poi_814c5981,cab,29,7.75,1.325,159.75,INR,217,2026-08-18T10:00:00+05:30
ptm_57887002,poi_65054389,poi_da4f49cf,walk,45,3.354,0,0.00,INR,293,2026-08-18T10:00:00+05:30
ptm_a3eb0f9b,poi_65054389,poi_da4f49cf,cab,15,3.354,0.574,85.02,INR,293,2026-08-18T10:00:00+05:30
ptm_1bcd432e,poi_65054389,poi_f069d484,cab,29,7.694,1.316,158.81,INR,269,2026-08-18T10:00:00+05:30
ptm_3e94db42,poi_65054389,poi_a2b2ebb4,cab,26,6.8,1.163,143.59,INR,281,2026-08-18T10:00:00+05:30
ptm_6f45286e,poi_65054389,poi_2b68f8e3,cab,23,5.918,1.012,128.60,INR,158,2026-08-18T10:00:00+05:30
ptm_9e709b22,poi_65054389,poi_e6da4930,cab,26,6.672,1.141,141.43,INR,306,2026-08-18T10:00:00+05:30
ptm_b32f3656,poi_65054389,poi_16a57a9d,cab,35,9.583,1.639,190.91,INR,260,2026-08-18T10:00:00+05:30
ptm_61e10a42,poi_7213a07d,poi_09155f8c,walk,50,3.691,0,0.00,INR,352,2026-08-18T10:00:00+05:30
ptm_adb809bf,poi_7213a07d,poi_09155f8c,cab,16,3.691,0.631,90.75,INR,352,2026-08-18T10:00:00+05:30
ptm_e89462fc,poi_7213a07d,poi_35d011e8,cab,40,11.176,1.911,217.99,INR,8,2026-08-18T10:00:00+05:30
ptm_fba515ad,poi_7213a07d,poi_eccc86ce,cab,29,7.813,1.336,160.82,INR,21,2026-08-18T10:00:00+05:30
ptm_1ab4b457,poi_7213a07d,poi_05550f9c,cab,49,14.127,2.416,268.15,INR,5,2026-08-18T10:00:00+05:30
ptm_4a419912,poi_7213a07d,poi_e337e6d3,cab,46,13.225,2.262,252.83,INR,358,2026-08-18T10:00:00+05:30
ptm_bb3e2b0f,poi_7213a07d,poi_6431c980,cab,37,10.293,1.76,202.99,INR,358,2026-08-18T10:00:00+05:30
ptm_7fb84551,poi_7213a07d,poi_5a5793a8,cab,66,19.499,3.334,359.48,INR,47,2026-08-18T10:00:00+05:30
ptm_0b6f5372,poi_7213a07d,poi_4c87ddee,cab,39,11.018,1.884,215.31,INR,65,2026-08-18T10:00:00+05:30
ptm_007f91e2,poi_7213a07d,poi_660b0d33,cab,54,15.678,2.681,294.53,INR,42,2026-08-18T10:00:00+05:30
ptm_ba454c14,poi_09155f8c,poi_7213a07d,walk,50,3.691,0,0.00,INR,172,2026-08-18T10:00:00+05:30
ptm_2056b4f3,poi_09155f8c,poi_7213a07d,cab,16,3.691,0.631,90.75,INR,172,2026-08-18T10:00:00+05:30
ptm_04d88b6e,poi_09155f8c,poi_35d011e8,cab,29,7.697,1.316,158.85,INR,16,2026-08-18T10:00:00+05:30
ptm_4256722f,poi_09155f8c,poi_eccc86ce,cab,20,4.951,0.847,112.17,INR,43,2026-08-18T10:00:00+05:30
ptm_14294a8c,poi_09155f8c,poi_05550f9c,cab,38,10.56,1.806,207.52,INR,9,2026-08-18T10:00:00+05:30
ptm_13a2652f,poi_09155f8c,poi_e337e6d3,cab,35,9.566,1.636,190.62,INR,1,2026-08-18T10:00:00+05:30
ptm_ee174ad1,poi_09155f8c,poi_6431c980,cab,25,6.635,1.135,140.80,INR,1,2026-08-18T10:00:00+05:30
ptm_bda3c002,poi_09155f8c,poi_5a5793a8,cab,60,17.639,3.016,327.86,INR,57,2026-08-18T10:00:00+05:30
ptm_ee3af41b,poi_09155f8c,poi_4c87ddee,cab,38,10.571,1.808,207.70,INR,85,2026-08-18T10:00:00+05:30
ptm_e13101ba,poi_09155f8c,poi_660b0d33,cab,48,13.618,2.329,259.50,INR,54,2026-08-18T10:00:00+05:30
ptm_b04ccb4b,poi_35d011e8,poi_7213a07d,cab,40,11.176,1.911,217.99,INR,188,2026-08-18T10:00:00+05:30
ptm_dfc210e2,poi_35d011e8,poi_09155f8c,cab,29,7.697,1.316,158.85,INR,196,2026-08-18T10:00:00+05:30
ptm_8af771ee,poi_35d011e8,poi_eccc86ce,walk,54,4.018,0,0.00,INR,161,2026-08-18T10:00:00+05:30
ptm_95ef4d4d,poi_35d011e8,poi_eccc86ce,cab,17,4.018,0.687,96.31,INR,161,2026-08-18T10:00:00+05:30
ptm_253aa9dd,poi_35d011e8,poi_05550f9c,walk,41,3.035,0,0.00,INR,353,2026-08-18T10:00:00+05:30
ptm_29da268c,poi_35d011e8,poi_05550f9c,cab,14,3.035,0.519,79.59,INR,353,2026-08-18T10:00:00+05:30
ptm_c0f72820,poi_35d011e8,poi_e337e6d3,walk,39,2.906,0,0.00,INR,318,2026-08-18T10:00:00+05:30
ptm_1b0e09cf,poi_35d011e8,poi_e337e6d3,cab,14,2.906,0.497,77.41,INR,318,2026-08-18T10:00:00+05:30
ptm_eb254505,poi_35d011e8,poi_6431c980,walk,28,2.054,0,0.00,INR,248,2026-08-18T10:00:00+05:30
ptm_fe63bdfb,poi_35d011e8,poi_6431c980,cab,11,2.054,0.351,62.92,INR,248,2026-08-18T10:00:00+05:30
ptm_5d2de6ce,poi_35d011e8,poi_5a5793a8,cab,45,12.872,2.201,246.82,INR,80,2026-08-18T10:00:00+05:30
ptm_5e8ef395,poi_35d011e8,poi_4c87ddee,cab,38,10.639,1.819,208.86,INR,127,2026-08-18T10:00:00+05:30
ptm_6eaf1a51,poi_35d011e8,poi_660b0d33,cab,33,8.989,1.537,180.82,INR,86,2026-08-18T10:00:00+05:30
ptm_f37f61d7,poi_eccc86ce,poi_7213a07d,cab,29,7.813,1.336,160.82,INR,201,2026-08-18T10:00:00+05:30
ptm_4e269025,poi_eccc86ce,poi_09155f8c,cab,20,4.951,0.847,112.17,INR,223,2026-08-18T10:00:00+05:30
ptm_46c19e8d,poi_eccc86ce,poi_35d011e8,walk,54,4.018,0,0.00,INR,341,2026-08-18T10:00:00+05:30
ptm_2a4ec803,poi_eccc86ce,poi_35d011e8,cab,17,4.018,0.687,96.31,INR,341,2026-08-18T10:00:00+05:30
ptm_6209607e,poi_eccc86ce,poi_05550f9c,cab,27,7.016,1.2,147.27,INR,346,2026-08-18T10:00:00+05:30
ptm_310477c5,poi_eccc86ce,poi_e337e6d3,cab,26,6.787,1.161,143.38,INR,331,2026-08-18T10:00:00+05:30
ptm_2a186e3e,poi_eccc86ce,poi_6431c980,walk,59,4.408,0,0.00,INR,313,2026-08-18T10:00:00+05:30
ptm_eb7743c2,poi_eccc86ce,poi_6431c980,cab,18,4.408,0.754,102.93,INR,313,2026-08-18T10:00:00+05:30
ptm_e59251bf,poi_eccc86ce,poi_5a5793a8,cab,45,12.879,2.202,246.94,INR,62,2026-08-18T10:00:00+05:30
ptm_3e50d9ab,poi_eccc86ce,poi_4c87ddee,cab,29,7.623,1.303,157.59,INR,110,2026-08-18T10:00:00+05:30
ptm_4d78f8b7,poi_eccc86ce,poi_660b0d33,cab,32,8.811,1.507,177.78,INR,60,2026-08-18T10:00:00+05:30
ptm_3929efc0,poi_05550f9c,poi_7213a07d,cab,49,14.127,2.416,268.15,INR,185,2026-08-18T10:00:00+05:30
ptm_bbd425f0,poi_05550f9c,poi_09155f8c,cab,38,10.56,1.806,207.52,INR,189,2026-08-18T10:00:00+05:30
ptm_a95e6428,poi_05550f9c,poi_35d011e8,walk,41,3.035,0,0.00,INR,173,2026-08-18T10:00:00+05:30
ptm_ec3f7a6b,poi_05550f9c,poi_35d011e8,cab,14,3.035,0.519,79.59,INR,173,2026-08-18T10:00:00+05:30
ptm_080e06e9,poi_05550f9c,poi_eccc86ce,cab,27,7.016,1.2,147.27,INR,166,2026-08-18T10:00:00+05:30
ptm_923702af,poi_05550f9c,poi_e337e6d3,walk,25,1.792,0,0.00,INR,241,2026-08-18T10:00:00+05:30
ptm_8c8bb33c,poi_05550f9c,poi_e337e6d3,cab,10,1.792,0.306,58.46,INR,241,2026-08-18T10:00:00+05:30
ptm_1bae8a9d,poi_05550f9c,poi_6431c980,walk,55,4.084,0,0.00,INR,202,2026-08-18T10:00:00+05:30
ptm_fb44b960,poi_05550f9c,poi_6431c980,cab,17,4.084,0.698,97.43,INR,202,2026-08-18T10:00:00+05:30
ptm_6a77b920,poi_05550f9c,poi_5a5793a8,cab,46,13.071,2.235,250.21,INR,93,2026-08-18T10:00:00+05:30
ptm_5df8410e,poi_05550f9c,poi_4c87ddee,cab,45,12.951,2.215,248.16,INR,137,2026-08-18T10:00:00+05:30
ptm_f8bc160a,poi_05550f9c,poi_660b0d33,cab,35,9.67,1.654,192.40,INR,105,2026-08-18T10:00:00+05:30
ptm_a8cfaf50,poi_e337e6d3,poi_7213a07d,cab,46,13.225,2.262,252.83,INR,178,2026-08-18T10:00:00+05:30
ptm_1062b5ee,poi_e337e6d3,poi_09155f8c,cab,35,9.566,1.636,190.62,INR,181,2026-08-18T10:00:00+05:30
ptm_00e66613,poi_e337e6d3,poi_35d011e8,walk,39,2.906,0,0.00,INR,138,2026-08-18T10:00:00+05:30
ptm_b472ee8a,poi_e337e6d3,poi_35d011e8,cab,14,2.906,0.497,77.41,INR,138,2026-08-18T10:00:00+05:30
ptm_74a61df0,poi_e337e6d3,poi_eccc86ce,cab,26,6.787,1.161,143.38,INR,151,2026-08-18T10:00:00+05:30
ptm_1c21d5a9,poi_e337e6d3,poi_05550f9c,walk,25,1.792,0,0.00,INR,61,2026-08-18T10:00:00+05:30
ptm_6be285de,poi_e337e6d3,poi_05550f9c,cab,10,1.792,0.306,58.46,INR,61,2026-08-18T10:00:00+05:30
ptm_7fcb6086,poi_e337e6d3,poi_6431c980,walk,40,2.932,0,0.00,INR,179,2026-08-18T10:00:00+05:30
ptm_2dd270a6,poi_e337e6d3,poi_6431c980,cab,14,2.932,0.501,77.85,INR,179,2026-08-18T10:00:00+05:30
ptm_8c0a874d,poi_e337e6d3,poi_5a5793a8,cab,51,14.624,2.501,276.60,INR,89,2026-08-18T10:00:00+05:30
ptm_e33552f3,poi_e337e6d3,poi_4c87ddee,cab,47,13.508,2.31,257.63,INR,129,2026-08-18T10:00:00+05:30
ptm_db260434,poi_e337e6d3,poi_660b0d33,cab,39,11.042,1.888,215.71,INR,98,2026-08-18T10:00:00+05:30
ptm_4b2785fb,poi_6431c980,poi_7213a07d,cab,37,10.293,1.76,202.99,INR,178,2026-08-18T10:00:00+05:30
ptm_6f301e4d,poi_6431c980,poi_09155f8c,cab,25,6.635,1.135,140.80,INR,181,2026-08-18T10:00:00+05:30
ptm_9c4e2ce4,poi_6431c980,poi_35d011e8,walk,28,2.054,0,0.00,INR,68,2026-08-18T10:00:00+05:30
ptm_c80fea51,poi_6431c980,poi_35d011e8,cab,11,2.054,0.351,62.92,INR,68,2026-08-18T10:00:00+05:30
ptm_d125636a,poi_6431c980,poi_eccc86ce,walk,59,4.408,0,0.00,INR,133,2026-08-18T10:00:00+05:30
ptm_cf13e2d8,poi_6431c980,poi_eccc86ce,cab,18,4.408,0.754,102.93,INR,133,2026-08-18T10:00:00+05:30
ptm_d0bfbf8c,poi_6431c980,poi_05550f9c,walk,55,4.084,0,0.00,INR,22,2026-08-18T10:00:00+05:30
ptm_84aa7419,poi_6431c980,poi_05550f9c,cab,17,4.084,0.698,97.43,INR,22,2026-08-18T10:00:00+05:30
ptm_1251c059,poi_6431c980,poi_e337e6d3,walk,40,2.932,0,0.00,INR,359,2026-08-18T10:00:00+05:30
ptm_0da99800,poi_6431c980,poi_e337e6d3,cab,14,2.932,0.501,77.85,INR,359,2026-08-18T10:00:00+05:30
ptm_4bb38167,poi_6431c980,poi_5a5793a8,cab,52,14.887,2.546,281.07,INR,78,2026-08-18T10:00:00+05:30
ptm_757331b2,poi_6431c980,poi_4c87ddee,cab,42,11.81,2.019,228.77,INR,119,2026-08-18T10:00:00+05:30
ptm_d29112b6,poi_6431c980,poi_660b0d33,cab,39,10.954,1.873,214.22,INR,83,2026-08-18T10:00:00+05:30
ptm_7ca67bbb,poi_5a5793a8,poi_7213a07d,cab,66,19.499,3.334,359.48,INR,227,2026-08-18T10:00:00+05:30
ptm_b61197e0,poi_5a5793a8,poi_09155f8c,cab,60,17.639,3.016,327.86,INR,237,2026-08-18T10:00:00+05:30
ptm_730d5fa7,poi_5a5793a8,poi_35d011e8,cab,45,12.872,2.201,246.82,INR,260,2026-08-18T10:00:00+05:30
ptm_8f7e9db9,poi_5a5793a8,poi_eccc86ce,cab,45,12.879,2.202,246.94,INR,242,2026-08-18T10:00:00+05:30
ptm_e2232f3a,poi_5a5793a8,poi_05550f9c,cab,46,13.071,2.235,250.21,INR,273,2026-08-18T10:00:00+05:30
ptm_f2653aed,poi_5a5793a8,poi_e337e6d3,cab,51,14.624,2.501,276.60,INR,270,2026-08-18T10:00:00+05:30
ptm_30db0844,poi_5a5793a8,poi_6431c980,cab,52,14.887,2.546,281.07,INR,258,2026-08-18T10:00:00+05:30
ptm_3ad19f55,poi_5a5793a8,poi_4c87ddee,cab,35,9.694,1.658,192.80,INR,206,2026-08-18T10:00:00+05:30
ptm_1baae581,poi_5a5793a8,poi_660b0d33,walk,55,4.078,0,0.00,INR,245,2026-08-18T10:00:00+05:30
ptm_45710f91,poi_5a5793a8,poi_660b0d33,cab,17,4.078,0.697,97.32,INR,245,2026-08-18T10:00:00+05:30
ptm_e14a7256,poi_4c87ddee,poi_7213a07d,cab,39,11.018,1.884,215.31,INR,245,2026-08-18T10:00:00+05:30
ptm_55a573b5,poi_4c87ddee,poi_09155f8c,cab,38,10.571,1.808,207.70,INR,265,2026-08-18T10:00:00+05:30
ptm_a71ce633,poi_4c87ddee,poi_35d011e8,cab,38,10.639,1.819,208.86,INR,307,2026-08-18T10:00:00+05:30
ptm_9b19ce10,poi_4c87ddee,poi_eccc86ce,cab,29,7.623,1.303,157.59,INR,290,2026-08-18T10:00:00+05:30
ptm_6333f3a8,poi_4c87ddee,poi_05550f9c,cab,45,12.951,2.215,248.16,INR,317,2026-08-18T10:00:00+05:30
ptm_1c5ccb83,poi_4c87ddee,poi_e337e6d3,cab,47,13.508,2.31,257.63,INR,310,2026-08-18T10:00:00+05:30
ptm_97b8052b,poi_4c87ddee,poi_6431c980,cab,42,11.81,2.019,228.77,INR,299,2026-08-18T10:00:00+05:30
ptm_9250aece,poi_4c87ddee,poi_5a5793a8,cab,35,9.694,1.658,192.80,INR,26,2026-08-18T10:00:00+05:30
ptm_8fa9b488,poi_4c87ddee,poi_660b0d33,cab,27,7.03,1.202,147.51,INR,4,2026-08-18T10:00:00+05:30
ptm_8e1c1525,poi_660b0d33,poi_7213a07d,cab,54,15.678,2.681,294.53,INR,222,2026-08-18T10:00:00+05:30
ptm_dcd660d0,poi_660b0d33,poi_09155f8c,cab,48,13.618,2.329,259.50,INR,234,2026-08-18T10:00:00+05:30
ptm_e5f77651,poi_660b0d33,poi_35d011e8,cab,33,8.989,1.537,180.82,INR,266,2026-08-18T10:00:00+05:30
ptm_754da5d5,poi_660b0d33,poi_eccc86ce,cab,32,8.811,1.507,177.78,INR,240,2026-08-18T10:00:00+05:30
ptm_a4740d87,poi_660b0d33,poi_05550f9c,cab,35,9.67,1.654,192.40,INR,285,2026-08-18T10:00:00+05:30
ptm_05bbc939,poi_660b0d33,poi_e337e6d3,cab,39,11.042,1.888,215.71,INR,278,2026-08-18T10:00:00+05:30
ptm_18f1c752,poi_660b0d33,poi_6431c980,cab,39,10.954,1.873,214.22,INR,263,2026-08-18T10:00:00+05:30
ptm_130c57e6,poi_660b0d33,poi_5a5793a8,walk,55,4.078,0,0.00,INR,65,2026-08-18T10:00:00+05:30
ptm_3504ceb8,poi_660b0d33,poi_5a5793a8,cab,17,4.078,0.697,97.32,INR,65,2026-08-18T10:00:00+05:30
ptm_21885bf9,poi_660b0d33,poi_4c87ddee,cab,27,7.03,1.202,147.51,INR,184,2026-08-18T10:00:00+05:30
ptm_aa59c24c,poi_080ec099,poi_56eec1f7,cab,59,17.279,2.955,321.74,INR,220,2026-08-18T10:00:00+05:30
ptm_05be8ec9,poi_080ec099,poi_27e69b68,cab,28,7.37,1.26,153.30,INR,228,2026-08-18T10:00:00+05:30
ptm_32dfda24,poi_080ec099,poi_a42d04ae,cab,54,15.656,2.677,294.15,INR,247,2026-08-18T10:00:00+05:30
ptm_2c89684a,poi_080ec099,poi_3cd58d03,cab,58,16.948,2.898,316.12,INR,239,2026-08-18T10:00:00+05:30
ptm_4941425f,poi_080ec099,poi_d19e8a0d,cab,53,15.422,2.637,290.17,INR,244,2026-08-18T10:00:00+05:30
ptm_d9964e8c,poi_080ec099,poi_858d379c,cab,32,8.814,1.507,177.84,INR,244,2026-08-18T10:00:00+05:30
ptm_282d6ca8,poi_080ec099,poi_9de9c403,cab,47,13.536,2.315,258.11,INR,254,2026-08-18T10:00:00+05:30
ptm_a6c36f7c,poi_080ec099,poi_b6329778,cab,53,15.439,2.64,290.46,INR,224,2026-08-18T10:00:00+05:30
ptm_c41611ee,poi_080ec099,poi_981e6149,cab,61,18.013,3.08,334.22,INR,221,2026-08-18T10:00:00+05:30
ptm_a0590947,poi_56eec1f7,poi_080ec099,cab,59,17.279,2.955,321.74,INR,40,2026-08-18T10:00:00+05:30
ptm_a7423071,poi_56eec1f7,poi_27e69b68,cab,36,10.045,1.718,198.76,INR,34,2026-08-18T10:00:00+05:30
ptm_7bd9b1ee,poi_56eec1f7,poi_a42d04ae,cab,29,7.803,1.334,160.65,INR,335,2026-08-18T10:00:00+05:30
ptm_6f409bd2,poi_56eec1f7,poi_3cd58d03,cab,22,5.677,0.971,124.51,INR,323,2026-08-18T10:00:00+05:30
ptm_012d6101,poi_56eec1f7,poi_d19e8a0d,cab,27,7.119,1.217,149.02,INR,337,2026-08-18T10:00:00+05:30
ptm_ac4fe46b,poi_56eec1f7,poi_858d379c,cab,36,9.876,1.689,195.89,INR,19,2026-08-18T10:00:00+05:30
ptm_657996e6,poi_56eec1f7,poi_9de9c403,cab,36,9.831,1.681,195.13,INR,348,2026-08-18T10:00:00+05:30
ptm_b421dc3f,poi_56eec1f7,poi_b6329778,walk,31,2.225,0,0.00,INR,8,2026-08-18T10:00:00+05:30
ptm_29bcd373,poi_56eec1f7,poi_b6329778,cab,12,2.225,0.38,65.82,INR,8,2026-08-18T10:00:00+05:30
ptm_1692e00b,poi_56eec1f7,poi_981e6149,walk,12,0.841,0,0.00,INR,250,2026-08-18T10:00:00+05:30
ptm_13568a30,poi_56eec1f7,poi_981e6149,cab,7,0.841,0.144,42.30,INR,250,2026-08-18T10:00:00+05:30
ptm_beac6fdd,poi_27e69b68,poi_080ec099,cab,28,7.37,1.26,153.30,INR,48,2026-08-18T10:00:00+05:30
ptm_1541603d,poi_27e69b68,poi_56eec1f7,cab,36,10.045,1.718,198.76,INR,214,2026-08-18T10:00:00+05:30
ptm_2b4ea4bf,poi_27e69b68,poi_a42d04ae,cab,33,8.973,1.534,180.54,INR,262,2026-08-18T10:00:00+05:30
ptm_e985985a,poi_27e69b68,poi_3cd58d03,cab,35,9.801,1.676,194.62,INR,247,2026-08-18T10:00:00+05:30
ptm_5148efad,poi_27e69b68,poi_d19e8a0d,cab,32,8.576,1.467,173.79,INR,258,2026-08-18T10:00:00+05:30
ptm_2a130c5e,poi_27e69b68,poi_858d379c,walk,35,2.599,0,0.00,INR,292,2026-08-18T10:00:00+05:30
ptm_7a09ab1f,poi_27e69b68,poi_858d379c,cab,13,2.599,0.444,72.19,INR,292,2026-08-18T10:00:00+05:30
ptm_bc248931,poi_27e69b68,poi_9de9c403,cab,29,7.649,1.308,158.04,INR,280,2026-08-18T10:00:00+05:30
ptm_b2329728,poi_27e69b68,poi_b6329778,cab,30,8.103,1.386,165.74,INR,221,2026-08-18T10:00:00+05:30
ptm_66fe6057,poi_27e69b68,poi_981e6149,cab,38,10.736,1.836,210.51,INR,216,2026-08-18T10:00:00+05:30
ptm_3b849a2a,poi_a42d04ae,poi_080ec099,cab,54,15.656,2.677,294.15,INR,67,2026-08-18T10:00:00+05:30
ptm_38cb0f4a,poi_a42d04ae,poi_56eec1f7,cab,29,7.803,1.334,160.65,INR,155,2026-08-18T10:00:00+05:30
ptm_3f71b2a3,poi_a42d04ae,poi_27e69b68,cab,33,8.973,1.534,180.54,INR,82,2026-08-18T10:00:00+05:30
ptm_73dd0ad6,poi_a42d04ae,poi_3cd58d03,walk,35,2.557,0,0.00,INR,183,2026-08-18T10:00:00+05:30
ptm_379b7b8a,poi_a42d04ae,poi_3cd58d03,cab,13,2.557,0.437,71.48,INR,183,2026-08-18T10:00:00+05:30
ptm_3a62f09f,poi_a42d04ae,poi_d19e8a0d,walk,11,0.724,0,0.00,INR,136,2026-08-18T10:00:00+05:30
ptm_d1194b55,poi_a42d04ae,poi_d19e8a0d,cab,7,0.724,0.124,40.31,INR,136,2026-08-18T10:00:00+05:30
ptm_828ab1b2,poi_a42d04ae,poi_858d379c,cab,26,6.87,1.175,144.79,INR,70,2026-08-18T10:00:00+05:30
ptm_322c9c9f,poi_a42d04ae,poi_9de9c403,walk,39,2.892,0,0.00,INR,27,2026-08-18T10:00:00+05:30
ptm_6c316a7e,poi_a42d04ae,poi_9de9c403,cab,14,2.892,0.495,77.17,INR,27,2026-08-18T10:00:00+05:30
ptm_b8586ab1,poi_a42d04ae,poi_b6329778,cab,24,6.055,1.035,130.93,INR,143,2026-08-18T10:00:00+05:30
ptm_7fce25ba,poi_a42d04ae,poi_981e6149,cab,29,7.777,1.33,160.21,INR,161,2026-08-18T10:00:00+05:30
ptm_83a9e251,poi_3cd58d03,poi_080ec099,cab,58,16.948,2.898,316.12,INR,59,2026-08-18T10:00:00+05:30
ptm_6cb53400,poi_3cd58d03,poi_56eec1f7,cab,22,5.677,0.971,124.51,INR,143,2026-08-18T10:00:00+05:30
ptm_dad1b059,poi_3cd58d03,poi_27e69b68,cab,35,9.801,1.676,194.62,INR,67,2026-08-18T10:00:00+05:30
ptm_32ef9d83,poi_3cd58d03,poi_a42d04ae,walk,35,2.557,0,0.00,INR,3,2026-08-18T10:00:00+05:30
ptm_224937e7,poi_3cd58d03,poi_a42d04ae,cab,13,2.557,0.437,71.48,INR,3,2026-08-18T10:00:00+05:30
ptm_570fe017,poi_3cd58d03,poi_d19e8a0d,walk,29,2.125,0,0.00,INR,17,2026-08-18T10:00:00+05:30
ptm_d82bbcca,poi_3cd58d03,poi_d19e8a0d,cab,11,2.125,0.363,64.12,INR,17,2026-08-18T10:00:00+05:30
ptm_1b2f8801,poi_3cd58d03,poi_858d379c,cab,30,8.196,1.402,167.33,INR,54,2026-08-18T10:00:00+05:30
ptm_c7472000,poi_3cd58d03,poi_9de9c403,cab,21,5.326,0.911,118.54,INR,16,2026-08-18T10:00:00+05:30
ptm_d0617e5c,poi_3cd58d03,poi_b6329778,walk,59,4.399,0,0.00,INR,122,2026-08-18T10:00:00+05:30
ptm_7772cc29,poi_3cd58d03,poi_b6329778,cab,18,4.399,0.752,102.78,INR,122,2026-08-18T10:00:00+05:30
ptm_581be6d0,poi_3cd58d03,poi_981e6149,cab,22,5.489,0.939,121.31,INR,151,2026-08-18T10:00:00+05:30
ptm_17bd5e73,poi_d19e8a0d,poi_080ec099,cab,53,15.422,2.637,290.17,INR,64,2026-08-18T10:00:00+05:30
ptm_e81df359,poi_d19e8a0d,poi_56eec1f7,cab,27,7.119,1.217,149.02,INR,157,2026-08-18T10:00:00+05:30
ptm_aef5af2f,poi_d19e8a0d,poi_27e69b68,cab,32,8.576,1.467,173.79,INR,78,2026-08-18T10:00:00+05:30
ptm_76976858,poi_d19e8a0d,poi_a42d04ae,walk,11,0.724,0,0.00,INR,316,2026-08-18T10:00:00+05:30
ptm_0af02481,poi_d19e8a0d,poi_a42d04ae,cab,7,0.724,0.124,40.31,INR,316,2026-08-18T10:00:00+05:30
ptm_8f233d17,poi_d19e8a0d,poi_3cd58d03,walk,29,2.125,0,0.00,INR,197,2026-08-18T10:00:00+05:30
ptm_ec85d6ad,poi_d19e8a0d,poi_3cd58d03,cab,11,2.125,0.363,64.12,INR,197,2026-08-18T10:00:00+05:30
ptm_58eefccf,poi_d19e8a0d,poi_858d379c,cab,25,6.608,1.13,140.34,INR,65,2026-08-18T10:00:00+05:30
ptm_d0a858ff,poi_d19e8a0d,poi_9de9c403,walk,43,3.202,0,0.00,INR,15,2026-08-18T10:00:00+05:30
ptm_f1ef0b53,poi_d19e8a0d,poi_9de9c403,cab,15,3.202,0.548,82.44,INR,15,2026-08-18T10:00:00+05:30
ptm_af857097,poi_d19e8a0d,poi_b6329778,cab,21,5.336,0.912,118.72,INR,144,2026-08-18T10:00:00+05:30
ptm_c8c30127,poi_d19e8a0d,poi_981e6149,cab,27,7.125,1.218,149.12,INR,163,2026-08-18T10:00:00+05:30
ptm_d17daa10,poi_858d379c,poi_080ec099,cab,32,8.814,1.507,177.84,INR,64,2026-08-18T10:00:00+05:30
ptm_4e28e945,poi_858d379c,poi_56eec1f7,cab,36,9.876,1.689,195.89,INR,199,2026-08-18T10:00:00+05:30
ptm_e20675e3,poi_858d379c,poi_27e69b68,walk,35,2.599,0,0.00,INR,112,2026-08-18T10:00:00+05:30
ptm_823ac66e,poi_858d379c,poi_27e69b68,cab,13,2.599,0.444,72.19,INR,112,2026-08-18T10:00:00+05:30
ptm_294871a5,poi_858d379c,poi_a42d04ae,cab,26,6.87,1.175,144.79,INR,250,2026-08-18T10:00:00+05:30
ptm_7173e873,poi_858d379c,poi_3cd58d03,cab,30,8.196,1.402,167.33,INR,234,2026-08-18T10:00:00+05:30
ptm_8d105851,poi_858d379c,poi_d19e8a0d,cab,25,6.608,1.13,140.34,INR,245,2026-08-18T10:00:00+05:30
ptm_0bf9858e,poi_858d379c,poi_9de9c403,cab,21,5.149,0.88,115.53,INR,273,2026-08-18T10:00:00+05:30
ptm_7c156cbd,poi_858d379c,poi_b6329778,cab,29,7.703,1.317,158.95,INR,202,2026-08-18T10:00:00+05:30
ptm_c1ac23a6,poi_858d379c,poi_981e6149,cab,37,10.425,1.783,205.23,INR,202,2026-08-18T10:00:00+05:30
ptm_dc29d4b3,poi_9de9c403,poi_080ec099,cab,47,13.536,2.315,258.11,INR,74,2026-08-18T10:00:00+05:30
ptm_79f734aa,poi_9de9c403,poi_56eec1f7,cab,36,9.831,1.681,195.13,INR,168,2026-08-18T10:00:00+05:30
ptm_0148e68a,poi_9de9c403,poi_27e69b68,cab,29,7.649,1.308,158.04,INR,99,2026-08-18T10:00:00+05:30
ptm_873047a9,poi_9de9c403,poi_a42d04ae,walk,39,2.892,0,0.00,INR,207,2026-08-18T10:00:00+05:30
ptm_381acde5,poi_9de9c403,poi_a42d04ae,cab,14,2.892,0.495,77.17,INR,207,2026-08-18T10:00:00+05:30
ptm_3d683843,poi_9de9c403,poi_3cd58d03,cab,21,5.326,0.911,118.54,INR,196,2026-08-18T10:00:00+05:30
ptm_92e3ae4a,poi_9de9c403,poi_d19e8a0d,walk,43,3.202,0,0.00,INR,195,2026-08-18T10:00:00+05:30
ptm_596bd082,poi_9de9c403,poi_d19e8a0d,cab,15,3.202,0.548,82.44,INR,195,2026-08-18T10:00:00+05:30
ptm_dbdd4dee,poi_9de9c403,poi_858d379c,cab,21,5.149,0.88,115.53,INR,93,2026-08-18T10:00:00+05:30
ptm_271161a5,poi_9de9c403,poi_b6329778,cab,29,7.766,1.328,160.03,INR,163,2026-08-18T10:00:00+05:30
ptm_35cbf5df,poi_9de9c403,poi_981e6149,cab,36,9.993,1.709,197.88,INR,173,2026-08-18T10:00:00+05:30
ptm_5f306086,poi_b6329778,poi_080ec099,cab,53,15.439,2.64,290.46,INR,44,2026-08-18T10:00:00+05:30
ptm_cd36024d,poi_b6329778,poi_56eec1f7,walk,31,2.225,0,0.00,INR,188,2026-08-18T10:00:00+05:30
ptm_43771f55,poi_b6329778,poi_56eec1f7,cab,12,2.225,0.38,65.82,INR,188,2026-08-18T10:00:00+05:30
ptm_11963da8,poi_b6329778,poi_27e69b68,cab,30,8.103,1.386,165.74,INR,41,2026-08-18T10:00:00+05:30
ptm_d2bf1176,poi_b6329778,poi_a42d04ae,cab,24,6.055,1.035,130.93,INR,323,2026-08-18T10:00:00+05:30
ptm_e25d02cd,poi_b6329778,poi_3cd58d03,walk,59,4.399,0,0.00,INR,302,2026-08-18T10:00:00+05:30
ptm_13efc05e,poi_b6329778,poi_3cd58d03,cab,18,4.399,0.752,102.78,INR,302,2026-08-18T10:00:00+05:30
ptm_4db624f8,poi_b6329778,poi_d19e8a0d,cab,21,5.336,0.912,118.72,INR,324,2026-08-18T10:00:00+05:30
ptm_ad4bc12b,poi_b6329778,poi_858d379c,cab,29,7.703,1.317,158.95,INR,22,2026-08-18T10:00:00+05:30
ptm_a43f4db2,poi_b6329778,poi_9de9c403,cab,29,7.766,1.328,160.03,INR,343,2026-08-18T10:00:00+05:30
ptm_6fedcc1c,poi_b6329778,poi_981e6149,walk,37,2.723,0,0.00,INR,203,2026-08-18T10:00:00+05:30
ptm_0bc5b0fd,poi_b6329778,poi_981e6149,cab,13,2.723,0.466,74.29,INR,203,2026-08-18T10:00:00+05:30
ptm_0805dc61,poi_981e6149,poi_080ec099,cab,61,18.013,3.08,334.22,INR,41,2026-08-18T10:00:00+05:30
ptm_826d95fa,poi_981e6149,poi_56eec1f7,walk,12,0.841,0,0.00,INR,70,2026-08-18T10:00:00+05:30
ptm_1663693a,poi_981e6149,poi_56eec1f7,cab,7,0.841,0.144,42.30,INR,70,2026-08-18T10:00:00+05:30
ptm_ca9d26ea,poi_981e6149,poi_27e69b68,cab,38,10.736,1.836,210.51,INR,36,2026-08-18T10:00:00+05:30
ptm_0d9faf88,poi_981e6149,poi_a42d04ae,cab,29,7.777,1.33,160.21,INR,341,2026-08-18T10:00:00+05:30
ptm_5f220d27,poi_981e6149,poi_3cd58d03,cab,22,5.489,0.939,121.31,INR,331,2026-08-18T10:00:00+05:30
ptm_04f06dec,poi_981e6149,poi_d19e8a0d,cab,27,7.125,1.218,149.12,INR,343,2026-08-18T10:00:00+05:30
ptm_569b0917,poi_981e6149,poi_858d379c,cab,37,10.425,1.783,205.23,INR,22,2026-08-18T10:00:00+05:30
ptm_0d79f38a,poi_981e6149,poi_9de9c403,cab,36,9.993,1.709,197.88,INR,353,2026-08-18T10:00:00+05:30
ptm_7b14792f,poi_981e6149,poi_b6329778,walk,37,2.723,0,0.00,INR,23,2026-08-18T10:00:00+05:30
ptm_72ae4a30,poi_981e6149,poi_b6329778,cab,13,2.723,0.466,74.29,INR,23,2026-08-18T10:00:00+05:30
ptm_714e4863,poi_55efa344,poi_7bd45bdd,cab,34,9.384,1.605,187.53,INR,1,2026-08-18T10:00:00+05:30
ptm_475b8209,poi_55efa344,poi_bbd7ce43,cab,23,5.941,1.016,129.00,INR,112,2026-08-18T10:00:00+05:30
ptm_7c7489ad,poi_55efa344,poi_6da0c869,walk,42,3.086,0,0.00,INR,64,2026-08-18T10:00:00+05:30
ptm_a4500c2d,poi_55efa344,poi_6da0c869,cab,14,3.086,0.528,80.46,INR,64,2026-08-18T10:00:00+05:30
ptm_4a120843,poi_55efa344,poi_f9f12b4d,walk,44,3.284,0,0.00,INR,87,2026-08-18T10:00:00+05:30
ptm_4b0637a0,poi_55efa344,poi_f9f12b4d,cab,15,3.284,0.561,83.82,INR,87,2026-08-18T10:00:00+05:30
ptm_bccbba98,poi_55efa344,poi_090cc669,cab,30,8.009,1.37,164.15,INR,348,2026-08-18T10:00:00+05:30
ptm_0bd123e4,poi_55efa344,poi_0e7b7fc0,cab,40,11.116,1.901,216.97,INR,50,2026-08-18T10:00:00+05:30
ptm_684197b4,poi_55efa344,poi_e78bfaee,walk,53,3.973,0,0.00,INR,118,2026-08-18T10:00:00+05:30
ptm_71b90130,poi_55efa344,poi_e78bfaee,cab,17,3.973,0.679,95.55,INR,118,2026-08-18T10:00:00+05:30
ptm_987d0287,poi_55efa344,poi_c74c12ed,cab,32,8.67,1.483,175.39,INR,112,2026-08-18T10:00:00+05:30
ptm_e0226018,poi_55efa344,poi_889f4e87,cab,24,6.29,1.076,134.93,INR,342,2026-08-18T10:00:00+05:30
ptm_b14287be,poi_7bd45bdd,poi_55efa344,cab,34,9.384,1.605,187.53,INR,181,2026-08-18T10:00:00+05:30
ptm_aa8426b3,poi_7bd45bdd,poi_bbd7ce43,cab,45,12.777,2.185,245.21,INR,155,2026-08-18T10:00:00+05:30
ptm_844595f7,poi_7bd45bdd,poi_6da0c869,cab,31,8.476,1.449,172.10,INR,162,2026-08-18T10:00:00+05:30
ptm_a502a56e,poi_7bd45bdd,poi_f9f12b4d,cab,35,9.751,1.667,193.76,INR,161,2026-08-18T10:00:00+05:30
ptm_7120cae6,poi_7bd45bdd,poi_090cc669,walk,32,2.307,0,0.00,INR,228,2026-08-18T10:00:00+05:30
ptm_5188db0c,poi_7bd45bdd,poi_090cc669,cab,12,2.307,0.394,67.21,INR,228,2026-08-18T10:00:00+05:30
ptm_d73c63fe,poi_7bd45bdd,poi_0e7b7fc0,cab,32,8.713,1.49,176.13,INR,105,2026-08-18T10:00:00+05:30
ptm_d113fedc,poi_7bd45bdd,poi_e78bfaee,cab,42,11.746,2.009,227.68,INR,163,2026-08-18T10:00:00+05:30
ptm_14507146,poi_7bd45bdd,poi_c74c12ed,cab,51,14.875,2.544,280.88,INR,148,2026-08-18T10:00:00+05:30
ptm_41f98aca,poi_7bd45bdd,poi_889f4e87,walk,53,3.97,0,0.00,INR,211,2026-08-18T10:00:00+05:30
ptm_4d98db97,poi_7bd45bdd,poi_889f4e87,cab,17,3.97,0.679,95.49,INR,211,2026-08-18T10:00:00+05:30
ptm_5d503f40,poi_bbd7ce43,poi_55efa344,cab,23,5.941,1.016,129.00,INR,292,2026-08-18T10:00:00+05:30
ptm_6a506131,poi_bbd7ce43,poi_7bd45bdd,cab,45,12.777,2.185,245.21,INR,335,2026-08-18T10:00:00+05:30
ptm_c874637c,poi_bbd7ce43,poi_6da0c869,walk,60,4.469,0,0.00,INR,322,2026-08-18T10:00:00+05:30
ptm_e7bc3747,poi_bbd7ce43,poi_6da0c869,cab,19,4.469,0.764,103.98,INR,322,2026-08-18T10:00:00+05:30
ptm_160ae137,poi_bbd7ce43,poi_f9f12b4d,walk,44,3.251,0,0.00,INR,316,2026-08-18T10:00:00+05:30
ptm_a73ca82e,poi_bbd7ce43,poi_f9f12b4d,cab,15,3.251,0.556,83.26,INR,316,2026-08-18T10:00:00+05:30
ptm_84d3e3f0,poi_bbd7ce43,poi_090cc669,cab,43,12.312,2.105,237.31,INR,325,2026-08-18T10:00:00+05:30
ptm_23bb4996,poi_bbd7ce43,poi_0e7b7fc0,cab,35,9.794,1.675,194.50,INR,18,2026-08-18T10:00:00+05:30
ptm_fb6e04a3,poi_bbd7ce43,poi_e78bfaee,walk,28,2.038,0,0.00,INR,279,2026-08-18T10:00:00+05:30
ptm_62ca81b1,poi_bbd7ce43,poi_e78bfaee,cab,11,2.038,0.349,62.65,INR,279,2026-08-18T10:00:00+05:30
ptm_65ecba87,poi_bbd7ce43,poi_c74c12ed,walk,37,2.729,0,0.00,INR,111,2026-08-18T10:00:00+05:30
ptm_c8760ca2,poi_bbd7ce43,poi_c74c12ed,cab,13,2.729,0.467,74.39,INR,111,2026-08-18T10:00:00+05:30
ptm_be0dd707,poi_bbd7ce43,poi_889f4e87,cab,39,11.068,1.893,216.15,INR,318,2026-08-18T10:00:00+05:30
ptm_821e77ef,poi_6da0c869,poi_55efa344,walk,42,3.086,0,0.00,INR,244,2026-08-18T10:00:00+05:30
ptm_d446aeac,poi_6da0c869,poi_55efa344,cab,14,3.086,0.528,80.46,INR,244,2026-08-18T10:00:00+05:30
ptm_1fdcc567,poi_6da0c869,poi_7bd45bdd,cab,31,8.476,1.449,172.10,INR,342,2026-08-18T10:00:00+05:30
ptm_2624465d,poi_6da0c869,poi_bbd7ce43,walk,60,4.469,0,0.00,INR,142,2026-08-18T10:00:00+05:30
ptm_ecc5c79f,poi_6da0c869,poi_bbd7ce43,cab,19,4.469,0.764,103.98,INR,142,2026-08-18T10:00:00+05:30
ptm_da994503,poi_6da0c869,poi_f9f12b4d,walk,18,1.278,0,0.00,INR,157,2026-08-18T10:00:00+05:30
ptm_84b3d076,poi_6da0c869,poi_f9f12b4d,cab,9,1.278,0.219,49.72,INR,157,2026-08-18T10:00:00+05:30
ptm_cf0b3b9b,poi_6da0c869,poi_090cc669,cab,29,7.849,1.342,161.43,INR,326,2026-08-18T10:00:00+05:30
ptm_86d629f1,poi_6da0c869,poi_0e7b7fc0,cab,30,8.16,1.395,166.71,INR,45,2026-08-18T10:00:00+05:30
ptm_4958379f,poi_6da0c869,poi_e78bfaee,walk,44,3.281,0,0.00,INR,167,2026-08-18T10:00:00+05:30
ptm_87170a34,poi_6da0c869,poi_e78bfaee,cab,15,3.281,0.561,83.77,INR,167,2026-08-18T10:00:00+05:30
ptm_75e03f0a,poi_6da0c869,poi_c74c12ed,cab,26,6.956,1.19,146.26,INR,131,2026-08-18T10:00:00+05:30
ptm_d68394cd,poi_6da0c869,poi_889f4e87,cab,25,6.622,1.132,140.57,INR,315,2026-08-18T10:00:00+05:30
ptm_5752afad,poi_f9f12b4d,poi_55efa344,walk,44,3.284,0,0.00,INR,267,2026-08-18T10:00:00+05:30
ptm_11b283ae,poi_f9f12b4d,poi_55efa344,cab,15,3.284,0.561,83.82,INR,267,2026-08-18T10:00:00+05:30
ptm_3f31d28e,poi_f9f12b4d,poi_7bd45bdd,cab,35,9.751,1.667,193.76,INR,341,2026-08-18T10:00:00+05:30
ptm_a401e0cf,poi_f9f12b4d,poi_bbd7ce43,walk,44,3.251,0,0.00,INR,136,2026-08-18T10:00:00+05:30
ptm_76b6d2ed,poi_f9f12b4d,poi_bbd7ce43,cab,15,3.251,0.556,83.26,INR,136,2026-08-18T10:00:00+05:30
ptm_deb90630,poi_f9f12b4d,poi_6da0c869,walk,18,1.278,0,0.00,INR,337,2026-08-18T10:00:00+05:30
ptm_2a64bda6,poi_f9f12b4d,poi_6da0c869,cab,9,1.278,0.219,49.72,INR,337,2026-08-18T10:00:00+05:30
ptm_99f0824f,poi_f9f12b4d,poi_090cc669,cab,33,9.107,1.557,182.81,INR,328,2026-08-18T10:00:00+05:30
ptm_a48987c8,poi_f9f12b4d,poi_0e7b7fc0,cab,32,8.724,1.492,176.30,INR,37,2026-08-18T10:00:00+05:30
ptm_8999a76b,poi_f9f12b4d,poi_e78bfaee,walk,28,2.035,0,0.00,INR,173,2026-08-18T10:00:00+05:30
ptm_0d4acf00,poi_f9f12b4d,poi_e78bfaee,cab,11,2.035,0.348,62.60,INR,173,2026-08-18T10:00:00+05:30
ptm_ae5c7922,poi_f9f12b4d,poi_c74c12ed,cab,23,5.839,0.999,127.27,INR,125,2026-08-18T10:00:00+05:30
ptm_2bddf79d,poi_f9f12b4d,poi_889f4e87,cab,29,7.818,1.337,160.91,INR,318,2026-08-18T10:00:00+05:30
ptm_13055641,poi_090cc669,poi_55efa344,cab,30,8.009,1.37,164.15,INR,168,2026-08-18T10:00:00+05:30
ptm_545f4f11,poi_090cc669,poi_7bd45bdd,walk,32,2.307,0,0.00,INR,48,2026-08-18T10:00:00+05:30
ptm_806005b8,poi_090cc669,poi_7bd45bdd,cab,12,2.307,0.394,67.21,INR,48,2026-08-18T10:00:00+05:30
ptm_fce34e12,poi_090cc669,poi_bbd7ce43,cab,43,12.312,2.105,237.31,INR,145,2026-08-18T10:00:00+05:30
ptm_90fa00b3,poi_090cc669,poi_6da0c869,cab,29,7.849,1.342,161.43,INR,146,2026-08-18T10:00:00+05:30
ptm_17642072,poi_090cc669,poi_f9f12b4d,cab,33,9.107,1.557,182.81,INR,147,2026-08-18T10:00:00+05:30
ptm_d4e200f7,poi_090cc669,poi_0e7b7fc0,cab,37,10.162,1.738,200.75,INR,94,2026-08-18T10:00:00+05:30
ptm_91f9d65c,poi_090cc669,poi_e78bfaee,cab,39,10.973,1.876,214.54,INR,152,2026-08-18T10:00:00+05:30
ptm_3bb208eb,poi_090cc669,poi_c74c12ed,cab,51,14.672,2.509,277.43,INR,139,2026-08-18T10:00:00+05:30
ptm_a1806b62,poi_090cc669,poi_889f4e87,walk,26,1.891,0,0.00,INR,190,2026-08-18T10:00:00+05:30
ptm_835d5417,poi_090cc669,poi_889f4e87,cab,10,1.891,0.323,60.15,INR,190,2026-08-18T10:00:00+05:30
ptm_d732197b,poi_0e7b7fc0,poi_55efa344,cab,40,11.116,1.901,216.97,INR,230,2026-08-18T10:00:00+05:30
ptm_a8585144,poi_0e7b7fc0,poi_7bd45bdd,cab,32,8.713,1.49,176.13,INR,285,2026-08-18T10:00:00+05:30
ptm_bb9ad047,poi_0e7b7fc0,poi_bbd7ce43,cab,35,9.794,1.675,194.50,INR,198,2026-08-18T10:00:00+05:30
ptm_36af5abe,poi_0e7b7fc0,poi_6da0c869,cab,30,8.16,1.395,166.71,INR,225,2026-08-18T10:00:00+05:30
ptm_58e4a104,poi_0e7b7fc0,poi_f9f12b4d,cab,32,8.724,1.492,176.30,INR,217,2026-08-18T10:00:00+05:30
ptm_f84f3371,poi_0e7b7fc0,poi_090cc669,cab,37,10.162,1.738,200.75,INR,274,2026-08-18T10:00:00+05:30
ptm_3d05e2f7,poi_0e7b7fc0,poi_e78bfaee,cab,37,10.295,1.76,203.01,INR,209,2026-08-18T10:00:00+05:30
ptm_54dbf1bf,poi_0e7b7fc0,poi_c74c12ed,cab,37,10.329,1.766,203.59,INR,183,2026-08-18T10:00:00+05:30
ptm_841afb2c,poi_0e7b7fc0,poi_889f4e87,cab,38,10.529,1.801,207.00,INR,264,2026-08-18T10:00:00+05:30
ptm_baf6e5b6,poi_e78bfaee,poi_55efa344,walk,53,3.973,0,0.00,INR,298,2026-08-18T10:00:00+05:30
ptm_7ae5d26a,poi_e78bfaee,poi_55efa344,cab,17,3.973,0.679,95.55,INR,298,2026-08-18T10:00:00+05:30
ptm_98698a6f,poi_e78bfaee,poi_7bd45bdd,cab,42,11.746,2.009,227.68,INR,343,2026-08-18T10:00:00+05:30
ptm_405858a7,poi_e78bfaee,poi_bbd7ce43,walk,28,2.038,0,0.00,INR,99,2026-08-18T10:00:00+05:30
ptm_ba87fd1f,poi_e78bfaee,poi_bbd7ce43,cab,11,2.038,0.349,62.65,INR,99,2026-08-18T10:00:00+05:30
ptm_9eae0edf,poi_e78bfaee,poi_6da0c869,walk,44,3.281,0,0.00,INR,347,2026-08-18T10:00:00+05:30
ptm_d724a69f,poi_e78bfaee,poi_6da0c869,cab,15,3.281,0.561,83.77,INR,347,2026-08-18T10:00:00+05:30
ptm_9bb4eb7a,poi_e78bfaee,poi_f9f12b4d,walk,28,2.035,0,0.00,INR,353,2026-08-18T10:00:00+05:30
ptm_61e3a382,poi_e78bfaee,poi_f9f12b4d,cab,11,2.035,0.348,62.60,INR,353,2026-08-18T10:00:00+05:30
ptm_681bb14c,poi_e78bfaee,poi_090cc669,cab,39,10.973,1.876,214.54,INR,332,2026-08-18T10:00:00+05:30
ptm_1b975fbf,poi_e78bfaee,poi_0e7b7fc0,cab,37,10.295,1.76,203.01,INR,29,2026-08-18T10:00:00+05:30
ptm_1eecb51e,poi_e78bfaee,poi_c74c12ed,cab,19,4.741,0.811,108.60,INR,106,2026-08-18T10:00:00+05:30
ptm_3338a137,poi_e78bfaee,poi_889f4e87,cab,35,9.551,1.633,190.37,INR,325,2026-08-18T10:00:00+05:30
ptm_7dd5f63a,poi_c74c12ed,poi_55efa344,cab,32,8.67,1.483,175.39,INR,292,2026-08-18T10:00:00+05:30
ptm_7d5b04ec,poi_c74c12ed,poi_7bd45bdd,cab,51,14.875,2.544,280.88,INR,328,2026-08-18T10:00:00+05:30
ptm_e27905eb,poi_c74c12ed,poi_bbd7ce43,walk,37,2.729,0,0.00,INR,291,2026-08-18T10:00:00+05:30
ptm_94ebfb99,poi_c74c12ed,poi_bbd7ce43,cab,13,2.729,0.467,74.39,INR,291,2026-08-18T10:00:00+05:30
ptm_52a1532a,poi_c74c12ed,poi_6da0c869,cab,26,6.956,1.19,146.26,INR,311,2026-08-18T10:00:00+05:30
ptm_284ad5d4,poi_c74c12ed,poi_f9f12b4d,cab,23,5.839,0.999,127.27,INR,305,2026-08-18T10:00:00+05:30
ptm_4a7673b3,poi_c74c12ed,poi_090cc669,cab,51,14.672,2.509,277.43,INR,319,2026-08-18T10:00:00+05:30
ptm_c40fc32c,poi_c74c12ed,poi_0e7b7fc0,cab,37,10.329,1.766,203.59,INR,3,2026-08-18T10:00:00+05:30
ptm_0939ac2c,poi_c74c12ed,poi_e78bfaee,cab,19,4.741,0.811,108.60,INR,286,2026-08-18T10:00:00+05:30
ptm_bc57f867,poi_c74c12ed,poi_889f4e87,cab,47,13.57,2.32,258.69,INR,313,2026-08-18T10:00:00+05:30
ptm_5b4cdd18,poi_889f4e87,poi_55efa344,cab,24,6.29,1.076,134.93,INR,162,2026-08-18T10:00:00+05:30
ptm_059fa3d5,poi_889f4e87,poi_7bd45bdd,walk,53,3.97,0,0.00,INR,31,2026-08-18T10:00:00+05:30
ptm_54094e74,poi_889f4e87,poi_7bd45bdd,cab,17,3.97,0.679,95.49,INR,31,2026-08-18T10:00:00+05:30
ptm_04f75a62,poi_889f4e87,poi_bbd7ce43,cab,39,11.068,1.893,216.15,INR,138,2026-08-18T10:00:00+05:30
ptm_0a071355,poi_889f4e87,poi_6da0c869,cab,25,6.622,1.132,140.57,INR,134,2026-08-18T10:00:00+05:30
ptm_054b580d,poi_889f4e87,poi_f9f12b4d,cab,29,7.818,1.337,160.91,INR,138,2026-08-18T10:00:00+05:30
ptm_32d4f2a1,poi_889f4e87,poi_090cc669,walk,26,1.891,0,0.00,INR,10,2026-08-18T10:00:00+05:30
ptm_baaf37f7,poi_889f4e87,poi_090cc669,cab,10,1.891,0.323,60.15,INR,10,2026-08-18T10:00:00+05:30
ptm_6eeadeaa,poi_889f4e87,poi_0e7b7fc0,cab,38,10.529,1.801,207.00,INR,84,2026-08-18T10:00:00+05:30
ptm_93668a7e,poi_889f4e87,poi_e78bfaee,cab,35,9.551,1.633,190.37,INR,145,2026-08-18T10:00:00+05:30
ptm_40cdb449,poi_889f4e87,poi_c74c12ed,cab,47,13.57,2.32,258.69,INR,132,2026-08-18T10:00:00+05:30
ptm_599f1565,poi_7cd2e8cd,poi_3dd6c5b0,cab,27,6.98,1.194,146.66,INR,189,2026-08-18T10:00:00+05:30
ptm_7ac66f14,poi_7cd2e8cd,poi_d9ef734e,cab,27,7.045,1.205,147.77,INR,232,2026-08-18T10:00:00+05:30
ptm_8e44ebd8,poi_7cd2e8cd,poi_5e69bc20,cab,37,10.446,1.786,205.58,INR,259,2026-08-18T10:00:00+05:30
ptm_1dcd2a78,poi_7cd2e8cd,poi_c21309f4,cab,27,7.177,1.227,150.02,INR,278,2026-08-18T10:00:00+05:30
ptm_e8c95adb,poi_7cd2e8cd,poi_a79ecb61,cab,23,5.888,1.007,128.10,INR,312,2026-08-18T10:00:00+05:30
ptm_a099a065,poi_7cd2e8cd,poi_6d8ec0be,cab,38,10.513,1.798,206.72,INR,274,2026-08-18T10:00:00+05:30
ptm_1a366bbc,poi_7cd2e8cd,poi_0c84f287,cab,29,7.64,1.306,157.87,INR,24,2026-08-18T10:00:00+05:30
ptm_fbe04fac,poi_7cd2e8cd,poi_a1e5f2e6,cab,27,7.211,1.233,150.60,INR,170,2026-08-18T10:00:00+05:30
ptm_1c11fd7b,poi_7cd2e8cd,poi_d5409022,cab,20,4.866,0.832,110.72,INR,46,2026-08-18T10:00:00+05:30
ptm_77e9fd38,poi_3dd6c5b0,poi_7cd2e8cd,cab,27,6.98,1.194,146.66,INR,9,2026-08-18T10:00:00+05:30
ptm_faa7befb,poi_3dd6c5b0,poi_d9ef734e,cab,21,5.183,0.886,116.12,INR,300,2026-08-18T10:00:00+05:30
ptm_64a61526,poi_3dd6c5b0,poi_5e69bc20,cab,38,10.455,1.788,205.74,INR,298,2026-08-18T10:00:00+05:30
ptm_49b0d009,poi_3dd6c5b0,poi_c21309f4,cab,36,9.996,1.709,197.93,INR,323,2026-08-18T10:00:00+05:30
ptm_d848fe4c,poi_3dd6c5b0,poi_a79ecb61,cab,40,11.325,1.937,220.52,INR,343,2026-08-18T10:00:00+05:30
ptm_317d8d26,poi_3dd6c5b0,poi_6d8ec0be,cab,43,12.102,2.07,233.74,INR,309,2026-08-18T10:00:00+05:30
ptm_116c13f2,poi_3dd6c5b0,poi_0c84f287,cab,50,14.486,2.477,274.27,INR,17,2026-08-18T10:00:00+05:30
ptm_7bbb3c84,poi_3dd6c5b0,poi_a1e5f2e6,walk,31,2.251,0,0.00,INR,95,2026-08-18T10:00:00+05:30
ptm_9179a719,poi_3dd6c5b0,poi_a1e5f2e6,cab,12,2.251,0.385,66.26,INR,95,2026-08-18T10:00:00+05:30
ptm_9e322bfd,poi_3dd6c5b0,poi_d5409022,cab,40,11.237,1.922,219.03,INR,24,2026-08-18T10:00:00+05:30
ptm_2d0aa79e,poi_d9ef734e,poi_7cd2e8cd,cab,27,7.045,1.205,147.77,INR,52,2026-08-18T10:00:00+05:30
ptm_3c320084,poi_d9ef734e,poi_3dd6c5b0,cab,21,5.183,0.886,116.12,INR,120,2026-08-18T10:00:00+05:30
ptm_640d0f97,poi_d9ef734e,poi_5e69bc20,cab,21,5.275,0.902,117.67,INR,297,2026-08-18T10:00:00+05:30
ptm_b7f98d36,poi_d9ef734e,poi_c21309f4,cab,22,5.609,0.959,123.35,INR,344,2026-08-18T10:00:00+05:30
ptm_02107dda,poi_d9ef734e,poi_a79ecb61,cab,31,8.335,1.425,169.69,INR,8,2026-08-18T10:00:00+05:30
ptm_2e3d7864,poi_d9ef734e,poi_6d8ec0be,cab,27,7.031,1.202,147.53,INR,315,2026-08-18T10:00:00+05:30
ptm_7b61833c,poi_d9ef734e,poi_0c84f287,cab,50,14.253,2.437,270.30,INR,37,2026-08-18T10:00:00+05:30
ptm_55b916de,poi_d9ef734e,poi_a1e5f2e6,cab,28,7.294,1.247,152.00,INR,112,2026-08-18T10:00:00+05:30
ptm_f242c068,poi_d9ef734e,poi_d5409022,cab,42,11.896,2.034,230.23,INR,50,2026-08-18T10:00:00+05:30
ptm_f64223ed,poi_5e69bc20,poi_7cd2e8cd,cab,37,10.446,1.786,205.58,INR,79,2026-08-18T10:00:00+05:30
ptm_2c66a846,poi_5e69bc20,poi_3dd6c5b0,cab,38,10.455,1.788,205.74,INR,118,2026-08-18T10:00:00+05:30
ptm_fbd5b35e,poi_5e69bc20,poi_d9ef734e,cab,21,5.275,0.902,117.67,INR,117,2026-08-18T10:00:00+05:30
ptm_f858a12e,poi_5e69bc20,poi_c21309f4,walk,58,4.367,0,0.00,INR,46,2026-08-18T10:00:00+05:30
ptm_abc393f8,poi_5e69bc20,poi_c21309f4,cab,18,4.367,0.747,102.24,INR,46,2026-08-18T10:00:00+05:30
ptm_eb3535d9,poi_5e69bc20,poi_a79ecb61,cab,31,8.302,1.42,169.13,INR,45,2026-08-18T10:00:00+05:30
ptm_c1f99afe,poi_5e69bc20,poi_6d8ec0be,walk,36,2.636,0,0.00,INR,355,2026-08-18T10:00:00+05:30
ptm_1c6e326e,poi_5e69bc20,poi_6d8ec0be,cab,13,2.636,0.451,72.80,INR,355,2026-08-18T10:00:00+05:30
ptm_51763def,poi_5e69bc20,poi_0c84f287,cab,55,16.09,2.751,301.53,INR,56,2026-08-18T10:00:00+05:30
ptm_2cc3678c,poi_5e69bc20,poi_a1e5f2e6,cab,44,12.56,2.148,241.52,INR,114,2026-08-18T10:00:00+05:30
ptm_067c95ec,poi_5e69bc20,poi_d5409022,cab,51,14.765,2.525,279.01,INR,69,2026-08-18T10:00:00+05:30
ptm_23e51ff8,poi_c21309f4,poi_7cd2e8cd,cab,27,7.177,1.227,150.02,INR,98,2026-08-18T10:00:00+05:30
ptm_cd6ae63d,poi_c21309f4,poi_3dd6c5b0,cab,36,9.996,1.709,197.93,INR,143,2026-08-18T10:00:00+05:30
ptm_b160f36b,poi_c21309f4,poi_d9ef734e,cab,22,5.609,0.959,123.35,INR,164,2026-08-18T10:00:00+05:30
ptm_ffcbafdb,poi_c21309f4,poi_5e69bc20,walk,58,4.367,0,0.00,INR,226,2026-08-18T10:00:00+05:30
ptm_d4c6ea93,poi_c21309f4,poi_5e69bc20,cab,18,4.367,0.747,102.24,INR,226,2026-08-18T10:00:00+05:30
ptm_f3727715,poi_c21309f4,poi_a79ecb61,walk,53,3.938,0,0.00,INR,43,2026-08-18T10:00:00+05:30
ptm_4a5046b0,poi_c21309f4,poi_a79ecb61,cab,17,3.938,0.673,94.94,INR,43,2026-08-18T10:00:00+05:30
ptm_29057433,poi_c21309f4,poi_6d8ec0be,walk,46,3.415,0,0.00,INR,263,2026-08-18T10:00:00+05:30
ptm_4cd80548,poi_c21309f4,poi_6d8ec0be,cab,15,3.415,0.584,86.05,INR,263,2026-08-18T10:00:00+05:30
ptm_59fc2874,poi_c21309f4,poi_0c84f287,cab,42,11.812,2.02,228.80,INR,60,2026-08-18T10:00:00+05:30
ptm_4c27457f,poi_c21309f4,poi_a1e5f2e6,cab,41,11.639,1.99,225.86,INR,135,2026-08-18T10:00:00+05:30
ptm_0392d914,poi_c21309f4,poi_d5409022,cab,39,10.858,1.857,212.59,INR,78,2026-08-18T10:00:00+05:30
ptm_213d77d2,poi_a79ecb61,poi_7cd2e8cd,cab,23,5.888,1.007,128.10,INR,132,2026-08-18T10:00:00+05:30
ptm_6ec4de0e,poi_a79ecb61,poi_3dd6c5b0,cab,40,11.325,1.937,220.52,INR,163,2026-08-18T10:00:00+05:30
ptm_c08f025c,poi_a79ecb61,poi_d9ef734e,cab,31,8.335,1.425,169.69,INR,188,2026-08-18T10:00:00+05:30
ptm_cf68105c,poi_a79ecb61,poi_5e69bc20,cab,31,8.302,1.42,169.13,INR,225,2026-08-18T10:00:00+05:30
ptm_a8e1147d,poi_a79ecb61,poi_c21309f4,walk,53,3.938,0,0.00,INR,223,2026-08-18T10:00:00+05:30
ptm_f1b6156f,poi_a79ecb61,poi_c21309f4,cab,17,3.938,0.673,94.94,INR,223,2026-08-18T10:00:00+05:30
ptm_0db3a6a9,poi_a79ecb61,poi_6d8ec0be,cab,26,6.909,1.181,145.45,INR,242,2026-08-18T10:00:00+05:30
ptm_7869ae5a,poi_a79ecb61,poi_0c84f287,cab,30,8.116,1.388,165.97,INR,68,2026-08-18T10:00:00+05:30
ptm_e5aefb9d,poi_a79ecb61,poi_a1e5f2e6,cab,44,12.365,2.114,238.20,INR,153,2026-08-18T10:00:00+05:30
ptm_aac79a06,poi_a79ecb61,poi_d5409022,cab,30,7.924,1.355,162.70,INR,94,2026-08-18T10:00:00+05:30
ptm_28d36ca7,poi_6d8ec0be,poi_7cd2e8cd,cab,38,10.513,1.798,206.72,INR,94,2026-08-18T10:00:00+05:30
ptm_aff9ae5d,poi_6d8ec0be,poi_3dd6c5b0,cab,43,12.102,2.07,233.74,INR,129,2026-08-18T10:00:00+05:30
ptm_844d2746,poi_6d8ec0be,poi_d9ef734e,cab,27,7.031,1.202,147.53,INR,135,2026-08-18T10:00:00+05:30
ptm_9f1dd078,poi_6d8ec0be,poi_5e69bc20,walk,36,2.636,0,0.00,INR,175,2026-08-18T10:00:00+05:30
ptm_d2386cb8,poi_6d8ec0be,poi_5e69bc20,cab,13,2.636,0.451,72.80,INR,175,2026-08-18T10:00:00+05:30
ptm_10fa240a,poi_6d8ec0be,poi_c21309f4,walk,46,3.415,0,0.00,INR,83,2026-08-18T10:00:00+05:30
ptm_ed203f7a,poi_6d8ec0be,poi_c21309f4,cab,15,3.415,0.584,86.05,INR,83,2026-08-18T10:00:00+05:30
ptm_d7b71793,poi_6d8ec0be,poi_a79ecb61,cab,26,6.909,1.181,145.45,INR,62,2026-08-18T10:00:00+05:30
ptm_c7d40351,poi_6d8ec0be,poi_0c84f287,cab,52,15.005,2.566,283.08,INR,65,2026-08-18T10:00:00+05:30
ptm_025c7bb5,poi_6d8ec0be,poi_a1e5f2e6,cab,49,14.038,2.4,266.64,INR,124,2026-08-18T10:00:00+05:30
ptm_1961a185,poi_6d8ec0be,poi_d5409022,cab,50,14.26,2.438,270.42,INR,79,2026-08-18T10:00:00+05:30
ptm_b197d5be,poi_0c84f287,poi_7cd2e8cd,cab,29,7.64,1.306,157.87,INR,204,2026-08-18T10:00:00+05:30
ptm_0b74658f,poi_0c84f287,poi_3dd6c5b0,cab,50,14.486,2.477,274.27,INR,197,2026-08-18T10:00:00+05:30
ptm_d171b9a3,poi_0c84f287,poi_d9ef734e,cab,50,14.253,2.437,270.30,INR,218,2026-08-18T10:00:00+05:30
ptm_a3da5ca2,poi_0c84f287,poi_5e69bc20,cab,55,16.09,2.751,301.53,INR,236,2026-08-18T10:00:00+05:30
ptm_961d3460,poi_0c84f287,poi_c21309f4,cab,42,11.812,2.02,228.80,INR,240,2026-08-18T10:00:00+05:30
ptm_276b6ff2,poi_0c84f287,poi_a79ecb61,cab,30,8.116,1.388,165.97,INR,248,2026-08-18T10:00:00+05:30
ptm_fa55c953,poi_0c84f287,poi_6d8ec0be,cab,52,15.005,2.566,283.08,INR,245,2026-08-18T10:00:00+05:30
ptm_a861a4f4,poi_0c84f287,poi_a1e5f2e6,cab,49,14.216,2.431,269.66,INR,188,2026-08-18T10:00:00+05:30
ptm_4bea94fa,poi_0c84f287,poi_d5409022,walk,49,3.622,0,0.00,INR,174,2026-08-18T10:00:00+05:30
ptm_66c37650,poi_0c84f287,poi_d5409022,cab,16,3.622,0.619,89.57,INR,174,2026-08-18T10:00:00+05:30
ptm_acc9a223,poi_a1e5f2e6,poi_7cd2e8cd,cab,27,7.211,1.233,150.60,INR,350,2026-08-18T10:00:00+05:30
ptm_fac03d31,poi_a1e5f2e6,poi_3dd6c5b0,walk,31,2.251,0,0.00,INR,275,2026-08-18T10:00:00+05:30
ptm_997daca8,poi_a1e5f2e6,poi_3dd6c5b0,cab,12,2.251,0.385,66.26,INR,275,2026-08-18T10:00:00+05:30
ptm_8bfa08b3,poi_a1e5f2e6,poi_d9ef734e,cab,28,7.294,1.247,152.00,INR,292,2026-08-18T10:00:00+05:30
ptm_69c06749,poi_a1e5f2e6,poi_5e69bc20,cab,44,12.56,2.148,241.52,INR,294,2026-08-18T10:00:00+05:30
ptm_96612fd6,poi_a1e5f2e6,poi_c21309f4,cab,41,11.639,1.99,225.86,INR,315,2026-08-18T10:00:00+05:30
ptm_8ff5c5ea,poi_a1e5f2e6,poi_a79ecb61,cab,44,12.365,2.114,238.20,INR,333,2026-08-18T10:00:00+05:30
ptm_1c199ce1,poi_a1e5f2e6,poi_6d8ec0be,cab,49,14.038,2.4,266.64,INR,304,2026-08-18T10:00:00+05:30
ptm_29d315e0,poi_a1e5f2e6,poi_0c84f287,cab,49,14.216,2.431,269.66,INR,8,2026-08-18T10:00:00+05:30
ptm_5bbd58e6,poi_a1e5f2e6,poi_d5409022,cab,38,10.736,1.836,210.50,INR,12,2026-08-18T10:00:00+05:30
ptm_2cd37386,poi_d5409022,poi_7cd2e8cd,cab,20,4.866,0.832,110.72,INR,226,2026-08-18T10:00:00+05:30
ptm_517c001d,poi_d5409022,poi_3dd6c5b0,cab,40,11.237,1.922,219.03,INR,204,2026-08-18T10:00:00+05:30
ptm_59450fd3,poi_d5409022,poi_d9ef734e,cab,42,11.896,2.034,230.23,INR,230,2026-08-18T10:00:00+05:30
ptm_75ee4df0,poi_d5409022,poi_5e69bc20,cab,51,14.765,2.525,279.01,INR,249,2026-08-18T10:00:00+05:30
ptm_c9618bf4,poi_d5409022,poi_c21309f4,cab,39,10.858,1.857,212.59,INR,258,2026-08-18T10:00:00+05:30
ptm_1001e343,poi_d5409022,poi_a79ecb61,cab,30,7.924,1.355,162.70,INR,274,2026-08-18T10:00:00+05:30
ptm_f7724364,poi_d5409022,poi_6d8ec0be,cab,50,14.26,2.438,270.42,INR,259,2026-08-18T10:00:00+05:30
ptm_f2509054,poi_d5409022,poi_0c84f287,walk,49,3.622,0,0.00,INR,354,2026-08-18T10:00:00+05:30
ptm_03c07ac5,poi_d5409022,poi_0c84f287,cab,16,3.622,0.619,89.57,INR,354,2026-08-18T10:00:00+05:30
ptm_c35726c2,poi_d5409022,poi_a1e5f2e6,cab,38,10.736,1.836,210.50,INR,192,2026-08-18T10:00:00+05:30
ptm_e353bcd5,poi_789930fb,poi_6b17511e,cab,45,12.853,2.198,246.50,INR,304,2026-08-18T10:00:00+05:30
ptm_872b2822,poi_789930fb,poi_43e21947,walk,24,1.701,0,0.00,INR,282,2026-08-18T10:00:00+05:30
ptm_20453e21,poi_789930fb,poi_43e21947,cab,10,1.701,0.291,56.91,INR,282,2026-08-18T10:00:00+05:30
ptm_b69a5be3,poi_789930fb,poi_7b08d755,walk,38,2.832,0,0.00,INR,340,2026-08-18T10:00:00+05:30
ptm_a3c92780,poi_789930fb,poi_7b08d755,cab,13,2.832,0.484,76.14,INR,340,2026-08-18T10:00:00+05:30
ptm_c0362747,poi_789930fb,poi_f2a26f1f,cab,41,11.624,1.988,225.61,INR,259,2026-08-18T10:00:00+05:30
ptm_011e0400,poi_789930fb,poi_bd12d26b,cab,40,11.376,1.945,221.40,INR,241,2026-08-18T10:00:00+05:30
ptm_64c6b7dc,poi_789930fb,poi_2b00dd1d,cab,29,7.82,1.337,160.94,INR,353,2026-08-18T10:00:00+05:30
ptm_e44229a9,poi_789930fb,poi_eef7f325,cab,20,4.942,0.845,112.01,INR,180,2026-08-18T10:00:00+05:30
ptm_58060b47,poi_789930fb,poi_d158bf55,cab,20,5.043,0.862,113.74,INR,260,2026-08-18T10:00:00+05:30
ptm_0c2bbadf,poi_789930fb,poi_03e96e6b,cab,28,7.298,1.248,152.06,INR,240,2026-08-18T10:00:00+05:30
ptm_df4fedc5,poi_6b17511e,poi_789930fb,cab,45,12.853,2.198,246.50,INR,124,2026-08-18T10:00:00+05:30
ptm_d2ac24de,poi_6b17511e,poi_43e21947,cab,40,11.294,1.931,220.00,INR,127,2026-08-18T10:00:00+05:30
ptm_ba30757b,poi_6b17511e,poi_7b08d755,cab,38,10.694,1.829,209.80,INR,115,2026-08-18T10:00:00+05:30
ptm_a2da1c2a,poi_6b17511e,poi_f2a26f1f,cab,35,9.519,1.628,189.83,INR,185,2026-08-18T10:00:00+05:30
ptm_c8242cf3,poi_6b17511e,poi_bd12d26b,cab,45,12.715,2.174,244.15,INR,177,2026-08-18T10:00:00+05:30
ptm_20a418cc,poi_6b17511e,poi_2b00dd1d,cab,35,9.662,1.652,192.26,INR,87,2026-08-18T10:00:00+05:30
ptm_a4d5fedc,poi_6b17511e,poi_eef7f325,cab,55,16.148,2.761,302.52,INR,139,2026-08-18T10:00:00+05:30
ptm_6fb9751e,poi_6b17511e,poi_d158bf55,cab,36,9.913,1.695,196.53,INR,145,2026-08-18T10:00:00+05:30
ptm_d58423cb,poi_6b17511e,poi_03e96e6b,cab,42,11.757,2.01,227.87,INR,158,2026-08-18T10:00:00+05:30
ptm_45b57260,poi_43e21947,poi_789930fb,walk,24,1.701,0,0.00,INR,102,2026-08-18T10:00:00+05:30
ptm_2740e641,poi_43e21947,poi_789930fb,cab,10,1.701,0.291,56.91,INR,102,2026-08-18T10:00:00+05:30
ptm_e0e4f461,poi_43e21947,poi_6b17511e,cab,40,11.294,1.931,220.00,INR,307,2026-08-18T10:00:00+05:30
ptm_ee7121fb,poi_43e21947,poi_7b08d755,walk,33,2.411,0,0.00,INR,17,2026-08-18T10:00:00+05:30
ptm_d2c5dd2b,poi_43e21947,poi_7b08d755,cab,12,2.411,0.412,68.98,INR,17,2026-08-18T10:00:00+05:30
ptm_746663b1,poi_43e21947,poi_f2a26f1f,cab,36,10.086,1.725,199.47,INR,255,2026-08-18T10:00:00+05:30
ptm_288d0a96,poi_43e21947,poi_bd12d26b,cab,37,10.154,1.736,200.61,INR,235,2026-08-18T10:00:00+05:30
ptm_1386c00f,poi_43e21947,poi_2b00dd1d,cab,28,7.429,1.27,154.30,INR,5,2026-08-18T10:00:00+05:30
ptm_008148c9,poi_43e21947,poi_eef7f325,cab,22,5.552,0.949,122.39,INR,163,2026-08-18T10:00:00+05:30
ptm_6f0ef80b,poi_43e21947,poi_d158bf55,walk,48,3.534,0,0.00,INR,249,2026-08-18T10:00:00+05:30
ptm_6d314687,poi_43e21947,poi_d158bf55,cab,16,3.534,0.604,88.07,INR,249,2026-08-18T10:00:00+05:30
ptm_bbe1c503,poi_43e21947,poi_03e96e6b,cab,24,6.157,1.053,132.66,INR,229,2026-08-18T10:00:00+05:30
ptm_27b281ab,poi_7b08d755,poi_789930fb,walk,38,2.832,0,0.00,INR,160,2026-08-18T10:00:00+05:30
ptm_007d810e,poi_7b08d755,poi_789930fb,cab,13,2.832,0.484,76.14,INR,160,2026-08-18T10:00:00+05:30
ptm_f47e114f,poi_7b08d755,poi_6b17511e,cab,38,10.694,1.829,209.80,INR,295,2026-08-18T10:00:00+05:30
ptm_2950d390,poi_7b08d755,poi_43e21947,walk,33,2.411,0,0.00,INR,197,2026-08-18T10:00:00+05:30
ptm_64ca1ff5,poi_7b08d755,poi_43e21947,cab,12,2.411,0.412,68.98,INR,197,2026-08-18T10:00:00+05:30
ptm_1b9e7e37,poi_7b08d755,poi_f2a26f1f,cab,41,11.549,1.975,224.33,INR,245,2026-08-18T10:00:00+05:30
ptm_e52a29b7,poi_7b08d755,poi_bd12d26b,cab,43,12.146,2.077,234.48,INR,228,2026-08-18T10:00:00+05:30
ptm_10486d7f,poi_7b08d755,poi_2b00dd1d,cab,21,5.093,0.871,114.58,INR,360,2026-08-18T10:00:00+05:30
ptm_8068cfe3,poi_7b08d755,poi_eef7f325,cab,29,7.665,1.311,158.31,INR,173,2026-08-18T10:00:00+05:30
ptm_67890e13,poi_7b08d755,poi_d158bf55,cab,21,5.366,0.918,119.22,INR,228,2026-08-18T10:00:00+05:30
ptm_f58a9a88,poi_7b08d755,poi_03e96e6b,cab,31,8.305,1.42,169.18,INR,220,2026-08-18T10:00:00+05:30
ptm_b455f97d,poi_f2a26f1f,poi_789930fb,cab,41,11.624,1.988,225.61,INR,79,2026-08-18T10:00:00+05:30
ptm_48b78e12,poi_f2a26f1f,poi_6b17511e,cab,35,9.519,1.628,189.83,INR,5,2026-08-18T10:00:00+05:30
ptm_58264609,poi_f2a26f1f,poi_43e21947,cab,36,10.086,1.725,199.47,INR,75,2026-08-18T10:00:00+05:30
ptm_639e33ec,poi_f2a26f1f,poi_7b08d755,cab,41,11.549,1.975,224.33,INR,65,2026-08-18T10:00:00+05:30
ptm_79e06be6,poi_f2a26f1f,poi_bd12d26b,walk,47,3.513,0,0.00,INR,156,2026-08-18T10:00:00+05:30
ptm_3211e1ba,poi_f2a26f1f,poi_bd12d26b,cab,16,3.513,0.601,87.72,INR,156,2026-08-18T10:00:00+05:30
ptm_e75f6021,poi_f2a26f1f,poi_2b00dd1d,cab,50,14.456,2.472,273.75,INR,46,2026-08-18T10:00:00+05:30
ptm_233f8015,poi_f2a26f1f,poi_eef7f325,cab,41,11.7,2.001,226.89,INR,103,2026-08-18T10:00:00+05:30
ptm_e91dce7e,poi_f2a26f1f,poi_d158bf55,cab,25,6.582,1.125,139.89,INR,78,2026-08-18T10:00:00+05:30
ptm_27561a2b,poi_f2a26f1f,poi_03e96e6b,cab,21,5.311,0.908,118.28,INR,106,2026-08-18T10:00:00+05:30
ptm_33aea3da,poi_bd12d26b,poi_789930fb,cab,40,11.376,1.945,221.40,INR,61,2026-08-18T10:00:00+05:30
ptm_5e696146,poi_bd12d26b,poi_6b17511e,cab,45,12.715,2.174,244.15,INR,357,2026-08-18T10:00:00+05:30
ptm_a19e457b,poi_bd12d26b,poi_43e21947,cab,37,10.154,1.736,200.61,INR,55,2026-08-18T10:00:00+05:30
ptm_92647c0c,poi_bd12d26b,poi_7b08d755,cab,43,12.146,2.077,234.48,INR,48,2026-08-18T10:00:00+05:30
ptm_220f4fee,poi_bd12d26b,poi_f2a26f1f,walk,47,3.513,0,0.00,INR,336,2026-08-18T10:00:00+05:30
ptm_e109e3b2,poi_bd12d26b,poi_f2a26f1f,cab,16,3.513,0.601,87.72,INR,336,2026-08-18T10:00:00+05:30
ptm_4fcd34a3,poi_bd12d26b,poi_2b00dd1d,cab,55,15.996,2.735,299.94,INR,34,2026-08-18T10:00:00+05:30
ptm_dfb5045f,poi_bd12d26b,poi_eef7f325,cab,36,9.975,1.706,197.58,INR,87,2026-08-18T10:00:00+05:30
ptm_0b81fbe7,poi_bd12d26b,poi_d158bf55,cab,26,6.78,1.159,143.26,INR,48,2026-08-18T10:00:00+05:30
ptm_61bcd239,poi_bd12d26b,poi_03e96e6b,walk,55,4.088,0,0.00,INR,64,2026-08-18T10:00:00+05:30
ptm_21f3c63a,poi_bd12d26b,poi_03e96e6b,cab,17,4.088,0.699,97.49,INR,64,2026-08-18T10:00:00+05:30
ptm_26d893c1,poi_2b00dd1d,poi_789930fb,cab,29,7.82,1.337,160.94,INR,173,2026-08-18T10:00:00+05:30
ptm_068901cb,poi_2b00dd1d,poi_6b17511e,cab,35,9.662,1.652,192.26,INR,267,2026-08-18T10:00:00+05:30
ptm_06b14e90,poi_2b00dd1d,poi_43e21947,cab,28,7.429,1.27,154.30,INR,185,2026-08-18T10:00:00+05:30
ptm_b28b08dc,poi_2b00dd1d,poi_7b08d755,cab,21,5.093,0.871,114.58,INR,180,2026-08-18T10:00:00+05:30
ptm_2ae3653a,poi_2b00dd1d,poi_f2a26f1f,cab,50,14.456,2.472,273.75,INR,226,2026-08-18T10:00:00+05:30
ptm_7c8841c4,poi_2b00dd1d,poi_bd12d26b,cab,55,15.996,2.735,299.94,INR,214,2026-08-18T10:00:00+05:30
ptm_f5e80f56,poi_2b00dd1d,poi_eef7f325,cab,45,12.737,2.178,244.53,INR,176,2026-08-18T10:00:00+05:30
ptm_be507ed1,poi_2b00dd1d,poi_d158bf55,cab,35,9.535,1.63,190.09,INR,205,2026-08-18T10:00:00+05:30
ptm_17b387d3,poi_2b00dd1d,poi_03e96e6b,cab,44,12.629,2.159,242.69,INR,205,2026-08-18T10:00:00+05:30
ptm_5bbc8370,poi_eef7f325,poi_789930fb,cab,20,4.942,0.845,112.01,INR,0,2026-08-18T10:00:00+05:30
ptm_717a4064,poi_eef7f325,poi_6b17511e,cab,55,16.148,2.761,302.52,INR,319,2026-08-18T10:00:00+05:30
ptm_8c511b0a,poi_eef7f325,poi_43e21947,cab,22,5.552,0.949,122.39,INR,343,2026-08-18T10:00:00+05:30
ptm_4c0961ac,poi_eef7f325,poi_7b08d755,cab,29,7.665,1.311,158.31,INR,353,2026-08-18T10:00:00+05:30
ptm_3bdcc7e8,poi_eef7f325,poi_f2a26f1f,cab,41,11.7,2.001,226.89,INR,283,2026-08-18T10:00:00+05:30
ptm_bb93e319,poi_eef7f325,poi_bd12d26b,cab,36,9.975,1.706,197.58,INR,267,2026-08-18T10:00:00+05:30
ptm_b188f9db,poi_eef7f325,poi_2b00dd1d,cab,45,12.737,2.178,244.53,INR,356,2026-08-18T10:00:00+05:30
ptm_3a68a2ac,poi_eef7f325,poi_d158bf55,cab,25,6.385,1.092,136.54,INR,309,2026-08-18T10:00:00+05:30
ptm_764e4374,poi_eef7f325,poi_03e96e6b,cab,25,6.398,1.094,136.77,INR,281,2026-08-18T10:00:00+05:30
ptm_b49b9cc9,poi_d158bf55,poi_789930fb,cab,20,5.043,0.862,113.74,INR,80,2026-08-18T10:00:00+05:30
ptm_d6425f2d,poi_d158bf55,poi_6b17511e,cab,36,9.913,1.695,196.53,INR,325,2026-08-18T10:00:00+05:30
ptm_0520d6a4,poi_d158bf55,poi_43e21947,walk,48,3.534,0,0.00,INR,69,2026-08-18T10:00:00+05:30
ptm_3b41a641,poi_d158bf55,poi_43e21947,cab,16,3.534,0.604,88.07,INR,69,2026-08-18T10:00:00+05:30
ptm_dbb3e3ba,poi_d158bf55,poi_7b08d755,cab,21,5.366,0.918,119.22,INR,48,2026-08-18T10:00:00+05:30
ptm_dd9bb4b3,poi_d158bf55,poi_f2a26f1f,cab,25,6.582,1.125,139.89,INR,258,2026-08-18T10:00:00+05:30
ptm_446465f0,poi_d158bf55,poi_bd12d26b,cab,26,6.78,1.159,143.26,INR,228,2026-08-18T10:00:00+05:30
ptm_d991414f,poi_d158bf55,poi_2b00dd1d,cab,35,9.535,1.63,190.09,INR,25,2026-08-18T10:00:00+05:30
ptm_f2ca8ee1,poi_d158bf55,poi_eef7f325,cab,25,6.385,1.092,136.54,INR,129,2026-08-18T10:00:00+05:30
ptm_b8488961,poi_d158bf55,poi_03e96e6b,walk,42,3.094,0,0.00,INR,205,2026-08-18T10:00:00+05:30
ptm_f0f6fdd3,poi_d158bf55,poi_03e96e6b,cab,14,3.094,0.529,80.60,INR,205,2026-08-18T10:00:00+05:30
ptm_9ad12e78,poi_03e96e6b,poi_789930fb,cab,28,7.298,1.248,152.06,INR,59,2026-08-18T10:00:00+05:30
ptm_286982b0,poi_03e96e6b,poi_6b17511e,cab,42,11.757,2.01,227.87,INR,338,2026-08-18T10:00:00+05:30
ptm_95f7940d,poi_03e96e6b,poi_43e21947,cab,24,6.157,1.053,132.66,INR,49,2026-08-18T10:00:00+05:30
ptm_9fe917f2,poi_03e96e6b,poi_7b08d755,cab,31,8.305,1.42,169.18,INR,40,2026-08-18T10:00:00+05:30
ptm_c8708882,poi_03e96e6b,poi_f2a26f1f,cab,21,5.311,0.908,118.28,INR,286,2026-08-18T10:00:00+05:30
ptm_d90781e1,poi_03e96e6b,poi_bd12d26b,walk,55,4.088,0,0.00,INR,244,2026-08-18T10:00:00+05:30
ptm_c2b336ec,poi_03e96e6b,poi_bd12d26b,cab,17,4.088,0.699,97.49,INR,244,2026-08-18T10:00:00+05:30
ptm_4810f882,poi_03e96e6b,poi_2b00dd1d,cab,44,12.629,2.159,242.69,INR,25,2026-08-18T10:00:00+05:30
ptm_557f518d,poi_03e96e6b,poi_eef7f325,cab,25,6.398,1.094,136.77,INR,101,2026-08-18T10:00:00+05:30
ptm_61d59960,poi_03e96e6b,poi_d158bf55,walk,42,3.094,0,0.00,INR,25,2026-08-18T10:00:00+05:30
ptm_9e0bcdb9,poi_03e96e6b,poi_d158bf55,cab,14,3.094,0.529,80.60,INR,25,2026-08-18T10:00:00+05:30
ptm_80377d92,poi_72885c51,poi_091fe344,cab,53,15.3,2.616,288.11,INR,242,2026-08-18T10:00:00+05:30
ptm_82a61ca8,poi_72885c51,poi_a8a1121e,cab,36,10.056,1.72,198.96,INR,178,2026-08-18T10:00:00+05:30
ptm_751daf21,poi_72885c51,poi_53ac6972,walk,7,0.433,0,0.00,INR,147,2026-08-18T10:00:00+05:30
ptm_ec1713a7,poi_72885c51,poi_53ac6972,cab,6,0.433,0.074,35.36,INR,147,2026-08-18T10:00:00+05:30
ptm_212fe023,poi_72885c51,poi_7bf0ffd4,cab,21,5.246,0.897,117.19,INR,328,2026-08-18T10:00:00+05:30
ptm_6280143a,poi_72885c51,poi_a9a7d6f1,cab,25,6.49,1.11,138.33,INR,202,2026-08-18T10:00:00+05:30
ptm_8f45a895,poi_72885c51,poi_1b2395ad,cab,48,13.92,2.38,264.64,INR,258,2026-08-18T10:00:00+05:30
ptm_7b78bdb0,poi_72885c51,poi_88b5a018,walk,14,0.936,0,0.00,INR,152,2026-08-18T10:00:00+05:30
ptm_c673d323,poi_72885c51,poi_88b5a018,cab,7,0.936,0.16,43.91,INR,152,2026-08-18T10:00:00+05:30
ptm_87b686fb,poi_72885c51,poi_c806ff41,cab,47,13.423,2.295,256.19,INR,251,2026-08-18T10:00:00+05:30
ptm_0377bde9,poi_72885c51,poi_3d47122c,walk,25,1.784,0,0.00,INR,307,2026-08-18T10:00:00+05:30
ptm_c806dd90,poi_72885c51,poi_3d47122c,cab,10,1.784,0.305,58.33,INR,307,2026-08-18T10:00:00+05:30
ptm_626fda09,poi_091fe344,poi_72885c51,cab,53,15.3,2.616,288.11,INR,62,2026-08-18T10:00:00+05:30
ptm_8a645387,poi_091fe344,poi_a8a1121e,cab,49,14.16,2.421,268.73,INR,101,2026-08-18T10:00:00+05:30
ptm_56fed333,poi_091fe344,poi_53ac6972,cab,53,15.34,2.623,288.78,INR,63,2026-08-18T10:00:00+05:30
ptm_8a0308a9,poi_091fe344,poi_7bf0ffd4,cab,54,15.827,2.706,297.06,INR,42,2026-08-18T10:00:00+05:30
ptm_a7ccbd05,poi_091fe344,poi_a9a7d6f1,cab,40,11.11,1.9,216.87,INR,83,2026-08-18T10:00:00+05:30
ptm_bcde2122,poi_091fe344,poi_1b2395ad,walk,58,4.323,0,0.00,INR,358,2026-08-18T10:00:00+05:30
ptm_09c9ff0c,poi_091fe344,poi_1b2395ad,cab,18,4.323,0.739,101.49,INR,358,2026-08-18T10:00:00+05:30
ptm_e951b2ce,poi_091fe344,poi_88b5a018,cab,53,15.317,2.619,288.39,INR,65,2026-08-18T10:00:00+05:30
ptm_7e24340d,poi_091fe344,poi_c806ff41,walk,41,3.033,0,0.00,INR,14,2026-08-18T10:00:00+05:30
ptm_63f88ab4,poi_091fe344,poi_c806ff41,cab,14,3.033,0.519,79.56,INR,14,2026-08-18T10:00:00+05:30
ptm_a953bff5,poi_091fe344,poi_3d47122c,cab,51,14.644,2.504,276.95,INR,55,2026-08-18T10:00:00+05:30
ptm_355c9d74,poi_a8a1121e,poi_72885c51,cab,36,10.056,1.72,198.96,INR,358,2026-08-18T10:00:00+05:30
ptm_24038b15,poi_a8a1121e,poi_091fe344,cab,49,14.16,2.421,268.73,INR,281,2026-08-18T10:00:00+05:30
ptm_c976e969,poi_a8a1121e,poi_53ac6972,cab,35,9.685,1.656,192.65,INR,359,2026-08-18T10:00:00+05:30
ptm_30b8dbf3,poi_a8a1121e,poi_7bf0ffd4,cab,51,14.836,2.537,280.20,INR,347,2026-08-18T10:00:00+05:30
ptm_5c8d6a29,poi_a8a1121e,poi_a9a7d6f1,cab,20,4.931,0.843,111.82,INR,325,2026-08-18T10:00:00+05:30
ptm_5dea61e7,poi_a8a1121e,poi_1b2395ad,cab,54,15.72,2.688,295.24,INR,297,2026-08-18T10:00:00+05:30
ptm_9ead2fc4,poi_a8a1121e,poi_88b5a018,cab,34,9.218,1.576,184.71,INR,0,2026-08-18T10:00:00+05:30
ptm_4e659687,poi_a8a1121e,poi_c806ff41,cab,50,14.316,2.448,271.38,INR,294,2026-08-18T10:00:00+05:30
ptm_ff906ac2,poi_a8a1121e,poi_3d47122c,cab,40,11.272,1.927,219.62,INR,351,2026-08-18T10:00:00+05:30
ptm_8e516f86,poi_53ac6972,poi_72885c51,walk,7,0.433,0,0.00,INR,327,2026-08-18T10:00:00+05:30
ptm_814d0959,poi_53ac6972,poi_72885c51,cab,6,0.433,0.074,35.36,INR,327,2026-08-18T10:00:00+05:30
ptm_632b8373,poi_53ac6972,poi_091fe344,cab,53,15.34,2.623,288.78,INR,243,2026-08-18T10:00:00+05:30
ptm_6faae3ce,poi_53ac6972,poi_a8a1121e,cab,35,9.685,1.656,192.65,INR,179,2026-08-18T10:00:00+05:30
ptm_643e82fb,poi_53ac6972,poi_7bf0ffd4,cab,22,5.679,0.971,124.55,INR,328,2026-08-18T10:00:00+05:30
ptm_0f20394a,poi_53ac6972,poi_a9a7d6f1,cab,24,6.25,1.069,134.25,INR,205,2026-08-18T10:00:00+05:30
ptm_483b00ab,poi_53ac6972,poi_1b2395ad,cab,49,14.078,2.407,267.33,INR,259,2026-08-18T10:00:00+05:30
ptm_d678a239,poi_53ac6972,poi_88b5a018,walk,8,0.506,0,0.00,INR,157,2026-08-18T10:00:00+05:30
ptm_e36bd9b7,poi_53ac6972,poi_88b5a018,cab,6,0.506,0.087,36.61,INR,157,2026-08-18T10:00:00+05:30
ptm_8ec2e2c0,poi_53ac6972,poi_c806ff41,cab,47,13.534,2.314,258.08,INR,253,2026-08-18T10:00:00+05:30
ptm_98bd84f4,poi_53ac6972,poi_3d47122c,walk,30,2.195,0,0.00,INR,311,2026-08-18T10:00:00+05:30
ptm_c4403431,poi_53ac6972,poi_3d47122c,cab,11,2.195,0.375,65.32,INR,311,2026-08-18T10:00:00+05:30
ptm_2011c04f,poi_7bf0ffd4,poi_72885c51,cab,21,5.246,0.897,117.19,INR,148,2026-08-18T10:00:00+05:30
ptm_2aabed93,poi_7bf0ffd4,poi_091fe344,cab,54,15.827,2.706,297.06,INR,222,2026-08-18T10:00:00+05:30
ptm_84440894,poi_7bf0ffd4,poi_a8a1121e,cab,51,14.836,2.537,280.20,INR,167,2026-08-18T10:00:00+05:30
ptm_5b8dbb72,poi_7bf0ffd4,poi_53ac6972,cab,22,5.679,0.971,124.55,INR,148,2026-08-18T10:00:00+05:30
ptm_a3b81b10,poi_7bf0ffd4,poi_a9a7d6f1,cab,38,10.46,1.789,205.82,INR,178,2026-08-18T10:00:00+05:30
ptm_98dc511c,poi_7bf0ffd4,poi_1b2395ad,cab,46,13.079,2.237,250.35,INR,236,2026-08-18T10:00:00+05:30
ptm_42efb944,poi_7bf0ffd4,poi_88b5a018,cab,24,6.18,1.057,133.05,INR,148,2026-08-18T10:00:00+05:30
ptm_e33f11e7,poi_7bf0ffd4,poi_c806ff41,cab,46,13.221,2.261,252.76,INR,228,2026-08-18T10:00:00+05:30
ptm_94c6fee0,poi_7bf0ffd4,poi_3d47122c,walk,49,3.633,0,0.00,INR,158,2026-08-18T10:00:00+05:30
ptm_f1397907,poi_7bf0ffd4,poi_3d47122c,cab,16,3.633,0.621,89.76,INR,158,2026-08-18T10:00:00+05:30
ptm_bf4c3970,poi_a9a7d6f1,poi_72885c51,cab,25,6.49,1.11,138.33,INR,22,2026-08-18T10:00:00+05:30
ptm_68eb5a33,poi_a9a7d6f1,poi_091fe344,cab,40,11.11,1.9,216.87,INR,264,2026-08-18T10:00:00+05:30
ptm_50c994e8,poi_a9a7d6f1,poi_a8a1121e,cab,20,4.931,0.843,111.82,INR,145,2026-08-18T10:00:00+05:30
ptm_4334a1d9,poi_a9a7d6f1,poi_53ac6972,cab,24,6.25,1.069,134.25,INR,25,2026-08-18T10:00:00+05:30
ptm_701e3343,poi_a9a7d6f1,poi_7bf0ffd4,cab,38,10.46,1.789,205.82,INR,358,2026-08-18T10:00:00+05:30
ptm_a4ecdda6,poi_a9a7d6f1,poi_1b2395ad,cab,41,11.595,1.983,225.11,INR,285,2026-08-18T10:00:00+05:30
ptm_2f3b5677,poi_a9a7d6f1,poi_88b5a018,cab,23,5.926,1.013,128.74,INR,29,2026-08-18T10:00:00+05:30
ptm_1a272a52,poi_a9a7d6f1,poi_c806ff41,cab,37,10.418,1.782,205.11,INR,279,2026-08-18T10:00:00+05:30
ptm_82a8cdbb,poi_a9a7d6f1,poi_3d47122c,cab,27,7.162,1.225,149.75,INR,8,2026-08-18T10:00:00+05:30
ptm_f92975f2,poi_1b2395ad,poi_72885c51,cab,48,13.92,2.38,264.64,INR,78,2026-08-18T10:00:00+05:30
ptm_7d7dd35a,poi_1b2395ad,poi_091fe344,walk,58,4.323,0,0.00,INR,178,2026-08-18T10:00:00+05:30
ptm_491cbc54,poi_1b2395ad,poi_091fe344,cab,18,4.323,0.739,101.49,INR,178,2026-08-18T10:00:00+05:30
ptm_66bb1547,poi_1b2395ad,poi_a8a1121e,cab,54,15.72,2.688,295.24,INR,117,2026-08-18T10:00:00+05:30
ptm_b69a38ff,poi_1b2395ad,poi_53ac6972,cab,49,14.078,2.407,267.33,INR,79,2026-08-18T10:00:00+05:30
ptm_6bcc2a72,poi_1b2395ad,poi_7bf0ffd4,cab,46,13.079,2.237,250.35,INR,56,2026-08-18T10:00:00+05:30
ptm_dc587091,poi_1b2395ad,poi_a9a7d6f1,cab,41,11.595,1.983,225.11,INR,105,2026-08-18T10:00:00+05:30
ptm_521f9de4,poi_1b2395ad,poi_88b5a018,cab,49,14.198,2.428,269.36,INR,81,2026-08-18T10:00:00+05:30
ptm_c15f090c,poi_1b2395ad,poi_c806ff41,walk,23,1.651,0,0.00,INR,147,2026-08-18T10:00:00+05:30
ptm_564b7454,poi_1b2395ad,poi_c806ff41,cab,10,1.651,0.282,56.06,INR,147,2026-08-18T10:00:00+05:30
ptm_db72578d,poi_1b2395ad,poi_3d47122c,cab,45,12.824,2.193,246.01,INR,72,2026-08-18T10:00:00+05:30
ptm_9ed87d50,poi_88b5a018,poi_72885c51,walk,14,0.936,0,0.00,INR,332,2026-08-18T10:00:00+05:30
ptm_501b504f,poi_88b5a018,poi_72885c51,cab,7,0.936,0.16,43.91,INR,332,2026-08-18T10:00:00+05:30
ptm_cbaafab0,poi_88b5a018,poi_091fe344,cab,53,15.317,2.619,288.39,INR,245,2026-08-18T10:00:00+05:30
ptm_74e20699,poi_88b5a018,poi_a8a1121e,cab,34,9.218,1.576,184.71,INR,180,2026-08-18T10:00:00+05:30
ptm_09b1278e,poi_88b5a018,poi_53ac6972,walk,8,0.506,0,0.00,INR,337,2026-08-18T10:00:00+05:30
ptm_c0ac3dc7,poi_88b5a018,poi_53ac6972,cab,6,0.506,0.087,36.61,INR,337,2026-08-18T10:00:00+05:30
ptm_9ca014fe,poi_88b5a018,poi_7bf0ffd4,cab,24,6.18,1.057,133.05,INR,328,2026-08-18T10:00:00+05:30
ptm_3ef18ef2,poi_88b5a018,poi_a9a7d6f1,cab,23,5.926,1.013,128.74,INR,209,2026-08-18T10:00:00+05:30
ptm_9688af2f,poi_88b5a018,poi_1b2395ad,cab,49,14.198,2.428,269.36,INR,261,2026-08-18T10:00:00+05:30
ptm_842df0a9,poi_88b5a018,poi_c806ff41,cab,47,13.598,2.325,259.16,INR,255,2026-08-18T10:00:00+05:30
ptm_2a1bca18,poi_88b5a018,poi_3d47122c,walk,36,2.66,0,0.00,INR,316,2026-08-18T10:00:00+05:30
ptm_9f562faa,poi_88b5a018,poi_3d47122c,cab,13,2.66,0.455,73.22,INR,316,2026-08-18T10:00:00+05:30
ptm_f0769957,poi_c806ff41,poi_72885c51,cab,47,13.423,2.295,256.19,INR,71,2026-08-18T10:00:00+05:30
ptm_104e8ff9,poi_c806ff41,poi_091fe344,walk,41,3.033,0,0.00,INR,194,2026-08-18T10:00:00+05:30
ptm_ddea8f48,poi_c806ff41,poi_091fe344,cab,14,3.033,0.519,79.56,INR,194,2026-08-18T10:00:00+05:30
ptm_cb2d67d2,poi_c806ff41,poi_a8a1121e,cab,50,14.316,2.448,271.38,INR,113,2026-08-18T10:00:00+05:30
ptm_f52fef9c,poi_c806ff41,poi_53ac6972,cab,47,13.534,2.314,258.08,INR,73,2026-08-18T10:00:00+05:30
ptm_c48c9a62,poi_c806ff41,poi_7bf0ffd4,cab,46,13.221,2.261,252.76,INR,48,2026-08-18T10:00:00+05:30
ptm_c4150738,poi_c806ff41,poi_a9a7d6f1,cab,37,10.418,1.782,205.11,INR,99,2026-08-18T10:00:00+05:30
ptm_c38b44be,poi_c806ff41,poi_1b2395ad,walk,23,1.651,0,0.00,INR,327,2026-08-18T10:00:00+05:30
ptm_0e336ac3,poi_c806ff41,poi_1b2395ad,cab,10,1.651,0.282,56.06,INR,327,2026-08-18T10:00:00+05:30
ptm_98319a79,poi_c806ff41,poi_88b5a018,cab,47,13.598,2.325,259.16,INR,75,2026-08-18T10:00:00+05:30
ptm_a7a779cc,poi_c806ff41,poi_3d47122c,cab,44,12.506,2.138,240.59,INR,64,2026-08-18T10:00:00+05:30
ptm_93c49f7a,poi_3d47122c,poi_72885c51,walk,25,1.784,0,0.00,INR,127,2026-08-18T10:00:00+05:30
ptm_ab4a731e,poi_3d47122c,poi_72885c51,cab,10,1.784,0.305,58.33,INR,127,2026-08-18T10:00:00+05:30
ptm_2510ee63,poi_3d47122c,poi_091fe344,cab,51,14.644,2.504,276.95,INR,235,2026-08-18T10:00:00+05:30
ptm_da9a7e3c,poi_3d47122c,poi_a8a1121e,cab,40,11.272,1.927,219.62,INR,171,2026-08-18T10:00:00+05:30
ptm_f328e896,poi_3d47122c,poi_53ac6972,walk,30,2.195,0,0.00,INR,131,2026-08-18T10:00:00+05:30
ptm_2e5abea6,poi_3d47122c,poi_53ac6972,cab,11,2.195,0.375,65.32,INR,131,2026-08-18T10:00:00+05:30
ptm_93acb26e,poi_3d47122c,poi_7bf0ffd4,walk,49,3.633,0,0.00,INR,338,2026-08-18T10:00:00+05:30
ptm_3c83eb30,poi_3d47122c,poi_7bf0ffd4,cab,16,3.633,0.621,89.76,INR,338,2026-08-18T10:00:00+05:30
ptm_25cf6464,poi_3d47122c,poi_a9a7d6f1,cab,27,7.162,1.225,149.75,INR,188,2026-08-18T10:00:00+05:30
ptm_355203e1,poi_3d47122c,poi_1b2395ad,cab,45,12.824,2.193,246.01,INR,252,2026-08-18T10:00:00+05:30
ptm_36850d76,poi_3d47122c,poi_88b5a018,walk,36,2.66,0,0.00,INR,136,2026-08-18T10:00:00+05:30
ptm_5ab550bb,poi_3d47122c,poi_88b5a018,cab,13,2.66,0.455,73.22,INR,136,2026-08-18T10:00:00+05:30
ptm_ebb2d5ca,poi_3d47122c,poi_c806ff41,cab,44,12.506,2.138,240.59,INR,244,2026-08-18T10:00:00+05:30
ptm_d92c8510,poi_bebe0046,poi_a89bd0b6,cab,32,8.808,1.506,177.74,INR,328,2026-08-18T10:00:00+05:30
ptm_2a94e0b1,poi_bebe0046,poi_a1b45daa,cab,39,10.843,1.854,212.33,INR,316,2026-08-18T10:00:00+05:30
ptm_70705b03,poi_bebe0046,poi_7d154e6e,cab,29,7.914,1.353,162.54,INR,311,2026-08-18T10:00:00+05:30
ptm_a1159466,poi_bebe0046,poi_26a8c93c,cab,53,15.247,2.607,287.20,INR,22,2026-08-18T10:00:00+05:30
ptm_0ab29043,poi_bebe0046,poi_22445cd1,cab,27,7.027,1.202,147.46,INR,291,2026-08-18T10:00:00+05:30
ptm_29382a40,poi_bebe0046,poi_65c1c671,cab,27,7.156,1.224,149.66,INR,354,2026-08-18T10:00:00+05:30
ptm_f78df92d,poi_bebe0046,poi_cbe67aeb,cab,54,15.737,2.691,295.54,INR,344,2026-08-18T10:00:00+05:30
ptm_1d94513e,poi_bebe0046,poi_41745331,cab,31,8.49,1.452,172.33,INR,318,2026-08-18T10:00:00+05:30
ptm_20258452,poi_bebe0046,poi_df880d73,cab,49,14.006,2.395,266.11,INR,11,2026-08-18T10:00:00+05:30
ptm_39e725b3,poi_a89bd0b6,poi_bebe0046,cab,32,8.808,1.506,177.74,INR,148,2026-08-18T10:00:00+05:30
ptm_3e2f15f9,poi_a89bd0b6,poi_a1b45daa,walk,39,2.898,0,0.00,INR,276,2026-08-18T10:00:00+05:30
ptm_25de21a9,poi_a89bd0b6,poi_a1b45daa,cab,14,2.898,0.496,77.27,INR,276,2026-08-18T10:00:00+05:30
ptm_d06fc029,poi_a89bd0b6,poi_7d154e6e,walk,36,2.647,0,0.00,INR,210,2026-08-18T10:00:00+05:30
ptm_604c8967,poi_a89bd0b6,poi_7d154e6e,cab,13,2.647,0.453,72.99,INR,210,2026-08-18T10:00:00+05:30
ptm_988a8d20,poi_a89bd0b6,poi_26a8c93c,cab,43,12.326,2.108,237.54,INR,57,2026-08-18T10:00:00+05:30
ptm_e7c43179,poi_a89bd0b6,poi_22445cd1,cab,21,5.298,0.906,118.06,INR,201,2026-08-18T10:00:00+05:30
ptm_349543ed,poi_a89bd0b6,poi_65c1c671,walk,53,3.967,0,0.00,INR,95,2026-08-18T10:00:00+05:30
ptm_b0d5f13b,poi_a89bd0b6,poi_65c1c671,cab,17,3.967,0.678,95.44,INR,95,2026-08-18T10:00:00+05:30
ptm_10ceb1cb,poi_a89bd0b6,poi_cbe67aeb,cab,29,7.655,1.309,158.14,INR,2,2026-08-18T10:00:00+05:30
ptm_cabc5832,poi_a89bd0b6,poi_41745331,walk,22,1.581,0,0.00,INR,221,2026-08-18T10:00:00+05:30
ptm_e9d62414,poi_a89bd0b6,poi_41745331,cab,9,1.581,0.27,54.89,INR,221,2026-08-18T10:00:00+05:30
ptm_cb9c69b0,poi_a89bd0b6,poi_df880d73,cab,35,9.673,1.654,192.44,INR,49,2026-08-18T10:00:00+05:30
ptm_79922669,poi_a1b45daa,poi_bebe0046,cab,39,10.843,1.854,212.33,INR,136,2026-08-18T10:00:00+05:30
ptm_fdef2499,poi_a1b45daa,poi_a89bd0b6,walk,39,2.898,0,0.00,INR,96,2026-08-18T10:00:00+05:30
ptm_2a836e6a,poi_a1b45daa,poi_a89bd0b6,cab,14,2.898,0.496,77.27,INR,96,2026-08-18T10:00:00+05:30
ptm_bf40dbe0,poi_a1b45daa,poi_7d154e6e,walk,41,3.04,0,0.00,INR,149,2026-08-18T10:00:00+05:30
ptm_8613bd66,poi_a1b45daa,poi_7d154e6e,cab,14,3.04,0.52,79.69,INR,149,2026-08-18T10:00:00+05:30
ptm_3da24bda,poi_a1b45daa,poi_26a8c93c,cab,51,14.692,2.512,277.76,INR,64,2026-08-18T10:00:00+05:30
ptm_d546eb73,poi_a1b45daa,poi_22445cd1,cab,21,5.355,0.916,119.04,INR,169,2026-08-18T10:00:00+05:30
ptm_913e488a,poi_a1b45daa,poi_65c1c671,cab,26,6.865,1.174,144.70,INR,95,2026-08-18T10:00:00+05:30
ptm_1f311b10,poi_a1b45daa,poi_cbe67aeb,cab,30,7.995,1.367,163.92,INR,23,2026-08-18T10:00:00+05:30
ptm_11e2435e,poi_a1b45daa,poi_41745331,walk,32,2.373,0,0.00,INR,129,2026-08-18T10:00:00+05:30
ptm_7d04eb22,poi_a1b45daa,poi_41745331,cab,12,2.373,0.406,68.35,INR,129,2026-08-18T10:00:00+05:30
ptm_82474c84,poi_a1b45daa,poi_df880d73,cab,42,11.851,2.026,229.46,INR,60,2026-08-18T10:00:00+05:30
ptm_98303a22,poi_7d154e6e,poi_bebe0046,cab,29,7.914,1.353,162.54,INR,131,2026-08-18T10:00:00+05:30
ptm_13381a37,poi_7d154e6e,poi_a89bd0b6,walk,36,2.647,0,0.00,INR,30,2026-08-18T10:00:00+05:30
ptm_804c3205,poi_7d154e6e,poi_a89bd0b6,cab,13,2.647,0.453,72.99,INR,30,2026-08-18T10:00:00+05:30
ptm_24699198,poi_7d154e6e,poi_a1b45daa,walk,41,3.04,0,0.00,INR,329,2026-08-18T10:00:00+05:30
ptm_914ed64c,poi_7d154e6e,poi_a1b45daa,cab,14,3.04,0.52,79.69,INR,329,2026-08-18T10:00:00+05:30
ptm_01a7b15c,poi_7d154e6e,poi_26a8c93c,cab,51,14.728,2.518,278.37,INR,52,2026-08-18T10:00:00+05:30
ptm_3023a0c4,poi_7d154e6e,poi_22445cd1,walk,37,2.715,0,0.00,INR,192,2026-08-18T10:00:00+05:30
ptm_b20fba7a,poi_7d154e6e,poi_22445cd1,cab,13,2.715,0.464,74.16,INR,192,2026-08-18T10:00:00+05:30
ptm_e712bfdc,poi_7d154e6e,poi_65c1c671,cab,22,5.618,0.961,123.51,INR,70,2026-08-18T10:00:00+05:30
ptm_9dd36cf4,poi_7d154e6e,poi_cbe67aeb,cab,36,10.075,1.723,199.27,INR,9,2026-08-18T10:00:00+05:30
ptm_be5db183,poi_7d154e6e,poi_41745331,walk,16,1.14,0,0.00,INR,14,2026-08-18T10:00:00+05:30
ptm_4144caeb,poi_7d154e6e,poi_41745331,cab,8,1.14,0.195,47.38,INR,14,2026-08-18T10:00:00+05:30
ptm_4e31361d,poi_7d154e6e,poi_df880d73,cab,43,12.198,2.086,235.37,INR,45,2026-08-18T10:00:00+05:30
ptm_7d669b99,poi_26a8c93c,poi_bebe0046,cab,53,15.247,2.607,287.20,INR,202,2026-08-18T10:00:00+05:30
ptm_6d619c2e,poi_26a8c93c,poi_a89bd0b6,cab,43,12.326,2.108,237.54,INR,237,2026-08-18T10:00:00+05:30
ptm_1a196548,poi_26a8c93c,poi_a1b45daa,cab,51,14.692,2.512,277.76,INR,244,2026-08-18T10:00:00+05:30
ptm_f79172ea,poi_26a8c93c,poi_7d154e6e,cab,51,14.728,2.518,278.37,INR,232,2026-08-18T10:00:00+05:30
ptm_a2a1b415,poi_26a8c93c,poi_22445cd1,cab,58,16.889,2.888,315.11,INR,226,2026-08-18T10:00:00+05:30
ptm_70c4038d,poi_26a8c93c,poi_65c1c671,cab,35,9.51,1.626,189.66,INR,222,2026-08-18T10:00:00+05:30
ptm_57742227,poi_26a8c93c,poi_cbe67aeb,cab,36,10.11,1.729,199.87,INR,275,2026-08-18T10:00:00+05:30
ptm_24eec375,poi_26a8c93c,poi_41745331,cab,48,13.854,2.369,263.51,INR,235,2026-08-18T10:00:00+05:30
ptm_ec29a1da,poi_26a8c93c,poi_df880d73,walk,41,3.028,0,0.00,INR,262,2026-08-18T10:00:00+05:30
ptm_be3d3810,poi_26a8c93c,poi_df880d73,cab,14,3.028,0.518,79.48,INR,262,2026-08-18T10:00:00+05:30
ptm_abadb2b6,poi_22445cd1,poi_bebe0046,cab,27,7.027,1.202,147.46,INR,111,2026-08-18T10:00:00+05:30
ptm_b0863a42,poi_22445cd1,poi_a89bd0b6,cab,21,5.298,0.906,118.06,INR,21,2026-08-18T10:00:00+05:30
ptm_5330b9f9,poi_22445cd1,poi_a1b45daa,cab,21,5.355,0.916,119.04,INR,349,2026-08-18T10:00:00+05:30
ptm_681eb8a7,poi_22445cd1,poi_7d154e6e,walk,37,2.715,0,0.00,INR,12,2026-08-18T10:00:00+05:30
ptm_a7c0d371,poi_22445cd1,poi_7d154e6e,cab,13,2.715,0.464,74.16,INR,12,2026-08-18T10:00:00+05:30
ptm_6e159e77,poi_22445cd1,poi_26a8c93c,cab,58,16.889,2.888,315.11,INR,46,2026-08-18T10:00:00+05:30
ptm_3f1da11c,poi_22445cd1,poi_65c1c671,cab,28,7.436,1.271,154.41,INR,52,2026-08-18T10:00:00+05:30
ptm_935509f5,poi_22445cd1,poi_cbe67aeb,cab,45,12.787,2.187,245.38,INR,10,2026-08-18T10:00:00+05:30
ptm_78a7961c,poi_22445cd1,poi_41745331,walk,52,3.855,0,0.00,INR,13,2026-08-18T10:00:00+05:30
ptm_4ba51848,poi_22445cd1,poi_41745331,cab,17,3.855,0.659,93.53,INR,13,2026-08-18T10:00:00+05:30
ptm_3f7d4e1a,poi_22445cd1,poi_df880d73,cab,50,14.546,2.487,275.28,INR,39,2026-08-18T10:00:00+05:30
ptm_c74129e2,poi_65c1c671,poi_bebe0046,cab,27,7.156,1.224,149.66,INR,174,2026-08-18T10:00:00+05:30
ptm_47b51de6,poi_65c1c671,poi_a89bd0b6,walk,53,3.967,0,0.00,INR,275,2026-08-18T10:00:00+05:30
ptm_ae7192c7,poi_65c1c671,poi_a89bd0b6,cab,17,3.967,0.678,95.44,INR,275,2026-08-18T10:00:00+05:30
ptm_6d1fa405,poi_65c1c671,poi_a1b45daa,cab,26,6.865,1.174,144.70,INR,275,2026-08-18T10:00:00+05:30
ptm_c13b78b0,poi_65c1c671,poi_7d154e6e,cab,22,5.618,0.961,123.51,INR,250,2026-08-18T10:00:00+05:30
ptm_243da682,poi_65c1c671,poi_26a8c93c,cab,35,9.51,1.626,189.66,INR,42,2026-08-18T10:00:00+05:30
ptm_9dc2b275,poi_65c1c671,poi_22445cd1,cab,28,7.436,1.271,154.41,INR,232,2026-08-18T10:00:00+05:30
ptm_6d1c8a23,poi_65c1c671,poi_cbe67aeb,cab,32,8.793,1.504,177.48,INR,335,2026-08-18T10:00:00+05:30
ptm_d3c494a9,poi_65c1c671,poi_41745331,cab,20,5.065,0.866,114.10,INR,260,2026-08-18T10:00:00+05:30
ptm_2688c5a2,poi_65c1c671,poi_df880d73,cab,28,7.451,1.274,154.66,INR,27,2026-08-18T10:00:00+05:30
ptm_40a13dd9,poi_cbe67aeb,poi_bebe0046,cab,54,15.737,2.691,295.54,INR,164,2026-08-18T10:00:00+05:30
ptm_eb22c0d8,poi_cbe67aeb,poi_a89bd0b6,cab,29,7.655,1.309,158.14,INR,182,2026-08-18T10:00:00+05:30
ptm_c27f9496,poi_cbe67aeb,poi_a1b45daa,cab,30,7.995,1.367,163.92,INR,203,2026-08-18T10:00:00+05:30
ptm_033279dc,poi_cbe67aeb,poi_7d154e6e,cab,36,10.075,1.723,199.27,INR,189,2026-08-18T10:00:00+05:30
ptm_feab44f9,poi_cbe67aeb,poi_26a8c93c,cab,36,10.11,1.729,199.87,INR,95,2026-08-18T10:00:00+05:30
ptm_d2697f88,poi_cbe67aeb,poi_22445cd1,cab,45,12.787,2.187,245.38,INR,190,2026-08-18T10:00:00+05:30
ptm_6c76108c,poi_cbe67aeb,poi_65c1c671,cab,32,8.793,1.504,177.48,INR,155,2026-08-18T10:00:00+05:30
ptm_61055d23,poi_cbe67aeb,poi_41745331,cab,33,8.939,1.529,179.97,INR,189,2026-08-18T10:00:00+05:30
ptm_0be71c97,poi_cbe67aeb,poi_df880d73,cab,27,7.193,1.23,150.29,INR,101,2026-08-18T10:00:00+05:30
ptm_23fe575b,poi_41745331,poi_bebe0046,cab,31,8.49,1.452,172.33,INR,138,2026-08-18T10:00:00+05:30
ptm_ede2d80d,poi_41745331,poi_a89bd0b6,walk,22,1.581,0,0.00,INR,41,2026-08-18T10:00:00+05:30
ptm_cfa3c0fd,poi_41745331,poi_a89bd0b6,cab,9,1.581,0.27,54.89,INR,41,2026-08-18T10:00:00+05:30
ptm_cdcdf525,poi_41745331,poi_a1b45daa,walk,32,2.373,0,0.00,INR,309,2026-08-18T10:00:00+05:30
ptm_5d9af0d3,poi_41745331,poi_a1b45daa,cab,12,2.373,0.406,68.35,INR,309,2026-08-18T10:00:00+05:30
ptm_ae5647c4,poi_41745331,poi_7d154e6e,walk,16,1.14,0,0.00,INR,194,2026-08-18T10:00:00+05:30
ptm_35b9a836,poi_41745331,poi_7d154e6e,cab,8,1.14,0.195,47.38,INR,194,2026-08-18T10:00:00+05:30
ptm_09f1b1cb,poi_41745331,poi_26a8c93c,cab,48,13.854,2.369,263.51,INR,55,2026-08-18T10:00:00+05:30
ptm_9f222ace,poi_41745331,poi_22445cd1,walk,52,3.855,0,0.00,INR,193,2026-08-18T10:00:00+05:30
ptm_04140ae1,poi_41745331,poi_22445cd1,cab,17,3.855,0.659,93.53,INR,193,2026-08-18T10:00:00+05:30
ptm_4debe9ff,poi_41745331,poi_65c1c671,cab,20,5.065,0.866,114.10,INR,80,2026-08-18T10:00:00+05:30
ptm_73a0176b,poi_41745331,poi_cbe67aeb,cab,33,8.939,1.529,179.97,INR,9,2026-08-18T10:00:00+05:30
ptm_6215c566,poi_41745331,poi_df880d73,cab,40,11.24,1.922,219.09,INR,48,2026-08-18T10:00:00+05:30
ptm_be639acb,poi_df880d73,poi_bebe0046,cab,49,14.006,2.395,266.11,INR,191,2026-08-18T10:00:00+05:30
ptm_a55349de,poi_df880d73,poi_a89bd0b6,cab,35,9.673,1.654,192.44,INR,229,2026-08-18T10:00:00+05:30
ptm_1e83e3c0,poi_df880d73,poi_a1b45daa,cab,42,11.851,2.026,229.46,INR,240,2026-08-18T10:00:00+05:30
ptm_9c6ac0de,poi_df880d73,poi_7d154e6e,cab,43,12.198,2.086,235.37,INR,225,2026-08-18T10:00:00+05:30
ptm_6c77e0cf,poi_df880d73,poi_26a8c93c,walk,41,3.028,0,0.00,INR,82,2026-08-18T10:00:00+05:30
ptm_c135b089,poi_df880d73,poi_26a8c93c,cab,14,3.028,0.518,79.48,INR,82,2026-08-18T10:00:00+05:30
ptm_3b8c1de6,poi_df880d73,poi_22445cd1,cab,50,14.546,2.487,275.28,INR,219,2026-08-18T10:00:00+05:30
ptm_693971b9,poi_df880d73,poi_65c1c671,cab,28,7.451,1.274,154.66,INR,207,2026-08-18T10:00:00+05:30
ptm_dd7d6884,poi_df880d73,poi_cbe67aeb,cab,27,7.193,1.23,150.29,INR,281,2026-08-18T10:00:00+05:30
ptm_1bd00775,poi_df880d73,poi_41745331,cab,40,11.24,1.922,219.09,INR,228,2026-08-18T10:00:00+05:30
ptm_2260c4a8,poi_87d0f44c,poi_f6726145,walk,48,3.576,0,0.00,INR,111,2026-08-18T10:00:00+05:30
ptm_55d0e053,poi_87d0f44c,poi_f6726145,cab,16,3.576,0.612,88.80,INR,111,2026-08-18T10:00:00+05:30
ptm_d791fe85,poi_87d0f44c,poi_794abca9,cab,30,7.954,1.36,163.21,INR,50,2026-08-18T10:00:00+05:30
ptm_adcb9c04,poi_87d0f44c,poi_a9aa5e47,cab,35,9.68,1.655,192.56,INR,36,2026-08-18T10:00:00+05:30
ptm_c73dc3c4,poi_87d0f44c,poi_6ac0c798,cab,22,5.699,0.975,124.88,INR,66,2026-08-18T10:00:00+05:30
ptm_4809e381,poi_87d0f44c,poi_7defc6e9,walk,53,3.985,0,0.00,INR,137,2026-08-18T10:00:00+05:30
ptm_379856b6,poi_87d0f44c,poi_7defc6e9,cab,17,3.985,0.681,95.74,INR,137,2026-08-18T10:00:00+05:30
ptm_6133cc92,poi_87d0f44c,poi_ba424444,walk,58,4.351,0,0.00,INR,306,2026-08-18T10:00:00+05:30
ptm_f076b002,poi_87d0f44c,poi_ba424444,cab,18,4.351,0.744,101.96,INR,306,2026-08-18T10:00:00+05:30
ptm_ca968d1b,poi_87d0f44c,poi_b5219b13,walk,20,1.433,0,0.00,INR,40,2026-08-18T10:00:00+05:30
ptm_deba0767,poi_87d0f44c,poi_b5219b13,cab,9,1.433,0.245,52.35,INR,40,2026-08-18T10:00:00+05:30
ptm_8627246c,poi_87d0f44c,poi_ade17493,cab,38,10.597,1.812,208.15,INR,344,2026-08-18T10:00:00+05:30
ptm_ec08e543,poi_87d0f44c,poi_5d059c71,cab,28,7.544,1.29,156.25,INR,11,2026-08-18T10:00:00+05:30
ptm_43ea2828,poi_f6726145,poi_87d0f44c,walk,48,3.576,0,0.00,INR,291,2026-08-18T10:00:00+05:30
ptm_b45f5b9a,poi_f6726145,poi_87d0f44c,cab,16,3.576,0.612,88.80,INR,291,2026-08-18T10:00:00+05:30
ptm_63683134,poi_f6726145,poi_794abca9,cab,27,7.003,1.198,147.05,INR,23,2026-08-18T10:00:00+05:30
ptm_fc7c059d,poi_f6726145,poi_a9aa5e47,cab,34,9.444,1.615,188.54,INR,14,2026-08-18T10:00:00+05:30
ptm_f53a830b,poi_f6726145,poi_6ac0c798,walk,54,4.051,0,0.00,INR,28,2026-08-18T10:00:00+05:30
ptm_1348a589,poi_f6726145,poi_6ac0c798,cab,17,4.051,0.693,96.86,INR,28,2026-08-18T10:00:00+05:30
ptm_cc4f5c0d,poi_f6726145,poi_7defc6e9,walk,24,1.744,0,0.00,INR,201,2026-08-18T10:00:00+05:30
ptm_5e3dcdd0,poi_f6726145,poi_7defc6e9,cab,10,1.744,0.298,57.65,INR,201,2026-08-18T10:00:00+05:30
ptm_787cdb1d,poi_f6726145,poi_ba424444,cab,29,7.863,1.345,161.67,INR,299,2026-08-18T10:00:00+05:30
ptm_ffb2e35d,poi_f6726145,poi_b5219b13,walk,46,3.389,0,0.00,INR,315,2026-08-18T10:00:00+05:30
ptm_bba259ca,poi_f6726145,poi_b5219b13,cab,15,3.389,0.58,85.62,INR,315,2026-08-18T10:00:00+05:30
ptm_64b3633c,poi_f6726145,poi_ade17493,cab,46,13.075,2.236,250.28,INR,332,2026-08-18T10:00:00+05:30
ptm_8e2e62db,poi_f6726145,poi_5d059c71,cab,33,8.932,1.527,179.84,INR,347,2026-08-18T10:00:00+05:30
ptm_4ae72259,poi_794abca9,poi_87d0f44c,cab,30,7.954,1.36,163.21,INR,230,2026-08-18T10:00:00+05:30
ptm_09bcdab7,poi_794abca9,poi_f6726145,cab,27,7.003,1.198,147.05,INR,203,2026-08-18T10:00:00+05:30
ptm_e441b2e2,poi_794abca9,poi_a9aa5e47,walk,37,2.733,0,0.00,INR,352,2026-08-18T10:00:00+05:30
ptm_9edc5a41,poi_794abca9,poi_a9aa5e47,cab,13,2.733,0.467,74.46,INR,352,2026-08-18T10:00:00+05:30
ptm_fd2b93c3,poi_794abca9,poi_6ac0c798,walk,40,2.987,0,0.00,INR,196,2026-08-18T10:00:00+05:30
ptm_c29d278b,poi_794abca9,poi_6ac0c798,cab,14,2.987,0.511,78.77,INR,196,2026-08-18T10:00:00+05:30
ptm_f5bb9dc1,poi_794abca9,poi_7defc6e9,cab,32,8.746,1.496,176.69,INR,203,2026-08-18T10:00:00+05:30
ptm_e9652a27,poi_794abca9,poi_ba424444,cab,36,9.928,1.698,196.78,INR,255,2026-08-18T10:00:00+05:30
ptm_99f86502,poi_794abca9,poi_b5219b13,cab,25,6.544,1.119,139.24,INR,232,2026-08-18T10:00:00+05:30
ptm_09db3ffa,poi_794abca9,poi_ade17493,cab,37,10.291,1.76,202.94,INR,299,2026-08-18T10:00:00+05:30
ptm_d60aaa1e,poi_794abca9,poi_5d059c71,cab,21,5.201,0.889,116.42,INR,296,2026-08-18T10:00:00+05:30
ptm_5e2cc7e1,poi_a9aa5e47,poi_87d0f44c,cab,35,9.68,1.655,192.56,INR,216,2026-08-18T10:00:00+05:30
ptm_e2596d7f,poi_a9aa5e47,poi_f6726145,cab,34,9.444,1.615,188.54,INR,194,2026-08-18T10:00:00+05:30
ptm_48efeeb7,poi_a9aa5e47,poi_794abca9,walk,37,2.733,0,0.00,INR,172,2026-08-18T10:00:00+05:30
ptm_1202a3c1,poi_a9aa5e47,poi_794abca9,cab,13,2.733,0.467,74.46,INR,172,2026-08-18T10:00:00+05:30
ptm_56dd5b8f,poi_a9aa5e47,poi_6ac0c798,cab,22,5.586,0.955,122.97,INR,185,2026-08-18T10:00:00+05:30
ptm_05a7b884,poi_a9aa5e47,poi_7defc6e9,cab,40,11.177,1.911,218.02,INR,195,2026-08-18T10:00:00+05:30
ptm_b5232e36,poi_a9aa5e47,poi_ba424444,cab,38,10.6,1.813,208.20,INR,240,2026-08-18T10:00:00+05:30
ptm_59c66237,poi_a9aa5e47,poi_b5219b13,cab,31,8.253,1.411,168.30,INR,215,2026-08-18T10:00:00+05:30
ptm_d04c8338,poi_a9aa5e47,poi_ade17493,cab,33,8.883,1.519,179.02,INR,285,2026-08-18T10:00:00+05:30
ptm_b4a52209,poi_a9aa5e47,poi_5d059c71,walk,58,4.302,0,0.00,INR,264,2026-08-18T10:00:00+05:30
ptm_438ddc6b,poi_a9aa5e47,poi_5d059c71,cab,18,4.302,0.736,101.13,INR,264,2026-08-18T10:00:00+05:30
ptm_741a89ff,poi_6ac0c798,poi_87d0f44c,cab,22,5.699,0.975,124.88,INR,246,2026-08-18T10:00:00+05:30
ptm_a8ffe20d,poi_6ac0c798,poi_f6726145,walk,54,4.051,0,0.00,INR,208,2026-08-18T10:00:00+05:30
ptm_974a5a01,poi_6ac0c798,poi_f6726145,cab,17,4.051,0.693,96.86,INR,208,2026-08-18T10:00:00+05:30
ptm_9d83763d,poi_6ac0c798,poi_794abca9,walk,40,2.987,0,0.00,INR,16,2026-08-18T10:00:00+05:30
ptm_a04376b4,poi_6ac0c798,poi_794abca9,cab,14,2.987,0.511,78.77,INR,16,2026-08-18T10:00:00+05:30
ptm_7e3824ad,poi_6ac0c798,poi_a9aa5e47,cab,22,5.586,0.955,122.97,INR,5,2026-08-18T10:00:00+05:30
ptm_541c08c1,poi_6ac0c798,poi_7defc6e9,cab,23,5.787,0.99,126.37,INR,206,2026-08-18T10:00:00+05:30
ptm_07e27481,poi_6ac0c798,poi_ba424444,cab,32,8.747,1.496,176.70,INR,272,2026-08-18T10:00:00+05:30
ptm_606ba6bc,poi_6ac0c798,poi_b5219b13,walk,60,4.455,0,0.00,INR,255,2026-08-18T10:00:00+05:30
ptm_357f3b96,poi_6ac0c798,poi_b5219b13,cab,19,4.455,0.762,103.74,INR,255,2026-08-18T10:00:00+05:30
ptm_548f6485,poi_6ac0c798,poi_ade17493,cab,40,11.342,1.939,220.81,INR,314,2026-08-18T10:00:00+05:30
ptm_5195a9ec,poi_6ac0c798,poi_5d059c71,cab,25,6.411,1.096,136.99,INR,323,2026-08-18T10:00:00+05:30
ptm_17fbe334,poi_7defc6e9,poi_87d0f44c,walk,53,3.985,0,0.00,INR,317,2026-08-18T10:00:00+05:30
ptm_831ee63e,poi_7defc6e9,poi_87d0f44c,cab,17,3.985,0.681,95.74,INR,317,2026-08-18T10:00:00+05:30
ptm_5beda0db,poi_7defc6e9,poi_f6726145,walk,24,1.744,0,0.00,INR,21,2026-08-18T10:00:00+05:30
ptm_7606b995,poi_7defc6e9,poi_f6726145,cab,10,1.744,0.298,57.65,INR,21,2026-08-18T10:00:00+05:30
ptm_df0d39a7,poi_7defc6e9,poi_794abca9,cab,32,8.746,1.496,176.69,INR,23,2026-08-18T10:00:00+05:30
ptm_e0e61a05,poi_7defc6e9,poi_a9aa5e47,cab,40,11.177,1.911,218.02,INR,15,2026-08-18T10:00:00+05:30
ptm_c649a4b3,poi_7defc6e9,poi_6ac0c798,cab,23,5.787,0.99,126.37,INR,26,2026-08-18T10:00:00+05:30
ptm_7c00845d,poi_7defc6e9,poi_ba424444,cab,31,8.295,1.418,169.01,INR,311,2026-08-18T10:00:00+05:30
ptm_0c82ba0c,poi_7defc6e9,poi_b5219b13,walk,59,4.392,0,0.00,INR,336,2026-08-18T10:00:00+05:30
ptm_0b1064f9,poi_7defc6e9,poi_b5219b13,cab,18,4.392,0.751,102.66,INR,336,2026-08-18T10:00:00+05:30
ptm_08f1c62d,poi_7defc6e9,poi_ade17493,cab,50,14.268,2.44,270.55,INR,337,2026-08-18T10:00:00+05:30
ptm_47357235,poi_7defc6e9,poi_5d059c71,cab,37,10.428,1.783,205.27,INR,353,2026-08-18T10:00:00+05:30
ptm_e15b7f32,poi_ba424444,poi_87d0f44c,walk,58,4.351,0,0.00,INR,126,2026-08-18T10:00:00+05:30
ptm_b4e445cf,poi_ba424444,poi_87d0f44c,cab,18,4.351,0.744,101.96,INR,126,2026-08-18T10:00:00+05:30
ptm_4ee74362,poi_ba424444,poi_f6726145,cab,29,7.863,1.345,161.67,INR,119,2026-08-18T10:00:00+05:30
ptm_b7ebe66c,poi_ba424444,poi_794abca9,cab,36,9.928,1.698,196.78,INR,75,2026-08-18T10:00:00+05:30
ptm_f11f0ddf,poi_ba424444,poi_a9aa5e47,cab,38,10.6,1.813,208.20,INR,60,2026-08-18T10:00:00+05:30
ptm_9c43fed4,poi_ba424444,poi_6ac0c798,cab,32,8.747,1.496,176.70,INR,92,2026-08-18T10:00:00+05:30
ptm_3d30ce6e,poi_ba424444,poi_7defc6e9,cab,31,8.295,1.418,169.01,INR,131,2026-08-18T10:00:00+05:30
ptm_28d4a890,poi_ba424444,poi_b5219b13,cab,19,4.685,0.801,107.65,INR,108,2026-08-18T10:00:00+05:30
ptm_9608d1a3,poi_ba424444,poi_ade17493,cab,29,7.659,1.31,158.21,INR,5,2026-08-18T10:00:00+05:30
ptm_349b6ab2,poi_ba424444,poi_5d059c71,cab,26,6.904,1.181,145.36,INR,45,2026-08-18T10:00:00+05:30
ptm_de8dd2c3,poi_b5219b13,poi_87d0f44c,walk,20,1.433,0,0.00,INR,220,2026-08-18T10:00:00+05:30
ptm_8885398a,poi_b5219b13,poi_87d0f44c,cab,9,1.433,0.245,52.35,INR,220,2026-08-18T10:00:00+05:30
ptm_e03080ed,poi_b5219b13,poi_f6726145,walk,46,3.389,0,0.00,INR,135,2026-08-18T10:00:00+05:30
ptm_c1143448,poi_b5219b13,poi_f6726145,cab,15,3.389,0.58,85.62,INR,135,2026-08-18T10:00:00+05:30
ptm_997c8bc1,poi_b5219b13,poi_794abca9,cab,25,6.544,1.119,139.24,INR,52,2026-08-18T10:00:00+05:30
ptm_7b213fc0,poi_b5219b13,poi_a9aa5e47,cab,31,8.253,1.411,168.30,INR,35,2026-08-18T10:00:00+05:30
ptm_2b0287ce,poi_b5219b13,poi_6ac0c798,walk,60,4.455,0,0.00,INR,75,2026-08-18T10:00:00+05:30
ptm_afd5648f,poi_b5219b13,poi_6ac0c798,cab,19,4.455,0.762,103.74,INR,75,2026-08-18T10:00:00+05:30
ptm_1197ea6b,poi_b5219b13,poi_7defc6e9,walk,59,4.392,0,0.00,INR,156,2026-08-18T10:00:00+05:30
ptm_152c71c2,poi_b5219b13,poi_7defc6e9,cab,18,4.392,0.751,102.66,INR,156,2026-08-18T10:00:00+05:30
ptm_c33dbf9f,poi_b5219b13,poi_ba424444,cab,19,4.685,0.801,107.65,INR,288,2026-08-18T10:00:00+05:30
ptm_ffa2c8f0,poi_b5219b13,poi_ade17493,cab,36,9.876,1.689,195.89,INR,337,2026-08-18T10:00:00+05:30
ptm_0cb649bd,poi_b5219b13,poi_5d059c71,cab,25,6.342,1.084,135.81,INR,4,2026-08-18T10:00:00+05:30
ptm_d3d21039,poi_ade17493,poi_87d0f44c,cab,38,10.597,1.812,208.15,INR,164,2026-08-18T10:00:00+05:30
ptm_37d01b34,poi_ade17493,poi_f6726145,cab,46,13.075,2.236,250.28,INR,152,2026-08-18T10:00:00+05:30
ptm_88606035,poi_ade17493,poi_794abca9,cab,37,10.291,1.76,202.94,INR,119,2026-08-18T10:00:00+05:30
ptm_285967c4,poi_ade17493,poi_a9aa5e47,cab,33,8.883,1.519,179.02,INR,105,2026-08-18T10:00:00+05:30
ptm_a721bdfd,poi_ade17493,poi_6ac0c798,cab,40,11.342,1.939,220.81,INR,134,2026-08-18T10:00:00+05:30
ptm_22f28d33,poi_ade17493,poi_7defc6e9,cab,50,14.268,2.44,270.55,INR,157,2026-08-18T10:00:00+05:30
ptm_164849f5,poi_ade17493,poi_ba424444,cab,29,7.659,1.31,158.21,INR,185,2026-08-18T10:00:00+05:30
ptm_27866d80,poi_ade17493,poi_b5219b13,cab,36,9.876,1.689,195.89,INR,157,2026-08-18T10:00:00+05:30
ptm_709b589e,poi_ade17493,poi_5d059c71,cab,21,5.109,0.874,114.85,INR,123,2026-08-18T10:00:00+05:30
ptm_22c55989,poi_5d059c71,poi_87d0f44c,cab,28,7.544,1.29,156.25,INR,191,2026-08-18T10:00:00+05:30
ptm_456ec115,poi_5d059c71,poi_f6726145,cab,33,8.932,1.527,179.84,INR,167,2026-08-18T10:00:00+05:30
ptm_fcec7e74,poi_5d059c71,poi_794abca9,cab,21,5.201,0.889,116.42,INR,116,2026-08-18T10:00:00+05:30
ptm_345f7f62,poi_5d059c71,poi_a9aa5e47,walk,58,4.302,0,0.00,INR,84,2026-08-18T10:00:00+05:30
ptm_f4fb0721,poi_5d059c71,poi_a9aa5e47,cab,18,4.302,0.736,101.13,INR,84,2026-08-18T10:00:00+05:30
ptm_88b08f63,poi_5d059c71,poi_6ac0c798,cab,25,6.411,1.096,136.99,INR,143,2026-08-18T10:00:00+05:30
ptm_9cfede34,poi_5d059c71,poi_7defc6e9,cab,37,10.428,1.783,205.27,INR,173,2026-08-18T10:00:00+05:30
ptm_3c9cea7a,poi_5d059c71,poi_ba424444,cab,26,6.904,1.181,145.36,INR,225,2026-08-18T10:00:00+05:30
ptm_202846a6,poi_5d059c71,poi_b5219b13,cab,25,6.342,1.084,135.81,INR,184,2026-08-18T10:00:00+05:30
ptm_7ddcef76,poi_5d059c71,poi_ade17493,cab,21,5.109,0.874,114.85,INR,303,2026-08-18T10:00:00+05:30
ptm_c2aa306a,poi_671bd504,poi_3611521b,cab,61,17.863,3.055,331.67,INR,139,2026-08-18T10:00:00+05:30
ptm_e40dfa20,poi_671bd504,poi_79477167,cab,28,7.553,1.292,156.40,INR,122,2026-08-18T10:00:00+05:30
ptm_12372806,poi_671bd504,poi_4392116d,cab,31,8.46,1.447,171.82,INR,194,2026-08-18T10:00:00+05:30
ptm_3b465eaa,poi_671bd504,poi_a9d48230,walk,52,3.886,0,0.00,INR,198,2026-08-18T10:00:00+05:30
ptm_a092d4bb,poi_671bd504,poi_a9d48230,cab,17,3.886,0.664,94.05,INR,198,2026-08-18T10:00:00+05:30
ptm_7313088e,poi_671bd504,poi_de5aff84,cab,30,8.031,1.373,164.53,INR,99,2026-08-18T10:00:00+05:30
ptm_82f00d0d,poi_671bd504,poi_1e04227a,cab,30,8.187,1.4,167.18,INR,179,2026-08-18T10:00:00+05:30
ptm_db74d879,poi_671bd504,poi_a9b62025,cab,33,9.123,1.56,183.09,INR,105,2026-08-18T10:00:00+05:30
ptm_d2a31e7b,poi_671bd504,poi_fb5f89ab,cab,39,11.029,1.886,215.50,INR,117,2026-08-18T10:00:00+05:30
ptm_c77db769,poi_671bd504,poi_5fab4a4a,cab,40,11.27,1.927,219.60,INR,81,2026-08-18T10:00:00+05:30
ptm_8baf449f,poi_3611521b,poi_671bd504,cab,61,17.863,3.055,331.67,INR,319,2026-08-18T10:00:00+05:30
ptm_e771ccd7,poi_3611521b,poi_79477167,cab,39,10.876,1.86,212.90,INR,331,2026-08-18T10:00:00+05:30
ptm_487d666f,poi_3611521b,poi_4392116d,cab,51,14.77,2.526,279.09,INR,291,2026-08-18T10:00:00+05:30
ptm_c459b615,poi_3611521b,poi_a9d48230,cab,56,16.226,2.775,303.84,INR,307,2026-08-18T10:00:00+05:30
ptm_19a76aa0,poi_3611521b,poi_de5aff84,cab,45,12.812,2.191,245.80,INR,343,2026-08-18T10:00:00+05:30
ptm_6254a479,poi_3611521b,poi_1e04227a,cab,45,12.717,2.175,244.20,INR,295,2026-08-18T10:00:00+05:30
ptm_28335b84,poi_3611521b,poi_a9b62025,cab,41,11.458,1.959,222.78,INR,345,2026-08-18T10:00:00+05:30
ptm_ea031c35,poi_3611521b,poi_fb5f89ab,cab,32,8.768,1.499,177.06,INR,348,2026-08-18T10:00:00+05:30
ptm_436f08cb,poi_3611521b,poi_5fab4a4a,cab,53,15.262,2.61,287.46,INR,358,2026-08-18T10:00:00+05:30
ptm_23650035,poi_79477167,poi_671bd504,cab,28,7.553,1.292,156.40,INR,302,2026-08-18T10:00:00+05:30
ptm_0e9463b3,poi_79477167,poi_3611521b,cab,39,10.876,1.86,212.90,INR,151,2026-08-18T10:00:00+05:30
ptm_9febd5d5,poi_79477167,poi_4392116d,cab,34,9.48,1.621,189.16,INR,244,2026-08-18T10:00:00+05:30
ptm_aa3d4619,poi_79477167,poi_a9d48230,cab,29,7.641,1.307,157.89,INR,272,2026-08-18T10:00:00+05:30
ptm_d5f97bb6,poi_79477167,poi_de5aff84,walk,42,3.137,0,0.00,INR,29,2026-08-18T10:00:00+05:30
ptm_9c33696c,poi_79477167,poi_de5aff84,cab,14,3.137,0.536,81.33,INR,29,2026-08-18T10:00:00+05:30
ptm_164fd053,poi_79477167,poi_1e04227a,cab,28,7.538,1.289,156.14,INR,236,2026-08-18T10:00:00+05:30
ptm_bb127612,poi_79477167,poi_a9b62025,walk,39,2.863,0,0.00,INR,57,2026-08-18T10:00:00+05:30
ptm_dd3928c4,poi_79477167,poi_a9b62025,cab,14,2.863,0.49,76.67,INR,57,2026-08-18T10:00:00+05:30
ptm_c4368abc,poi_79477167,poi_fb5f89ab,walk,48,3.582,0,0.00,INR,105,2026-08-18T10:00:00+05:30
ptm_191d4b43,poi_79477167,poi_fb5f89ab,cab,16,3.582,0.612,88.89,INR,105,2026-08-18T10:00:00+05:30
ptm_84591b33,poi_79477167,poi_5fab4a4a,cab,28,7.44,1.272,154.48,INR,39,2026-08-18T10:00:00+05:30
ptm_7b7b71cd,poi_4392116d,poi_671bd504,cab,31,8.46,1.447,171.82,INR,14,2026-08-18T10:00:00+05:30
ptm_457dd3c7,poi_4392116d,poi_3611521b,cab,51,14.77,2.526,279.09,INR,111,2026-08-18T10:00:00+05:30
ptm_81386102,poi_4392116d,poi_79477167,cab,34,9.48,1.621,189.16,INR,64,2026-08-18T10:00:00+05:30
ptm_e3e17c16,poi_4392116d,poi_a9d48230,cab,19,4.593,0.785,106.07,INR,11,2026-08-18T10:00:00+05:30
ptm_b1d3e77a,poi_4392116d,poi_de5aff84,cab,43,12.192,2.085,235.26,INR,55,2026-08-18T10:00:00+05:30
ptm_c77568f9,poi_4392116d,poi_1e04227a,walk,31,2.232,0,0.00,INR,90,2026-08-18T10:00:00+05:30
ptm_277f89da,poi_4392116d,poi_1e04227a,cab,12,2.232,0.382,65.94,INR,90,2026-08-18T10:00:00+05:30
ptm_dcee650f,poi_4392116d,poi_a9b62025,cab,43,12.326,2.108,237.53,INR,62,2026-08-18T10:00:00+05:30
ptm_684ac4b0,poi_4392116d,poi_fb5f89ab,cab,44,12.396,2.12,238.74,INR,75,2026-08-18T10:00:00+05:30
ptm_333fd755,poi_4392116d,poi_5fab4a4a,cab,57,16.547,2.83,309.30,INR,53,2026-08-18T10:00:00+05:30
ptm_31fba270,poi_a9d48230,poi_671bd504,walk,52,3.886,0,0.00,INR,18,2026-08-18T10:00:00+05:30
ptm_e6995f2e,poi_a9d48230,poi_671bd504,cab,17,3.886,0.664,94.05,INR,18,2026-08-18T10:00:00+05:30
ptm_fb7c2282,poi_a9d48230,poi_3611521b,cab,56,16.226,2.775,303.84,INR,127,2026-08-18T10:00:00+05:30
ptm_f2a95d05,poi_a9d48230,poi_79477167,cab,29,7.641,1.307,157.89,INR,92,2026-08-18T10:00:00+05:30
ptm_8a3d5648,poi_a9d48230,poi_4392116d,cab,19,4.593,0.785,106.07,INR,191,2026-08-18T10:00:00+05:30
ptm_5f7e2f08,poi_a9d48230,poi_de5aff84,cab,34,9.476,1.62,189.08,INR,75,2026-08-18T10:00:00+05:30
ptm_6e971f19,poi_a9d48230,poi_1e04227a,cab,19,4.702,0.804,107.93,INR,163,2026-08-18T10:00:00+05:30
ptm_f4afa431,poi_a9d48230,poi_a9b62025,cab,36,10.102,1.727,199.74,INR,83,2026-08-18T10:00:00+05:30
ptm_1c529469,poi_a9d48230,poi_fb5f89ab,cab,40,11.162,1.909,217.76,INR,96,2026-08-18T10:00:00+05:30
ptm_8f16065c,poi_a9d48230,poi_5fab4a4a,cab,47,13.502,2.309,257.54,INR,66,2026-08-18T10:00:00+05:30
ptm_828d187c,poi_de5aff84,poi_671bd504,cab,30,8.031,1.373,164.53,INR,279,2026-08-18T10:00:00+05:30
ptm_26c0d987,poi_de5aff84,poi_3611521b,cab,45,12.812,2.191,245.80,INR,163,2026-08-18T10:00:00+05:30
ptm_ba27a7be,poi_de5aff84,poi_79477167,walk,42,3.137,0,0.00,INR,209,2026-08-18T10:00:00+05:30
ptm_bef44112,poi_de5aff84,poi_79477167,cab,14,3.137,0.536,81.33,INR,209,2026-08-18T10:00:00+05:30
ptm_14593a01,poi_de5aff84,poi_4392116d,cab,43,12.192,2.085,235.26,INR,235,2026-08-18T10:00:00+05:30
ptm_06026805,poi_de5aff84,poi_a9d48230,cab,34,9.476,1.62,189.08,INR,255,2026-08-18T10:00:00+05:30
ptm_4cff7fa5,poi_de5aff84,poi_1e04227a,cab,37,10.427,1.783,205.26,INR,228,2026-08-18T10:00:00+05:30
ptm_6438e9c6,poi_de5aff84,poi_a9b62025,walk,20,1.448,0,0.00,INR,143,2026-08-18T10:00:00+05:30
ptm_32833a73,poi_de5aff84,poi_a9b62025,cab,9,1.448,0.248,52.62,INR,143,2026-08-18T10:00:00+05:30
ptm_2dc5684c,poi_de5aff84,poi_fb5f89ab,walk,56,4.15,0,0.00,INR,152,2026-08-18T10:00:00+05:30
ptm_7c3a4175,poi_de5aff84,poi_fb5f89ab,cab,18,4.15,0.71,98.56,INR,152,2026-08-18T10:00:00+05:30
ptm_436fe3bc,poi_de5aff84,poi_5fab4a4a,walk,59,4.39,0,0.00,INR,47,2026-08-18T10:00:00+05:30
ptm_02443220,poi_de5aff84,poi_5fab4a4a,cab,18,4.39,0.751,102.64,INR,47,2026-08-18T10:00:00+05:30
ptm_fd33bc46,poi_1e04227a,poi_671bd504,cab,30,8.187,1.4,167.18,INR,359,2026-08-18T10:00:00+05:30
ptm_ce70f72e,poi_1e04227a,poi_3611521b,cab,45,12.717,2.175,244.20,INR,115,2026-08-18T10:00:00+05:30
ptm_f1b70b17,poi_1e04227a,poi_79477167,cab,28,7.538,1.289,156.14,INR,56,2026-08-18T10:00:00+05:30
ptm_cd7f0ba0,poi_1e04227a,poi_4392116d,walk,31,2.232,0,0.00,INR,270,2026-08-18T10:00:00+05:30
ptm_876f0528,poi_1e04227a,poi_4392116d,cab,12,2.232,0.382,65.94,INR,270,2026-08-18T10:00:00+05:30
ptm_f45713c0,poi_1e04227a,poi_a9d48230,cab,19,4.702,0.804,107.93,INR,343,2026-08-18T10:00:00+05:30
ptm_d9f7f337,poi_1e04227a,poi_de5aff84,cab,37,10.427,1.783,205.26,INR,48,2026-08-18T10:00:00+05:30
ptm_1d44e6f4,poi_1e04227a,poi_a9b62025,cab,37,10.401,1.779,204.81,INR,56,2026-08-18T10:00:00+05:30
ptm_85ab15e0,poi_1e04227a,poi_fb5f89ab,cab,37,10.257,1.754,202.37,INR,71,2026-08-18T10:00:00+05:30
ptm_2508ed8d,poi_1e04227a,poi_5fab4a4a,cab,51,14.817,2.534,279.88,INR,48,2026-08-18T10:00:00+05:30
ptm_bf4cfc31,poi_a9b62025,poi_671bd504,cab,33,9.123,1.56,183.09,INR,285,2026-08-18T10:00:00+05:30
ptm_9ed560dc,poi_a9b62025,poi_3611521b,cab,41,11.458,1.959,222.78,INR,165,2026-08-18T10:00:00+05:30
ptm_54a14477,poi_a9b62025,poi_79477167,walk,39,2.863,0,0.00,INR,237,2026-08-18T10:00:00+05:30
ptm_c0ac8d4c,poi_a9b62025,poi_79477167,cab,14,2.863,0.49,76.67,INR,237,2026-08-18T10:00:00+05:30
ptm_03cfd89f,poi_a9b62025,poi_4392116d,cab,43,12.326,2.108,237.53,INR,242,2026-08-18T10:00:00+05:30
ptm_0eab31a0,poi_a9b62025,poi_a9d48230,cab,36,10.102,1.727,199.74,INR,263,2026-08-18T10:00:00+05:30
ptm_3ca77169,poi_a9b62025,poi_de5aff84,walk,20,1.448,0,0.00,INR,323,2026-08-18T10:00:00+05:30
ptm_ae09771f,poi_a9b62025,poi_de5aff84,cab,9,1.448,0.248,52.62,INR,323,2026-08-18T10:00:00+05:30
ptm_4fccd819,poi_a9b62025,poi_1e04227a,cab,37,10.401,1.779,204.81,INR,236,2026-08-18T10:00:00+05:30
ptm_5c252e1d,poi_a9b62025,poi_fb5f89ab,walk,37,2.729,0,0.00,INR,157,2026-08-18T10:00:00+05:30
ptm_c95b6a34,poi_a9b62025,poi_fb5f89ab,cab,13,2.729,0.467,74.39,INR,157,2026-08-18T10:00:00+05:30
ptm_84e7e705,poi_a9b62025,poi_5fab4a4a,cab,20,4.778,0.817,109.22,INR,29,2026-08-18T10:00:00+05:30
ptm_75e02c7d,poi_fb5f89ab,poi_671bd504,cab,39,11.029,1.886,215.50,INR,297,2026-08-18T10:00:00+05:30
ptm_ca2454c7,poi_fb5f89ab,poi_3611521b,cab,32,8.768,1.499,177.06,INR,168,2026-08-18T10:00:00+05:30
ptm_b1221954,poi_fb5f89ab,poi_79477167,walk,48,3.582,0,0.00,INR,285,2026-08-18T10:00:00+05:30
ptm_132b4fa8,poi_fb5f89ab,poi_79477167,cab,16,3.582,0.612,88.89,INR,285,2026-08-18T10:00:00+05:30
ptm_2c3d4d46,poi_fb5f89ab,poi_4392116d,cab,44,12.396,2.12,238.74,INR,255,2026-08-18T10:00:00+05:30
ptm_7ecd51c9,poi_fb5f89ab,poi_a9d48230,cab,40,11.162,1.909,217.76,INR,276,2026-08-18T10:00:00+05:30
ptm_450ca394,poi_fb5f89ab,poi_de5aff84,walk,56,4.15,0,0.00,INR,332,2026-08-18T10:00:00+05:30
ptm_4460f71b,poi_fb5f89ab,poi_de5aff84,cab,18,4.15,0.71,98.56,INR,332,2026-08-18T10:00:00+05:30
ptm_811c7f56,poi_fb5f89ab,poi_1e04227a,cab,37,10.257,1.754,202.37,INR,251,2026-08-18T10:00:00+05:30
ptm_38f568eb,poi_fb5f89ab,poi_a9b62025,walk,37,2.729,0,0.00,INR,337,2026-08-18T10:00:00+05:30
ptm_ad0ebb4b,poi_fb5f89ab,poi_a9b62025,cab,13,2.729,0.467,74.39,INR,337,2026-08-18T10:00:00+05:30
ptm_56af211a,poi_fb5f89ab,poi_5fab4a4a,cab,26,6.796,1.162,143.52,INR,11,2026-08-18T10:00:00+05:30
ptm_d6102b37,poi_5fab4a4a,poi_671bd504,cab,40,11.27,1.927,219.60,INR,261,2026-08-18T10:00:00+05:30
ptm_485914dc,poi_5fab4a4a,poi_3611521b,cab,53,15.262,2.61,287.46,INR,178,2026-08-18T10:00:00+05:30
ptm_34e0f2e9,poi_5fab4a4a,poi_79477167,cab,28,7.44,1.272,154.48,INR,219,2026-08-18T10:00:00+05:30
ptm_2782eb40,poi_5fab4a4a,poi_4392116d,cab,57,16.547,2.83,309.30,INR,233,2026-08-18T10:00:00+05:30
ptm_8b923afe,poi_5fab4a4a,poi_a9d48230,cab,47,13.502,2.309,257.54,INR,246,2026-08-18T10:00:00+05:30
ptm_985c46a3,poi_5fab4a4a,poi_de5aff84,walk,59,4.39,0,0.00,INR,227,2026-08-18T10:00:00+05:30
ptm_fc2a1126,poi_5fab4a4a,poi_de5aff84,cab,18,4.39,0.751,102.64,INR,227,2026-08-18T10:00:00+05:30
ptm_4c745983,poi_5fab4a4a,poi_1e04227a,cab,51,14.817,2.534,279.88,INR,228,2026-08-18T10:00:00+05:30
ptm_243b1337,poi_5fab4a4a,poi_a9b62025,cab,20,4.778,0.817,109.22,INR,209,2026-08-18T10:00:00+05:30
ptm_4f860967,poi_5fab4a4a,poi_fb5f89ab,cab,26,6.796,1.162,143.52,INR,191,2026-08-18T10:00:00+05:30
ptm_49c958e5,poi_16fd3ba6,poi_822c8d40,cab,22,5.53,0.946,122.01,INR,163,2026-08-18T10:00:00+05:30
ptm_8e710193,poi_16fd3ba6,poi_611ff2e6,cab,21,5.147,0.88,115.51,INR,182,2026-08-18T10:00:00+05:30
ptm_14c03a8b,poi_16fd3ba6,poi_f2c367a7,walk,49,3.664,0,0.00,INR,171,2026-08-18T10:00:00+05:30
ptm_913912c7,poi_16fd3ba6,poi_f2c367a7,cab,16,3.664,0.626,90.28,INR,171,2026-08-18T10:00:00+05:30
ptm_9c8fc1fe,poi_16fd3ba6,poi_b9b35115,cab,24,6.219,1.063,133.72,INR,107,2026-08-18T10:00:00+05:30
ptm_e14c6fad,poi_16fd3ba6,poi_f70648bb,walk,53,3.977,0,0.00,INR,54,2026-08-18T10:00:00+05:30
ptm_e92f39e8,poi_16fd3ba6,poi_f70648bb,cab,17,3.977,0.68,95.61,INR,54,2026-08-18T10:00:00+05:30
ptm_ba19c353,poi_16fd3ba6,poi_25b7eba8,walk,38,2.782,0,0.00,INR,303,2026-08-18T10:00:00+05:30
ptm_44d8da38,poi_16fd3ba6,poi_25b7eba8,cab,13,2.782,0.476,75.29,INR,303,2026-08-18T10:00:00+05:30
ptm_0219598e,poi_16fd3ba6,poi_cbc7b76a,cab,24,6.292,1.076,134.96,INR,44,2026-08-18T10:00:00+05:30
ptm_3357957e,poi_16fd3ba6,poi_49e06159,cab,36,9.848,1.684,195.42,INR,128,2026-08-18T10:00:00+05:30
ptm_93b148bb,poi_16fd3ba6,poi_f52fb17d,cab,31,8.455,1.446,171.73,INR,193,2026-08-18T10:00:00+05:30
ptm_862717a0,poi_822c8d40,poi_16fd3ba6,cab,22,5.53,0.946,122.01,INR,343,2026-08-18T10:00:00+05:30
ptm_cf8fe2e6,poi_822c8d40,poi_611ff2e6,walk,25,1.829,0,0.00,INR,274,2026-08-18T10:00:00+05:30
ptm_ef35e84e,poi_822c8d40,poi_611ff2e6,cab,10,1.829,0.313,59.10,INR,274,2026-08-18T10:00:00+05:30
ptm_5844573d,poi_822c8d40,poi_f2c367a7,walk,27,1.989,0,0.00,INR,326,2026-08-18T10:00:00+05:30
ptm_c9457a38,poi_822c8d40,poi_f2c367a7,cab,11,1.989,0.34,61.81,INR,326,2026-08-18T10:00:00+05:30
ptm_11e1d876,poi_822c8d40,poi_b9b35115,cab,22,5.533,0.946,122.07,INR,51,2026-08-18T10:00:00+05:30
ptm_3269c2f0,poi_822c8d40,poi_f70648bb,cab,29,7.786,1.331,160.37,INR,11,2026-08-18T10:00:00+05:30
ptm_e634168e,poi_822c8d40,poi_25b7eba8,cab,29,7.887,1.349,162.09,INR,330,2026-08-18T10:00:00+05:30
ptm_fbf6179e,poi_822c8d40,poi_cbc7b76a,cab,37,10.142,1.734,200.42,INR,16,2026-08-18T10:00:00+05:30
ptm_dc605621,poi_822c8d40,poi_49e06159,cab,24,6.159,1.053,132.70,INR,97,2026-08-18T10:00:00+05:30
ptm_04924710,poi_822c8d40,poi_f52fb17d,cab,19,4.635,0.793,106.79,INR,230,2026-08-18T10:00:00+05:30
ptm_16c3e230,poi_611ff2e6,poi_16fd3ba6,cab,21,5.147,0.88,115.51,INR,2,2026-08-18T10:00:00+05:30
ptm_59a3db95,poi_611ff2e6,poi_822c8d40,walk,25,1.829,0,0.00,INR,94,2026-08-18T10:00:00+05:30
ptm_7af4d7a1,poi_611ff2e6,poi_822c8d40,cab,10,1.829,0.313,59.10,INR,94,2026-08-18T10:00:00+05:30
ptm_e6a21954,poi_611ff2e6,poi_f2c367a7,walk,23,1.685,0,0.00,INR,25,2026-08-18T10:00:00+05:30
ptm_8d9d423a,poi_611ff2e6,poi_f2c367a7,cab,10,1.685,0.288,56.65,INR,25,2026-08-18T10:00:00+05:30
ptm_89c0de39,poi_611ff2e6,poi_b9b35115,cab,27,6.981,1.194,146.68,INR,61,2026-08-18T10:00:00+05:30
ptm_2cf653de,poi_611ff2e6,poi_f70648bb,cab,30,8.223,1.406,167.79,INR,24,2026-08-18T10:00:00+05:30
ptm_738b9349,poi_611ff2e6,poi_25b7eba8,cab,27,7.018,1.2,147.31,INR,342,2026-08-18T10:00:00+05:30
ptm_36c92c70,poi_611ff2e6,poi_cbc7b76a,cab,38,10.663,1.823,209.27,INR,25,2026-08-18T10:00:00+05:30
ptm_028c2308,poi_611ff2e6,poi_49e06159,cab,30,7.986,1.366,163.76,INR,96,2026-08-18T10:00:00+05:30
ptm_f6150afa,poi_611ff2e6,poi_f52fb17d,walk,48,3.548,0,0.00,INR,209,2026-08-18T10:00:00+05:30
ptm_ce8df5ef,poi_611ff2e6,poi_f52fb17d,cab,16,3.548,0.607,88.32,INR,209,2026-08-18T10:00:00+05:30
ptm_c359df55,poi_f2c367a7,poi_16fd3ba6,walk,49,3.664,0,0.00,INR,351,2026-08-18T10:00:00+05:30
ptm_f326790d,poi_f2c367a7,poi_16fd3ba6,cab,16,3.664,0.626,90.28,INR,351,2026-08-18T10:00:00+05:30
ptm_9c762ad8,poi_f2c367a7,poi_822c8d40,walk,27,1.989,0,0.00,INR,146,2026-08-18T10:00:00+05:30
ptm_755c307d,poi_f2c367a7,poi_822c8d40,cab,11,1.989,0.34,61.81,INR,146,2026-08-18T10:00:00+05:30
ptm_91ab52c7,poi_f2c367a7,poi_611ff2e6,walk,23,1.685,0,0.00,INR,205,2026-08-18T10:00:00+05:30
ptm_4c53b952,poi_f2c367a7,poi_611ff2e6,cab,10,1.685,0.288,56.65,INR,205,2026-08-18T10:00:00+05:30
ptm_29cdab66,poi_f2c367a7,poi_b9b35115,cab,23,5.703,0.975,124.95,INR,71,2026-08-18T10:00:00+05:30
ptm_958fd910,poi_f2c367a7,poi_f70648bb,cab,25,6.538,1.118,139.14,INR,24,2026-08-18T10:00:00+05:30
ptm_f85f2301,poi_f2c367a7,poi_25b7eba8,cab,23,5.903,1.009,128.36,INR,331,2026-08-18T10:00:00+05:30
ptm_2858f4fc,poi_f2c367a7,poi_cbc7b76a,cab,33,8.978,1.535,180.62,INR,25,2026-08-18T10:00:00+05:30
ptm_74a9baf1,poi_f2c367a7,poi_49e06159,cab,29,7.612,1.302,157.41,INR,109,2026-08-18T10:00:00+05:30
ptm_fa6c1cdf,poi_f2c367a7,poi_f52fb17d,cab,21,5.231,0.894,116.93,INR,208,2026-08-18T10:00:00+05:30
ptm_26ddf07f,poi_b9b35115,poi_16fd3ba6,cab,24,6.219,1.063,133.72,INR,287,2026-08-18T10:00:00+05:30
ptm_a4c898ee,poi_b9b35115,poi_822c8d40,cab,22,5.533,0.946,122.07,INR,231,2026-08-18T10:00:00+05:30
ptm_2f6435e2,poi_b9b35115,poi_611ff2e6,cab,27,6.981,1.194,146.68,INR,241,2026-08-18T10:00:00+05:30
ptm_6d26ecf0,poi_b9b35115,poi_f2c367a7,cab,23,5.703,0.975,124.95,INR,251,2026-08-18T10:00:00+05:30
ptm_64bc8881,poi_b9b35115,poi_f70648bb,cab,20,4.975,0.851,112.57,INR,326,2026-08-18T10:00:00+05:30
ptm_349fbf60,poi_b9b35115,poi_25b7eba8,cab,33,8.919,1.525,179.62,INR,292,2026-08-18T10:00:00+05:30
ptm_41702569,poi_b9b35115,poi_cbc7b76a,cab,25,6.462,1.105,137.85,INR,346,2026-08-18T10:00:00+05:30
ptm_749eb837,poi_b9b35115,poi_49e06159,cab,19,4.633,0.792,106.76,INR,157,2026-08-18T10:00:00+05:30
ptm_165c4f6d,poi_b9b35115,poi_f52fb17d,cab,37,10.168,1.739,200.86,INR,231,2026-08-18T10:00:00+05:30
ptm_99509021,poi_f70648bb,poi_16fd3ba6,walk,53,3.977,0,0.00,INR,234,2026-08-18T10:00:00+05:30
ptm_2dea13a5,poi_f70648bb,poi_16fd3ba6,cab,17,3.977,0.68,95.61,INR,234,2026-08-18T10:00:00+05:30
ptm_34007a84,poi_f70648bb,poi_822c8d40,cab,29,7.786,1.331,160.37,INR,191,2026-08-18T10:00:00+05:30
ptm_af3b20ab,poi_f70648bb,poi_611ff2e6,cab,30,8.223,1.406,167.79,INR,204,2026-08-18T10:00:00+05:30
ptm_051aa1ea,poi_f70648bb,poi_f2c367a7,cab,25,6.538,1.118,139.14,INR,204,2026-08-18T10:00:00+05:30
ptm_72e30e63,poi_f70648bb,poi_b9b35115,cab,20,4.975,0.851,112.57,INR,146,2026-08-18T10:00:00+05:30
ptm_50b92a2a,poi_f70648bb,poi_25b7eba8,cab,22,5.586,0.955,122.95,INR,262,2026-08-18T10:00:00+05:30
ptm_bf5b80bf,poi_f70648bb,poi_cbc7b76a,walk,33,2.449,0,0.00,INR,30,2026-08-18T10:00:00+05:30
ptm_d43ab8c4,poi_f70648bb,poi_cbc7b76a,cab,12,2.449,0.419,69.63,INR,30,2026-08-18T10:00:00+05:30
ptm_c7d3a1a6,poi_f70648bb,poi_49e06159,cab,35,9.567,1.636,190.64,INR,151,2026-08-18T10:00:00+05:30
ptm_9c29cc22,poi_f70648bb,poi_f52fb17d,cab,42,11.761,2.011,227.94,INR,206,2026-08-18T10:00:00+05:30
ptm_b481e38d,poi_25b7eba8,poi_16fd3ba6,walk,38,2.782,0,0.00,INR,123,2026-08-18T10:00:00+05:30
ptm_25fe41b9,poi_25b7eba8,poi_16fd3ba6,cab,13,2.782,0.476,75.29,INR,123,2026-08-18T10:00:00+05:30
ptm_10060d14,poi_25b7eba8,poi_822c8d40,cab,29,7.887,1.349,162.09,INR,150,2026-08-18T10:00:00+05:30
ptm_76cb45e2,poi_25b7eba8,poi_611ff2e6,cab,27,7.018,1.2,147.31,INR,162,2026-08-18T10:00:00+05:30
ptm_60c99a2d,poi_25b7eba8,poi_f2c367a7,cab,23,5.903,1.009,128.36,INR,151,2026-08-18T10:00:00+05:30
ptm_a2036ade,poi_25b7eba8,poi_b9b35115,cab,33,8.919,1.525,179.62,INR,112,2026-08-18T10:00:00+05:30
ptm_4c830a0d,poi_25b7eba8,poi_f70648bb,cab,22,5.586,0.955,122.95,INR,81,2026-08-18T10:00:00+05:30
ptm_5c4f9c24,poi_25b7eba8,poi_cbc7b76a,cab,28,7.351,1.257,152.97,INR,66,2026-08-18T10:00:00+05:30
ptm_d4556c77,poi_25b7eba8,poi_49e06159,cab,44,12.623,2.159,242.60,INR,127,2026-08-18T10:00:00+05:30
ptm_b3962a41,poi_25b7eba8,poi_f52fb17d,cab,35,9.78,1.672,194.26,INR,178,2026-08-18T10:00:00+05:30
ptm_e19bac12,poi_cbc7b76a,poi_16fd3ba6,cab,24,6.292,1.076,134.96,INR,224,2026-08-18T10:00:00+05:30
ptm_d4afa29a,poi_cbc7b76a,poi_822c8d40,cab,37,10.142,1.734,200.42,INR,196,2026-08-18T10:00:00+05:30
ptm_025a5b17,poi_cbc7b76a,poi_611ff2e6,cab,38,10.663,1.823,209.27,INR,205,2026-08-18T10:00:00+05:30
ptm_4888c7d1,poi_cbc7b76a,poi_f2c367a7,cab,33,8.978,1.535,180.62,INR,205,2026-08-18T10:00:00+05:30
ptm_92c3054d,poi_cbc7b76a,poi_b9b35115,cab,25,6.462,1.105,137.85,INR,166,2026-08-18T10:00:00+05:30
ptm_5d8aa4b1,poi_cbc7b76a,poi_f70648bb,walk,33,2.449,0,0.00,INR,210,2026-08-18T10:00:00+05:30
ptm_01dd31e8,poi_cbc7b76a,poi_f70648bb,cab,12,2.449,0.419,69.63,INR,210,2026-08-18T10:00:00+05:30
ptm_f1ed6ab8,poi_cbc7b76a,poi_25b7eba8,cab,28,7.351,1.257,152.97,INR,246,2026-08-18T10:00:00+05:30
ptm_54ee2913,poi_cbc7b76a,poi_49e06159,cab,39,11.06,1.891,216.02,INR,162,2026-08-18T10:00:00+05:30
ptm_9978513c,poi_cbc7b76a,poi_f52fb17d,cab,49,14.205,2.429,269.49,INR,206,2026-08-18T10:00:00+05:30
ptm_62f33677,poi_49e06159,poi_16fd3ba6,cab,36,9.848,1.684,195.42,INR,308,2026-08-18T10:00:00+05:30
ptm_1bef9c9e,poi_49e06159,poi_822c8d40,cab,24,6.159,1.053,132.70,INR,277,2026-08-18T10:00:00+05:30
ptm_037ec121,poi_49e06159,poi_611ff2e6,cab,30,7.986,1.366,163.76,INR,277,2026-08-18T10:00:00+05:30
ptm_b57fbda5,poi_49e06159,poi_f2c367a7,cab,29,7.612,1.302,157.41,INR,289,2026-08-18T10:00:00+05:30
ptm_e11b55d3,poi_49e06159,poi_b9b35115,cab,19,4.633,0.792,106.76,INR,337,2026-08-18T10:00:00+05:30
ptm_7226447e,poi_49e06159,poi_f70648bb,cab,35,9.567,1.636,190.64,INR,331,2026-08-18T10:00:00+05:30
ptm_33549c19,poi_49e06159,poi_25b7eba8,cab,44,12.623,2.159,242.60,INR,307,2026-08-18T10:00:00+05:30
ptm_dcd035b4,poi_49e06159,poi_cbc7b76a,cab,39,11.06,1.891,216.02,INR,342,2026-08-18T10:00:00+05:30
ptm_34742f17,poi_49e06159,poi_f52fb17d,cab,36,9.919,1.696,196.62,INR,257,2026-08-18T10:00:00+05:30
ptm_276db9d4,poi_f52fb17d,poi_16fd3ba6,cab,31,8.455,1.446,171.73,INR,13,2026-08-18T10:00:00+05:30
ptm_80020937,poi_f52fb17d,poi_822c8d40,cab,19,4.635,0.793,106.79,INR,50,2026-08-18T10:00:00+05:30
ptm_9dbc5c1f,poi_f52fb17d,poi_611ff2e6,walk,48,3.548,0,0.00,INR,29,2026-08-18T10:00:00+05:30
ptm_ed2a56ba,poi_f52fb17d,poi_611ff2e6,cab,16,3.548,0.607,88.32,INR,29,2026-08-18T10:00:00+05:30
ptm_aa44edad,poi_f52fb17d,poi_f2c367a7,cab,21,5.231,0.894,116.93,INR,28,2026-08-18T10:00:00+05:30
ptm_db01d9a8,poi_f52fb17d,poi_b9b35115,cab,37,10.168,1.739,200.86,INR,51,2026-08-18T10:00:00+05:30
ptm_9875478e,poi_f52fb17d,poi_f70648bb,cab,42,11.761,2.011,227.94,INR,26,2026-08-18T10:00:00+05:30
ptm_3e8c3356,poi_f52fb17d,poi_25b7eba8,cab,35,9.78,1.672,194.26,INR,358,2026-08-18T10:00:00+05:30
ptm_d1e3aec7,poi_f52fb17d,poi_cbc7b76a,cab,49,14.205,2.429,269.49,INR,26,2026-08-18T10:00:00+05:30
ptm_291629b1,poi_f52fb17d,poi_49e06159,cab,36,9.919,1.696,196.62,INR,77,2026-08-18T10:00:00+05:30
ptm_e8d852c7,poi_886b5e19,poi_5a3495e1,cab,49,14.193,2.427,269.29,INR,21,2026-08-18T10:00:00+05:30
ptm_84c827d3,poi_886b5e19,poi_a7c6fce8,cab,44,12.649,2.163,243.04,INR,339,2026-08-18T10:00:00+05:30
ptm_50cb9708,poi_886b5e19,poi_29945418,walk,49,3.608,0,0.00,INR,260,2026-08-18T10:00:00+05:30
ptm_3b703883,poi_886b5e19,poi_29945418,cab,16,3.608,0.617,89.33,INR,260,2026-08-18T10:00:00+05:30
ptm_c7670505,poi_886b5e19,poi_9cf7145d,cab,34,9.332,1.596,186.64,INR,38,2026-08-18T10:00:00+05:30
ptm_b05238a5,poi_886b5e19,poi_c3285efc,cab,27,7.247,1.239,151.20,INR,7,2026-08-18T10:00:00+05:30
ptm_4e945216,poi_886b5e19,poi_a00d6c5b,cab,20,4.912,0.84,111.51,INR,269,2026-08-18T10:00:00+05:30
ptm_b0f3afac,poi_886b5e19,poi_ff4e53c7,cab,43,12.105,2.07,233.79,INR,352,2026-08-18T10:00:00+05:30
ptm_60be3afe,poi_886b5e19,poi_6a0f0d6b,cab,21,5.18,0.886,116.06,INR,107,2026-08-18T10:00:00+05:30
ptm_7900c34c,poi_886b5e19,poi_90858ce4,cab,23,5.911,1.011,128.49,INR,55,2026-08-18T10:00:00+05:30
ptm_67c71f4c,poi_5a3495e1,poi_886b5e19,cab,49,14.193,2.427,269.29,INR,201,2026-08-18T10:00:00+05:30
ptm_7cef9601,poi_5a3495e1,poi_a7c6fce8,cab,35,9.767,1.67,194.03,INR,262,2026-08-18T10:00:00+05:30
ptm_f61a3eaa,poi_5a3495e1,poi_29945418,cab,56,16.342,2.794,305.81,INR,212,2026-08-18T10:00:00+05:30
ptm_b829bdcc,poi_5a3495e1,poi_9cf7145d,cab,23,5.883,1.006,128.00,INR,174,2026-08-18T10:00:00+05:30
ptm_ab59e614,poi_5a3495e1,poi_c3285efc,cab,28,7.395,1.265,153.71,INR,215,2026-08-18T10:00:00+05:30
ptm_e01e40dd,poi_5a3495e1,poi_a00d6c5b,cab,57,16.685,2.853,311.64,INR,217,2026-08-18T10:00:00+05:30
ptm_131be17e,poi_5a3495e1,poi_ff4e53c7,cab,26,6.861,1.173,144.64,INR,260,2026-08-18T10:00:00+05:30
ptm_203d036b,poi_5a3495e1,poi_6a0f0d6b,cab,51,14.757,2.524,278.88,INR,181,2026-08-18T10:00:00+05:30
ptm_9dab1084,poi_5a3495e1,poi_90858ce4,cab,36,9.828,1.681,195.08,INR,182,2026-08-18T10:00:00+05:30
ptm_b733d53c,poi_a7c6fce8,poi_886b5e19,cab,44,12.649,2.163,243.04,INR,159,2026-08-18T10:00:00+05:30
ptm_cd9d43e6,poi_a7c6fce8,poi_5a3495e1,cab,35,9.767,1.67,194.03,INR,82,2026-08-18T10:00:00+05:30
ptm_3aca2517,poi_a7c6fce8,poi_29945418,cab,44,12.456,2.13,239.76,INR,175,2026-08-18T10:00:00+05:30
ptm_f70a41bd,poi_a7c6fce8,poi_9cf7145d,cab,40,11.16,1.908,217.73,INR,113,2026-08-18T10:00:00+05:30
ptm_08848972,poi_a7c6fce8,poi_c3285efc,cab,27,7.097,1.214,148.65,INR,130,2026-08-18T10:00:00+05:30
ptm_ce892687,poi_a7c6fce8,poi_a00d6c5b,cab,42,11.907,2.036,230.41,INR,182,2026-08-18T10:00:00+05:30
ptm_c3ec9e82,poi_a7c6fce8,poi_ff4e53c7,walk,40,2.92,0,0.00,INR,86,2026-08-18T10:00:00+05:30
ptm_ed825e1c,poi_a7c6fce8,poi_ff4e53c7,cab,14,2.92,0.499,77.63,INR,86,2026-08-18T10:00:00+05:30
ptm_16a7c166,poi_a7c6fce8,poi_6a0f0d6b,cab,56,16.361,2.798,306.13,INR,145,2026-08-18T10:00:00+05:30
ptm_2a8d6959,poi_a7c6fce8,poi_90858ce4,cab,44,12.576,2.151,241.80,INR,132,2026-08-18T10:00:00+05:30
ptm_17e37863,poi_29945418,poi_886b5e19,walk,49,3.608,0,0.00,INR,80,2026-08-18T10:00:00+05:30
ptm_e48cc66b,poi_29945418,poi_886b5e19,cab,16,3.608,0.617,89.33,INR,80,2026-08-18T10:00:00+05:30
ptm_8b9004fa,poi_29945418,poi_5a3495e1,cab,56,16.342,2.794,305.81,INR,32,2026-08-18T10:00:00+05:30
ptm_ce7ecc4d,poi_29945418,poi_a7c6fce8,cab,44,12.456,2.13,239.76,INR,355,2026-08-18T10:00:00+05:30
ptm_92af2770,poi_29945418,poi_9cf7145d,cab,43,12.235,2.092,236.00,INR,49,2026-08-18T10:00:00+05:30
ptm_00b6614f,poi_29945418,poi_c3285efc,cab,33,8.967,1.533,180.45,INR,29,2026-08-18T10:00:00+05:30
ptm_1d620baf,poi_29945418,poi_a00d6c5b,walk,20,1.451,0,0.00,INR,291,2026-08-18T10:00:00+05:30
ptm_a97aa7a0,poi_29945418,poi_a00d6c5b,cab,9,1.451,0.248,52.66,INR,291,2026-08-18T10:00:00+05:30
ptm_73e21672,poi_29945418,poi_ff4e53c7,cab,45,12.753,2.181,244.81,INR,9,2026-08-18T10:00:00+05:30
ptm_91a9041a,poi_29945418,poi_6a0f0d6b,cab,32,8.556,1.463,173.45,INR,96,2026-08-18T10:00:00+05:30
ptm_718c9597,poi_29945418,poi_90858ce4,cab,34,9.298,1.59,186.06,INR,64,2026-08-18T10:00:00+05:30
ptm_9176c738,poi_9cf7145d,poi_886b5e19,cab,34,9.332,1.596,186.64,INR,218,2026-08-18T10:00:00+05:30
ptm_ccf46c50,poi_9cf7145d,poi_5a3495e1,cab,23,5.883,1.006,128.00,INR,354,2026-08-18T10:00:00+05:30
ptm_b31b7d1b,poi_9cf7145d,poi_a7c6fce8,cab,40,11.16,1.908,217.73,INR,293,2026-08-18T10:00:00+05:30
ptm_f693d847,poi_9cf7145d,poi_29945418,cab,43,12.235,2.092,236.00,INR,229,2026-08-18T10:00:00+05:30
ptm_b6af78d6,poi_9cf7145d,poi_c3285efc,cab,20,4.854,0.83,110.53,INR,268,2026-08-18T10:00:00+05:30
ptm_bd5b5f4f,poi_9cf7145d,poi_a00d6c5b,cab,46,12.987,2.221,248.78,INR,235,2026-08-18T10:00:00+05:30
ptm_e2b887db,poi_9cf7145d,poi_ff4e53c7,cab,32,8.663,1.481,175.27,INR,302,2026-08-18T10:00:00+05:30
ptm_86f06bc7,poi_9cf7145d,poi_6a0f0d6b,cab,33,8.935,1.528,179.90,INR,185,2026-08-18T10:00:00+05:30
ptm_c9a81737,poi_9cf7145d,poi_90858ce4,walk,55,4.067,0,0.00,INR,193,2026-08-18T10:00:00+05:30
ptm_ad0785de,poi_9cf7145d,poi_90858ce4,cab,17,4.067,0.695,97.14,INR,193,2026-08-18T10:00:00+05:30
ptm_e940d380,poi_c3285efc,poi_886b5e19,cab,27,7.247,1.239,151.20,INR,187,2026-08-18T10:00:00+05:30
ptm_a5937f80,poi_c3285efc,poi_5a3495e1,cab,28,7.395,1.265,153.71,INR,35,2026-08-18T10:00:00+05:30
ptm_a93bff55,poi_c3285efc,poi_a7c6fce8,cab,27,7.097,1.214,148.65,INR,311,2026-08-18T10:00:00+05:30
ptm_91ac1d95,poi_c3285efc,poi_29945418,cab,33,8.967,1.533,180.45,INR,209,2026-08-18T10:00:00+05:30
ptm_71343940,poi_c3285efc,poi_9cf7145d,cab,20,4.854,0.83,110.53,INR,88,2026-08-18T10:00:00+05:30
ptm_1ae4e9d2,poi_c3285efc,poi_a00d6c5b,cab,34,9.296,1.59,186.03,INR,218,2026-08-18T10:00:00+05:30
ptm_8e2042ed,poi_c3285efc,poi_ff4e53c7,cab,22,5.403,0.924,119.85,INR,333,2026-08-18T10:00:00+05:30
ptm_785aee8d,poi_c3285efc,poi_6a0f0d6b,cab,35,9.63,1.647,191.71,INR,155,2026-08-18T10:00:00+05:30
ptm_a54f6332,poi_c3285efc,poi_90858ce4,cab,22,5.484,0.938,121.22,INR,134,2026-08-18T10:00:00+05:30
ptm_0955ce11,poi_a00d6c5b,poi_886b5e19,cab,20,4.912,0.84,111.51,INR,89,2026-08-18T10:00:00+05:30
ptm_ee5e1911,poi_a00d6c5b,poi_5a3495e1,cab,57,16.685,2.853,311.64,INR,37,2026-08-18T10:00:00+05:30
ptm_5fa7eb63,poi_a00d6c5b,poi_a7c6fce8,cab,42,11.907,2.036,230.41,INR,2,2026-08-18T10:00:00+05:30
ptm_5fcd4078,poi_a00d6c5b,poi_29945418,walk,20,1.451,0,0.00,INR,111,2026-08-18T10:00:00+05:30
ptm_515c70c7,poi_a00d6c5b,poi_29945418,cab,9,1.451,0.248,52.66,INR,111,2026-08-18T10:00:00+05:30
ptm_174025ca,poi_a00d6c5b,poi_9cf7145d,cab,46,12.987,2.221,248.78,INR,55,2026-08-18T10:00:00+05:30
ptm_9e34948e,poi_a00d6c5b,poi_c3285efc,cab,34,9.296,1.59,186.03,INR,38,2026-08-18T10:00:00+05:30
ptm_8eaf2d0c,poi_a00d6c5b,poi_ff4e53c7,cab,44,12.528,2.142,240.98,INR,15,2026-08-18T10:00:00+05:30
ptm_017e3330,poi_a00d6c5b,poi_6a0f0d6b,cab,36,9.966,1.704,197.42,INR,98,2026-08-18T10:00:00+05:30
ptm_4d4da161,poi_a00d6c5b,poi_90858ce4,cab,37,10.35,1.77,203.95,INR,70,2026-08-18T10:00:00+05:30
ptm_aff454b3,poi_ff4e53c7,poi_886b5e19,cab,43,12.105,2.07,233.79,INR,172,2026-08-18T10:00:00+05:30
ptm_f093112b,poi_ff4e53c7,poi_5a3495e1,cab,26,6.861,1.173,144.64,INR,80,2026-08-18T10:00:00+05:30
ptm_f94e7950,poi_ff4e53c7,poi_a7c6fce8,walk,40,2.92,0,0.00,INR,266,2026-08-18T10:00:00+05:30
ptm_a7a646f3,poi_ff4e53c7,poi_a7c6fce8,cab,14,2.92,0.499,77.63,INR,266,2026-08-18T10:00:00+05:30
ptm_3ec20f55,poi_ff4e53c7,poi_29945418,cab,45,12.753,2.181,244.81,INR,189,2026-08-18T10:00:00+05:30
ptm_ef960a82,poi_ff4e53c7,poi_9cf7145d,cab,32,8.663,1.481,175.27,INR,122,2026-08-18T10:00:00+05:30
ptm_faecb543,poi_ff4e53c7,poi_c3285efc,cab,22,5.403,0.924,119.85,INR,153,2026-08-18T10:00:00+05:30
ptm_4964b648,poi_ff4e53c7,poi_a00d6c5b,cab,44,12.528,2.142,240.98,INR,195,2026-08-18T10:00:00+05:30
ptm_a80f8747,poi_ff4e53c7,poi_6a0f0d6b,cab,52,15.031,2.57,283.53,INR,154,2026-08-18T10:00:00+05:30
ptm_6a5bda12,poi_ff4e53c7,poi_90858ce4,cab,38,10.737,1.836,210.53,INR,143,2026-08-18T10:00:00+05:30
ptm_cd39cd57,poi_6a0f0d6b,poi_886b5e19,cab,21,5.18,0.886,116.06,INR,287,2026-08-18T10:00:00+05:30
ptm_4ec93558,poi_6a0f0d6b,poi_5a3495e1,cab,51,14.757,2.524,278.88,INR,1,2026-08-18T10:00:00+05:30
ptm_2fdb7983,poi_6a0f0d6b,poi_a7c6fce8,cab,56,16.361,2.798,306.13,INR,325,2026-08-18T10:00:00+05:30
ptm_82c3f783,poi_6a0f0d6b,poi_29945418,cab,32,8.556,1.463,173.45,INR,276,2026-08-18T10:00:00+05:30
ptm_19fd723c,poi_6a0f0d6b,poi_9cf7145d,cab,33,8.935,1.528,179.90,INR,5,2026-08-18T10:00:00+05:30
ptm_a4f66151,poi_6a0f0d6b,poi_c3285efc,cab,35,9.63,1.647,191.71,INR,335,2026-08-18T10:00:00+05:30
ptm_2cee21c2,poi_6a0f0d6b,poi_a00d6c5b,cab,36,9.966,1.704,197.42,INR,278,2026-08-18T10:00:00+05:30
ptm_4de91315,poi_6a0f0d6b,poi_ff4e53c7,cab,52,15.031,2.57,283.53,INR,334,2026-08-18T10:00:00+05:30
ptm_1256c7a6,poi_6a0f0d6b,poi_90858ce4,cab,20,4.934,0.844,111.88,INR,359,2026-08-18T10:00:00+05:30
ptm_8248011a,poi_90858ce4,poi_886b5e19,cab,23,5.911,1.011,128.49,INR,235,2026-08-18T10:00:00+05:30
ptm_9d338890,poi_90858ce4,poi_5a3495e1,cab,36,9.828,1.681,195.08,INR,2,2026-08-18T10:00:00+05:30
ptm_9df72e4d,poi_90858ce4,poi_a7c6fce8,cab,44,12.576,2.151,241.80,INR,312,2026-08-18T10:00:00+05:30
ptm_980a8361,poi_90858ce4,poi_29945418,cab,34,9.298,1.59,186.06,INR,244,2026-08-18T10:00:00+05:30
ptm_53ce4904,poi_90858ce4,poi_9cf7145d,walk,55,4.067,0,0.00,INR,13,2026-08-18T10:00:00+05:30
ptm_6ba23a17,poi_90858ce4,poi_9cf7145d,cab,17,4.067,0.695,97.14,INR,13,2026-08-18T10:00:00+05:30
ptm_78b03410,poi_90858ce4,poi_c3285efc,cab,22,5.484,0.938,121.22,INR,314,2026-08-18T10:00:00+05:30
ptm_dff7ad75,poi_90858ce4,poi_a00d6c5b,cab,37,10.35,1.77,203.95,INR,250,2026-08-18T10:00:00+05:30
ptm_83f08608,poi_90858ce4,poi_ff4e53c7,cab,38,10.737,1.836,210.53,INR,323,2026-08-18T10:00:00+05:30
ptm_8d6d1fca,poi_90858ce4,poi_6a0f0d6b,cab,20,4.934,0.844,111.88,INR,179,2026-08-18T10:00:00+05:30
ptm_f35cb187,poi_78cfd33b,poi_e4f4e3ee,cab,39,10.893,1.863,213.18,INR,203,2026-08-18T10:00:00+05:30
ptm_66e70fb5,poi_78cfd33b,poi_e98d21dd,cab,23,5.811,0.994,126.78,INR,315,2026-08-18T10:00:00+05:30
ptm_19f4620a,poi_78cfd33b,poi_96764ccb,cab,35,9.713,1.661,193.12,INR,226,2026-08-18T10:00:00+05:30
ptm_c084dc46,poi_78cfd33b,poi_2bbb64cc,cab,33,8.933,1.527,179.86,INR,190,2026-08-18T10:00:00+05:30
ptm_9a226ae5,poi_78cfd33b,poi_ee7caee8,cab,20,5.044,0.863,113.75,INR,275,2026-08-18T10:00:00+05:30
ptm_2c38bda1,poi_78cfd33b,poi_28daaace,walk,16,1.104,0,0.00,INR,18,2026-08-18T10:00:00+05:30
ptm_4b52fbe1,poi_78cfd33b,poi_28daaace,cab,8,1.104,0.189,46.77,INR,18,2026-08-18T10:00:00+05:30
ptm_8db47341,poi_78cfd33b,poi_654d876f,walk,34,2.487,0,0.00,INR,247,2026-08-18T10:00:00+05:30
ptm_232f8d36,poi_78cfd33b,poi_654d876f,cab,12,2.487,0.425,70.28,INR,247,2026-08-18T10:00:00+05:30
ptm_a1dd2eb2,poi_78cfd33b,poi_8c65234d,cab,33,9.119,1.559,183.02,INR,195,2026-08-18T10:00:00+05:30
ptm_f61dc61d,poi_78cfd33b,poi_36905b4d,cab,46,13.101,2.24,250.72,INR,278,2026-08-18T10:00:00+05:30
ptm_41b02f6f,poi_e4f4e3ee,poi_78cfd33b,cab,39,10.893,1.863,213.18,INR,23,2026-08-18T10:00:00+05:30
ptm_e3498d8d,poi_e4f4e3ee,poi_e98d21dd,cab,49,14.131,2.416,268.23,INR,1,2026-08-18T10:00:00+05:30
ptm_7b97774a,poi_e4f4e3ee,poi_96764ccb,walk,58,4.294,0,0.00,INR,320,2026-08-18T10:00:00+05:30
ptm_52aa70dc,poi_e4f4e3ee,poi_96764ccb,cab,18,4.294,0.734,101.00,INR,320,2026-08-18T10:00:00+05:30
ptm_17e3e902,poi_e4f4e3ee,poi_2bbb64cc,walk,41,2.992,0,0.00,INR,66,2026-08-18T10:00:00+05:30
ptm_589a6f9a,poi_e4f4e3ee,poi_2bbb64cc,cab,14,2.992,0.512,78.87,INR,66,2026-08-18T10:00:00+05:30
ptm_4ecd6119,poi_e4f4e3ee,poi_ee7caee8,cab,38,10.531,1.801,207.02,INR,356,2026-08-18T10:00:00+05:30
ptm_4ca95e3d,poi_e4f4e3ee,poi_28daaace,cab,42,11.994,2.051,231.89,INR,23,2026-08-18T10:00:00+05:30
ptm_0e847bf5,poi_e4f4e3ee,poi_654d876f,cab,34,9.252,1.582,185.28,INR,12,2026-08-18T10:00:00+05:30
ptm_b793035b,poi_e4f4e3ee,poi_8c65234d,walk,31,2.283,0,0.00,INR,58,2026-08-18T10:00:00+05:30
ptm_e33ecbfd,poi_e4f4e3ee,poi_8c65234d,cab,12,2.283,0.39,66.81,INR,58,2026-08-18T10:00:00+05:30
ptm_898badba,poi_e4f4e3ee,poi_36905b4d,cab,51,14.744,2.521,278.65,INR,324,2026-08-18T10:00:00+05:30
ptm_6e76db1f,poi_e98d21dd,poi_78cfd33b,cab,23,5.811,0.994,126.78,INR,135,2026-08-18T10:00:00+05:30
ptm_0019807a,poi_e98d21dd,poi_e4f4e3ee,cab,49,14.131,2.416,268.23,INR,181,2026-08-18T10:00:00+05:30
ptm_40c0448a,poi_e98d21dd,poi_96764ccb,cab,40,11.211,1.917,218.58,INR,195,2026-08-18T10:00:00+05:30
ptm_b985fd6b,poi_e98d21dd,poi_2bbb64cc,cab,46,13.162,2.251,251.75,INR,169,2026-08-18T10:00:00+05:30
ptm_6515c553,poi_e98d21dd,poi_ee7caee8,walk,50,3.739,0,0.00,INR,194,2026-08-18T10:00:00+05:30
ptm_87019df0,poi_e98d21dd,poi_ee7caee8,cab,16,3.739,0.639,91.57,INR,194,2026-08-18T10:00:00+05:30
ptm_e103c65e,poi_e98d21dd,poi_28daaace,cab,22,5.407,0.925,119.92,INR,124,2026-08-18T10:00:00+05:30
ptm_9844be22,poi_e98d21dd,poi_654d876f,cab,22,5.411,0.925,119.99,INR,160,2026-08-18T10:00:00+05:30
ptm_44cac821,poi_e98d21dd,poi_8c65234d,cab,46,13.047,2.231,249.80,INR,172,2026-08-18T10:00:00+05:30
ptm_b0119f79,poi_e98d21dd,poi_36905b4d,cab,33,9.131,1.561,183.22,INR,256,2026-08-18T10:00:00+05:30
ptm_b30c7656,poi_96764ccb,poi_78cfd33b,cab,35,9.713,1.661,193.12,INR,46,2026-08-18T10:00:00+05:30
ptm_36bb3291,poi_96764ccb,poi_e4f4e3ee,walk,58,4.294,0,0.00,INR,140,2026-08-18T10:00:00+05:30
ptm_b1d2a4b7,poi_96764ccb,poi_e4f4e3ee,cab,18,4.294,0.734,101.00,INR,140,2026-08-18T10:00:00+05:30
ptm_08499466,poi_96764ccb,poi_e98d21dd,cab,40,11.211,1.917,218.58,INR,15,2026-08-18T10:00:00+05:30
ptm_f3ab21fb,poi_96764ccb,poi_2bbb64cc,cab,23,5.858,1.002,127.59,INR,111,2026-08-18T10:00:00+05:30
ptm_ffea711a,poi_96764ccb,poi_ee7caee8,cab,28,7.472,1.278,155.03,INR,15,2026-08-18T10:00:00+05:30
ptm_2525b48f,poi_96764ccb,poi_28daaace,cab,38,10.702,1.83,209.93,INR,43,2026-08-18T10:00:00+05:30
ptm_664e3919,poi_96764ccb,poi_654d876f,cab,28,7.433,1.271,154.36,INR,39,2026-08-18T10:00:00+05:30
ptm_dda09194,poi_96764ccb,poi_8c65234d,cab,21,5.132,0.878,115.25,INR,114,2026-08-18T10:00:00+05:30
ptm_2612a569,poi_96764ccb,poi_36905b4d,cab,38,10.462,1.789,205.85,INR,325,2026-08-18T10:00:00+05:30
ptm_42bee90b,poi_2bbb64cc,poi_78cfd33b,cab,33,8.933,1.527,179.86,INR,10,2026-08-18T10:00:00+05:30
ptm_6ae124c4,poi_2bbb64cc,poi_e4f4e3ee,walk,41,2.992,0,0.00,INR,246,2026-08-18T10:00:00+05:30
ptm_a32b9a96,poi_2bbb64cc,poi_e4f4e3ee,cab,14,2.992,0.512,78.87,INR,246,2026-08-18T10:00:00+05:30
ptm_03e64b23,poi_2bbb64cc,poi_e98d21dd,cab,46,13.162,2.251,251.75,INR,349,2026-08-18T10:00:00+05:30
ptm_5a73a1f4,poi_2bbb64cc,poi_96764ccb,cab,23,5.858,1.002,127.59,INR,291,2026-08-18T10:00:00+05:30
ptm_a640f224,poi_2bbb64cc,poi_ee7caee8,cab,36,9.914,1.695,196.54,INR,339,2026-08-18T10:00:00+05:30
ptm_4bea9c49,poi_2bbb64cc,poi_28daaace,cab,36,10.026,1.714,198.44,INR,11,2026-08-18T10:00:00+05:30
ptm_69526eee,poi_2bbb64cc,poi_654d876f,cab,29,7.85,1.342,161.44,INR,354,2026-08-18T10:00:00+05:30
ptm_77a796bd,poi_2bbb64cc,poi_8c65234d,walk,12,0.792,0,0.00,INR,269,2026-08-18T10:00:00+05:30
ptm_2a3d1efc,poi_2bbb64cc,poi_8c65234d,cab,7,0.792,0.135,41.47,INR,269,2026-08-18T10:00:00+05:30
ptm_dd2bc558,poi_2bbb64cc,poi_36905b4d,cab,54,15.644,2.675,293.95,INR,313,2026-08-18T10:00:00+05:30
ptm_03aec479,poi_ee7caee8,poi_78cfd33b,cab,20,5.044,0.863,113.75,INR,95,2026-08-18T10:00:00+05:30
ptm_42c244f6,poi_ee7caee8,poi_e4f4e3ee,cab,38,10.531,1.801,207.02,INR,176,2026-08-18T10:00:00+05:30
ptm_7043e759,poi_ee7caee8,poi_e98d21dd,walk,50,3.739,0,0.00,INR,14,2026-08-18T10:00:00+05:30
ptm_a217dad6,poi_ee7caee8,poi_e98d21dd,cab,16,3.739,0.639,91.57,INR,14,2026-08-18T10:00:00+05:30
ptm_48af85a4,poi_ee7caee8,poi_96764ccb,cab,28,7.472,1.278,155.03,INR,195,2026-08-18T10:00:00+05:30
ptm_70cd79da,poi_ee7caee8,poi_2bbb64cc,cab,36,9.914,1.695,196.54,INR,159,2026-08-18T10:00:00+05:30
ptm_0e8cf29a,poi_ee7caee8,poi_28daaace,cab,22,5.399,0.923,119.78,INR,84,2026-08-18T10:00:00+05:30
ptm_2370ff0d,poi_ee7caee8,poi_654d876f,walk,42,3.106,0,0.00,INR,118,2026-08-18T10:00:00+05:30
ptm_a3447358,poi_ee7caee8,poi_654d876f,cab,14,3.106,0.531,80.80,INR,118,2026-08-18T10:00:00+05:30
ptm_a578f91e,poi_ee7caee8,poi_8c65234d,cab,35,9.681,1.655,192.57,INR,164,2026-08-18T10:00:00+05:30
ptm_bd617529,poi_ee7caee8,poi_36905b4d,cab,30,8.067,1.379,165.13,INR,280,2026-08-18T10:00:00+05:30
ptm_73a87cb9,poi_28daaace,poi_78cfd33b,walk,16,1.104,0,0.00,INR,198,2026-08-18T10:00:00+05:30
ptm_8c056592,poi_28daaace,poi_78cfd33b,cab,8,1.104,0.189,46.77,INR,198,2026-08-18T10:00:00+05:30
ptm_5b676049,poi_28daaace,poi_e4f4e3ee,cab,42,11.994,2.051,231.89,INR,203,2026-08-18T10:00:00+05:30
ptm_ef488b49,poi_28daaace,poi_e98d21dd,cab,22,5.407,0.925,119.92,INR,304,2026-08-18T10:00:00+05:30
ptm_1a3eea1d,poi_28daaace,poi_96764ccb,cab,38,10.702,1.83,209.93,INR,223,2026-08-18T10:00:00+05:30
ptm_154aae64,poi_28daaace,poi_2bbb64cc,cab,36,10.026,1.714,198.44,INR,191,2026-08-18T10:00:00+05:30
ptm_0128a2aa,poi_28daaace,poi_ee7caee8,cab,22,5.399,0.923,119.78,INR,264,2026-08-18T10:00:00+05:30
ptm_7ab0813a,poi_28daaace,poi_654d876f,walk,45,3.326,0,0.00,INR,232,2026-08-18T10:00:00+05:30
ptm_31c2d2bc,poi_28daaace,poi_654d876f,cab,15,3.326,0.569,84.54,INR,232,2026-08-18T10:00:00+05:30
ptm_999a6f4d,poi_28daaace,poi_8c65234d,cab,37,10.221,1.748,201.76,INR,195,2026-08-18T10:00:00+05:30
ptm_f904f566,poi_28daaace,poi_36905b4d,cab,47,13.339,2.281,254.77,INR,274,2026-08-18T10:00:00+05:30
ptm_cd091e26,poi_654d876f,poi_78cfd33b,walk,34,2.487,0,0.00,INR,67,2026-08-18T10:00:00+05:30
ptm_81b44fa1,poi_654d876f,poi_78cfd33b,cab,12,2.487,0.425,70.28,INR,67,2026-08-18T10:00:00+05:30
ptm_4dc90b12,poi_654d876f,poi_e4f4e3ee,cab,34,9.252,1.582,185.28,INR,192,2026-08-18T10:00:00+05:30
ptm_1648e872,poi_654d876f,poi_e98d21dd,cab,22,5.411,0.925,119.99,INR,340,2026-08-18T10:00:00+05:30
ptm_a8dc8b36,poi_654d876f,poi_96764ccb,cab,28,7.433,1.271,154.36,INR,219,2026-08-18T10:00:00+05:30
ptm_ee5f0391,poi_654d876f,poi_2bbb64cc,cab,29,7.85,1.342,161.44,INR,174,2026-08-18T10:00:00+05:30
ptm_f520a176,poi_654d876f,poi_ee7caee8,walk,42,3.106,0,0.00,INR,298,2026-08-18T10:00:00+05:30
ptm_cf8818c9,poi_654d876f,poi_ee7caee8,cab,14,3.106,0.531,80.80,INR,298,2026-08-18T10:00:00+05:30
ptm_60266457,poi_654d876f,poi_28daaace,walk,45,3.326,0,0.00,INR,52,2026-08-18T10:00:00+05:30
ptm_122a7388,poi_654d876f,poi_28daaace,cab,15,3.326,0.569,84.54,INR,52,2026-08-18T10:00:00+05:30
ptm_1c44b4fb,poi_654d876f,poi_8c65234d,cab,29,7.831,1.339,161.13,INR,180,2026-08-18T10:00:00+05:30
ptm_bf4e70d2,poi_654d876f,poi_36905b4d,cab,39,11.06,1.891,216.02,INR,285,2026-08-18T10:00:00+05:30
ptm_b80b50d8,poi_8c65234d,poi_78cfd33b,cab,33,9.119,1.559,183.02,INR,15,2026-08-18T10:00:00+05:30
ptm_5da1b442,poi_8c65234d,poi_e4f4e3ee,walk,31,2.283,0,0.00,INR,238,2026-08-18T10:00:00+05:30
ptm_54d05add,poi_8c65234d,poi_e4f4e3ee,cab,12,2.283,0.39,66.81,INR,238,2026-08-18T10:00:00+05:30
ptm_a1e142f6,poi_8c65234d,poi_e98d21dd,cab,46,13.047,2.231,249.80,INR,352,2026-08-18T10:00:00+05:30
ptm_f6a0a1a7,poi_8c65234d,poi_96764ccb,cab,21,5.132,0.878,115.25,INR,294,2026-08-18T10:00:00+05:30
ptm_3fc43a6e,poi_8c65234d,poi_2bbb64cc,walk,12,0.792,0,0.00,INR,89,2026-08-18T10:00:00+05:30
ptm_379b074f,poi_8c65234d,poi_2bbb64cc,cab,7,0.792,0.135,41.47,INR,89,2026-08-18T10:00:00+05:30
ptm_3b6244e4,poi_8c65234d,poi_ee7caee8,cab,35,9.681,1.655,192.57,INR,344,2026-08-18T10:00:00+05:30
ptm_8629a4b7,poi_8c65234d,poi_28daaace,cab,37,10.221,1.748,201.76,INR,15,2026-08-18T10:00:00+05:30
ptm_61c3dc20,poi_8c65234d,poi_654d876f,cab,29,7.831,1.339,161.13,INR,0,2026-08-18T10:00:00+05:30
ptm_e03ece1b,poi_8c65234d,poi_36905b4d,cab,52,15.088,2.58,284.49,INR,315,2026-08-18T10:00:00+05:30
ptm_251ac5f3,poi_36905b4d,poi_78cfd33b,cab,46,13.101,2.24,250.72,INR,98,2026-08-18T10:00:00+05:30
ptm_e09fba78,poi_36905b4d,poi_e4f4e3ee,cab,51,14.744,2.521,278.65,INR,144,2026-08-18T10:00:00+05:30
ptm_78f37aea,poi_36905b4d,poi_e98d21dd,cab,33,9.131,1.561,183.22,INR,76,2026-08-18T10:00:00+05:30
ptm_ac790231,poi_36905b4d,poi_96764ccb,cab,38,10.462,1.789,205.85,INR,145,2026-08-18T10:00:00+05:30
ptm_9c758daf,poi_36905b4d,poi_2bbb64cc,cab,54,15.644,2.675,293.95,INR,133,2026-08-18T10:00:00+05:30
ptm_466ea865,poi_36905b4d,poi_ee7caee8,cab,30,8.067,1.379,165.13,INR,100,2026-08-18T10:00:00+05:30
ptm_18bf863b,poi_36905b4d,poi_28daaace,cab,47,13.339,2.281,254.77,INR,93,2026-08-18T10:00:00+05:30
ptm_3e11106f,poi_36905b4d,poi_654d876f,cab,39,11.06,1.891,216.02,INR,105,2026-08-18T10:00:00+05:30
ptm_9bc0d1c9,poi_36905b4d,poi_8c65234d,cab,52,15.088,2.58,284.49,INR,135,2026-08-18T10:00:00+05:30
ptm_69f19806,poi_97a3672d,poi_31a91abe,cab,44,12.641,2.162,242.89,INR,301,2026-08-18T10:00:00+05:30
ptm_01407c33,poi_97a3672d,poi_aef75f2a,cab,37,10.331,1.767,203.63,INR,263,2026-08-18T10:00:00+05:30
ptm_8bc0312f,poi_97a3672d,poi_a2cbcb8a,cab,36,9.988,1.708,197.80,INR,256,2026-08-18T10:00:00+05:30
ptm_a6c651c3,poi_97a3672d,poi_c07155aa,walk,49,3.613,0,0.00,INR,356,2026-08-18T10:00:00+05:30
ptm_896182e6,poi_97a3672d,poi_c07155aa,cab,16,3.613,0.618,89.42,INR,356,2026-08-18T10:00:00+05:30
ptm_97239bf8,poi_97a3672d,poi_41d6dac1,walk,43,3.198,0,0.00,INR,254,2026-08-18T10:00:00+05:30
ptm_67975398,poi_97a3672d,poi_41d6dac1,cab,15,3.198,0.547,82.37,INR,254,2026-08-18T10:00:00+05:30
ptm_83a1cfac,poi_97a3672d,poi_6f0e4bb1,cab,23,5.906,1.01,128.40,INR,353,2026-08-18T10:00:00+05:30
ptm_cd6e7b84,poi_97a3672d,poi_e70a02d6,cab,34,9.232,1.579,184.95,INR,343,2026-08-18T10:00:00+05:30
ptm_74ba72f3,poi_97a3672d,poi_3bab74a1,cab,36,9.954,1.702,197.22,INR,277,2026-08-18T10:00:00+05:30
ptm_420ce18c,poi_97a3672d,poi_65bb95f4,cab,40,11.387,1.947,221.58,INR,297,2026-08-18T10:00:00+05:30
ptm_2dec67e7,poi_31a91abe,poi_97a3672d,cab,44,12.641,2.162,242.89,INR,121,2026-08-18T10:00:00+05:30
ptm_219166d4,poi_31a91abe,poi_aef75f2a,cab,29,7.916,1.354,162.57,INR,176,2026-08-18T10:00:00+05:30
ptm_39106783,poi_31a91abe,poi_a2cbcb8a,cab,33,9.056,1.549,181.95,INR,173,2026-08-18T10:00:00+05:30
ptm_6f87efd4,poi_31a91abe,poi_c07155aa,cab,39,10.961,1.874,214.34,INR,106,2026-08-18T10:00:00+05:30
ptm_fcd65355,poi_31a91abe,poi_41d6dac1,cab,38,10.736,1.836,210.51,INR,134,2026-08-18T10:00:00+05:30
ptm_36096295,poi_31a91abe,poi_6f0e4bb1,cab,37,10.136,1.733,200.32,INR,94,2026-08-18T10:00:00+05:30
ptm_6f9d9784,poi_31a91abe,poi_e70a02d6,cab,31,8.379,1.433,170.44,INR,74,2026-08-18T10:00:00+05:30
ptm_641b94a8,poi_31a91abe,poi_3bab74a1,cab,22,5.401,0.924,119.81,INR,170,2026-08-18T10:00:00+05:30
ptm_c91c7420,poi_31a91abe,poi_65bb95f4,walk,21,1.476,0,0.00,INR,151,2026-08-18T10:00:00+05:30
ptm_fc949a0b,poi_31a91abe,poi_65bb95f4,cab,9,1.476,0.252,53.09,INR,151,2026-08-18T10:00:00+05:30
ptm_bea4cc1a,poi_aef75f2a,poi_97a3672d,cab,37,10.331,1.767,203.63,INR,82,2026-08-18T10:00:00+05:30
ptm_c17883ae,poi_aef75f2a,poi_31a91abe,cab,29,7.916,1.354,162.57,INR,356,2026-08-18T10:00:00+05:30
ptm_9dc8b1fb,poi_aef75f2a,poi_a2cbcb8a,walk,17,1.224,0,0.00,INR,153,2026-08-18T10:00:00+05:30
ptm_f6abcdf0,poi_aef75f2a,poi_a2cbcb8a,cab,8,1.224,0.209,48.81,INR,153,2026-08-18T10:00:00+05:30
ptm_305fb0b1,poi_aef75f2a,poi_c07155aa,cab,40,11.149,1.906,217.53,INR,64,2026-08-18T10:00:00+05:30
ptm_64a54952,poi_aef75f2a,poi_41d6dac1,cab,27,7.186,1.229,150.16,INR,86,2026-08-18T10:00:00+05:30
ptm_e37ace72,poi_aef75f2a,poi_6f0e4bb1,cab,42,11.962,2.046,231.36,INR,53,2026-08-18T10:00:00+05:30
ptm_0b69bfd0,poi_aef75f2a,poi_e70a02d6,cab,44,12.628,2.159,242.67,INR,36,2026-08-18T10:00:00+05:30
ptm_cc4720f4,poi_aef75f2a,poi_3bab74a1,walk,35,2.602,0,0.00,INR,8,2026-08-18T10:00:00+05:30
ptm_46339256,poi_aef75f2a,poi_3bab74a1,cab,13,2.602,0.445,72.23,INR,8,2026-08-18T10:00:00+05:30
ptm_024f3a25,poi_aef75f2a,poi_65bb95f4,cab,25,6.603,1.129,140.26,INR,1,2026-08-18T10:00:00+05:30
ptm_daf4d000,poi_a2cbcb8a,poi_97a3672d,cab,36,9.988,1.708,197.80,INR,76,2026-08-18T10:00:00+05:30
ptm_ea52d2af,poi_a2cbcb8a,poi_31a91abe,cab,33,9.056,1.549,181.95,INR,353,2026-08-18T10:00:00+05:30
ptm_b59b6cd5,poi_a2cbcb8a,poi_aef75f2a,walk,17,1.224,0,0.00,INR,333,2026-08-18T10:00:00+05:30
ptm_c5008e40,poi_a2cbcb8a,poi_aef75f2a,cab,8,1.224,0.209,48.81,INR,333,2026-08-18T10:00:00+05:30
ptm_5740d995,poi_a2cbcb8a,poi_c07155aa,cab,40,11.201,1.915,218.42,INR,57,2026-08-18T10:00:00+05:30
ptm_753610a8,poi_a2cbcb8a,poi_41d6dac1,cab,26,6.793,1.162,143.48,INR,77,2026-08-18T10:00:00+05:30
ptm_27f65f55,poi_a2cbcb8a,poi_6f0e4bb1,cab,43,12.235,2.092,235.99,INR,47,2026-08-18T10:00:00+05:30
ptm_67657590,poi_a2cbcb8a,poi_e70a02d6,cab,46,13.22,2.261,252.74,INR,32,2026-08-18T10:00:00+05:30
ptm_b6ecd386,poi_a2cbcb8a,poi_3bab74a1,walk,49,3.671,0,0.00,INR,357,2026-08-18T10:00:00+05:30
ptm_041d2d3e,poi_a2cbcb8a,poi_3bab74a1,cab,16,3.671,0.628,90.41,INR,357,2026-08-18T10:00:00+05:30
ptm_e18ce2c9,poi_a2cbcb8a,poi_65bb95f4,cab,29,7.703,1.317,158.95,INR,357,2026-08-18T10:00:00+05:30
ptm_c6993eac,poi_c07155aa,poi_97a3672d,walk,49,3.613,0,0.00,INR,176,2026-08-18T10:00:00+05:30
ptm_5d15d6a4,poi_c07155aa,poi_97a3672d,cab,16,3.613,0.618,89.42,INR,176,2026-08-18T10:00:00+05:30
ptm_2d3acfcd,poi_c07155aa,poi_31a91abe,cab,39,10.961,1.874,214.34,INR,286,2026-08-18T10:00:00+05:30
ptm_23bb6190,poi_c07155aa,poi_aef75f2a,cab,40,11.149,1.906,217.53,INR,244,2026-08-18T10:00:00+05:30
ptm_f828e15f,poi_c07155aa,poi_a2cbcb8a,cab,40,11.201,1.915,218.42,INR,237,2026-08-18T10:00:00+05:30
ptm_4254daf6,poi_c07155aa,poi_41d6dac1,cab,21,5.305,0.907,118.18,INR,212,2026-08-18T10:00:00+05:30
ptm_07299774,poi_c07155aa,poi_6f0e4bb1,walk,32,2.304,0,0.00,INR,349,2026-08-18T10:00:00+05:30
ptm_ab8c332a,poi_c07155aa,poi_6f0e4bb1,cab,12,2.304,0.394,67.16,INR,349,2026-08-18T10:00:00+05:30
ptm_89dbc6ae,poi_c07155aa,poi_e70a02d6,cab,23,5.775,0.988,126.18,INR,334,2026-08-18T10:00:00+05:30
ptm_642fb1dc,poi_c07155aa,poi_3bab74a1,cab,36,9.913,1.695,196.52,INR,256,2026-08-18T10:00:00+05:30
ptm_8d988401,poi_c07155aa,poi_65bb95f4,cab,36,9.985,1.707,197.75,INR,280,2026-08-18T10:00:00+05:30
ptm_328c4cbf,poi_41d6dac1,poi_97a3672d,walk,43,3.198,0,0.00,INR,74,2026-08-18T10:00:00+05:30
ptm_9ec57e19,poi_41d6dac1,poi_97a3672d,cab,15,3.198,0.547,82.37,INR,74,2026-08-18T10:00:00+05:30
ptm_9db50931,poi_41d6dac1,poi_31a91abe,cab,38,10.736,1.836,210.51,INR,314,2026-08-18T10:00:00+05:30
ptm_b34348d1,poi_41d6dac1,poi_aef75f2a,cab,27,7.186,1.229,150.16,INR,266,2026-08-18T10:00:00+05:30
ptm_77456748,poi_41d6dac1,poi_a2cbcb8a,cab,26,6.793,1.162,143.48,INR,257,2026-08-18T10:00:00+05:30
ptm_e244d2bb,poi_41d6dac1,poi_c07155aa,cab,21,5.305,0.907,118.18,INR,32,2026-08-18T10:00:00+05:30
ptm_c975b94d,poi_41d6dac1,poi_6f0e4bb1,cab,27,7.16,1.224,149.71,INR,19,2026-08-18T10:00:00+05:30
ptm_757f323c,poi_41d6dac1,poi_e70a02d6,cab,35,9.711,1.661,193.08,INR,2,2026-08-18T10:00:00+05:30
ptm_af30a67e,poi_41d6dac1,poi_3bab74a1,cab,27,7.129,1.219,149.19,INR,287,2026-08-18T10:00:00+05:30
ptm_7d9192fa,poi_41d6dac1,poi_65bb95f4,cab,34,9.338,1.597,186.74,INR,311,2026-08-18T10:00:00+05:30
ptm_6643db5b,poi_6f0e4bb1,poi_97a3672d,cab,23,5.906,1.01,128.40,INR,173,2026-08-18T10:00:00+05:30
ptm_10671d18,poi_6f0e4bb1,poi_31a91abe,cab,37,10.136,1.733,200.32,INR,274,2026-08-18T10:00:00+05:30
ptm_731dc279,poi_6f0e4bb1,poi_aef75f2a,cab,42,11.962,2.046,231.36,INR,233,2026-08-18T10:00:00+05:30
ptm_9b931fb2,poi_6f0e4bb1,poi_a2cbcb8a,cab,43,12.235,2.092,235.99,INR,227,2026-08-18T10:00:00+05:30
ptm_8f1ec643,poi_6f0e4bb1,poi_c07155aa,walk,32,2.304,0,0.00,INR,169,2026-08-18T10:00:00+05:30
ptm_d1c35233,poi_6f0e4bb1,poi_c07155aa,cab,12,2.304,0.394,67.16,INR,169,2026-08-18T10:00:00+05:30
ptm_cf5fe4f9,poi_6f0e4bb1,poi_41d6dac1,cab,27,7.16,1.224,149.71,INR,199,2026-08-18T10:00:00+05:30
ptm_2a5a3181,poi_6f0e4bb1,poi_e70a02d6,walk,48,3.591,0,0.00,INR,325,2026-08-18T10:00:00+05:30
ptm_e870cc2e,poi_6f0e4bb1,poi_e70a02d6,cab,16,3.591,0.614,89.04,INR,325,2026-08-18T10:00:00+05:30
ptm_e0656713,poi_6f0e4bb1,poi_3bab74a1,cab,37,10.283,1.758,202.82,INR,243,2026-08-18T10:00:00+05:30
ptm_8b29e6ba,poi_6f0e4bb1,poi_65bb95f4,cab,34,9.423,1.611,188.19,INR,266,2026-08-18T10:00:00+05:30
ptm_0300a713,poi_e70a02d6,poi_97a3672d,cab,34,9.232,1.579,184.95,INR,163,2026-08-18T10:00:00+05:30
ptm_4a0887c5,poi_e70a02d6,poi_31a91abe,cab,31,8.379,1.433,170.44,INR,254,2026-08-18T10:00:00+05:30
ptm_2556dc32,poi_e70a02d6,poi_aef75f2a,cab,44,12.628,2.159,242.67,INR,216,2026-08-18T10:00:00+05:30
ptm_601c9604,poi_e70a02d6,poi_a2cbcb8a,cab,46,13.22,2.261,252.74,INR,212,2026-08-18T10:00:00+05:30
ptm_cdfadcf3,poi_e70a02d6,poi_c07155aa,cab,23,5.775,0.988,126.18,INR,154,2026-08-18T10:00:00+05:30
ptm_8e8e0970,poi_e70a02d6,poi_41d6dac1,cab,35,9.711,1.661,193.08,INR,182,2026-08-18T10:00:00+05:30
ptm_fa1ac050,poi_e70a02d6,poi_6f0e4bb1,walk,48,3.591,0,0.00,INR,145,2026-08-18T10:00:00+05:30
ptm_70acc2bd,poi_e70a02d6,poi_6f0e4bb1,cab,16,3.591,0.614,89.04,INR,145,2026-08-18T10:00:00+05:30
ptm_18d94caf,poi_e70a02d6,poi_3bab74a1,cab,37,10.412,1.78,205.00,INR,223,2026-08-18T10:00:00+05:30
ptm_023ce174,poi_e70a02d6,poi_65bb95f4,cab,30,8.172,1.397,166.92,INR,244,2026-08-18T10:00:00+05:30
ptm_929a33e2,poi_3bab74a1,poi_97a3672d,cab,36,9.954,1.702,197.22,INR,97,2026-08-18T10:00:00+05:30
ptm_42a44bfc,poi_3bab74a1,poi_31a91abe,cab,22,5.401,0.924,119.81,INR,350,2026-08-18T10:00:00+05:30
ptm_b596881b,poi_3bab74a1,poi_aef75f2a,walk,35,2.602,0,0.00,INR,188,2026-08-18T10:00:00+05:30
ptm_2c4fc2a0,poi_3bab74a1,poi_aef75f2a,cab,13,2.602,0.445,72.23,INR,188,2026-08-18T10:00:00+05:30
ptm_efe12cad,poi_3bab74a1,poi_a2cbcb8a,walk,49,3.671,0,0.00,INR,177,2026-08-18T10:00:00+05:30
ptm_e84f5ca0,poi_3bab74a1,poi_a2cbcb8a,cab,16,3.671,0.628,90.41,INR,177,2026-08-18T10:00:00+05:30
ptm_0b2dd05b,poi_3bab74a1,poi_c07155aa,cab,36,9.913,1.695,196.52,INR,76,2026-08-18T10:00:00+05:30
ptm_01deb107,poi_3bab74a1,poi_41d6dac1,cab,27,7.129,1.219,149.19,INR,107,2026-08-18T10:00:00+05:30
ptm_187db2e3,poi_3bab74a1,poi_6f0e4bb1,cab,37,10.283,1.758,202.82,INR,63,2026-08-18T10:00:00+05:30
ptm_807dbf1b,poi_3bab74a1,poi_e70a02d6,cab,37,10.412,1.78,205.00,INR,43,2026-08-18T10:00:00+05:30
ptm_9029af75,poi_3bab74a1,poi_65bb95f4,walk,54,4.032,0,0.00,INR,357,2026-08-18T10:00:00+05:30
ptm_98dd3c74,poi_3bab74a1,poi_65bb95f4,cab,17,4.032,0.689,96.54,INR,357,2026-08-18T10:00:00+05:30
ptm_3b8bd323,poi_65bb95f4,poi_97a3672d,cab,40,11.387,1.947,221.58,INR,117,2026-08-18T10:00:00+05:30
ptm_be17773d,poi_65bb95f4,poi_31a91abe,walk,21,1.476,0,0.00,INR,331,2026-08-18T10:00:00+05:30
ptm_3a8da397,poi_65bb95f4,poi_31a91abe,cab,9,1.476,0.252,53.09,INR,331,2026-08-18T10:00:00+05:30
ptm_19e1abab,poi_65bb95f4,poi_aef75f2a,cab,25,6.603,1.129,140.26,INR,181,2026-08-18T10:00:00+05:30
ptm_087e2606,poi_65bb95f4,poi_a2cbcb8a,cab,29,7.703,1.317,158.95,INR,177,2026-08-18T10:00:00+05:30
ptm_28ea306c,poi_65bb95f4,poi_c07155aa,cab,36,9.985,1.707,197.75,INR,99,2026-08-18T10:00:00+05:30
ptm_9f410013,poi_65bb95f4,poi_41d6dac1,cab,34,9.338,1.597,186.74,INR,131,2026-08-18T10:00:00+05:30
ptm_130de40b,poi_65bb95f4,poi_6f0e4bb1,cab,34,9.423,1.611,188.19,INR,86,2026-08-18T10:00:00+05:30
ptm_5e4a369a,poi_65bb95f4,poi_e70a02d6,cab,30,8.172,1.397,166.92,INR,64,2026-08-18T10:00:00+05:30
ptm_628da563,poi_65bb95f4,poi_3bab74a1,walk,54,4.032,0,0.00,INR,177,2026-08-18T10:00:00+05:30
ptm_68037d6f,poi_65bb95f4,poi_3bab74a1,cab,17,4.032,0.689,96.54,INR,177,2026-08-18T10:00:00+05:30
ptm_c261b39e,poi_8df3456f,poi_55ce6c84,cab,50,14.259,2.438,270.40,INR,324,2026-08-18T10:00:00+05:30
ptm_c47f2fd4,poi_8df3456f,poi_9a0ae1b1,cab,30,8.104,1.386,165.77,INR,256,2026-08-18T10:00:00+05:30
ptm_1926ecd2,poi_8df3456f,poi_c66c8fbc,cab,37,10.249,1.753,202.23,INR,292,2026-08-18T10:00:00+05:30
ptm_a9090158,poi_8df3456f,poi_666004ed,cab,28,7.367,1.26,153.24,INR,266,2026-08-18T10:00:00+05:30
ptm_d5da76fb,poi_8df3456f,poi_b95f08bb,cab,44,12.542,2.145,241.22,INR,355,2026-08-18T10:00:00+05:30
ptm_e3b33977,poi_8df3456f,poi_231377ba,cab,42,11.776,2.014,228.19,INR,1,2026-08-18T10:00:00+05:30
ptm_7ba76405,poi_8df3456f,poi_3ca459f1,walk,52,3.879,0,0.00,INR,317,2026-08-18T10:00:00+05:30
ptm_3582d37c,poi_8df3456f,poi_3ca459f1,cab,17,3.879,0.663,93.94,INR,317,2026-08-18T10:00:00+05:30
ptm_19c6576e,poi_8df3456f,poi_9737e8e9,walk,15,1.037,0,0.00,INR,90,2026-08-18T10:00:00+05:30
ptm_cb0c276f,poi_8df3456f,poi_9737e8e9,cab,8,1.037,0.177,45.63,INR,90,2026-08-18T10:00:00+05:30
ptm_c1590a03,poi_8df3456f,poi_5c5a5450,cab,37,10.206,1.745,201.50,INR,352,2026-08-18T10:00:00+05:30
ptm_550e537f,poi_55ce6c84,poi_8df3456f,cab,50,14.259,2.438,270.40,INR,144,2026-08-18T10:00:00+05:30
ptm_499baec2,poi_55ce6c84,poi_9a0ae1b1,cab,47,13.483,2.306,257.21,INR,178,2026-08-18T10:00:00+05:30
ptm_88f8b360,poi_55ce6c84,poi_c66c8fbc,cab,29,7.769,1.328,160.07,INR,188,2026-08-18T10:00:00+05:30
ptm_bd7c8e00,poi_55ce6c84,poi_666004ed,cab,43,12.105,2.07,233.79,INR,175,2026-08-18T10:00:00+05:30
ptm_04faca51,poi_55ce6c84,poi_b95f08bb,cab,27,7.276,1.244,151.70,INR,82,2026-08-18T10:00:00+05:30
ptm_5dd22650,poi_55ce6c84,poi_231377ba,cab,32,8.619,1.474,174.52,INR,88,2026-08-18T10:00:00+05:30
ptm_ce3ea6bb,poi_55ce6c84,poi_3ca459f1,cab,37,10.416,1.781,205.08,INR,146,2026-08-18T10:00:00+05:30
ptm_c8c05a01,poi_55ce6c84,poi_9737e8e9,cab,52,14.887,2.546,281.08,INR,141,2026-08-18T10:00:00+05:30
ptm_2068bcba,poi_55ce6c84,poi_5c5a5450,cab,27,7.092,1.213,148.56,INR,101,2026-08-18T10:00:00+05:30
ptm_5990a160,poi_9a0ae1b1,poi_8df3456f,cab,30,8.104,1.386,165.77,INR,76,2026-08-18T10:00:00+05:30
ptm_abdde940,poi_9a0ae1b1,poi_55ce6c84,cab,47,13.483,2.306,257.21,INR,358,2026-08-18T10:00:00+05:30
ptm_fbd5aaa9,poi_9a0ae1b1,poi_c66c8fbc,cab,23,6.011,1.028,130.18,INR,344,2026-08-18T10:00:00+05:30
ptm_382660be,poi_9a0ae1b1,poi_666004ed,walk,21,1.505,0,0.00,INR,20,2026-08-18T10:00:00+05:30
ptm_e8797992,poi_9a0ae1b1,poi_666004ed,cab,9,1.505,0.257,53.59,INR,20,2026-08-18T10:00:00+05:30
ptm_4b8aaf87,poi_9a0ae1b1,poi_b95f08bb,cab,55,15.906,2.72,298.40,INR,25,2026-08-18T10:00:00+05:30
ptm_d3b76cd2,poi_9a0ae1b1,poi_231377ba,cab,55,15.927,2.723,298.75,INR,30,2026-08-18T10:00:00+05:30
ptm_0a1b9f63,poi_9a0ae1b1,poi_3ca459f1,cab,27,7.097,1.214,148.65,INR,47,2026-08-18T10:00:00+05:30
ptm_e30df901,poi_9a0ae1b1,poi_9737e8e9,cab,33,9.116,1.559,182.97,INR,78,2026-08-18T10:00:00+05:30
ptm_d33baea7,poi_9a0ae1b1,poi_5c5a5450,cab,48,13.653,2.335,260.09,INR,28,2026-08-18T10:00:00+05:30
ptm_77e26142,poi_c66c8fbc,poi_8df3456f,cab,37,10.249,1.753,202.23,INR,112,2026-08-18T10:00:00+05:30
ptm_07a6a13e,poi_c66c8fbc,poi_55ce6c84,cab,29,7.769,1.328,160.07,INR,8,2026-08-18T10:00:00+05:30
ptm_ed58430f,poi_c66c8fbc,poi_9a0ae1b1,cab,23,6.011,1.028,130.18,INR,164,2026-08-18T10:00:00+05:30
ptm_d77e3035,poi_c66c8fbc,poi_666004ed,cab,20,4.873,0.833,110.85,INR,154,2026-08-18T10:00:00+05:30
ptm_00ce50c9,poi_c66c8fbc,poi_b95f08bb,cab,42,12.003,2.052,232.05,INR,44,2026-08-18T10:00:00+05:30
ptm_b1bf52c9,poi_c66c8fbc,poi_231377ba,cab,44,12.552,2.146,241.38,INR,51,2026-08-18T10:00:00+05:30
ptm_a9ea6122,poi_c66c8fbc,poi_3ca459f1,cab,26,6.941,1.187,145.99,INR,98,2026-08-18T10:00:00+05:30
ptm_a57c97e8,poi_c66c8fbc,poi_9737e8e9,cab,40,11.215,1.918,218.65,INR,110,2026-08-18T10:00:00+05:30
ptm_701dc894,poi_c66c8fbc,poi_5c5a5450,cab,37,10.206,1.745,201.50,INR,52,2026-08-18T10:00:00+05:30
ptm_c71c9417,poi_666004ed,poi_8df3456f,cab,28,7.367,1.26,153.24,INR,86,2026-08-18T10:00:00+05:30
ptm_9dab6c4d,poi_666004ed,poi_55ce6c84,cab,43,12.105,2.07,233.79,INR,355,2026-08-18T10:00:00+05:30
ptm_acfed13b,poi_666004ed,poi_9a0ae1b1,walk,21,1.505,0,0.00,INR,200,2026-08-18T10:00:00+05:30
ptm_7192bf99,poi_666004ed,poi_9a0ae1b1,cab,9,1.505,0.257,53.59,INR,200,2026-08-18T10:00:00+05:30
ptm_f85a8760,poi_666004ed,poi_c66c8fbc,cab,20,4.873,0.833,110.85,INR,334,2026-08-18T10:00:00+05:30
ptm_cbfaeced,poi_666004ed,poi_b95f08bb,cab,50,14.406,2.463,272.91,INR,25,2026-08-18T10:00:00+05:30
ptm_39477a67,poi_666004ed,poi_231377ba,cab,50,14.449,2.471,273.62,INR,32,2026-08-18T10:00:00+05:30
ptm_4b1f5ea3,poi_666004ed,poi_3ca459f1,cab,23,5.801,0.992,126.63,INR,54,2026-08-18T10:00:00+05:30
ptm_dae3aff7,poi_666004ed,poi_9737e8e9,cab,31,8.403,1.437,170.84,INR,86,2026-08-18T10:00:00+05:30
ptm_3826f1d4,poi_666004ed,poi_5c5a5450,cab,43,12.163,2.08,234.78,INR,29,2026-08-18T10:00:00+05:30
ptm_673e199b,poi_b95f08bb,poi_8df3456f,cab,44,12.542,2.145,241.22,INR,175,2026-08-18T10:00:00+05:30
ptm_5009d079,poi_b95f08bb,poi_55ce6c84,cab,27,7.276,1.244,151.70,INR,262,2026-08-18T10:00:00+05:30
ptm_d3968582,poi_b95f08bb,poi_9a0ae1b1,cab,55,15.906,2.72,298.40,INR,205,2026-08-18T10:00:00+05:30
ptm_029f6311,poi_b95f08bb,poi_c66c8fbc,cab,42,12.003,2.052,232.05,INR,224,2026-08-18T10:00:00+05:30
ptm_45b49370,poi_b95f08bb,poi_666004ed,cab,50,14.406,2.463,272.91,INR,205,2026-08-18T10:00:00+05:30
ptm_917ece37,poi_b95f08bb,poi_231377ba,walk,22,1.573,0,0.00,INR,117,2026-08-18T10:00:00+05:30
ptm_34db93f9,poi_b95f08bb,poi_231377ba,cab,9,1.573,0.269,54.74,INR,117,2026-08-18T10:00:00+05:30
ptm_61749af8,poi_b95f08bb,poi_3ca459f1,cab,35,9.747,1.667,193.71,INR,189,2026-08-18T10:00:00+05:30
ptm_122bb848,poi_b95f08bb,poi_9737e8e9,cab,45,12.674,2.167,243.46,INR,170,2026-08-18T10:00:00+05:30
ptm_00902b29,poi_b95f08bb,poi_5c5a5450,walk,33,2.399,0,0.00,INR,186,2026-08-18T10:00:00+05:30
ptm_c1668878,poi_b95f08bb,poi_5c5a5450,cab,12,2.399,0.41,68.78,INR,186,2026-08-18T10:00:00+05:30
ptm_7b1c1b47,poi_231377ba,poi_8df3456f,cab,42,11.776,2.014,228.19,INR,181,2026-08-18T10:00:00+05:30
ptm_734d351c,poi_231377ba,poi_55ce6c84,cab,32,8.619,1.474,174.52,INR,268,2026-08-18T10:00:00+05:30
ptm_25d2a4ad,poi_231377ba,poi_9a0ae1b1,cab,55,15.927,2.723,298.75,INR,210,2026-08-18T10:00:00+05:30
ptm_bfdd59a7,poi_231377ba,poi_c66c8fbc,cab,44,12.552,2.146,241.38,INR,231,2026-08-18T10:00:00+05:30
ptm_b01f45e2,poi_231377ba,poi_666004ed,cab,50,14.449,2.471,273.62,INR,212,2026-08-18T10:00:00+05:30
ptm_8aa11d9f,poi_231377ba,poi_b95f08bb,walk,22,1.573,0,0.00,INR,297,2026-08-18T10:00:00+05:30
ptm_75001294,poi_231377ba,poi_b95f08bb,cab,9,1.573,0.269,54.74,INR,297,2026-08-18T10:00:00+05:30
ptm_de069b84,poi_231377ba,poi_3ca459f1,cab,34,9.371,1.603,187.31,INR,198,2026-08-18T10:00:00+05:30
ptm_e0fdb0df,poi_231377ba,poi_9737e8e9,cab,42,11.794,2.017,228.51,INR,176,2026-08-18T10:00:00+05:30
ptm_19b45bab,poi_231377ba,poi_5c5a5450,walk,32,2.361,0,0.00,INR,225,2026-08-18T10:00:00+05:30
ptm_9ec3e44e,poi_231377ba,poi_5c5a5450,cab,12,2.361,0.404,68.14,INR,225,2026-08-18T10:00:00+05:30
ptm_7a3045b4,poi_3ca459f1,poi_8df3456f,walk,52,3.879,0,0.00,INR,137,2026-08-18T10:00:00+05:30
ptm_5eac8cdf,poi_3ca459f1,poi_8df3456f,cab,17,3.879,0.663,93.94,INR,137,2026-08-18T10:00:00+05:30
ptm_e7c55d9d,poi_3ca459f1,poi_55ce6c84,cab,37,10.416,1.781,205.08,INR,326,2026-08-18T10:00:00+05:30
ptm_d3c57930,poi_3ca459f1,poi_9a0ae1b1,cab,27,7.097,1.214,148.65,INR,227,2026-08-18T10:00:00+05:30
ptm_e0c0073d,poi_3ca459f1,poi_c66c8fbc,cab,26,6.941,1.187,145.99,INR,278,2026-08-18T10:00:00+05:30
ptm_d7e33cc1,poi_3ca459f1,poi_666004ed,cab,23,5.801,0.992,126.63,INR,234,2026-08-18T10:00:00+05:30
ptm_03453968,poi_3ca459f1,poi_b95f08bb,cab,35,9.747,1.667,193.71,INR,8,2026-08-18T10:00:00+05:30
ptm_fed6e891,poi_3ca459f1,poi_231377ba,cab,34,9.371,1.603,187.31,INR,18,2026-08-18T10:00:00+05:30
ptm_4659acfe,poi_3ca459f1,poi_9737e8e9,cab,19,4.641,0.794,106.90,INR,128,2026-08-18T10:00:00+05:30
ptm_92a2a241,poi_3ca459f1,poi_5c5a5450,cab,28,7.351,1.257,152.97,INR,9,2026-08-18T10:00:00+05:30
ptm_d3e155c9,poi_9737e8e9,poi_8df3456f,walk,15,1.037,0,0.00,INR,270,2026-08-18T10:00:00+05:30
ptm_82c46790,poi_9737e8e9,poi_8df3456f,cab,8,1.037,0.177,45.63,INR,270,2026-08-18T10:00:00+05:30
ptm_8b3a4f1a,poi_9737e8e9,poi_55ce6c84,cab,52,14.887,2.546,281.08,INR,321,2026-08-18T10:00:00+05:30
ptm_d307964a,poi_9737e8e9,poi_9a0ae1b1,cab,33,9.116,1.559,182.97,INR,258,2026-08-18T10:00:00+05:30
ptm_bf19abff,poi_9737e8e9,poi_c66c8fbc,cab,40,11.215,1.918,218.65,INR,290,2026-08-18T10:00:00+05:30
ptm_e654717f,poi_9737e8e9,poi_666004ed,cab,31,8.403,1.437,170.84,INR,266,2026-08-18T10:00:00+05:30
ptm_ccec3efd,poi_9737e8e9,poi_b95f08bb,cab,45,12.674,2.167,243.46,INR,350,2026-08-18T10:00:00+05:30
ptm_2ada0a78,poi_9737e8e9,poi_231377ba,cab,42,11.794,2.017,228.51,INR,356,2026-08-18T10:00:00+05:30
ptm_d31737c3,poi_9737e8e9,poi_3ca459f1,cab,19,4.641,0.794,106.90,INR,308,2026-08-18T10:00:00+05:30
ptm_4d3d70c7,poi_9737e8e9,poi_5c5a5450,cab,37,10.396,1.778,204.73,INR,346,2026-08-18T10:00:00+05:30
ptm_e09ef325,poi_5c5a5450,poi_8df3456f,cab,37,10.206,1.745,201.50,INR,172,2026-08-18T10:00:00+05:30
ptm_38ef3501,poi_5c5a5450,poi_55ce6c84,cab,27,7.092,1.213,148.56,INR,282,2026-08-18T10:00:00+05:30
ptm_bac99883,poi_5c5a5450,poi_9a0ae1b1,cab,48,13.653,2.335,260.09,INR,208,2026-08-18T10:00:00+05:30
ptm_849ad9a9,poi_5c5a5450,poi_c66c8fbc,cab,37,10.206,1.745,201.50,INR,232,2026-08-18T10:00:00+05:30
ptm_e1c8a79e,poi_5c5a5450,poi_666004ed,cab,43,12.163,2.08,234.78,INR,209,2026-08-18T10:00:00+05:30
ptm_2c2ab748,poi_5c5a5450,poi_b95f08bb,walk,33,2.399,0,0.00,INR,6,2026-08-18T10:00:00+05:30
ptm_866d5e36,poi_5c5a5450,poi_b95f08bb,cab,12,2.399,0.41,68.78,INR,6,2026-08-18T10:00:00+05:30
ptm_b74d1f62,poi_5c5a5450,poi_231377ba,walk,32,2.361,0,0.00,INR,45,2026-08-18T10:00:00+05:30
ptm_9a869845,poi_5c5a5450,poi_231377ba,cab,12,2.361,0.404,68.14,INR,45,2026-08-18T10:00:00+05:30
ptm_011cae2c,poi_5c5a5450,poi_3ca459f1,cab,28,7.351,1.257,152.97,INR,189,2026-08-18T10:00:00+05:30
ptm_0f34e292,poi_5c5a5450,poi_9737e8e9,cab,37,10.396,1.778,204.73,INR,166,2026-08-18T10:00:00+05:30
ptm_63206536,poi_aaf09068,poi_fe46427e,cab,40,11.3,1.932,220.10,INR,118,2026-08-18T10:00:00+05:30
ptm_4928cadc,poi_aaf09068,poi_d9d0c25c,cab,22,5.684,0.972,124.63,INR,100,2026-08-18T10:00:00+05:30
ptm_53413171,poi_aaf09068,poi_e66efa5a,cab,43,12.269,2.098,236.58,INR,96,2026-08-18T10:00:00+05:30
ptm_0b44b42b,poi_aaf09068,poi_78369b26,cab,27,7.14,1.221,149.38,INR,110,2026-08-18T10:00:00+05:30
ptm_647d0966,poi_aaf09068,poi_cca907ed,cab,48,13.763,2.354,261.98,INR,108,2026-08-18T10:00:00+05:30
ptm_dcc76fc2,poi_aaf09068,poi_14a52384,cab,56,16.329,2.792,305.59,INR,137,2026-08-18T10:00:00+05:30
ptm_8601c9ab,poi_aaf09068,poi_650bd47a,cab,50,14.488,2.477,274.29,INR,127,2026-08-18T10:00:00+05:30
ptm_f9d65191,poi_aaf09068,poi_0181afcd,cab,53,15.437,2.64,290.43,INR,118,2026-08-18T10:00:00+05:30
ptm_863b9cf4,poi_aaf09068,poi_ec746686,cab,49,14.08,2.408,267.35,INR,184,2026-08-18T10:00:00+05:30
ptm_d0c93f75,poi_fe46427e,poi_aaf09068,cab,40,11.3,1.932,220.10,INR,298,2026-08-18T10:00:00+05:30
ptm_7a8411f0,poi_fe46427e,poi_d9d0c25c,cab,24,6.189,1.058,133.21,INR,315,2026-08-18T10:00:00+05:30
ptm_1803d264,poi_fe46427e,poi_e66efa5a,cab,19,4.65,0.795,107.05,INR,29,2026-08-18T10:00:00+05:30
ptm_7327d8e0,poi_fe46427e,poi_78369b26,walk,58,4.361,0,0.00,INR,312,2026-08-18T10:00:00+05:30
ptm_c1a180eb,poi_fe46427e,poi_78369b26,cab,18,4.361,0.746,102.13,INR,312,2026-08-18T10:00:00+05:30
ptm_8c715f2b,poi_fe46427e,poi_cca907ed,walk,45,3.354,0,0.00,INR,70,2026-08-18T10:00:00+05:30
ptm_71971482,poi_fe46427e,poi_cca907ed,cab,15,3.354,0.574,85.02,INR,70,2026-08-18T10:00:00+05:30
ptm_1a497294,poi_fe46427e,poi_14a52384,cab,26,6.719,1.149,142.22,INR,170,2026-08-18T10:00:00+05:30
ptm_6a40498f,poi_fe46427e,poi_650bd47a,walk,50,3.694,0,0.00,INR,153,2026-08-18T10:00:00+05:30
ptm_c97b333b,poi_fe46427e,poi_650bd47a,cab,16,3.694,0.632,90.79,INR,153,2026-08-18T10:00:00+05:30
ptm_d6f04a50,poi_fe46427e,poi_0181afcd,walk,55,4.137,0,0.00,INR,118,2026-08-18T10:00:00+05:30
ptm_d763e4f2,poi_fe46427e,poi_0181afcd,cab,18,4.137,0.707,98.33,INR,118,2026-08-18T10:00:00+05:30
ptm_bde5c698,poi_fe46427e,poi_ec746686,cab,49,14.052,2.403,266.88,INR,232,2026-08-18T10:00:00+05:30
ptm_8d221cb0,poi_d9d0c25c,poi_aaf09068,cab,22,5.684,0.972,124.63,INR,280,2026-08-18T10:00:00+05:30
ptm_eb77b8e8,poi_d9d0c25c,poi_fe46427e,cab,24,6.189,1.058,133.21,INR,135,2026-08-18T10:00:00+05:30
ptm_dfd1c7ca,poi_d9d0c25c,poi_e66efa5a,cab,25,6.606,1.13,140.30,INR,93,2026-08-18T10:00:00+05:30
ptm_8aa11414,poi_d9d0c25c,poi_78369b26,walk,26,1.853,0,0.00,INR,143,2026-08-18T10:00:00+05:30
ptm_beb18ea9,poi_d9d0c25c,poi_78369b26,cab,10,1.853,0.317,59.50,INR,143,2026-08-18T10:00:00+05:30
ptm_1f51b6d7,poi_d9d0c25c,poi_cca907ed,cab,30,8.178,1.398,167.02,INR,113,2026-08-18T10:00:00+05:30
ptm_e3eb668b,poi_d9d0c25c,poi_14a52384,cab,43,12.32,2.107,237.44,INR,153,2026-08-18T10:00:00+05:30
ptm_96957103,poi_d9d0c25c,poi_650bd47a,cab,35,9.773,1.671,194.14,INR,142,2026-08-18T10:00:00+05:30
ptm_4d90284d,poi_d9d0c25c,poi_0181afcd,cab,37,10.216,1.747,201.67,INR,129,2026-08-18T10:00:00+05:30
ptm_b9d38e19,poi_d9d0c25c,poi_ec746686,cab,51,14.704,2.514,277.97,INR,207,2026-08-18T10:00:00+05:30
ptm_262c196f,poi_e66efa5a,poi_aaf09068,cab,43,12.269,2.098,236.58,INR,276,2026-08-18T10:00:00+05:30
ptm_358df5e6,poi_e66efa5a,poi_fe46427e,cab,19,4.65,0.795,107.05,INR,209,2026-08-18T10:00:00+05:30
ptm_fbe74156,poi_e66efa5a,poi_d9d0c25c,cab,25,6.606,1.13,140.30,INR,273,2026-08-18T10:00:00+05:30
ptm_00eba0cd,poi_e66efa5a,poi_78369b26,cab,22,5.608,0.959,123.33,INR,258,2026-08-18T10:00:00+05:30
ptm_f8560403,poi_e66efa5a,poi_cca907ed,walk,41,3.06,0,0.00,INR,163,2026-08-18T10:00:00+05:30
ptm_bbef5419,poi_e66efa5a,poi_cca907ed,cab,14,3.06,0.523,80.02,INR,163,2026-08-18T10:00:00+05:30
ptm_f5af818e,poi_e66efa5a,poi_14a52384,cab,38,10.745,1.837,210.66,INR,186,2026-08-18T10:00:00+05:30
ptm_cc430df7,poi_e66efa5a,poi_650bd47a,cab,28,7.384,1.263,153.54,INR,184,2026-08-18T10:00:00+05:30
ptm_e542c342,poi_e66efa5a,poi_0181afcd,cab,24,6.188,1.058,133.19,INR,167,2026-08-18T10:00:00+05:30
ptm_dbc29074,poi_e66efa5a,poi_ec746686,cab,63,18.425,3.151,341.22,INR,226,2026-08-18T10:00:00+05:30
ptm_4558a426,poi_78369b26,poi_aaf09068,cab,27,7.14,1.221,149.38,INR,290,2026-08-18T10:00:00+05:30
ptm_a3a199a9,poi_78369b26,poi_fe46427e,walk,58,4.361,0,0.00,INR,132,2026-08-18T10:00:00+05:30
ptm_916f2705,poi_78369b26,poi_fe46427e,cab,18,4.361,0.746,102.13,INR,132,2026-08-18T10:00:00+05:30
ptm_52a373d1,poi_78369b26,poi_d9d0c25c,walk,26,1.853,0,0.00,INR,323,2026-08-18T10:00:00+05:30
ptm_6fe22325,poi_78369b26,poi_d9d0c25c,cab,10,1.853,0.317,59.50,INR,323,2026-08-18T10:00:00+05:30
ptm_e4b556eb,poi_78369b26,poi_e66efa5a,cab,22,5.608,0.959,123.33,INR,78,2026-08-18T10:00:00+05:30
ptm_9175b75c,poi_78369b26,poi_cca907ed,cab,25,6.633,1.134,140.76,INR,105,2026-08-18T10:00:00+05:30
ptm_c8571f0d,poi_78369b26,poi_14a52384,cab,38,10.502,1.796,206.53,INR,155,2026-08-18T10:00:00+05:30
ptm_80d00846,poi_78369b26,poi_650bd47a,cab,30,7.92,1.354,162.64,INR,142,2026-08-18T10:00:00+05:30
ptm_98d405de,poi_78369b26,poi_0181afcd,cab,31,8.437,1.443,171.42,INR,125,2026-08-18T10:00:00+05:30
ptm_a1c8fd80,poi_78369b26,poi_ec746686,cab,49,13.987,2.392,265.78,INR,214,2026-08-18T10:00:00+05:30
ptm_fcc1efe6,poi_cca907ed,poi_aaf09068,cab,48,13.763,2.354,261.98,INR,288,2026-08-18T10:00:00+05:30
ptm_ac60393c,poi_cca907ed,poi_fe46427e,walk,45,3.354,0,0.00,INR,250,2026-08-18T10:00:00+05:30
ptm_08e14fc0,poi_cca907ed,poi_fe46427e,cab,15,3.354,0.574,85.02,INR,250,2026-08-18T10:00:00+05:30
ptm_719a7cbe,poi_cca907ed,poi_d9d0c25c,cab,30,8.178,1.398,167.02,INR,293,2026-08-18T10:00:00+05:30
ptm_1479a3c0,poi_cca907ed,poi_e66efa5a,walk,41,3.06,0,0.00,INR,343,2026-08-18T10:00:00+05:30
ptm_68937866,poi_cca907ed,poi_e66efa5a,cab,14,3.06,0.523,80.02,INR,343,2026-08-18T10:00:00+05:30
ptm_3e56ed49,poi_cca907ed,poi_78369b26,cab,25,6.633,1.134,140.76,INR,286,2026-08-18T10:00:00+05:30
ptm_fe66d5dd,poi_cca907ed,poi_14a52384,cab,30,8.018,1.371,164.30,INR,194,2026-08-18T10:00:00+05:30
ptm_0dccbbca,poi_cca907ed,poi_650bd47a,cab,19,4.678,0.8,107.53,INR,198,2026-08-18T10:00:00+05:30
ptm_40e84156,poi_cca907ed,poi_0181afcd,walk,43,3.144,0,0.00,INR,171,2026-08-18T10:00:00+05:30
ptm_a1a0948b,poi_cca907ed,poi_0181afcd,cab,14,3.144,0.538,81.44,INR,171,2026-08-18T10:00:00+05:30
ptm_ef47b932,poi_cca907ed,poi_ec746686,cab,59,17.27,2.953,321.59,INR,235,2026-08-18T10:00:00+05:30
ptm_ada4799b,poi_14a52384,poi_aaf09068,cab,56,16.329,2.792,305.59,INR,317,2026-08-18T10:00:00+05:30
ptm_c6914034,poi_14a52384,poi_fe46427e,cab,26,6.719,1.149,142.22,INR,350,2026-08-18T10:00:00+05:30
ptm_0c82f6e7,poi_14a52384,poi_d9d0c25c,cab,43,12.32,2.107,237.44,INR,333,2026-08-18T10:00:00+05:30
ptm_d1fdc04a,poi_14a52384,poi_e66efa5a,cab,38,10.745,1.837,210.66,INR,6,2026-08-18T10:00:00+05:30
ptm_79268273,poi_14a52384,poi_78369b26,cab,38,10.502,1.796,206.53,INR,335,2026-08-18T10:00:00+05:30
ptm_177726a8,poi_14a52384,poi_cca907ed,cab,30,8.018,1.371,164.30,INR,14,2026-08-18T10:00:00+05:30
ptm_218c4e2f,poi_14a52384,poi_650bd47a,walk,45,3.367,0,0.00,INR,9,2026-08-18T10:00:00+05:30
ptm_3e175f30,poi_14a52384,poi_650bd47a,cab,15,3.367,0.576,85.24,INR,9,2026-08-18T10:00:00+05:30
ptm_d2990555,poi_14a52384,poi_0181afcd,cab,21,5.283,0.903,117.82,INR,28,2026-08-18T10:00:00+05:30
ptm_2e8f7845,poi_14a52384,poi_ec746686,cab,44,12.373,2.116,238.35,INR,260,2026-08-18T10:00:00+05:30
ptm_55b73bd6,poi_650bd47a,poi_aaf09068,cab,50,14.488,2.477,274.29,INR,307,2026-08-18T10:00:00+05:30
ptm_16e633af,poi_650bd47a,poi_fe46427e,walk,50,3.694,0,0.00,INR,333,2026-08-18T10:00:00+05:30
ptm_ef3b0f04,poi_650bd47a,poi_fe46427e,cab,16,3.694,0.632,90.79,INR,333,2026-08-18T10:00:00+05:30
ptm_7c70b828,poi_650bd47a,poi_d9d0c25c,cab,35,9.773,1.671,194.14,INR,322,2026-08-18T10:00:00+05:30
ptm_a86d3709,poi_650bd47a,poi_e66efa5a,cab,28,7.384,1.263,153.54,INR,4,2026-08-18T10:00:00+05:30
ptm_325d3686,poi_650bd47a,poi_78369b26,cab,30,7.92,1.354,162.64,INR,322,2026-08-18T10:00:00+05:30
ptm_2ee6b595,poi_650bd47a,poi_cca907ed,cab,19,4.678,0.8,107.53,INR,18,2026-08-18T10:00:00+05:30
ptm_1bafb814,poi_650bd47a,poi_14a52384,walk,45,3.367,0,0.00,INR,189,2026-08-18T10:00:00+05:30
ptm_04ab9740,poi_650bd47a,poi_14a52384,cab,15,3.367,0.576,85.24,INR,189,2026-08-18T10:00:00+05:30
ptm_768468d8,poi_650bd47a,poi_0181afcd,walk,33,2.378,0,0.00,INR,56,2026-08-18T10:00:00+05:30
ptm_84dea722,poi_650bd47a,poi_0181afcd,cab,12,2.378,0.407,68.43,INR,56,2026-08-18T10:00:00+05:30
ptm_0f47f094,poi_650bd47a,poi_ec746686,cab,48,13.816,2.363,262.87,INR,247,2026-08-18T10:00:00+05:30
ptm_a7db3154,poi_0181afcd,poi_aaf09068,cab,53,15.437,2.64,290.43,INR,298,2026-08-18T10:00:00+05:30
ptm_3f98f3eb,poi_0181afcd,poi_fe46427e,walk,55,4.137,0,0.00,INR,298,2026-08-18T10:00:00+05:30
ptm_7edff120,poi_0181afcd,poi_fe46427e,cab,18,4.137,0.707,98.33,INR,298,2026-08-18T10:00:00+05:30
ptm_7abe6325,poi_0181afcd,poi_d9d0c25c,cab,37,10.216,1.747,201.67,INR,309,2026-08-18T10:00:00+05:30
ptm_89b010aa,poi_0181afcd,poi_e66efa5a,cab,24,6.188,1.058,133.19,INR,347,2026-08-18T10:00:00+05:30
ptm_b97ffb8a,poi_0181afcd,poi_78369b26,cab,31,8.437,1.443,171.42,INR,305,2026-08-18T10:00:00+05:30
ptm_de7eed5b,poi_0181afcd,poi_cca907ed,walk,43,3.144,0,0.00,INR,351,2026-08-18T10:00:00+05:30
ptm_9d5d28b0,poi_0181afcd,poi_cca907ed,cab,14,3.144,0.538,81.44,INR,351,2026-08-18T10:00:00+05:30
ptm_5f46ab96,poi_0181afcd,poi_14a52384,cab,21,5.283,0.903,117.82,INR,208,2026-08-18T10:00:00+05:30
ptm_8cf58cfa,poi_0181afcd,poi_650bd47a,walk,33,2.378,0,0.00,INR,236,2026-08-18T10:00:00+05:30
ptm_5061a97c,poi_0181afcd,poi_650bd47a,cab,12,2.378,0.407,68.43,INR,236,2026-08-18T10:00:00+05:30
ptm_d679dd74,poi_0181afcd,poi_ec746686,cab,56,16.156,2.763,302.66,INR,245,2026-08-18T10:00:00+05:30
ptm_1d71f757,poi_ec746686,poi_aaf09068,cab,49,14.08,2.408,267.35,INR,4,2026-08-18T10:00:00+05:30
ptm_8c64fc42,poi_ec746686,poi_fe46427e,cab,49,14.052,2.403,266.88,INR,52,2026-08-18T10:00:00+05:30
ptm_fbd26529,poi_ec746686,poi_d9d0c25c,cab,51,14.704,2.514,277.97,INR,27,2026-08-18T10:00:00+05:30
ptm_edcc91d3,poi_ec746686,poi_e66efa5a,cab,63,18.425,3.151,341.22,INR,46,2026-08-18T10:00:00+05:30
ptm_49f96bf3,poi_ec746686,poi_78369b26,cab,49,13.987,2.392,265.78,INR,34,2026-08-18T10:00:00+05:30
ptm_8ca9566b,poi_ec746686,poi_cca907ed,cab,59,17.27,2.953,321.59,INR,55,2026-08-18T10:00:00+05:30
ptm_291aa0e8,poi_ec746686,poi_14a52384,cab,44,12.373,2.116,238.35,INR,80,2026-08-18T10:00:00+05:30
ptm_0070ceee,poi_ec746686,poi_650bd47a,cab,48,13.816,2.363,262.87,INR,67,2026-08-18T10:00:00+05:30
ptm_1cf97be5,poi_ec746686,poi_0181afcd,cab,56,16.156,2.763,302.66,INR,65,2026-08-18T10:00:00+05:30
ptm_3d316e5a,poi_f08b4e0f,poi_465030ce,cab,42,11.805,2.019,228.69,INR,254,2026-08-18T10:00:00+05:30
ptm_18b9b19a,poi_f08b4e0f,poi_2da4d492,cab,25,6.4,1.094,136.80,INR,266,2026-08-18T10:00:00+05:30
ptm_c52b3d90,poi_f08b4e0f,poi_82ff3dc4,cab,35,9.75,1.667,193.75,INR,347,2026-08-18T10:00:00+05:30
ptm_3453616a,poi_f08b4e0f,poi_f6421157,cab,49,14.073,2.406,267.24,INR,323,2026-08-18T10:00:00+05:30
ptm_bf5e3e8a,poi_f08b4e0f,poi_d10153d7,cab,32,8.576,1.467,173.80,INR,245,2026-08-18T10:00:00+05:30
ptm_e28e32dc,poi_f08b4e0f,poi_f9454648,cab,52,15.085,2.579,284.44,INR,284,2026-08-18T10:00:00+05:30
ptm_67b08121,poi_f08b4e0f,poi_98ccdcef,cab,38,10.595,1.812,208.12,INR,269,2026-08-18T10:00:00+05:30
ptm_9378c345,poi_f08b4e0f,poi_01e251e5,cab,46,13.07,2.235,250.20,INR,305,2026-08-18T10:00:00+05:30
ptm_9c8d6ffe,poi_f08b4e0f,poi_9418fe97,cab,45,12.856,2.198,246.56,INR,306,2026-08-18T10:00:00+05:30
ptm_f1bffdfc,poi_465030ce,poi_f08b4e0f,cab,42,11.805,2.019,228.69,INR,74,2026-08-18T10:00:00+05:30
ptm_2b1a58b5,poi_465030ce,poi_2da4d492,cab,22,5.67,0.969,124.38,INR,61,2026-08-18T10:00:00+05:30
ptm_bc7c7f81,poi_465030ce,poi_82ff3dc4,cab,54,15.688,2.683,294.69,INR,36,2026-08-18T10:00:00+05:30
ptm_a3cd6017,poi_465030ce,poi_f6421157,cab,51,14.817,2.534,279.89,INR,12,2026-08-18T10:00:00+05:30
ptm_cc9373fc,poi_465030ce,poi_d10153d7,walk,49,3.645,0,0.00,INR,97,2026-08-18T10:00:00+05:30
ptm_2c6f7ba7,poi_465030ce,poi_d10153d7,cab,16,3.645,0.623,89.97,INR,97,2026-08-18T10:00:00+05:30
ptm_a76680b2,poi_465030ce,poi_f9454648,cab,28,7.588,1.298,157.00,INR,334,2026-08-18T10:00:00+05:30
ptm_b3eec4a1,poi_465030ce,poi_98ccdcef,walk,42,3.077,0,0.00,INR,14,2026-08-18T10:00:00+05:30
ptm_39daaf63,poi_465030ce,poi_98ccdcef,cab,14,3.077,0.526,80.31,INR,14,2026-08-18T10:00:00+05:30
ptm_0fe34124,poi_465030ce,poi_01e251e5,cab,38,10.716,1.832,210.17,INR,3,2026-08-18T10:00:00+05:30
ptm_ea5d10c4,poi_465030ce,poi_9418fe97,cab,38,10.758,1.84,210.89,INR,5,2026-08-18T10:00:00+05:30
ptm_4a1d348c,poi_2da4d492,poi_f08b4e0f,cab,25,6.4,1.094,136.80,INR,86,2026-08-18T10:00:00+05:30
ptm_3ae99578,poi_2da4d492,poi_465030ce,cab,22,5.67,0.969,124.38,INR,241,2026-08-18T10:00:00+05:30
ptm_afaf2c5c,poi_2da4d492,poi_82ff3dc4,cab,39,10.854,1.856,212.52,INR,23,2026-08-18T10:00:00+05:30
ptm_0d606d7d,poi_2da4d492,poi_f6421157,cab,42,11.972,2.047,231.53,INR,350,2026-08-18T10:00:00+05:30
ptm_e9735285,poi_2da4d492,poi_d10153d7,walk,47,3.463,0,0.00,INR,203,2026-08-18T10:00:00+05:30
ptm_c01fbe48,poi_2da4d492,poi_d10153d7,cab,15,3.463,0.592,86.88,INR,203,2026-08-18T10:00:00+05:30
ptm_ad593518,poi_2da4d492,poi_f9454648,cab,34,9.236,1.579,185.01,INR,297,2026-08-18T10:00:00+05:30
ptm_b05ecbfd,poi_2da4d492,poi_98ccdcef,walk,57,4.221,0,0.00,INR,274,2026-08-18T10:00:00+05:30
ptm_a7b63d2b,poi_2da4d492,poi_98ccdcef,cab,18,4.221,0.722,99.75,INR,274,2026-08-18T10:00:00+05:30
ptm_71e858ed,poi_2da4d492,poi_01e251e5,cab,33,9.086,1.554,182.46,INR,332,2026-08-18T10:00:00+05:30
ptm_1b97f5c0,poi_2da4d492,poi_9418fe97,cab,33,8.976,1.535,180.59,INR,333,2026-08-18T10:00:00+05:30
ptm_21b704da,poi_82ff3dc4,poi_f08b4e0f,cab,35,9.75,1.667,193.75,INR,167,2026-08-18T10:00:00+05:30
ptm_81785fa6,poi_82ff3dc4,poi_465030ce,cab,54,15.688,2.683,294.69,INR,216,2026-08-18T10:00:00+05:30
ptm_702da84c,poi_82ff3dc4,poi_2da4d492,cab,39,10.854,1.856,212.52,INR,203,2026-08-18T10:00:00+05:30
ptm_990dc77a,poi_82ff3dc4,poi_f6421157,cab,25,6.465,1.106,137.91,INR,286,2026-08-18T10:00:00+05:30
ptm_1a236c7f,poi_82ff3dc4,poi_d10153d7,cab,50,14.317,2.448,271.39,INR,203,2026-08-18T10:00:00+05:30
ptm_163487ec,poi_82ff3dc4,poi_f9454648,cab,48,13.783,2.357,262.31,INR,245,2026-08-18T10:00:00+05:30
ptm_f659990e,poi_82ff3dc4,poi_98ccdcef,cab,45,12.872,2.201,246.82,INR,221,2026-08-18T10:00:00+05:30
ptm_13be2ccb,poi_82ff3dc4,poi_01e251e5,cab,32,8.778,1.501,177.22,INR,257,2026-08-18T10:00:00+05:30
ptm_f4deb39a,poi_82ff3dc4,poi_9418fe97,cab,31,8.502,1.454,172.53,INR,256,2026-08-18T10:00:00+05:30
ptm_3adcc7c7,poi_f6421157,poi_f08b4e0f,cab,49,14.073,2.406,267.24,INR,143,2026-08-18T10:00:00+05:30
ptm_36cb2292,poi_f6421157,poi_465030ce,cab,51,14.817,2.534,279.89,INR,192,2026-08-18T10:00:00+05:30
ptm_a45abece,poi_f6421157,poi_2da4d492,cab,42,11.972,2.047,231.53,INR,170,2026-08-18T10:00:00+05:30
ptm_b46ff074,poi_f6421157,poi_82ff3dc4,cab,25,6.465,1.106,137.91,INR,106,2026-08-18T10:00:00+05:30
ptm_127a9aa9,poi_f6421157,poi_d10153d7,cab,52,15,2.565,283.00,INR,178,2026-08-18T10:00:00+05:30
ptm_c12c549d,poi_f6421157,poi_f9454648,cab,36,9.902,1.693,196.33,INR,219,2026-08-18T10:00:00+05:30
ptm_ac692ff1,poi_f6421157,poi_98ccdcef,cab,42,11.744,2.008,227.66,INR,191,2026-08-18T10:00:00+05:30
ptm_2ba28462,poi_f6421157,poi_01e251e5,walk,60,4.474,0,0.00,INR,211,2026-08-18T10:00:00+05:30
ptm_59d96ba8,poi_f6421157,poi_01e251e5,cab,19,4.474,0.765,104.06,INR,211,2026-08-18T10:00:00+05:30
ptm_fc33b594,poi_f6421157,poi_9418fe97,walk,58,4.316,0,0.00,INR,208,2026-08-18T10:00:00+05:30
ptm_ae89eed9,poi_f6421157,poi_9418fe97,cab,18,4.316,0.738,101.38,INR,208,2026-08-18T10:00:00+05:30
ptm_75fbb53d,poi_d10153d7,poi_f08b4e0f,cab,32,8.576,1.467,173.80,INR,65,2026-08-18T10:00:00+05:30
ptm_4d6cf763,poi_d10153d7,poi_465030ce,walk,49,3.645,0,0.00,INR,277,2026-08-18T10:00:00+05:30
ptm_24f47cd6,poi_d10153d7,poi_465030ce,cab,16,3.645,0.623,89.97,INR,277,2026-08-18T10:00:00+05:30
ptm_a1a68d31,poi_d10153d7,poi_2da4d492,walk,47,3.463,0,0.00,INR,23,2026-08-18T10:00:00+05:30
ptm_607b49ee,poi_d10153d7,poi_2da4d492,cab,15,3.463,0.592,86.88,INR,23,2026-08-18T10:00:00+05:30
ptm_9f341eff,poi_d10153d7,poi_82ff3dc4,cab,50,14.317,2.448,271.39,INR,23,2026-08-18T10:00:00+05:30
ptm_3aa93df1,poi_d10153d7,poi_f6421157,cab,52,15,2.565,283.00,INR,358,2026-08-18T10:00:00+05:30
ptm_be24d1e0,poi_d10153d7,poi_f9454648,cab,36,10.052,1.719,198.89,INR,317,2026-08-18T10:00:00+05:30
ptm_4523a7aa,poi_d10153d7,poi_98ccdcef,walk,60,4.475,0,0.00,INR,321,2026-08-18T10:00:00+05:30
ptm_268d6b97,poi_d10153d7,poi_98ccdcef,cab,19,4.475,0.765,104.07,INR,321,2026-08-18T10:00:00+05:30
ptm_bfb017d2,poi_d10153d7,poi_01e251e5,cab,41,11.556,1.976,224.46,INR,345,2026-08-18T10:00:00+05:30
ptm_24007b6b,poi_d10153d7,poi_9418fe97,cab,41,11.509,1.968,223.66,INR,347,2026-08-18T10:00:00+05:30
ptm_636d2c33,poi_f9454648,poi_f08b4e0f,cab,52,15.085,2.579,284.44,INR,104,2026-08-18T10:00:00+05:30
ptm_47666e51,poi_f9454648,poi_465030ce,cab,28,7.588,1.298,157.00,INR,154,2026-08-18T10:00:00+05:30
ptm_9588481f,poi_f9454648,poi_2da4d492,cab,34,9.236,1.579,185.01,INR,117,2026-08-18T10:00:00+05:30
ptm_56dffc23,poi_f9454648,poi_82ff3dc4,cab,48,13.783,2.357,262.31,INR,65,2026-08-18T10:00:00+05:30
ptm_f5bac773,poi_f9454648,poi_f6421157,cab,36,9.902,1.693,196.33,INR,39,2026-08-18T10:00:00+05:30
ptm_487467ed,poi_f9454648,poi_d10153d7,cab,36,10.052,1.719,198.89,INR,137,2026-08-18T10:00:00+05:30
ptm_6a2d26f6,poi_f9454648,poi_98ccdcef,cab,22,5.595,0.957,123.12,INR,134,2026-08-18T10:00:00+05:30
ptm_579e2beb,poi_f9454648,poi_01e251e5,cab,22,5.502,0.941,121.54,INR,46,2026-08-18T10:00:00+05:30
ptm_33e9255d,poi_f9454648,poi_9418fe97,cab,23,5.719,0.978,125.22,INR,47,2026-08-18T10:00:00+05:30
ptm_53613422,poi_98ccdcef,poi_f08b4e0f,cab,38,10.595,1.812,208.12,INR,89,2026-08-18T10:00:00+05:30
ptm_e461b687,poi_98ccdcef,poi_465030ce,walk,42,3.077,0,0.00,INR,194,2026-08-18T10:00:00+05:30
ptm_2c8a4aa7,poi_98ccdcef,poi_465030ce,cab,14,3.077,0.526,80.31,INR,194,2026-08-18T10:00:00+05:30
ptm_b05c3587,poi_98ccdcef,poi_2da4d492,walk,57,4.221,0,0.00,INR,94,2026-08-18T10:00:00+05:30
ptm_d69496db,poi_98ccdcef,poi_2da4d492,cab,18,4.221,0.722,99.75,INR,94,2026-08-18T10:00:00+05:30
ptm_25bb01ce,poi_98ccdcef,poi_82ff3dc4,cab,45,12.872,2.201,246.82,INR,41,2026-08-18T10:00:00+05:30
ptm_6adee0af,poi_98ccdcef,poi_f6421157,cab,42,11.744,2.008,227.66,INR,11,2026-08-18T10:00:00+05:30
ptm_a4dbf4a2,poi_98ccdcef,poi_d10153d7,walk,60,4.475,0,0.00,INR,141,2026-08-18T10:00:00+05:30
ptm_238e3978,poi_98ccdcef,poi_d10153d7,cab,19,4.475,0.765,104.07,INR,141,2026-08-18T10:00:00+05:30
ptm_d0521b70,poi_98ccdcef,poi_f9454648,cab,22,5.595,0.957,123.12,INR,314,2026-08-18T10:00:00+05:30
ptm_54599d7e,poi_98ccdcef,poi_01e251e5,cab,29,7.717,1.32,159.19,INR,359,2026-08-18T10:00:00+05:30
ptm_5527ff42,poi_98ccdcef,poi_9418fe97,cab,29,7.74,1.324,159.58,INR,1,2026-08-18T10:00:00+05:30
ptm_a61236ad,poi_01e251e5,poi_f08b4e0f,cab,46,13.07,2.235,250.20,INR,125,2026-08-18T10:00:00+05:30
ptm_a801c141,poi_01e251e5,poi_465030ce,cab,38,10.716,1.832,210.17,INR,183,2026-08-18T10:00:00+05:30
ptm_1f541dbe,poi_01e251e5,poi_2da4d492,cab,33,9.086,1.554,182.46,INR,152,2026-08-18T10:00:00+05:30
ptm_5e177ca1,poi_01e251e5,poi_82ff3dc4,cab,32,8.778,1.501,177.22,INR,77,2026-08-18T10:00:00+05:30
ptm_930a09e2,poi_01e251e5,poi_f6421157,walk,60,4.474,0,0.00,INR,31,2026-08-18T10:00:00+05:30
ptm_4722879a,poi_01e251e5,poi_f6421157,cab,19,4.474,0.765,104.06,INR,31,2026-08-18T10:00:00+05:30
ptm_d34ea571,poi_01e251e5,poi_d10153d7,cab,41,11.556,1.976,224.46,INR,165,2026-08-18T10:00:00+05:30
ptm_c4ea37b2,poi_01e251e5,poi_f9454648,cab,22,5.502,0.941,121.54,INR,226,2026-08-18T10:00:00+05:30
ptm_15dd9b15,poi_01e251e5,poi_98ccdcef,cab,29,7.717,1.32,159.19,INR,179,2026-08-18T10:00:00+05:30
ptm_459515af,poi_01e251e5,poi_9418fe97,walk,5,0.279,0,0.00,INR,85,2026-08-18T10:00:00+05:30
ptm_31cd8290,poi_01e251e5,poi_9418fe97,cab,5,0.279,0.048,32.74,INR,85,2026-08-18T10:00:00+05:30
ptm_3bb8ab22,poi_9418fe97,poi_f08b4e0f,cab,45,12.856,2.198,246.56,INR,126,2026-08-18T10:00:00+05:30
ptm_bc6e35c1,poi_9418fe97,poi_465030ce,cab,38,10.758,1.84,210.89,INR,185,2026-08-18T10:00:00+05:30
ptm_36ad80b8,poi_9418fe97,poi_2da4d492,cab,33,8.976,1.535,180.59,INR,153,2026-08-18T10:00:00+05:30
ptm_fc0e1ca6,poi_9418fe97,poi_82ff3dc4,cab,31,8.502,1.454,172.53,INR,76,2026-08-18T10:00:00+05:30
ptm_1f23ddf0,poi_9418fe97,poi_f6421157,walk,58,4.316,0,0.00,INR,28,2026-08-18T10:00:00+05:30
ptm_aafbc7a4,poi_9418fe97,poi_f6421157,cab,18,4.316,0.738,101.38,INR,28,2026-08-18T10:00:00+05:30
ptm_cbafae63,poi_9418fe97,poi_d10153d7,cab,41,11.509,1.968,223.66,INR,167,2026-08-18T10:00:00+05:30
ptm_cfb65562,poi_9418fe97,poi_f9454648,cab,23,5.719,0.978,125.22,INR,227,2026-08-18T10:00:00+05:30
ptm_737a376a,poi_9418fe97,poi_98ccdcef,cab,29,7.74,1.324,159.58,INR,181,2026-08-18T10:00:00+05:30
ptm_7d4cf4b9,poi_9418fe97,poi_01e251e5,walk,5,0.279,0,0.00,INR,265,2026-08-18T10:00:00+05:30
ptm_682b8c77,poi_9418fe97,poi_01e251e5,cab,5,0.279,0.048,32.74,INR,265,2026-08-18T10:00:00+05:30
ptm_a60c4576,poi_66e3b067,poi_52747f81,cab,27,7.084,1.211,148.43,INR,1,2026-08-18T10:00:00+05:30
ptm_0fbfd658,poi_66e3b067,poi_63cd6ccb,cab,52,15.122,2.586,285.07,INR,48,2026-08-18T10:00:00+05:30
ptm_00806abd,poi_66e3b067,poi_b919a3c1,cab,60,17.47,2.987,324.99,INR,40,2026-08-18T10:00:00+05:30
ptm_16dd8d7c,poi_66e3b067,poi_987e5208,cab,66,19.497,3.334,359.45,INR,52,2026-08-18T10:00:00+05:30
ptm_28fa8d22,poi_66e3b067,poi_ca7308ec,cab,37,10.367,1.773,204.24,INR,45,2026-08-18T10:00:00+05:30
ptm_af418480,poi_66e3b067,poi_8778cdc9,walk,49,3.636,0,0.00,INR,80,2026-08-18T10:00:00+05:30
ptm_1a4697f7,poi_66e3b067,poi_8778cdc9,cab,16,3.636,0.622,89.81,INR,80,2026-08-18T10:00:00+05:30
ptm_9f10c204,poi_66e3b067,poi_9ecd8f5a,cab,55,16.01,2.738,300.17,INR,61,2026-08-18T10:00:00+05:30
ptm_80392bb4,poi_66e3b067,poi_294cdf8b,cab,60,17.561,3.003,326.53,INR,51,2026-08-18T10:00:00+05:30
ptm_988a1bd5,poi_66e3b067,poi_30da8634,cab,23,5.771,0.987,126.11,INR,102,2026-08-18T10:00:00+05:30
ptm_2a4efd41,poi_52747f81,poi_66e3b067,cab,27,7.084,1.211,148.43,INR,181,2026-08-18T10:00:00+05:30
ptm_8e62c688,poi_52747f81,poi_63cd6ccb,cab,41,11.529,1.971,223.99,INR,74,2026-08-18T10:00:00+05:30
ptm_b8d5bb54,poi_52747f81,poi_b919a3c1,cab,45,12.834,2.195,246.18,INR,61,2026-08-18T10:00:00+05:30
ptm_602839ba,poi_52747f81,poi_987e5208,cab,55,16.106,2.754,301.80,INR,73,2026-08-18T10:00:00+05:30
ptm_3dbbc0b8,poi_52747f81,poi_ca7308ec,cab,27,7.263,1.242,151.47,INR,88,2026-08-18T10:00:00+05:30
ptm_3b50d173,poi_52747f81,poi_8778cdc9,cab,28,7.336,1.254,152.72,INR,151,2026-08-18T10:00:00+05:30
ptm_ac557a15,poi_52747f81,poi_9ecd8f5a,cab,49,13.973,2.389,265.54,INR,87,2026-08-18T10:00:00+05:30
ptm_4d9e99ce,poi_52747f81,poi_294cdf8b,cab,49,14.133,2.417,268.27,INR,74,2026-08-18T10:00:00+05:30
ptm_1c4c6c57,poi_52747f81,poi_30da8634,cab,36,9.995,1.709,197.91,INR,146,2026-08-18T10:00:00+05:30
ptm_cb69f564,poi_63cd6ccb,poi_66e3b067,cab,52,15.122,2.586,285.07,INR,228,2026-08-18T10:00:00+05:30
ptm_230a3012,poi_63cd6ccb,poi_52747f81,cab,41,11.529,1.971,223.99,INR,254,2026-08-18T10:00:00+05:30
ptm_cfe00f12,poi_63cd6ccb,poi_b919a3c1,walk,43,3.158,0,0.00,INR,2,2026-08-18T10:00:00+05:30
ptm_a767c1c2,poi_63cd6ccb,poi_b919a3c1,cab,14,3.158,0.54,81.68,INR,2,2026-08-18T10:00:00+05:30
ptm_af18ed15,poi_63cd6ccb,poi_987e5208,cab,19,4.597,0.786,106.15,INR,68,2026-08-18T10:00:00+05:30
ptm_0c6581fb,poi_63cd6ccb,poi_ca7308ec,cab,20,4.79,0.819,109.42,INR,233,2026-08-18T10:00:00+05:30
ptm_1bbac293,poi_63cd6ccb,poi_8778cdc9,cab,43,12.2,2.086,235.40,INR,219,2026-08-18T10:00:00+05:30
ptm_1296e278,poi_63cd6ccb,poi_9ecd8f5a,walk,51,3.779,0,0.00,INR,131,2026-08-18T10:00:00+05:30
ptm_a879e970,poi_63cd6ccb,poi_9ecd8f5a,cab,16,3.779,0.646,92.25,INR,131,2026-08-18T10:00:00+05:30
ptm_71507ab0,poi_63cd6ccb,poi_294cdf8b,walk,36,2.61,0,0.00,INR,70,2026-08-18T10:00:00+05:30
ptm_b37f842a,poi_63cd6ccb,poi_294cdf8b,cab,13,2.61,0.446,72.38,INR,70,2026-08-18T10:00:00+05:30
ptm_0e3e3cda,poi_63cd6ccb,poi_30da8634,cab,45,12.674,2.167,243.46,INR,206,2026-08-18T10:00:00+05:30
ptm_9c9879ca,poi_b919a3c1,poi_66e3b067,cab,60,17.47,2.987,324.99,INR,220,2026-08-18T10:00:00+05:30
ptm_b3623c22,poi_b919a3c1,poi_52747f81,cab,45,12.834,2.195,246.18,INR,241,2026-08-18T10:00:00+05:30
ptm_df8ac1f8,poi_b919a3c1,poi_63cd6ccb,walk,43,3.158,0,0.00,INR,182,2026-08-18T10:00:00+05:30
ptm_8875ea0a,poi_b919a3c1,poi_63cd6ccb,cab,14,3.158,0.54,81.68,INR,182,2026-08-18T10:00:00+05:30
ptm_49042f8c,poi_b919a3c1,poi_987e5208,walk,59,4.403,0,0.00,INR,109,2026-08-18T10:00:00+05:30
ptm_edfb2a2e,poi_b919a3c1,poi_987e5208,cab,18,4.403,0.753,102.85,INR,109,2026-08-18T10:00:00+05:30
ptm_afbfb90a,poi_b919a3c1,poi_ca7308ec,cab,27,7.192,1.23,150.26,INR,213,2026-08-18T10:00:00+05:30
ptm_30f9393c,poi_b919a3c1,poi_8778cdc9,cab,51,14.853,2.54,280.50,INR,211,2026-08-18T10:00:00+05:30
ptm_c4838b26,poi_b919a3c1,poi_9ecd8f5a,cab,24,6.269,1.072,134.58,INR,154,2026-08-18T10:00:00+05:30
ptm_dbbd2ed0,poi_b919a3c1,poi_294cdf8b,walk,44,3.273,0,0.00,INR,134,2026-08-18T10:00:00+05:30
ptm_b6f958f1,poi_b919a3c1,poi_294cdf8b,cab,15,3.273,0.56,83.64,INR,134,2026-08-18T10:00:00+05:30
ptm_52a78549,poi_b919a3c1,poi_30da8634,cab,54,15.611,2.669,293.38,INR,201,2026-08-18T10:00:00+05:30
ptm_0314c59f,poi_987e5208,poi_66e3b067,cab,66,19.497,3.334,359.45,INR,232,2026-08-18T10:00:00+05:30
ptm_fd2e8823,poi_987e5208,poi_52747f81,cab,55,16.106,2.754,301.80,INR,253,2026-08-18T10:00:00+05:30
ptm_abb4ee19,poi_987e5208,poi_63cd6ccb,cab,19,4.597,0.786,106.15,INR,248,2026-08-18T10:00:00+05:30
ptm_d3d2b7d4,poi_987e5208,poi_b919a3c1,walk,59,4.403,0,0.00,INR,289,2026-08-18T10:00:00+05:30
ptm_55cfe482,poi_987e5208,poi_b919a3c1,cab,18,4.403,0.753,102.85,INR,289,2026-08-18T10:00:00+05:30
ptm_c57baffd,poi_987e5208,poi_ca7308ec,cab,34,9.31,1.592,186.28,INR,241,2026-08-18T10:00:00+05:30
ptm_651fff29,poi_987e5208,poi_8778cdc9,cab,56,16.358,2.797,306.09,INR,227,2026-08-18T10:00:00+05:30
ptm_8468e87f,poi_987e5208,poi_9ecd8f5a,walk,59,4.426,0,0.00,INR,199,2026-08-18T10:00:00+05:30
ptm_544dd3f2,poi_987e5208,poi_9ecd8f5a,cab,18,4.426,0.757,103.24,INR,199,2026-08-18T10:00:00+05:30
ptm_e1b4d411,poi_987e5208,poi_294cdf8b,walk,27,1.991,0,0.00,INR,245,2026-08-18T10:00:00+05:30
ptm_93b42854,poi_987e5208,poi_294cdf8b,cab,11,1.991,0.34,61.85,INR,245,2026-08-18T10:00:00+05:30
ptm_70518898,poi_987e5208,poi_30da8634,cab,56,16.376,2.8,306.39,INR,217,2026-08-18T10:00:00+05:30
ptm_3b595de5,poi_ca7308ec,poi_66e3b067,cab,37,10.367,1.773,204.24,INR,225,2026-08-18T10:00:00+05:30
ptm_9dc2e1d7,poi_ca7308ec,poi_52747f81,cab,27,7.263,1.242,151.47,INR,268,2026-08-18T10:00:00+05:30
ptm_e23e53b2,poi_ca7308ec,poi_63cd6ccb,cab,20,4.79,0.819,109.42,INR,53,2026-08-18T10:00:00+05:30
ptm_3800e664,poi_ca7308ec,poi_b919a3c1,cab,27,7.192,1.23,150.26,INR,33,2026-08-18T10:00:00+05:30
ptm_54e44524,poi_ca7308ec,poi_987e5208,cab,34,9.31,1.592,186.28,INR,61,2026-08-18T10:00:00+05:30
ptm_c01caae6,poi_ca7308ec,poi_8778cdc9,cab,29,7.67,1.312,158.40,INR,209,2026-08-18T10:00:00+05:30
ptm_03d55899,poi_ca7308ec,poi_9ecd8f5a,cab,26,6.711,1.148,142.09,INR,87,2026-08-18T10:00:00+05:30
ptm_414592b8,poi_ca7308ec,poi_294cdf8b,cab,28,7.327,1.253,152.56,INR,59,2026-08-18T10:00:00+05:30
ptm_179c662d,poi_ca7308ec,poi_30da8634,cab,32,8.711,1.49,176.09,INR,191,2026-08-18T10:00:00+05:30
ptm_2996e797,poi_8778cdc9,poi_66e3b067,walk,49,3.636,0,0.00,INR,260,2026-08-18T10:00:00+05:30
ptm_082b3e11,poi_8778cdc9,poi_66e3b067,cab,16,3.636,0.622,89.81,INR,260,2026-08-18T10:00:00+05:30
ptm_5ece6cbf,poi_8778cdc9,poi_52747f81,cab,28,7.336,1.254,152.72,INR,331,2026-08-18T10:00:00+05:30
ptm_a00711a1,poi_8778cdc9,poi_63cd6ccb,cab,43,12.2,2.086,235.40,INR,39,2026-08-18T10:00:00+05:30
ptm_38d0f0ef,poi_8778cdc9,poi_b919a3c1,cab,51,14.853,2.54,280.50,INR,31,2026-08-18T10:00:00+05:30
ptm_76d5ab32,poi_8778cdc9,poi_987e5208,cab,56,16.358,2.797,306.09,INR,47,2026-08-18T10:00:00+05:30
ptm_aec0cd9c,poi_8778cdc9,poi_ca7308ec,cab,29,7.67,1.312,158.40,INR,29,2026-08-18T10:00:00+05:30
ptm_6723bd74,poi_8778cdc9,poi_9ecd8f5a,cab,44,12.619,2.158,242.52,INR,56,2026-08-18T10:00:00+05:30
ptm_0d6ad278,poi_8778cdc9,poi_294cdf8b,cab,50,14.486,2.477,274.26,INR,44,2026-08-18T10:00:00+05:30
ptm_450ecb6c,poi_8778cdc9,poi_30da8634,walk,38,2.774,0,0.00,INR,132,2026-08-18T10:00:00+05:30
ptm_afe02913,poi_8778cdc9,poi_30da8634,cab,13,2.774,0.474,75.17,INR,132,2026-08-18T10:00:00+05:30
ptm_25137c24,poi_9ecd8f5a,poi_66e3b067,cab,55,16.01,2.738,300.17,INR,241,2026-08-18T10:00:00+05:30
ptm_c9f53299,poi_9ecd8f5a,poi_52747f81,cab,49,13.973,2.389,265.54,INR,267,2026-08-18T10:00:00+05:30
ptm_b888639a,poi_9ecd8f5a,poi_63cd6ccb,walk,51,3.779,0,0.00,INR,311,2026-08-18T10:00:00+05:30
ptm_91f4a63a,poi_9ecd8f5a,poi_63cd6ccb,cab,16,3.779,0.646,92.25,INR,311,2026-08-18T10:00:00+05:30
ptm_48049781,poi_9ecd8f5a,poi_b919a3c1,cab,24,6.269,1.072,134.58,INR,334,2026-08-18T10:00:00+05:30
ptm_a57324cd,poi_9ecd8f5a,poi_987e5208,walk,59,4.426,0,0.00,INR,19,2026-08-18T10:00:00+05:30
ptm_074d3790,poi_9ecd8f5a,poi_987e5208,cab,18,4.426,0.757,103.24,INR,19,2026-08-18T10:00:00+05:30
ptm_d732a820,poi_9ecd8f5a,poi_ca7308ec,cab,26,6.711,1.148,142.09,INR,267,2026-08-18T10:00:00+05:30
ptm_a5198276,poi_9ecd8f5a,poi_8778cdc9,cab,44,12.619,2.158,242.52,INR,236,2026-08-18T10:00:00+05:30
ptm_9446a8e3,poi_9ecd8f5a,poi_294cdf8b,walk,46,3.383,0,0.00,INR,353,2026-08-18T10:00:00+05:30
ptm_c998645b,poi_9ecd8f5a,poi_294cdf8b,cab,15,3.383,0.578,85.51,INR,353,2026-08-18T10:00:00+05:30
ptm_fca4b6db,poi_9ecd8f5a,poi_30da8634,cab,43,12.25,2.095,236.24,INR,223,2026-08-18T10:00:00+05:30
ptm_0a22c317,poi_294cdf8b,poi_66e3b067,cab,60,17.561,3.003,326.53,INR,231,2026-08-18T10:00:00+05:30
ptm_2f84ec93,poi_294cdf8b,poi_52747f81,cab,49,14.133,2.417,268.27,INR,254,2026-08-18T10:00:00+05:30
ptm_3d4734f8,poi_294cdf8b,poi_63cd6ccb,walk,36,2.61,0,0.00,INR,250,2026-08-18T10:00:00+05:30
ptm_ffc4afc7,poi_294cdf8b,poi_63cd6ccb,cab,13,2.61,0.446,72.38,INR,250,2026-08-18T10:00:00+05:30
ptm_91ef340f,poi_294cdf8b,poi_b919a3c1,walk,44,3.273,0,0.00,INR,314,2026-08-18T10:00:00+05:30
ptm_370aeb7f,poi_294cdf8b,poi_b919a3c1,cab,15,3.273,0.56,83.64,INR,314,2026-08-18T10:00:00+05:30
ptm_cbdf2f69,poi_294cdf8b,poi_987e5208,walk,27,1.991,0,0.00,INR,65,2026-08-18T10:00:00+05:30
ptm_5796c969,poi_294cdf8b,poi_987e5208,cab,11,1.991,0.34,61.85,INR,65,2026-08-18T10:00:00+05:30
ptm_7853c708,poi_294cdf8b,poi_ca7308ec,cab,28,7.327,1.253,152.56,INR,239,2026-08-18T10:00:00+05:30
ptm_e50a5b4a,poi_294cdf8b,poi_8778cdc9,cab,50,14.486,2.477,274.26,INR,224,2026-08-18T10:00:00+05:30
ptm_d1d44384,poi_294cdf8b,poi_9ecd8f5a,walk,46,3.383,0,0.00,INR,173,2026-08-18T10:00:00+05:30
ptm_94cc50f7,poi_294cdf8b,poi_9ecd8f5a,cab,15,3.383,0.578,85.51,INR,173,2026-08-18T10:00:00+05:30
ptm_93099e7e,poi_294cdf8b,poi_30da8634,cab,51,14.655,2.506,277.14,INR,213,2026-08-18T10:00:00+05:30
ptm_fdc1dde6,poi_30da8634,poi_66e3b067,cab,23,5.771,0.987,126.11,INR,282,2026-08-18T10:00:00+05:30
ptm_c2e9c6cb,poi_30da8634,poi_52747f81,cab,36,9.995,1.709,197.91,INR,326,2026-08-18T10:00:00+05:30
ptm_4f014382,poi_30da8634,poi_63cd6ccb,cab,45,12.674,2.167,243.46,INR,26,2026-08-18T10:00:00+05:30
ptm_701d0885,poi_30da8634,poi_b919a3c1,cab,54,15.611,2.669,293.38,INR,21,2026-08-18T10:00:00+05:30
ptm_7cba3a9c,poi_30da8634,poi_987e5208,cab,56,16.376,2.8,306.39,INR,37,2026-08-18T10:00:00+05:30
ptm_68bd5fc3,poi_30da8634,poi_ca7308ec,cab,32,8.711,1.49,176.09,INR,11,2026-08-18T10:00:00+05:30
ptm_bd065d50,poi_30da8634,poi_8778cdc9,walk,38,2.774,0,0.00,INR,312,2026-08-18T10:00:00+05:30
ptm_d58ceaa8,poi_30da8634,poi_8778cdc9,cab,13,2.774,0.474,75.17,INR,312,2026-08-18T10:00:00+05:30
ptm_1830f456,poi_30da8634,poi_9ecd8f5a,cab,43,12.25,2.095,236.24,INR,43,2026-08-18T10:00:00+05:30
ptm_967f69f9,poi_30da8634,poi_294cdf8b,cab,51,14.655,2.506,277.14,INR,33,2026-08-18T10:00:00+05:30
ptm_77c861c6,poi_7487db98,poi_5aecab7a,cab,31,8.456,1.446,171.76,INR,349,2026-08-18T10:00:00+05:30
ptm_149361eb,poi_7487db98,poi_4eae57a0,cab,20,4.986,0.853,112.76,INR,97,2026-08-18T10:00:00+05:30
ptm_d780656e,poi_7487db98,poi_dc06d66e,cab,25,6.372,1.09,136.32,INR,340,2026-08-18T10:00:00+05:30
ptm_caeced01,poi_7487db98,poi_bff432a9,cab,29,7.686,1.314,158.67,INR,136,2026-08-18T10:00:00+05:30
ptm_1b0b5985,poi_7487db98,poi_5f60fb6e,cab,36,10.03,1.715,198.51,INR,325,2026-08-18T10:00:00+05:30
ptm_c9979197,poi_7487db98,poi_3ce3c3f2,cab,23,5.876,1.005,127.89,INR,150,2026-08-18T10:00:00+05:30
ptm_a8851987,poi_7487db98,poi_b72516ce,walk,39,2.91,0,0.00,INR,351,2026-08-18T10:00:00+05:30
ptm_990d2a89,poi_7487db98,poi_b72516ce,cab,14,2.91,0.498,77.48,INR,351,2026-08-18T10:00:00+05:30
ptm_56562205,poi_7487db98,poi_cc47d60b,cab,27,7.091,1.213,148.55,INR,49,2026-08-18T10:00:00+05:30
ptm_e761a30c,poi_7487db98,poi_0c725142,cab,34,9.189,1.571,184.21,INR,117,2026-08-18T10:00:00+05:30
ptm_8b10808c,poi_5aecab7a,poi_7487db98,cab,31,8.456,1.446,171.76,INR,169,2026-08-18T10:00:00+05:30
ptm_8f2eeb87,poi_5aecab7a,poi_4eae57a0,cab,39,11.051,1.89,215.86,INR,144,2026-08-18T10:00:00+05:30
ptm_ceafe2f9,poi_5aecab7a,poi_dc06d66e,walk,33,2.405,0,0.00,INR,195,2026-08-18T10:00:00+05:30
ptm_950b8d82,poi_5aecab7a,poi_dc06d66e,cab,12,2.405,0.411,68.88,INR,195,2026-08-18T10:00:00+05:30
ptm_721e3a6e,poi_5aecab7a,poi_bff432a9,cab,53,15.471,2.645,291.00,INR,153,2026-08-18T10:00:00+05:30
ptm_21c20b0d,poi_5aecab7a,poi_5f60fb6e,walk,55,4.109,0,0.00,INR,269,2026-08-18T10:00:00+05:30
ptm_7317cb40,poi_5aecab7a,poi_5f60fb6e,cab,17,4.109,0.703,97.85,INR,269,2026-08-18T10:00:00+05:30
ptm_72c0c622,poi_5aecab7a,poi_3ce3c3f2,cab,49,14.132,2.417,268.24,INR,161,2026-08-18T10:00:00+05:30
ptm_b6f09a38,poi_5aecab7a,poi_b72516ce,cab,22,5.548,0.949,122.31,INR,168,2026-08-18T10:00:00+05:30
ptm_ba5bd3b5,poi_5aecab7a,poi_cc47d60b,cab,29,7.86,1.344,161.62,INR,118,2026-08-18T10:00:00+05:30
ptm_f603b6df,poi_5aecab7a,poi_0c725142,cab,55,15.878,2.715,297.92,INR,142,2026-08-18T10:00:00+05:30
ptm_5986d35d,poi_4eae57a0,poi_7487db98,cab,20,4.986,0.853,112.76,INR,277,2026-08-18T10:00:00+05:30
ptm_c5cecc9f,poi_4eae57a0,poi_5aecab7a,cab,39,11.051,1.89,215.86,INR,324,2026-08-18T10:00:00+05:30
ptm_57dee259,poi_4eae57a0,poi_dc06d66e,cab,35,9.719,1.662,193.22,INR,313,2026-08-18T10:00:00+05:30
ptm_21781144,poi_4eae57a0,poi_bff432a9,cab,20,4.937,0.844,111.92,INR,175,2026-08-18T10:00:00+05:30
ptm_e07e2842,poi_4eae57a0,poi_5f60fb6e,cab,48,13.85,2.368,263.45,INR,310,2026-08-18T10:00:00+05:30
ptm_6824e3be,poi_4eae57a0,poi_3ce3c3f2,cab,20,4.887,0.836,111.09,INR,204,2026-08-18T10:00:00+05:30
ptm_da6e8b4c,poi_4eae57a0,poi_b72516ce,cab,25,6.431,1.1,137.34,INR,303,2026-08-18T10:00:00+05:30
ptm_e015b375,poi_4eae57a0,poi_cc47d60b,cab,21,5.259,0.899,117.40,INR,4,2026-08-18T10:00:00+05:30
ptm_97c6d1a3,poi_4eae57a0,poi_0c725142,cab,20,4.841,0.828,110.30,INR,138,2026-08-18T10:00:00+05:30
ptm_e0076612,poi_dc06d66e,poi_7487db98,cab,25,6.372,1.09,136.32,INR,160,2026-08-18T10:00:00+05:30
ptm_2b2dab62,poi_dc06d66e,poi_5aecab7a,walk,33,2.405,0,0.00,INR,15,2026-08-18T10:00:00+05:30
ptm_f633ea8f,poi_dc06d66e,poi_5aecab7a,cab,12,2.405,0.411,68.88,INR,15,2026-08-18T10:00:00+05:30
ptm_97a033da,poi_dc06d66e,poi_4eae57a0,cab,35,9.719,1.662,193.22,INR,132,2026-08-18T10:00:00+05:30
ptm_77528709,poi_dc06d66e,poi_bff432a9,cab,48,13.758,2.353,261.88,INR,147,2026-08-18T10:00:00+05:30
ptm_18c72b83,poi_dc06d66e,poi_5f60fb6e,walk,56,4.172,0,0.00,INR,303,2026-08-18T10:00:00+05:30
ptm_ca1de68c,poi_dc06d66e,poi_5f60fb6e,cab,18,4.172,0.713,98.92,INR,303,2026-08-18T10:00:00+05:30
ptm_c326a58c,poi_dc06d66e,poi_3ce3c3f2,cab,43,12.2,2.086,235.40,INR,155,2026-08-18T10:00:00+05:30
ptm_91e5a0a4,poi_dc06d66e,poi_b72516ce,walk,48,3.56,0,0.00,INR,151,2026-08-18T10:00:00+05:30
ptm_ecc962c9,poi_dc06d66e,poi_b72516ce,cab,16,3.56,0.609,88.52,INR,151,2026-08-18T10:00:00+05:30
ptm_5ad52d6d,poi_dc06d66e,poi_cc47d60b,cab,29,7.682,1.314,158.59,INR,100,2026-08-18T10:00:00+05:30
ptm_110cae87,poi_dc06d66e,poi_0c725142,cab,50,14.543,2.487,275.24,INR,134,2026-08-18T10:00:00+05:30
ptm_dac6e05e,poi_bff432a9,poi_7487db98,cab,29,7.686,1.314,158.67,INR,316,2026-08-18T10:00:00+05:30
ptm_5fbc2944,poi_bff432a9,poi_5aecab7a,cab,53,15.471,2.645,291.00,INR,333,2026-08-18T10:00:00+05:30
ptm_a5f383a7,poi_bff432a9,poi_4eae57a0,cab,20,4.937,0.844,111.92,INR,355,2026-08-18T10:00:00+05:30
ptm_11e4f5c3,poi_bff432a9,poi_dc06d66e,cab,48,13.758,2.353,261.88,INR,327,2026-08-18T10:00:00+05:30
ptm_9212d5cb,poi_bff432a9,poi_5f60fb6e,cab,60,17.657,3.019,328.18,INR,321,2026-08-18T10:00:00+05:30
ptm_d531bb30,poi_bff432a9,poi_3ce3c3f2,walk,33,2.419,0,0.00,INR,281,2026-08-18T10:00:00+05:30
ptm_b9297bb6,poi_bff432a9,poi_3ce3c3f2,cab,12,2.419,0.414,69.13,INR,281,2026-08-18T10:00:00+05:30
ptm_2fcead04,poi_bff432a9,poi_b72516ce,cab,37,10.209,1.746,201.56,INR,325,2026-08-18T10:00:00+05:30
ptm_323f6a79,poi_bff432a9,poi_cc47d60b,cab,37,10.163,1.738,200.77,INR,360,2026-08-18T10:00:00+05:30
ptm_e9e3f900,poi_bff432a9,poi_0c725142,walk,42,3.097,0,0.00,INR,65,2026-08-18T10:00:00+05:30
ptm_ee4eb9b6,poi_bff432a9,poi_0c725142,cab,14,3.097,0.53,80.65,INR,65,2026-08-18T10:00:00+05:30
ptm_3c34bde0,poi_5f60fb6e,poi_7487db98,cab,36,10.03,1.715,198.51,INR,145,2026-08-18T10:00:00+05:30
ptm_13ea85dc,poi_5f60fb6e,poi_5aecab7a,walk,55,4.109,0,0.00,INR,89,2026-08-18T10:00:00+05:30
ptm_a579a2c4,poi_5f60fb6e,poi_5aecab7a,cab,17,4.109,0.703,97.85,INR,89,2026-08-18T10:00:00+05:30
ptm_b6f3e651,poi_5f60fb6e,poi_4eae57a0,cab,48,13.85,2.368,263.45,INR,130,2026-08-18T10:00:00+05:30
ptm_e41d7d2d,poi_5f60fb6e,poi_dc06d66e,walk,56,4.172,0,0.00,INR,123,2026-08-18T10:00:00+05:30
ptm_7ad8ec0e,poi_5f60fb6e,poi_dc06d66e,cab,18,4.172,0.713,98.92,INR,123,2026-08-18T10:00:00+05:30
ptm_16692014,poi_5f60fb6e,poi_bff432a9,cab,60,17.657,3.019,328.18,INR,141,2026-08-18T10:00:00+05:30
ptm_c17cfc29,poi_5f60fb6e,poi_3ce3c3f2,cab,55,15.896,2.718,298.23,INR,147,2026-08-18T10:00:00+05:30
ptm_18bf7ded,poi_5f60fb6e,poi_b72516ce,cab,28,7.508,1.284,155.64,INR,136,2026-08-18T10:00:00+05:30
ptm_675cd696,poi_5f60fb6e,poi_cc47d60b,cab,41,11.637,1.99,225.83,INR,108,2026-08-18T10:00:00+05:30
ptm_988948b6,poi_5f60fb6e,poi_0c725142,cab,63,18.649,3.189,345.04,INR,132,2026-08-18T10:00:00+05:30
ptm_30e86681,poi_3ce3c3f2,poi_7487db98,cab,23,5.876,1.005,127.89,INR,330,2026-08-18T10:00:00+05:30
ptm_46c12b43,poi_3ce3c3f2,poi_5aecab7a,cab,49,14.132,2.417,268.24,INR,341,2026-08-18T10:00:00+05:30
ptm_309d241e,poi_3ce3c3f2,poi_4eae57a0,cab,20,4.887,0.836,111.09,INR,24,2026-08-18T10:00:00+05:30
ptm_8d2ae178,poi_3ce3c3f2,poi_dc06d66e,cab,43,12.2,2.086,235.40,INR,335,2026-08-18T10:00:00+05:30
ptm_e05918cf,poi_3ce3c3f2,poi_bff432a9,walk,33,2.419,0,0.00,INR,101,2026-08-18T10:00:00+05:30
ptm_20cb1bf6,poi_3ce3c3f2,poi_bff432a9,cab,12,2.419,0.414,69.13,INR,101,2026-08-18T10:00:00+05:30
ptm_0beadaa3,poi_3ce3c3f2,poi_5f60fb6e,cab,55,15.896,2.718,298.23,INR,327,2026-08-18T10:00:00+05:30
ptm_b568de60,poi_3ce3c3f2,poi_b72516ce,cab,32,8.653,1.48,175.11,INR,337,2026-08-18T10:00:00+05:30
ptm_a3f7ca03,poi_3ce3c3f2,poi_cc47d60b,cab,36,10.001,1.71,198.02,INR,14,2026-08-18T10:00:00+05:30
ptm_9088ec2d,poi_3ce3c3f2,poi_0c725142,cab,21,5.258,0.899,117.38,INR,81,2026-08-18T10:00:00+05:30
ptm_0d3fcaeb,poi_b72516ce,poi_7487db98,walk,39,2.91,0,0.00,INR,171,2026-08-18T10:00:00+05:30
ptm_e5e2ade1,poi_b72516ce,poi_7487db98,cab,14,2.91,0.498,77.48,INR,171,2026-08-18T10:00:00+05:30
ptm_b180e264,poi_b72516ce,poi_5aecab7a,cab,22,5.548,0.949,122.31,INR,348,2026-08-18T10:00:00+05:30
ptm_bed5f5dd,poi_b72516ce,poi_4eae57a0,cab,25,6.431,1.1,137.34,INR,123,2026-08-18T10:00:00+05:30
ptm_a5bafa96,poi_b72516ce,poi_dc06d66e,walk,48,3.56,0,0.00,INR,331,2026-08-18T10:00:00+05:30
ptm_8e50ee3f,poi_b72516ce,poi_dc06d66e,cab,16,3.56,0.609,88.52,INR,331,2026-08-18T10:00:00+05:30
ptm_057c026a,poi_b72516ce,poi_bff432a9,cab,37,10.209,1.746,201.56,INR,145,2026-08-18T10:00:00+05:30
ptm_7d5e0f8e,poi_b72516ce,poi_5f60fb6e,cab,28,7.508,1.284,155.64,INR,316,2026-08-18T10:00:00+05:30
ptm_931d173f,poi_b72516ce,poi_3ce3c3f2,cab,32,8.653,1.48,175.11,INR,157,2026-08-18T10:00:00+05:30
ptm_49fae879,poi_b72516ce,poi_cc47d60b,cab,24,6.086,1.041,131.47,INR,73,2026-08-18T10:00:00+05:30
ptm_d4558a38,poi_b72516ce,poi_0c725142,cab,40,11.168,1.91,217.86,INR,129,2026-08-18T10:00:00+05:30
ptm_73b438cf,poi_cc47d60b,poi_7487db98,cab,27,7.091,1.213,148.55,INR,229,2026-08-18T10:00:00+05:30
ptm_1d605492,poi_cc47d60b,poi_5aecab7a,cab,29,7.86,1.344,161.62,INR,298,2026-08-18T10:00:00+05:30
ptm_5b418d40,poi_cc47d60b,poi_4eae57a0,cab,21,5.259,0.899,117.40,INR,184,2026-08-18T10:00:00+05:30
ptm_84c945be,poi_cc47d60b,poi_dc06d66e,cab,29,7.682,1.314,158.59,INR,280,2026-08-18T10:00:00+05:30
ptm_576ebb66,poi_cc47d60b,poi_bff432a9,cab,37,10.163,1.738,200.77,INR,180,2026-08-18T10:00:00+05:30
ptm_02f7b135,poi_cc47d60b,poi_5f60fb6e,cab,41,11.637,1.99,225.83,INR,288,2026-08-18T10:00:00+05:30
ptm_27ff5dac,poi_cc47d60b,poi_3ce3c3f2,cab,36,10.001,1.71,198.02,INR,194,2026-08-18T10:00:00+05:30
ptm_a91a44f1,poi_cc47d60b,poi_b72516ce,cab,24,6.086,1.041,131.47,INR,253,2026-08-18T10:00:00+05:30
ptm_0694f8cb,poi_cc47d60b,poi_0c725142,cab,34,9.298,1.59,186.06,INR,162,2026-08-18T10:00:00+05:30
ptm_65d722fa,poi_0c725142,poi_7487db98,cab,34,9.189,1.571,184.21,INR,297,2026-08-18T10:00:00+05:30
ptm_4a42562c,poi_0c725142,poi_5aecab7a,cab,55,15.878,2.715,297.92,INR,322,2026-08-18T10:00:00+05:30
ptm_34d75ae2,poi_0c725142,poi_4eae57a0,cab,20,4.841,0.828,110.30,INR,318,2026-08-18T10:00:00+05:30
ptm_7bb85b2c,poi_0c725142,poi_dc06d66e,cab,50,14.543,2.487,275.24,INR,314,2026-08-18T10:00:00+05:30
ptm_5feca20a,poi_0c725142,poi_bff432a9,walk,42,3.097,0,0.00,INR,245,2026-08-18T10:00:00+05:30
ptm_a942af82,poi_0c725142,poi_bff432a9,cab,14,3.097,0.53,80.65,INR,245,2026-08-18T10:00:00+05:30
ptm_f2da6845,poi_0c725142,poi_5f60fb6e,cab,63,18.649,3.189,345.04,INR,312,2026-08-18T10:00:00+05:30
ptm_fa0e73ca,poi_0c725142,poi_3ce3c3f2,cab,21,5.258,0.899,117.38,INR,261,2026-08-18T10:00:00+05:30
ptm_43b9feff,poi_0c725142,poi_b72516ce,cab,40,11.168,1.91,217.86,INR,309,2026-08-18T10:00:00+05:30
ptm_14467989,poi_0c725142,poi_cc47d60b,cab,34,9.298,1.59,186.06,INR,342,2026-08-18T10:00:00+05:30
ptm_b5da614c,poi_2b595469,poi_101f364b,walk,44,3.29,0,0.00,INR,81,2026-08-18T10:00:00+05:30
ptm_78dbb751,poi_2b595469,poi_101f364b,cab,15,3.29,0.563,83.94,INR,81,2026-08-18T10:00:00+05:30
ptm_2f131a0b,poi_2b595469,poi_aa78ea49,cab,23,5.778,0.988,126.22,INR,66,2026-08-18T10:00:00+05:30
ptm_08eb0809,poi_2b595469,poi_c102d66f,cab,30,8.036,1.374,164.61,INR,314,2026-08-18T10:00:00+05:30
ptm_04bfef78,poi_2b595469,poi_7dcd447d,cab,20,4.987,0.853,112.78,INR,322,2026-08-18T10:00:00+05:30
ptm_533f6f45,poi_2b595469,poi_c00a070e,cab,27,7.281,1.245,151.78,INR,18,2026-08-18T10:00:00+05:30
ptm_626d436b,poi_2b595469,poi_003678b5,cab,24,6.265,1.071,134.50,INR,106,2026-08-18T10:00:00+05:30
ptm_f9d84af3,poi_2b595469,poi_28dc076c,cab,32,8.66,1.481,175.22,INR,93,2026-08-18T10:00:00+05:30
ptm_a77af67b,poi_2b595469,poi_a94aa23b,walk,42,3.092,0,0.00,INR,33,2026-08-18T10:00:00+05:30
ptm_f9b72cbc,poi_2b595469,poi_a94aa23b,cab,14,3.092,0.529,80.56,INR,33,2026-08-18T10:00:00+05:30
ptm_40bd2f0a,poi_2b595469,poi_0ca3ad9b,cab,24,6.255,1.07,134.33,INR,303,2026-08-18T10:00:00+05:30
ptm_76d78661,poi_101f364b,poi_2b595469,walk,44,3.29,0,0.00,INR,261,2026-08-18T10:00:00+05:30
ptm_f76c90fb,poi_101f364b,poi_2b595469,cab,15,3.29,0.563,83.94,INR,261,2026-08-18T10:00:00+05:30
ptm_0d2ae731,poi_101f364b,poi_aa78ea49,walk,37,2.727,0,0.00,INR,48,2026-08-18T10:00:00+05:30
ptm_d6042c22,poi_101f364b,poi_aa78ea49,cab,13,2.727,0.466,74.36,INR,48,2026-08-18T10:00:00+05:30
ptm_52d04db4,poi_101f364b,poi_c102d66f,cab,37,10.341,1.768,203.80,INR,300,2026-08-18T10:00:00+05:30
ptm_a16226d3,poi_101f364b,poi_7dcd447d,cab,27,7.179,1.228,150.04,INR,299,2026-08-18T10:00:00+05:30
ptm_8a56a018,poi_101f364b,poi_c00a070e,cab,25,6.472,1.107,138.02,INR,351,2026-08-18T10:00:00+05:30
ptm_f8404409,poi_101f364b,poi_003678b5,walk,48,3.578,0,0.00,INR,129,2026-08-18T10:00:00+05:30
ptm_bf6c0d2f,poi_101f364b,poi_003678b5,cab,16,3.578,0.612,88.83,INR,129,2026-08-18T10:00:00+05:30
ptm_dd87ceb4,poi_101f364b,poi_28dc076c,cab,22,5.492,0.939,121.36,INR,101,2026-08-18T10:00:00+05:30
ptm_c40286df,poi_101f364b,poi_a94aa23b,walk,35,2.594,0,0.00,INR,323,2026-08-18T10:00:00+05:30
ptm_109a21c7,poi_101f364b,poi_a94aa23b,cab,13,2.594,0.444,72.09,INR,323,2026-08-18T10:00:00+05:30
ptm_cfe7f23a,poi_101f364b,poi_0ca3ad9b,cab,33,8.981,1.536,180.67,INR,289,2026-08-18T10:00:00+05:30
ptm_923b0281,poi_aa78ea49,poi_2b595469,cab,23,5.778,0.988,126.22,INR,246,2026-08-18T10:00:00+05:30
ptm_45d2cce5,poi_aa78ea49,poi_101f364b,walk,37,2.727,0,0.00,INR,228,2026-08-18T10:00:00+05:30
ptm_eaad3f9c,poi_aa78ea49,poi_101f364b,cab,13,2.727,0.466,74.36,INR,228,2026-08-18T10:00:00+05:30
ptm_4e844d24,poi_aa78ea49,poi_c102d66f,cab,41,11.513,1.969,223.72,INR,287,2026-08-18T10:00:00+05:30
ptm_30b91b38,poi_aa78ea49,poi_7dcd447d,cab,31,8.504,1.454,172.57,INR,281,2026-08-18T10:00:00+05:30
ptm_d1c9976e,poi_aa78ea49,poi_c00a070e,cab,22,5.485,0.938,121.25,INR,327,2026-08-18T10:00:00+05:30
ptm_bc73a00d,poi_aa78ea49,poi_003678b5,walk,56,4.147,0,0.00,INR,170,2026-08-18T10:00:00+05:30
ptm_0e01635f,poi_aa78ea49,poi_003678b5,cab,18,4.147,0.709,98.51,INR,170,2026-08-18T10:00:00+05:30
ptm_abc57a44,poi_aa78ea49,poi_28dc076c,walk,59,4.395,0,0.00,INR,130,2026-08-18T10:00:00+05:30
ptm_f9afd785,poi_aa78ea49,poi_28dc076c,cab,18,4.395,0.752,102.71,INR,130,2026-08-18T10:00:00+05:30
ptm_7310d42b,poi_aa78ea49,poi_a94aa23b,walk,49,3.607,0,0.00,INR,274,2026-08-18T10:00:00+05:30
ptm_84b5879a,poi_aa78ea49,poi_a94aa23b,cab,16,3.607,0.617,89.32,INR,274,2026-08-18T10:00:00+05:30
ptm_7b66a237,poi_aa78ea49,poi_0ca3ad9b,cab,38,10.603,1.813,208.24,INR,276,2026-08-18T10:00:00+05:30
ptm_7ab146dd,poi_c102d66f,poi_2b595469,cab,30,8.036,1.374,164.61,INR,134,2026-08-18T10:00:00+05:30
ptm_8b4e736b,poi_c102d66f,poi_101f364b,cab,37,10.341,1.768,203.80,INR,120,2026-08-18T10:00:00+05:30
ptm_341dc93e,poi_c102d66f,poi_aa78ea49,cab,41,11.513,1.969,223.72,INR,107,2026-08-18T10:00:00+05:30
ptm_0a31dc52,poi_c102d66f,poi_7dcd447d,walk,43,3.166,0,0.00,INR,122,2026-08-18T10:00:00+05:30
ptm_70656a41,poi_c102d66f,poi_7dcd447d,cab,14,3.166,0.541,81.83,INR,122,2026-08-18T10:00:00+05:30
ptm_1657ab93,poi_c102d66f,poi_c00a070e,cab,30,8.129,1.39,166.18,INR,81,2026-08-18T10:00:00+05:30
ptm_01adaa66,poi_c102d66f,poi_003678b5,cab,48,13.88,2.373,263.96,INR,122,2026-08-18T10:00:00+05:30
ptm_bdda5446,poi_c102d66f,poi_28dc076c,cab,54,15.64,2.674,293.88,INR,113,2026-08-18T10:00:00+05:30
ptm_4acf58cf,poi_c102d66f,poi_a94aa23b,cab,30,8.029,1.373,164.49,INR,112,2026-08-18T10:00:00+05:30
ptm_096b5f0b,poi_c102d66f,poi_0ca3ad9b,walk,31,2.29,0,0.00,INR,168,2026-08-18T10:00:00+05:30
ptm_073c402b,poi_c102d66f,poi_0ca3ad9b,cab,12,2.29,0.392,66.94,INR,168,2026-08-18T10:00:00+05:30
ptm_f816c081,poi_7dcd447d,poi_2b595469,cab,20,4.987,0.853,112.78,INR,142,2026-08-18T10:00:00+05:30
ptm_9a0e492a,poi_7dcd447d,poi_101f364b,cab,27,7.179,1.228,150.04,INR,119,2026-08-18T10:00:00+05:30
ptm_d5df72bf,poi_7dcd447d,poi_aa78ea49,cab,31,8.504,1.454,172.57,INR,101,2026-08-18T10:00:00+05:30
ptm_9dd688b9,poi_7dcd447d,poi_c102d66f,walk,43,3.166,0,0.00,INR,302,2026-08-18T10:00:00+05:30
ptm_93110d84,poi_7dcd447d,poi_c102d66f,cab,14,3.166,0.541,81.83,INR,302,2026-08-18T10:00:00+05:30
ptm_1eb0a998,poi_7dcd447d,poi_c00a070e,cab,24,6.117,1.046,132.00,INR,61,2026-08-18T10:00:00+05:30
ptm_2d02bd2e,poi_7dcd447d,poi_003678b5,cab,38,10.713,1.832,210.13,INR,122,2026-08-18T10:00:00+05:30
ptm_bd6281b7,poi_7dcd447d,poi_28dc076c,cab,44,12.523,2.141,240.89,INR,111,2026-08-18T10:00:00+05:30
ptm_5ad651b3,poi_7dcd447d,poi_a94aa23b,cab,20,4.94,0.845,111.98,INR,106,2026-08-18T10:00:00+05:30
ptm_e34982e7,poi_7dcd447d,poi_0ca3ad9b,walk,31,2.268,0,0.00,INR,256,2026-08-18T10:00:00+05:30
ptm_4b62df77,poi_7dcd447d,poi_0ca3ad9b,cab,12,2.268,0.388,66.56,INR,256,2026-08-18T10:00:00+05:30
ptm_67b23969,poi_c00a070e,poi_2b595469,cab,27,7.281,1.245,151.78,INR,198,2026-08-18T10:00:00+05:30
ptm_a8eede56,poi_c00a070e,poi_101f364b,cab,25,6.472,1.107,138.02,INR,171,2026-08-18T10:00:00+05:30
ptm_2b8a84b6,poi_c00a070e,poi_aa78ea49,cab,22,5.485,0.938,121.25,INR,147,2026-08-18T10:00:00+05:30
ptm_3e43ea26,poi_c00a070e,poi_c102d66f,cab,30,8.129,1.39,166.18,INR,261,2026-08-18T10:00:00+05:30
ptm_1f0b4072,poi_c00a070e,poi_7dcd447d,cab,24,6.117,1.046,132.00,INR,241,2026-08-18T10:00:00+05:30
ptm_83e552fe,poi_c00a070e,poi_003678b5,cab,34,9.44,1.614,188.49,INR,157,2026-08-18T10:00:00+05:30
ptm_10152161,poi_c00a070e,poi_28dc076c,cab,35,9.779,1.672,194.24,INR,139,2026-08-18T10:00:00+05:30
ptm_7a40bb81,poi_c00a070e,poi_a94aa23b,walk,58,4.366,0,0.00,INR,188,2026-08-18T10:00:00+05:30
ptm_1f4b9600,poi_c00a070e,poi_a94aa23b,cab,18,4.366,0.747,102.22,INR,188,2026-08-18T10:00:00+05:30
ptm_293e7430,poi_c00a070e,poi_0ca3ad9b,cab,31,8.33,1.424,169.60,INR,245,2026-08-18T10:00:00+05:30
ptm_93d92e7d,poi_003678b5,poi_2b595469,cab,24,6.265,1.071,134.50,INR,286,2026-08-18T10:00:00+05:30
ptm_1216a8f2,poi_003678b5,poi_101f364b,walk,48,3.578,0,0.00,INR,310,2026-08-18T10:00:00+05:30
ptm_3aabb13b,poi_003678b5,poi_101f364b,cab,16,3.578,0.612,88.83,INR,310,2026-08-18T10:00:00+05:30
ptm_7d7610b4,poi_003678b5,poi_aa78ea49,walk,56,4.147,0,0.00,INR,350,2026-08-18T10:00:00+05:30
ptm_5f722227,poi_003678b5,poi_aa78ea49,cab,18,4.147,0.709,98.51,INR,350,2026-08-18T10:00:00+05:30
ptm_0129b965,poi_003678b5,poi_c102d66f,cab,48,13.88,2.373,263.96,INR,302,2026-08-18T10:00:00+05:30
ptm_cf7752bb,poi_003678b5,poi_7dcd447d,cab,38,10.713,1.832,210.13,INR,302,2026-08-18T10:00:00+05:30
ptm_fc9f23dc,poi_003678b5,poi_c00a070e,cab,34,9.44,1.614,188.49,INR,337,2026-08-18T10:00:00+05:30
ptm_c3ccc97e,poi_003678b5,poi_28dc076c,walk,39,2.912,0,0.00,INR,65,2026-08-18T10:00:00+05:30
ptm_c7263c93,poi_003678b5,poi_28dc076c,cab,14,2.912,0.498,77.50,INR,65,2026-08-18T10:00:00+05:30
ptm_20b9104a,poi_003678b5,poi_a94aa23b,cab,24,6.129,1.048,132.20,INR,315,2026-08-18T10:00:00+05:30
ptm_c3b12d1c,poi_003678b5,poi_0ca3ad9b,cab,44,12.391,2.119,238.64,INR,295,2026-08-18T10:00:00+05:30
ptm_1b78eb60,poi_28dc076c,poi_2b595469,cab,32,8.66,1.481,175.22,INR,273,2026-08-18T10:00:00+05:30
ptm_619d3ba7,poi_28dc076c,poi_101f364b,cab,22,5.492,0.939,121.36,INR,281,2026-08-18T10:00:00+05:30
ptm_cb3737e4,poi_28dc076c,poi_aa78ea49,walk,59,4.395,0,0.00,INR,310,2026-08-18T10:00:00+05:30
ptm_f28889f5,poi_28dc076c,poi_aa78ea49,cab,18,4.395,0.752,102.71,INR,310,2026-08-18T10:00:00+05:30
ptm_8ffb01aa,poi_28dc076c,poi_c102d66f,cab,54,15.64,2.674,293.88,INR,293,2026-08-18T10:00:00+05:30
ptm_1141fdfd,poi_28dc076c,poi_7dcd447d,cab,44,12.523,2.141,240.89,INR,291,2026-08-18T10:00:00+05:30
ptm_3f7b22d9,poi_28dc076c,poi_c00a070e,cab,35,9.779,1.672,194.24,INR,319,2026-08-18T10:00:00+05:30
ptm_24fc5a5f,poi_28dc076c,poi_003678b5,walk,39,2.912,0,0.00,INR,245,2026-08-18T10:00:00+05:30
ptm_586fb691,poi_28dc076c,poi_003678b5,cab,14,2.912,0.498,77.50,INR,245,2026-08-18T10:00:00+05:30
ptm_5a658ad5,poi_28dc076c,poi_a94aa23b,cab,29,7.613,1.302,157.43,INR,294,2026-08-18T10:00:00+05:30
ptm_7520eb75,poi_28dc076c,poi_0ca3ad9b,cab,50,14.441,2.469,273.50,INR,286,2026-08-18T10:00:00+05:30
ptm_9d75bdfa,poi_a94aa23b,poi_2b595469,walk,42,3.092,0,0.00,INR,213,2026-08-18T10:00:00+05:30
ptm_a0ba847f,poi_a94aa23b,poi_2b595469,cab,14,3.092,0.529,80.56,INR,213,2026-08-18T10:00:00+05:30
ptm_4476a99c,poi_a94aa23b,poi_101f364b,walk,35,2.594,0,0.00,INR,143,2026-08-18T10:00:00+05:30
ptm_74182df7,poi_a94aa23b,poi_101f364b,cab,13,2.594,0.444,72.09,INR,143,2026-08-18T10:00:00+05:30
ptm_38efa24d,poi_a94aa23b,poi_aa78ea49,walk,49,3.607,0,0.00,INR,94,2026-08-18T10:00:00+05:30
ptm_8f42734a,poi_a94aa23b,poi_aa78ea49,cab,16,3.607,0.617,89.32,INR,94,2026-08-18T10:00:00+05:30
ptm_cc658300,poi_a94aa23b,poi_c102d66f,cab,30,8.029,1.373,164.49,INR,292,2026-08-18T10:00:00+05:30
ptm_b79d7081,poi_a94aa23b,poi_7dcd447d,cab,20,4.94,0.845,111.98,INR,286,2026-08-18T10:00:00+05:30
ptm_74696741,poi_a94aa23b,poi_c00a070e,walk,58,4.366,0,0.00,INR,8,2026-08-18T10:00:00+05:30
ptm_4c569d86,poi_a94aa23b,poi_c00a070e,cab,18,4.366,0.747,102.22,INR,8,2026-08-18T10:00:00+05:30
ptm_945ac9eb,poi_a94aa23b,poi_003678b5,cab,24,6.129,1.048,132.20,INR,135,2026-08-18T10:00:00+05:30
ptm_9ef2d036,poi_a94aa23b,poi_28dc076c,cab,29,7.613,1.302,157.43,INR,114,2026-08-18T10:00:00+05:30
ptm_e8bdc8fd,poi_a94aa23b,poi_0ca3ad9b,cab,27,6.998,1.197,146.96,INR,277,2026-08-18T10:00:00+05:30
ptm_3bfac58c,poi_0ca3ad9b,poi_2b595469,cab,24,6.255,1.07,134.33,INR,123,2026-08-18T10:00:00+05:30
ptm_2d4cda09,poi_0ca3ad9b,poi_101f364b,cab,33,8.981,1.536,180.67,INR,109,2026-08-18T10:00:00+05:30
ptm_67257a7b,poi_0ca3ad9b,poi_aa78ea49,cab,38,10.603,1.813,208.24,INR,96,2026-08-18T10:00:00+05:30
ptm_b21168ea,poi_0ca3ad9b,poi_c102d66f,walk,31,2.29,0,0.00,INR,348,2026-08-18T10:00:00+05:30
ptm_cc5bdbb5,poi_0ca3ad9b,poi_c102d66f,cab,12,2.29,0.392,66.94,INR,348,2026-08-18T10:00:00+05:30
ptm_bf91ce1b,poi_0ca3ad9b,poi_7dcd447d,walk,31,2.268,0,0.00,INR,76,2026-08-18T10:00:00+05:30
ptm_2a6b3a0d,poi_0ca3ad9b,poi_7dcd447d,cab,12,2.268,0.388,66.56,INR,76,2026-08-18T10:00:00+05:30
ptm_c5ce83a7,poi_0ca3ad9b,poi_c00a070e,cab,31,8.33,1.424,169.60,INR,65,2026-08-18T10:00:00+05:30
ptm_af1b5cf7,poi_0ca3ad9b,poi_003678b5,cab,44,12.391,2.119,238.64,INR,115,2026-08-18T10:00:00+05:30
ptm_facf5717,poi_0ca3ad9b,poi_28dc076c,cab,50,14.441,2.469,273.50,INR,106,2026-08-18T10:00:00+05:30
ptm_d612ea2b,poi_0ca3ad9b,poi_a94aa23b,cab,27,6.998,1.197,146.96,INR,97,2026-08-18T10:00:00+05:30
ptm_346be007,poi_fac2a28d,poi_4020e2ba,cab,37,10.377,1.774,204.41,INR,335,2026-08-18T10:00:00+05:30
ptm_9f137bbe,poi_fac2a28d,poi_9380220d,cab,28,7.436,1.272,154.41,INR,348,2026-08-18T10:00:00+05:30
ptm_6b3af7ab,poi_fac2a28d,poi_a3563f3f,cab,36,10.073,1.722,199.24,INR,76,2026-08-18T10:00:00+05:30
ptm_fe42dbb7,poi_fac2a28d,poi_93c2898a,cab,45,12.702,2.172,243.94,INR,46,2026-08-18T10:00:00+05:30
ptm_3fe1f41d,poi_fac2a28d,poi_9ffc7df5,cab,54,15.82,2.705,296.93,INR,30,2026-08-18T10:00:00+05:30
ptm_ba34e3e9,poi_fac2a28d,poi_bb9e4ca5,walk,8,0.512,0,0.00,INR,198,2026-08-18T10:00:00+05:30
ptm_3ea40af9,poi_fac2a28d,poi_bb9e4ca5,cab,6,0.512,0.088,36.71,INR,198,2026-08-18T10:00:00+05:30
ptm_7cb16c31,poi_fac2a28d,poi_7a6df998,cab,38,10.46,1.789,205.82,INR,360,2026-08-18T10:00:00+05:30
ptm_245e6bf9,poi_fac2a28d,poi_140f82f9,cab,22,5.421,0.927,120.16,INR,71,2026-08-18T10:00:00+05:30
ptm_7eadb6ad,poi_fac2a28d,poi_9f8da737,cab,30,7.938,1.357,162.94,INR,89,2026-08-18T10:00:00+05:30
ptm_6606d1a0,poi_4020e2ba,poi_fac2a28d,cab,37,10.377,1.774,204.41,INR,155,2026-08-18T10:00:00+05:30
ptm_0e008c81,poi_4020e2ba,poi_9380220d,walk,48,3.585,0,0.00,INR,126,2026-08-18T10:00:00+05:30
ptm_8df35bfb,poi_4020e2ba,poi_9380220d,cab,16,3.585,0.613,88.94,INR,126,2026-08-18T10:00:00+05:30
ptm_9870a33b,poi_4020e2ba,poi_a3563f3f,cab,54,15.8,2.702,296.60,INR,116,2026-08-18T10:00:00+05:30
ptm_49062550,poi_4020e2ba,poi_93c2898a,cab,48,13.634,2.331,259.77,INR,93,2026-08-18T10:00:00+05:30
ptm_2c6c2f8b,poi_4020e2ba,poi_9ffc7df5,cab,45,12.963,2.217,248.37,INR,70,2026-08-18T10:00:00+05:30
ptm_73bdb2f8,poi_4020e2ba,poi_bb9e4ca5,cab,38,10.756,1.839,210.85,INR,157,2026-08-18T10:00:00+05:30
ptm_e5770288,poi_4020e2ba,poi_7a6df998,walk,60,4.466,0,0.00,INR,76,2026-08-18T10:00:00+05:30
ptm_c4fc4d4d,poi_4020e2ba,poi_7a6df998,cab,19,4.466,0.764,103.92,INR,76,2026-08-18T10:00:00+05:30
ptm_5d14b7ee,poi_4020e2ba,poi_140f82f9,cab,43,12.229,2.091,235.90,INR,129,2026-08-18T10:00:00+05:30
ptm_517d5239,poi_4020e2ba,poi_9f8da737,cab,53,15.444,2.641,290.54,INR,127,2026-08-18T10:00:00+05:30
ptm_1426e4f1,poi_9380220d,poi_fac2a28d,cab,28,7.436,1.272,154.41,INR,168,2026-08-18T10:00:00+05:30
ptm_71241757,poi_9380220d,poi_4020e2ba,walk,48,3.585,0,0.00,INR,306,2026-08-18T10:00:00+05:30
ptm_1ba94bd0,poi_9380220d,poi_4020e2ba,cab,16,3.585,0.613,88.94,INR,306,2026-08-18T10:00:00+05:30
ptm_32abeaf1,poi_9380220d,poi_a3563f3f,cab,43,12.286,2.101,236.86,INR,113,2026-08-18T10:00:00+05:30
ptm_6cad572c,poi_9380220d,poi_93c2898a,cab,39,10.823,1.851,212.00,INR,82,2026-08-18T10:00:00+05:30
ptm_5fcd33b6,poi_9380220d,poi_9ffc7df5,cab,40,11.345,1.94,220.87,INR,55,2026-08-18T10:00:00+05:30
ptm_e850600c,poi_9380220d,poi_bb9e4ca5,cab,29,7.884,1.348,162.03,INR,170,2026-08-18T10:00:00+05:30
ptm_1a36aad2,poi_9380220d,poi_7a6df998,walk,47,3.492,0,0.00,INR,24,2026-08-18T10:00:00+05:30
ptm_f3b49fe1,poi_9380220d,poi_7a6df998,cab,16,3.492,0.597,87.36,INR,24,2026-08-18T10:00:00+05:30
ptm_a58d8a92,poi_9380220d,poi_140f82f9,cab,32,8.65,1.479,175.04,INR,130,2026-08-18T10:00:00+05:30
ptm_bd5f69e6,poi_9380220d,poi_9f8da737,cab,42,11.859,2.028,229.61,INR,127,2026-08-18T10:00:00+05:30
ptm_915233b4,poi_a3563f3f,poi_fac2a28d,cab,36,10.073,1.722,199.24,INR,256,2026-08-18T10:00:00+05:30
ptm_48134e2c,poi_a3563f3f,poi_4020e2ba,cab,54,15.8,2.702,296.60,INR,296,2026-08-18T10:00:00+05:30
ptm_8e70a181,poi_a3563f3f,poi_9380220d,cab,43,12.286,2.101,236.86,INR,293,2026-08-18T10:00:00+05:30
ptm_436551b1,poi_a3563f3f,poi_93c2898a,cab,25,6.342,1.084,135.81,INR,355,2026-08-18T10:00:00+05:30
ptm_8e22116a,poi_a3563f3f,poi_9ffc7df5,cab,41,11.506,1.967,223.59,INR,350,2026-08-18T10:00:00+05:30
ptm_9887c99a,poi_a3563f3f,poi_bb9e4ca5,cab,37,10.354,1.771,204.02,INR,254,2026-08-18T10:00:00+05:30
ptm_ffd88705,poi_a3563f3f,poi_7a6df998,cab,45,12.705,2.172,243.98,INR,309,2026-08-18T10:00:00+05:30
ptm_b640aa80,poi_a3563f3f,poi_140f82f9,cab,19,4.693,0.802,107.78,INR,262,2026-08-18T10:00:00+05:30
ptm_4a183513,poi_a3563f3f,poi_9f8da737,walk,40,2.957,0,0.00,INR,218,2026-08-18T10:00:00+05:30
ptm_b19aa078,poi_a3563f3f,poi_9f8da737,cab,14,2.957,0.506,78.28,INR,218,2026-08-18T10:00:00+05:30
ptm_6496e13b,poi_93c2898a,poi_fac2a28d,cab,45,12.702,2.172,243.94,INR,226,2026-08-18T10:00:00+05:30
ptm_35ea0450,poi_93c2898a,poi_4020e2ba,cab,48,13.634,2.331,259.77,INR,273,2026-08-18T10:00:00+05:30
ptm_87324db1,poi_93c2898a,poi_9380220d,cab,39,10.823,1.851,212.00,INR,262,2026-08-18T10:00:00+05:30
ptm_aa6500ea,poi_93c2898a,poi_a3563f3f,cab,25,6.342,1.084,135.81,INR,175,2026-08-18T10:00:00+05:30
ptm_4df19375,poi_93c2898a,poi_9ffc7df5,cab,21,5.213,0.891,116.62,INR,344,2026-08-18T10:00:00+05:30
ptm_7c30e11c,poi_93c2898a,poi_bb9e4ca5,cab,46,13.156,2.25,251.65,INR,225,2026-08-18T10:00:00+05:30
ptm_26f7624d,poi_93c2898a,poi_7a6df998,cab,34,9.438,1.614,188.44,INR,280,2026-08-18T10:00:00+05:30
ptm_080b82d1,poi_93c2898a,poi_140f82f9,cab,30,8.104,1.386,165.77,INR,210,2026-08-18T10:00:00+05:30
ptm_2ca10ebd,poi_93c2898a,poi_9f8da737,cab,32,8.726,1.492,176.35,INR,188,2026-08-18T10:00:00+05:30
ptm_c898d3b6,poi_9ffc7df5,poi_fac2a28d,cab,54,15.82,2.705,296.93,INR,210,2026-08-18T10:00:00+05:30
ptm_f2d9995b,poi_9ffc7df5,poi_4020e2ba,cab,45,12.963,2.217,248.37,INR,250,2026-08-18T10:00:00+05:30
ptm_c0241747,poi_9ffc7df5,poi_9380220d,cab,40,11.345,1.94,220.87,INR,235,2026-08-18T10:00:00+05:30
ptm_d36e56f8,poi_9ffc7df5,poi_a3563f3f,cab,41,11.506,1.967,223.59,INR,170,2026-08-18T10:00:00+05:30
ptm_af4cbc37,poi_9ffc7df5,poi_93c2898a,cab,21,5.213,0.891,116.62,INR,164,2026-08-18T10:00:00+05:30
ptm_83c2d8a7,poi_9ffc7df5,poi_bb9e4ca5,cab,56,16.322,2.791,305.48,INR,209,2026-08-18T10:00:00+05:30
ptm_e853df60,poi_9ffc7df5,poi_7a6df998,cab,31,8.533,1.459,173.06,INR,247,2026-08-18T10:00:00+05:30
ptm_e17ec366,poi_9ffc7df5,poi_140f82f9,cab,43,12.313,2.105,237.32,INR,193,2026-08-18T10:00:00+05:30
ptm_1710b95d,poi_9ffc7df5,poi_9f8da737,cab,48,13.651,2.334,260.07,INR,179,2026-08-18T10:00:00+05:30
ptm_2836ef20,poi_bb9e4ca5,poi_fac2a28d,walk,8,0.512,0,0.00,INR,18,2026-08-18T10:00:00+05:30
ptm_24001fc0,poi_bb9e4ca5,poi_fac2a28d,cab,6,0.512,0.088,36.71,INR,18,2026-08-18T10:00:00+05:30
ptm_572ffe21,poi_bb9e4ca5,poi_4020e2ba,cab,38,10.756,1.839,210.85,INR,337,2026-08-18T10:00:00+05:30
ptm_1c8498b9,poi_bb9e4ca5,poi_9380220d,cab,29,7.884,1.348,162.03,INR,350,2026-08-18T10:00:00+05:30
ptm_e1a6eda4,poi_bb9e4ca5,poi_a3563f3f,cab,37,10.354,1.771,204.02,INR,74,2026-08-18T10:00:00+05:30
ptm_1d82b250,poi_bb9e4ca5,poi_93c2898a,cab,46,13.156,2.25,251.65,INR,45,2026-08-18T10:00:00+05:30
ptm_0d67ae8d,poi_bb9e4ca5,poi_9ffc7df5,cab,56,16.322,2.791,305.48,INR,29,2026-08-18T10:00:00+05:30
ptm_252b0441,poi_bb9e4ca5,poi_7a6df998,cab,39,10.947,1.872,214.10,INR,0,2026-08-18T10:00:00+05:30
ptm_e9d5fcf7,poi_bb9e4ca5,poi_140f82f9,cab,23,5.743,0.982,125.63,INR,67,2026-08-18T10:00:00+05:30
ptm_094dabf4,poi_bb9e4ca5,poi_9f8da737,cab,30,8.118,1.388,166.01,INR,86,2026-08-18T10:00:00+05:30
ptm_97b8336c,poi_7a6df998,poi_fac2a28d,cab,38,10.46,1.789,205.82,INR,180,2026-08-18T10:00:00+05:30
ptm_ce564a78,poi_7a6df998,poi_4020e2ba,walk,60,4.466,0,0.00,INR,256,2026-08-18T10:00:00+05:30
ptm_31744f39,poi_7a6df998,poi_4020e2ba,cab,19,4.466,0.764,103.92,INR,256,2026-08-18T10:00:00+05:30
ptm_686e528e,poi_7a6df998,poi_9380220d,walk,47,3.492,0,0.00,INR,204,2026-08-18T10:00:00+05:30
ptm_a44be83b,poi_7a6df998,poi_9380220d,cab,16,3.492,0.597,87.36,INR,204,2026-08-18T10:00:00+05:30
ptm_5f8177a6,poi_7a6df998,poi_a3563f3f,cab,45,12.705,2.172,243.98,INR,129,2026-08-18T10:00:00+05:30
ptm_dca04883,poi_7a6df998,poi_93c2898a,cab,34,9.438,1.614,188.44,INR,100,2026-08-18T10:00:00+05:30
ptm_5f49e312,poi_7a6df998,poi_9ffc7df5,cab,31,8.533,1.459,173.06,INR,67,2026-08-18T10:00:00+05:30
ptm_ea46706c,poi_7a6df998,poi_bb9e4ca5,cab,39,10.947,1.872,214.10,INR,180,2026-08-18T10:00:00+05:30
ptm_dbf75d06,poi_7a6df998,poi_140f82f9,cab,37,10.151,1.736,200.57,INR,149,2026-08-18T10:00:00+05:30
ptm_c905c2d5,poi_7a6df998,poi_9f8da737,cab,46,13.082,2.237,250.40,INR,142,2026-08-18T10:00:00+05:30
ptm_318a0c15,poi_140f82f9,poi_fac2a28d,cab,22,5.421,0.927,120.16,INR,251,2026-08-18T10:00:00+05:30
ptm_7e8f3426,poi_140f82f9,poi_4020e2ba,cab,43,12.229,2.091,235.90,INR,309,2026-08-18T10:00:00+05:30
ptm_5fec3b57,poi_140f82f9,poi_9380220d,cab,32,8.65,1.479,175.04,INR,310,2026-08-18T10:00:00+05:30
ptm_36093c21,poi_140f82f9,poi_a3563f3f,cab,19,4.693,0.802,107.78,INR,82,2026-08-18T10:00:00+05:30
ptm_cfd6ebfb,poi_140f82f9,poi_93c2898a,cab,30,8.104,1.386,165.77,INR,30,2026-08-18T10:00:00+05:30
ptm_1eb4cc72,poi_140f82f9,poi_9ffc7df5,cab,43,12.313,2.105,237.32,INR,13,2026-08-18T10:00:00+05:30
ptm_f7947ccd,poi_140f82f9,poi_bb9e4ca5,cab,23,5.743,0.982,125.63,INR,247,2026-08-18T10:00:00+05:30
ptm_86d09006,poi_140f82f9,poi_7a6df998,cab,37,10.151,1.736,200.57,INR,329,2026-08-18T10:00:00+05:30
ptm_dd21d630,poi_140f82f9,poi_9f8da737,walk,44,3.243,0,0.00,INR,120,2026-08-18T10:00:00+05:30
ptm_e6bccb22,poi_140f82f9,poi_9f8da737,cab,15,3.243,0.555,83.13,INR,120,2026-08-18T10:00:00+05:30
ptm_8ed95184,poi_9f8da737,poi_fac2a28d,cab,30,7.938,1.357,162.94,INR,269,2026-08-18T10:00:00+05:30
ptm_ff97b1b8,poi_9f8da737,poi_4020e2ba,cab,53,15.444,2.641,290.54,INR,307,2026-08-18T10:00:00+05:30
ptm_69e81101,poi_9f8da737,poi_9380220d,cab,42,11.859,2.028,229.61,INR,307,2026-08-18T10:00:00+05:30
ptm_5a57b6a6,poi_9f8da737,poi_a3563f3f,walk,40,2.957,0,0.00,INR,38,2026-08-18T10:00:00+05:30
ptm_772ced96,poi_9f8da737,poi_a3563f3f,cab,14,2.957,0.506,78.28,INR,38,2026-08-18T10:00:00+05:30
ptm_a85180ad,poi_9f8da737,poi_93c2898a,cab,32,8.726,1.492,176.35,INR,8,2026-08-18T10:00:00+05:30
ptm_b853b7b8,poi_9f8da737,poi_9ffc7df5,cab,48,13.651,2.334,260.07,INR,359,2026-08-18T10:00:00+05:30
ptm_b6406414,poi_9f8da737,poi_bb9e4ca5,cab,30,8.118,1.388,166.01,INR,266,2026-08-18T10:00:00+05:30
ptm_4fd49eef,poi_9f8da737,poi_7a6df998,cab,46,13.082,2.237,250.40,INR,322,2026-08-18T10:00:00+05:30
ptm_5b4290ad,poi_9f8da737,poi_140f82f9,walk,44,3.243,0,0.00,INR,300,2026-08-18T10:00:00+05:30
ptm_007d1e50,poi_9f8da737,poi_140f82f9,cab,15,3.243,0.555,83.13,INR,300,2026-08-18T10:00:00+05:30
ptm_1dcbe08e,poi_d1bcb16e,poi_ec6f466f,cab,28,7.466,1.277,154.92,INR,191,2026-08-18T10:00:00+05:30
ptm_35d0cf1e,poi_d1bcb16e,poi_1095ead0,cab,35,9.551,1.633,190.36,INR,263,2026-08-18T10:00:00+05:30
ptm_7d52cc06,poi_d1bcb16e,poi_882527c5,cab,26,6.805,1.164,143.68,INR,124,2026-08-18T10:00:00+05:30
ptm_47ba0630,poi_d1bcb16e,poi_b6b1ef8b,cab,25,6.518,1.115,138.81,INR,204,2026-08-18T10:00:00+05:30
ptm_b64cc8b9,poi_d1bcb16e,poi_e435c16e,walk,19,1.331,0,0.00,INR,7,2026-08-18T10:00:00+05:30
ptm_24867ec4,poi_d1bcb16e,poi_e435c16e,cab,9,1.331,0.228,50.63,INR,7,2026-08-18T10:00:00+05:30
ptm_10cd6942,poi_d1bcb16e,poi_dde08770,cab,23,5.774,0.987,126.15,INR,255,2026-08-18T10:00:00+05:30
ptm_1bbf6f60,poi_d1bcb16e,poi_fca6aef8,walk,58,4.332,0,0.00,INR,146,2026-08-18T10:00:00+05:30
ptm_7a438284,poi_d1bcb16e,poi_fca6aef8,cab,18,4.332,0.741,101.65,INR,146,2026-08-18T10:00:00+05:30
ptm_8bf14ed7,poi_d1bcb16e,poi_d87edd8a,cab,20,4.907,0.839,111.42,INR,47,2026-08-18T10:00:00+05:30
ptm_95b19861,poi_d1bcb16e,poi_6e8951e7,cab,27,7.148,1.222,149.52,INR,214,2026-08-18T10:00:00+05:30
ptm_b095504e,poi_ec6f466f,poi_d1bcb16e,cab,28,7.466,1.277,154.92,INR,11,2026-08-18T10:00:00+05:30
ptm_7462bdf5,poi_ec6f466f,poi_1095ead0,cab,37,10.154,1.736,200.62,INR,307,2026-08-18T10:00:00+05:30
ptm_550f907f,poi_ec6f466f,poi_882527c5,cab,29,7.879,1.347,161.94,INR,64,2026-08-18T10:00:00+05:30
ptm_cf8be059,poi_ec6f466f,poi_b6b1ef8b,walk,26,1.841,0,0.00,INR,318,2026-08-18T10:00:00+05:30
ptm_ebf3cd87,poi_ec6f466f,poi_b6b1ef8b,cab,10,1.841,0.315,59.29,INR,318,2026-08-18T10:00:00+05:30
ptm_f38df30c,poi_ec6f466f,poi_e435c16e,cab,32,8.795,1.504,177.51,INR,10,2026-08-18T10:00:00+05:30
ptm_dbdb5a33,poi_ec6f466f,poi_dde08770,cab,27,7.142,1.221,149.41,INR,325,2026-08-18T10:00:00+05:30
ptm_6b96aebc,poi_ec6f466f,poi_fca6aef8,cab,22,5.384,0.921,119.52,INR,46,2026-08-18T10:00:00+05:30
ptm_0742acfa,poi_ec6f466f,poi_d87edd8a,cab,42,11.81,2.019,228.76,INR,25,2026-08-18T10:00:00+05:30
ptm_51caa9cd,poi_ec6f466f,poi_6e8951e7,walk,40,2.915,0,0.00,INR,299,2026-08-18T10:00:00+05:30
ptm_b2d45221,poi_ec6f466f,poi_6e8951e7,cab,14,2.915,0.499,77.56,INR,299,2026-08-18T10:00:00+05:30
ptm_cc00b742,poi_1095ead0,poi_d1bcb16e,cab,35,9.551,1.633,190.36,INR,83,2026-08-18T10:00:00+05:30
ptm_40c44fdd,poi_1095ead0,poi_ec6f466f,cab,37,10.154,1.736,200.62,INR,127,2026-08-18T10:00:00+05:30
ptm_0b7ea6d7,poi_1095ead0,poi_882527c5,cab,53,15.346,2.624,288.89,INR,100,2026-08-18T10:00:00+05:30
ptm_85d5fdc1,poi_1095ead0,poi_b6b1ef8b,cab,31,8.353,1.428,170.00,INR,125,2026-08-18T10:00:00+05:30
ptm_ebe6e727,poi_1095ead0,poi_e435c16e,cab,36,9.958,1.703,197.28,INR,76,2026-08-18T10:00:00+05:30
ptm_ff4771c0,poi_1095ead0,poi_dde08770,walk,53,3.927,0,0.00,INR,95,2026-08-18T10:00:00+05:30
ptm_3f09ec36,poi_1095ead0,poi_dde08770,cab,17,3.927,0.672,94.76,INR,95,2026-08-18T10:00:00+05:30
ptm_116885eb,poi_1095ead0,poi_fca6aef8,cab,43,12.166,2.08,234.83,INR,102,2026-08-18T10:00:00+05:30
ptm_795ab536,poi_1095ead0,poi_d87edd8a,cab,48,13.805,2.361,262.68,INR,71,2026-08-18T10:00:00+05:30
ptm_3019c4ed,poi_1095ead0,poi_6e8951e7,cab,28,7.288,1.246,151.90,INR,131,2026-08-18T10:00:00+05:30
ptm_c75f95eb,poi_882527c5,poi_d1bcb16e,cab,26,6.805,1.164,143.68,INR,304,2026-08-18T10:00:00+05:30
ptm_a1c49440,poi_882527c5,poi_ec6f466f,cab,29,7.879,1.347,161.94,INR,244,2026-08-18T10:00:00+05:30
ptm_934b602b,poi_882527c5,poi_1095ead0,cab,53,15.346,2.624,288.89,INR,280,2026-08-18T10:00:00+05:30
ptm_1ca681a8,poi_882527c5,poi_b6b1ef8b,cab,32,8.551,1.462,173.37,INR,256,2026-08-18T10:00:00+05:30
ptm_ccb9d335,poi_882527c5,poi_e435c16e,cab,28,7.504,1.283,155.57,INR,313,2026-08-18T10:00:00+05:30
ptm_60745350,poi_882527c5,poi_dde08770,cab,41,11.437,1.956,222.43,INR,282,2026-08-18T10:00:00+05:30
ptm_6278863b,poi_882527c5,poi_fca6aef8,walk,43,3.2,0,0.00,INR,274,2026-08-18T10:00:00+05:30
ptm_e4d69308,poi_882527c5,poi_fca6aef8,cab,15,3.2,0.547,82.40,INR,274,2026-08-18T10:00:00+05:30
ptm_af48bcfb,poi_882527c5,poi_d87edd8a,cab,28,7.49,1.281,155.33,INR,344,2026-08-18T10:00:00+05:30
ptm_b620bd5c,poi_882527c5,poi_6e8951e7,cab,36,9.845,1.683,195.36,INR,258,2026-08-18T10:00:00+05:30
ptm_27b3385a,poi_b6b1ef8b,poi_d1bcb16e,cab,25,6.518,1.115,138.81,INR,24,2026-08-18T10:00:00+05:30
ptm_82515380,poi_b6b1ef8b,poi_ec6f466f,walk,26,1.841,0,0.00,INR,138,2026-08-18T10:00:00+05:30
ptm_f166580f,poi_b6b1ef8b,poi_ec6f466f,cab,10,1.841,0.315,59.29,INR,138,2026-08-18T10:00:00+05:30
ptm_c7b1c68c,poi_b6b1ef8b,poi_1095ead0,cab,31,8.353,1.428,170.00,INR,305,2026-08-18T10:00:00+05:30
ptm_3fa7d0e1,poi_b6b1ef8b,poi_882527c5,cab,32,8.551,1.462,173.37,INR,76,2026-08-18T10:00:00+05:30
ptm_fc7c8f50,poi_b6b1ef8b,poi_e435c16e,cab,29,7.802,1.334,160.63,INR,21,2026-08-18T10:00:00+05:30
ptm_022b998d,poi_b6b1ef8b,poi_dde08770,cab,21,5.316,0.909,118.37,INR,327,2026-08-18T10:00:00+05:30
ptm_a6ac5201,poi_b6b1ef8b,poi_fca6aef8,cab,22,5.617,0.96,123.48,INR,65,2026-08-18T10:00:00+05:30
ptm_84bcf5bc,poi_b6b1ef8b,poi_d87edd8a,cab,40,11.21,1.917,218.57,INR,34,2026-08-18T10:00:00+05:30
ptm_ebaf400d,poi_b6b1ef8b,poi_6e8951e7,walk,19,1.335,0,0.00,INR,271,2026-08-18T10:00:00+05:30
ptm_a9126d3e,poi_b6b1ef8b,poi_6e8951e7,cab,9,1.335,0.228,50.69,INR,271,2026-08-18T10:00:00+05:30
ptm_232c763b,poi_e435c16e,poi_d1bcb16e,walk,19,1.331,0,0.00,INR,187,2026-08-18T10:00:00+05:30
ptm_6efe63a6,poi_e435c16e,poi_d1bcb16e,cab,9,1.331,0.228,50.63,INR,187,2026-08-18T10:00:00+05:30
ptm_5ad3f345,poi_e435c16e,poi_ec6f466f,cab,32,8.795,1.504,177.51,INR,190,2026-08-18T10:00:00+05:30
ptm_a1715bd5,poi_e435c16e,poi_1095ead0,cab,36,9.958,1.703,197.28,INR,256,2026-08-18T10:00:00+05:30
ptm_952d5e05,poi_e435c16e,poi_882527c5,cab,28,7.504,1.283,155.57,INR,133,2026-08-18T10:00:00+05:30
ptm_1761b232,poi_e435c16e,poi_b6b1ef8b,cab,29,7.802,1.334,160.63,INR,201,2026-08-18T10:00:00+05:30
ptm_dc667515,poi_e435c16e,poi_dde08770,cab,25,6.399,1.094,136.78,INR,244,2026-08-18T10:00:00+05:30
ptm_96be6379,poi_e435c16e,poi_fca6aef8,cab,22,5.403,0.924,119.85,INR,155,2026-08-18T10:00:00+05:30
ptm_ab172c1b,poi_e435c16e,poi_d87edd8a,walk,53,3.969,0,0.00,INR,59,2026-08-18T10:00:00+05:30
ptm_4552b82d,poi_e435c16e,poi_d87edd8a,cab,17,3.969,0.679,95.48,INR,59,2026-08-18T10:00:00+05:30
ptm_12eff9e5,poi_e435c16e,poi_6e8951e7,cab,31,8.358,1.429,170.09,INR,210,2026-08-18T10:00:00+05:30
ptm_1f973845,poi_dde08770,poi_d1bcb16e,cab,23,5.774,0.987,126.15,INR,75,2026-08-18T10:00:00+05:30
ptm_64f52932,poi_dde08770,poi_ec6f466f,cab,27,7.142,1.221,149.41,INR,145,2026-08-18T10:00:00+05:30
ptm_643d0c3a,poi_dde08770,poi_1095ead0,walk,53,3.927,0,0.00,INR,275,2026-08-18T10:00:00+05:30
ptm_d13b1a32,poi_dde08770,poi_1095ead0,cab,17,3.927,0.672,94.76,INR,275,2026-08-18T10:00:00+05:30
ptm_79ec4567,poi_dde08770,poi_882527c5,cab,41,11.437,1.956,222.43,INR,102,2026-08-18T10:00:00+05:30
ptm_0decd0ad,poi_dde08770,poi_b6b1ef8b,cab,21,5.316,0.909,118.37,INR,147,2026-08-18T10:00:00+05:30
ptm_58822f81,poi_dde08770,poi_e435c16e,cab,25,6.399,1.094,136.78,INR,64,2026-08-18T10:00:00+05:30
ptm_bcad19b8,poi_dde08770,poi_fca6aef8,cab,31,8.273,1.415,168.64,INR,104,2026-08-18T10:00:00+05:30
ptm_841436f2,poi_dde08770,poi_d87edd8a,cab,37,10.359,1.771,204.11,INR,62,2026-08-18T10:00:00+05:30
ptm_ff93877a,poi_dde08770,poi_6e8951e7,cab,19,4.696,0.803,107.84,INR,160,2026-08-18T10:00:00+05:30
ptm_9bf6efbb,poi_fca6aef8,poi_d1bcb16e,walk,58,4.332,0,0.00,INR,326,2026-08-18T10:00:00+05:30
ptm_94256096,poi_fca6aef8,poi_d1bcb16e,cab,18,4.332,0.741,101.65,INR,326,2026-08-18T10:00:00+05:30
ptm_89f4a0ef,poi_fca6aef8,poi_ec6f466f,cab,22,5.384,0.921,119.52,INR,226,2026-08-18T10:00:00+05:30
ptm_9d0e3112,poi_fca6aef8,poi_1095ead0,cab,43,12.166,2.08,234.83,INR,282,2026-08-18T10:00:00+05:30
ptm_e026850e,poi_fca6aef8,poi_882527c5,walk,43,3.2,0,0.00,INR,94,2026-08-18T10:00:00+05:30
ptm_8eb48196,poi_fca6aef8,poi_882527c5,cab,15,3.2,0.547,82.40,INR,94,2026-08-18T10:00:00+05:30
ptm_69cc9f3d,poi_fca6aef8,poi_b6b1ef8b,cab,22,5.617,0.96,123.48,INR,245,2026-08-18T10:00:00+05:30
ptm_1880b755,poi_fca6aef8,poi_e435c16e,cab,22,5.403,0.924,119.85,INR,335,2026-08-18T10:00:00+05:30
ptm_ddaa13b5,poi_fca6aef8,poi_dde08770,cab,31,8.273,1.415,168.64,INR,284,2026-08-18T10:00:00+05:30
ptm_01059f56,poi_fca6aef8,poi_d87edd8a,cab,27,7.047,1.205,147.80,INR,9,2026-08-18T10:00:00+05:30
ptm_78d13fb7,poi_fca6aef8,poi_6e8951e7,cab,26,6.842,1.17,144.32,INR,250,2026-08-18T10:00:00+05:30
ptm_85547d20,poi_d87edd8a,poi_d1bcb16e,cab,20,4.907,0.839,111.42,INR,227,2026-08-18T10:00:00+05:30
ptm_f8259358,poi_d87edd8a,poi_ec6f466f,cab,42,11.81,2.019,228.76,INR,205,2026-08-18T10:00:00+05:30
ptm_e731b2cb,poi_d87edd8a,poi_1095ead0,cab,48,13.805,2.361,262.68,INR,251,2026-08-18T10:00:00+05:30
ptm_21e638e6,poi_d87edd8a,poi_882527c5,cab,28,7.49,1.281,155.33,INR,164,2026-08-18T10:00:00+05:30
ptm_37f1be4d,poi_d87edd8a,poi_b6b1ef8b,cab,40,11.21,1.917,218.57,INR,214,2026-08-18T10:00:00+05:30
ptm_f5d3c92f,poi_d87edd8a,poi_e435c16e,walk,53,3.969,0,0.00,INR,239,2026-08-18T10:00:00+05:30
ptm_c695153c,poi_d87edd8a,poi_e435c16e,cab,17,3.969,0.679,95.48,INR,239,2026-08-18T10:00:00+05:30
ptm_f66e1b77,poi_d87edd8a,poi_dde08770,cab,37,10.359,1.771,204.11,INR,242,2026-08-18T10:00:00+05:30
ptm_a1acf922,poi_d87edd8a,poi_fca6aef8,cab,27,7.047,1.205,147.80,INR,189,2026-08-18T10:00:00+05:30
ptm_603704b6,poi_d87edd8a,poi_6e8951e7,cab,42,11.985,2.049,231.74,INR,219,2026-08-18T10:00:00+05:30
ptm_d015b691,poi_6e8951e7,poi_d1bcb16e,cab,27,7.148,1.222,149.52,INR,34,2026-08-18T10:00:00+05:30
ptm_bb9b8297,poi_6e8951e7,poi_ec6f466f,walk,40,2.915,0,0.00,INR,119,2026-08-18T10:00:00+05:30
ptm_a7b389c0,poi_6e8951e7,poi_ec6f466f,cab,14,2.915,0.499,77.56,INR,119,2026-08-18T10:00:00+05:30
ptm_67bd544e,poi_6e8951e7,poi_1095ead0,cab,28,7.288,1.246,151.90,INR,311,2026-08-18T10:00:00+05:30
ptm_7ee1437d,poi_6e8951e7,poi_882527c5,cab,36,9.845,1.683,195.36,INR,78,2026-08-18T10:00:00+05:30
ptm_b311fcd2,poi_6e8951e7,poi_b6b1ef8b,walk,19,1.335,0,0.00,INR,91,2026-08-18T10:00:00+05:30
ptm_04cbce09,poi_6e8951e7,poi_b6b1ef8b,cab,9,1.335,0.228,50.69,INR,91,2026-08-18T10:00:00+05:30
ptm_b47f553d,poi_6e8951e7,poi_e435c16e,cab,31,8.358,1.429,170.09,INR,30,2026-08-18T10:00:00+05:30
ptm_d1ece256,poi_6e8951e7,poi_dde08770,cab,19,4.696,0.803,107.84,INR,340,2026-08-18T10:00:00+05:30
ptm_b986291e,poi_6e8951e7,poi_fca6aef8,cab,26,6.842,1.17,144.32,INR,70,2026-08-18T10:00:00+05:30
ptm_90a29017,poi_6e8951e7,poi_d87edd8a,cab,42,11.985,2.049,231.74,INR,39,2026-08-18T10:00:00+05:30
ptm_cabb2b1e,poi_5bfdc682,poi_77bff953,cab,53,15.482,2.647,291.20,INR,38,2026-08-18T10:00:00+05:30
ptm_4939c3b3,poi_5bfdc682,poi_ee4e06ed,cab,49,14.166,2.422,268.82,INR,12,2026-08-18T10:00:00+05:30
ptm_b9e29cba,poi_5bfdc682,poi_9f3533a8,cab,62,18.364,3.14,340.18,INR,51,2026-08-18T10:00:00+05:30
ptm_0dc51103,poi_5bfdc682,poi_f2cb7eae,cab,35,9.55,1.633,190.35,INR,74,2026-08-18T10:00:00+05:30
ptm_b9289e23,poi_5bfdc682,poi_9daf754e,cab,62,18.314,3.132,339.34,INR,34,2026-08-18T10:00:00+05:30
ptm_787aeca0,poi_5bfdc682,poi_45d26bf8,cab,53,15.269,2.611,287.57,INR,68,2026-08-18T10:00:00+05:30
ptm_32f795d8,poi_5bfdc682,poi_fc3e3e6b,cab,45,12.693,2.171,243.79,INR,14,2026-08-18T10:00:00+05:30
ptm_3e0235e3,poi_5bfdc682,poi_4df9bc6d,cab,27,7.152,1.223,149.59,INR,28,2026-08-18T10:00:00+05:30
ptm_e927b68d,poi_5bfdc682,poi_5d8f9902,cab,60,17.606,3.011,327.31,INR,35,2026-08-18T10:00:00+05:30
ptm_11edfd1e,poi_77bff953,poi_5bfdc682,cab,53,15.482,2.647,291.20,INR,218,2026-08-18T10:00:00+05:30
ptm_719ee208,poi_77bff953,poi_ee4e06ed,cab,26,6.908,1.181,145.44,INR,285,2026-08-18T10:00:00+05:30
ptm_620360b5,poi_77bff953,poi_9f3533a8,cab,19,4.733,0.809,108.46,INR,98,2026-08-18T10:00:00+05:30
ptm_81d54159,poi_77bff953,poi_f2cb7eae,cab,35,9.507,1.626,189.62,INR,183,2026-08-18T10:00:00+05:30
ptm_e62959a3,poi_77bff953,poi_9daf754e,walk,42,3.11,0,0.00,INR,12,2026-08-18T10:00:00+05:30
ptm_75d8926c,poi_77bff953,poi_9daf754e,cab,14,3.11,0.532,80.87,INR,12,2026-08-18T10:00:00+05:30
ptm_b2007c3d,poi_77bff953,poi_45d26bf8,cab,30,7.946,1.359,163.08,INR,145,2026-08-18T10:00:00+05:30
ptm_d5d0b8ec,poi_77bff953,poi_fc3e3e6b,cab,25,6.588,1.127,140.00,INR,272,2026-08-18T10:00:00+05:30
ptm_a9e029ea,poi_77bff953,poi_4df9bc6d,cab,31,8.531,1.459,173.03,INR,227,2026-08-18T10:00:00+05:30
ptm_996c9c9a,poi_77bff953,poi_5d8f9902,walk,32,2.331,0,0.00,INR,12,2026-08-18T10:00:00+05:30
ptm_69e76468,poi_77bff953,poi_5d8f9902,cab,12,2.331,0.399,67.63,INR,12,2026-08-18T10:00:00+05:30
ptm_78a97b38,poi_ee4e06ed,poi_5bfdc682,cab,49,14.166,2.422,268.82,INR,192,2026-08-18T10:00:00+05:30
ptm_fae0f241,poi_ee4e06ed,poi_77bff953,cab,26,6.908,1.181,145.44,INR,104,2026-08-18T10:00:00+05:30
ptm_c76024e9,poi_ee4e06ed,poi_9f3533a8,cab,41,11.621,1.987,225.56,INR,102,2026-08-18T10:00:00+05:30
ptm_fc7c89da,poi_ee4e06ed,poi_f2cb7eae,cab,45,12.848,2.197,246.41,INR,151,2026-08-18T10:00:00+05:30
ptm_c03a90c5,poi_ee4e06ed,poi_9daf754e,cab,28,7.438,1.272,154.44,INR,80,2026-08-18T10:00:00+05:30
ptm_1d23746c,poi_ee4e06ed,poi_45d26bf8,cab,49,13.946,2.385,265.08,INR,126,2026-08-18T10:00:00+05:30
ptm_2776f4a0,poi_ee4e06ed,poi_fc3e3e6b,walk,22,1.537,0,0.00,INR,176,2026-08-18T10:00:00+05:30
ptm_c7a18b98,poi_ee4e06ed,poi_fc3e3e6b,cab,9,1.537,0.263,54.14,INR,176,2026-08-18T10:00:00+05:30
ptm_07a86717,poi_ee4e06ed,poi_4df9bc6d,cab,28,7.581,1.296,156.87,INR,176,2026-08-18T10:00:00+05:30
ptm_47e4cb04,poi_ee4e06ed,poi_5d8f9902,cab,27,7.209,1.233,150.55,INR,86,2026-08-18T10:00:00+05:30
ptm_1abb8163,poi_9f3533a8,poi_5bfdc682,cab,62,18.364,3.14,340.18,INR,231,2026-08-18T10:00:00+05:30
ptm_1926306b,poi_9f3533a8,poi_77bff953,cab,19,4.733,0.809,108.46,INR,278,2026-08-18T10:00:00+05:30
ptm_6298cc61,poi_9f3533a8,poi_ee4e06ed,cab,41,11.621,1.987,225.56,INR,282,2026-08-18T10:00:00+05:30
ptm_d4c348ef,poi_9f3533a8,poi_f2cb7eae,cab,37,10.25,1.753,202.25,INR,210,2026-08-18T10:00:00+05:30
ptm_165f2cb8,poi_9f3533a8,poi_9daf754e,cab,22,5.472,0.936,121.03,INR,312,2026-08-18T10:00:00+05:30
ptm_182de574,poi_9f3533a8,poi_45d26bf8,cab,23,5.876,1.005,127.89,INR,181,2026-08-18T10:00:00+05:30
ptm_770bffce,poi_9f3533a8,poi_fc3e3e6b,cab,40,11.307,1.933,220.22,INR,274,2026-08-18T10:00:00+05:30
ptm_17bd416a,poi_9f3533a8,poi_4df9bc6d,cab,43,12.094,2.068,233.60,INR,244,2026-08-18T10:00:00+05:30
ptm_909710dd,poi_9f3533a8,poi_5d8f9902,cab,21,5.099,0.872,114.68,INR,305,2026-08-18T10:00:00+05:30
ptm_0985f23b,poi_f2cb7eae,poi_5bfdc682,cab,35,9.55,1.633,190.35,INR,254,2026-08-18T10:00:00+05:30
ptm_7ecaf396,poi_f2cb7eae,poi_77bff953,cab,35,9.507,1.626,189.62,INR,3,2026-08-18T10:00:00+05:30
ptm_c346b754,poi_f2cb7eae,poi_ee4e06ed,cab,45,12.848,2.197,246.41,INR,331,2026-08-18T10:00:00+05:30
ptm_37c18704,poi_f2cb7eae,poi_9f3533a8,cab,37,10.25,1.753,202.25,INR,30,2026-08-18T10:00:00+05:30
ptm_c77e8ec1,poi_f2cb7eae,poi_9daf754e,cab,44,12.588,2.152,241.99,INR,5,2026-08-18T10:00:00+05:30
ptm_80d8256d,poi_f2cb7eae,poi_45d26bf8,cab,23,5.841,0.999,127.29,INR,59,2026-08-18T10:00:00+05:30
ptm_77ecf633,poi_f2cb7eae,poi_fc3e3e6b,cab,41,11.476,1.962,223.09,INR,328,2026-08-18T10:00:00+05:30
ptm_6e5e54d3,poi_f2cb7eae,poi_4df9bc6d,cab,26,6.842,1.17,144.31,INR,302,2026-08-18T10:00:00+05:30
ptm_a16acef2,poi_f2cb7eae,poi_5d8f9902,cab,42,11.812,2.02,228.80,INR,5,2026-08-18T10:00:00+05:30
ptm_57d7d202,poi_9daf754e,poi_5bfdc682,cab,62,18.314,3.132,339.34,INR,214,2026-08-18T10:00:00+05:30
ptm_d01f0f77,poi_9daf754e,poi_77bff953,walk,42,3.11,0,0.00,INR,192,2026-08-18T10:00:00+05:30
ptm_a2c8c386,poi_9daf754e,poi_77bff953,cab,14,3.11,0.532,80.87,INR,192,2026-08-18T10:00:00+05:30
ptm_c2a83f87,poi_9daf754e,poi_ee4e06ed,cab,28,7.438,1.272,154.44,INR,260,2026-08-18T10:00:00+05:30
ptm_0a5a1433,poi_9daf754e,poi_9f3533a8,cab,22,5.472,0.936,121.03,INR,132,2026-08-18T10:00:00+05:30
ptm_c4cc7d69,poi_9daf754e,poi_f2cb7eae,cab,44,12.588,2.152,241.99,INR,185,2026-08-18T10:00:00+05:30
ptm_7fe71ded,poi_9daf754e,poi_45d26bf8,cab,37,10.325,1.766,203.53,INR,158,2026-08-18T10:00:00+05:30
ptm_31e8844d,poi_9daf754e,poi_fc3e3e6b,cab,29,7.76,1.327,159.91,INR,248,2026-08-18T10:00:00+05:30
ptm_ddde60dc,poi_9daf754e,poi_4df9bc6d,cab,40,11.219,1.918,218.72,INR,218,2026-08-18T10:00:00+05:30
ptm_6a39f510,poi_9daf754e,poi_5d8f9902,walk,12,0.779,0,0.00,INR,190,2026-08-18T10:00:00+05:30
ptm_a9ae7783,poi_9daf754e,poi_5d8f9902,cab,7,0.779,0.133,41.25,INR,190,2026-08-18T10:00:00+05:30
ptm_4223a4dc,poi_45d26bf8,poi_5bfdc682,cab,53,15.269,2.611,287.57,INR,248,2026-08-18T10:00:00+05:30
ptm_242a07c3,poi_45d26bf8,poi_77bff953,cab,30,7.946,1.359,163.08,INR,325,2026-08-18T10:00:00+05:30
ptm_f97183b6,poi_45d26bf8,poi_ee4e06ed,cab,49,13.946,2.385,265.08,INR,306,2026-08-18T10:00:00+05:30
ptm_58ccb31b,poi_45d26bf8,poi_9f3533a8,cab,23,5.876,1.005,127.89,INR,1,2026-08-18T10:00:00+05:30
ptm_59ad681f,poi_45d26bf8,poi_f2cb7eae,cab,23,5.841,0.999,127.29,INR,239,2026-08-18T10:00:00+05:30
ptm_1ab0fb01,poi_45d26bf8,poi_9daf754e,cab,37,10.325,1.766,203.53,INR,338,2026-08-18T10:00:00+05:30
ptm_d09909ad,poi_45d26bf8,poi_fc3e3e6b,cab,46,13.011,2.225,249.19,INR,301,2026-08-18T10:00:00+05:30
ptm_dd25f954,poi_45d26bf8,poi_4df9bc6d,cab,39,10.813,1.849,211.83,INR,274,2026-08-18T10:00:00+05:30
ptm_6cb63ddb,poi_45d26bf8,poi_5d8f9902,cab,35,9.675,1.654,192.47,INR,335,2026-08-18T10:00:00+05:30
ptm_9063f398,poi_fc3e3e6b,poi_5bfdc682,cab,45,12.693,2.171,243.79,INR,194,2026-08-18T10:00:00+05:30
ptm_2df37f5c,poi_fc3e3e6b,poi_77bff953,cab,25,6.588,1.127,140.00,INR,92,2026-08-18T10:00:00+05:30
ptm_43cce0dd,poi_fc3e3e6b,poi_ee4e06ed,walk,22,1.537,0,0.00,INR,356,2026-08-18T10:00:00+05:30
ptm_9c6fcc62,poi_fc3e3e6b,poi_ee4e06ed,cab,9,1.537,0.263,54.14,INR,356,2026-08-18T10:00:00+05:30
ptm_1d025d5d,poi_fc3e3e6b,poi_9f3533a8,cab,40,11.307,1.933,220.22,INR,94,2026-08-18T10:00:00+05:30
ptm_4fa69a69,poi_fc3e3e6b,poi_f2cb7eae,cab,41,11.476,1.962,223.09,INR,148,2026-08-18T10:00:00+05:30
ptm_d4cd999b,poi_fc3e3e6b,poi_9daf754e,cab,29,7.76,1.327,159.91,INR,68,2026-08-18T10:00:00+05:30
ptm_07d0438b,poi_fc3e3e6b,poi_45d26bf8,cab,46,13.011,2.225,249.19,INR,121,2026-08-18T10:00:00+05:30
ptm_663c04b5,poi_fc3e3e6b,poi_4df9bc6d,cab,24,6.043,1.033,130.74,INR,177,2026-08-18T10:00:00+05:30
ptm_8868f8e0,poi_fc3e3e6b,poi_5d8f9902,cab,28,7.384,1.263,153.54,INR,74,2026-08-18T10:00:00+05:30
ptm_877f6514,poi_4df9bc6d,poi_5bfdc682,cab,27,7.152,1.223,149.59,INR,208,2026-08-18T10:00:00+05:30
ptm_16eed950,poi_4df9bc6d,poi_77bff953,cab,31,8.531,1.459,173.03,INR,47,2026-08-18T10:00:00+05:30
ptm_47319476,poi_4df9bc6d,poi_ee4e06ed,cab,28,7.581,1.296,156.87,INR,356,2026-08-18T10:00:00+05:30
ptm_3964c8b1,poi_4df9bc6d,poi_9f3533a8,cab,43,12.094,2.068,233.60,INR,64,2026-08-18T10:00:00+05:30
ptm_6c004625,poi_4df9bc6d,poi_f2cb7eae,cab,26,6.842,1.17,144.31,INR,122,2026-08-18T10:00:00+05:30
ptm_57a45388,poi_4df9bc6d,poi_9daf754e,cab,40,11.219,1.918,218.72,INR,38,2026-08-18T10:00:00+05:30
ptm_9c98fa45,poi_4df9bc6d,poi_45d26bf8,cab,39,10.813,1.849,211.83,INR,94,2026-08-18T10:00:00+05:30
ptm_a8c2147c,poi_4df9bc6d,poi_fc3e3e6b,cab,24,6.043,1.033,130.74,INR,357,2026-08-18T10:00:00+05:30
ptm_35278f3d,poi_4df9bc6d,poi_5d8f9902,cab,38,10.536,1.802,207.12,INR,40,2026-08-18T10:00:00+05:30
ptm_936f34f3,poi_5d8f9902,poi_5bfdc682,cab,60,17.606,3.011,327.31,INR,215,2026-08-18T10:00:00+05:30
ptm_6e1f5094,poi_5d8f9902,poi_77bff953,walk,32,2.331,0,0.00,INR,192,2026-08-18T10:00:00+05:30
ptm_1c78c3ff,poi_5d8f9902,poi_77bff953,cab,12,2.331,0.399,67.63,INR,192,2026-08-18T10:00:00+05:30
ptm_80a3cf74,poi_5d8f9902,poi_ee4e06ed,cab,27,7.209,1.233,150.55,INR,266,2026-08-18T10:00:00+05:30
ptm_44eb778f,poi_5d8f9902,poi_9f3533a8,cab,21,5.099,0.872,114.68,INR,125,2026-08-18T10:00:00+05:30
ptm_c20e899b,poi_5d8f9902,poi_f2cb7eae,cab,42,11.812,2.02,228.80,INR,185,2026-08-18T10:00:00+05:30
ptm_556cd63b,poi_5d8f9902,poi_9daf754e,walk,12,0.779,0,0.00,INR,10,2026-08-18T10:00:00+05:30
ptm_6cd009af,poi_5d8f9902,poi_9daf754e,cab,7,0.779,0.133,41.25,INR,10,2026-08-18T10:00:00+05:30
ptm_ec736a66,poi_5d8f9902,poi_45d26bf8,cab,35,9.675,1.654,192.47,INR,155,2026-08-18T10:00:00+05:30
ptm_04b2c5c1,poi_5d8f9902,poi_fc3e3e6b,cab,28,7.384,1.263,153.54,INR,254,2026-08-18T10:00:00+05:30
ptm_0a0dcabf,poi_5d8f9902,poi_4df9bc6d,cab,38,10.536,1.802,207.12,INR,220,2026-08-18T10:00:00+05:30
ptm_0fa2274a,poi_f0480ca4,poi_e0c06ade,cab,61,17.838,3.05,331.24,INR,51,2026-08-18T10:00:00+05:30
ptm_3873e17b,poi_f0480ca4,poi_fb2bcabe,cab,34,9.37,1.602,187.29,INR,2,2026-08-18T10:00:00+05:30
ptm_1d609de2,poi_f0480ca4,poi_d668af53,cab,44,12.555,2.147,241.44,INR,3,2026-08-18T10:00:00+05:30
ptm_54284ae0,poi_f0480ca4,poi_7266e8b1,cab,52,15.085,2.58,284.45,INR,76,2026-08-18T10:00:00+05:30
ptm_67b3d1fb,poi_f0480ca4,poi_5b490311,cab,45,12.927,2.21,247.76,INR,13,2026-08-18T10:00:00+05:30
ptm_c3553dd0,poi_f0480ca4,poi_c860207e,cab,32,8.864,1.516,178.68,INR,30,2026-08-18T10:00:00+05:30
ptm_abb1f45f,poi_f0480ca4,poi_48807df0,cab,27,7.215,1.234,150.65,INR,27,2026-08-18T10:00:00+05:30
ptm_914dde39,poi_f0480ca4,poi_a666cab4,walk,38,2.82,0,0.00,INR,143,2026-08-18T10:00:00+05:30
ptm_eebf564e,poi_f0480ca4,poi_a666cab4,cab,13,2.82,0.482,75.94,INR,143,2026-08-18T10:00:00+05:30
ptm_f6363d2c,poi_f0480ca4,poi_a34a401d,cab,46,13.174,2.253,251.96,INR,39,2026-08-18T10:00:00+05:30
ptm_bcee803f,poi_e0c06ade,poi_f0480ca4,cab,61,17.838,3.05,331.24,INR,231,2026-08-18T10:00:00+05:30
ptm_afd03782,poi_e0c06ade,poi_fb2bcabe,cab,48,13.761,2.353,261.94,INR,263,2026-08-18T10:00:00+05:30
ptm_21c82051,poi_e0c06ade,poi_d668af53,cab,47,13.338,2.281,254.74,INR,276,2026-08-18T10:00:00+05:30
ptm_a656313e,poi_e0c06ade,poi_7266e8b1,cab,28,7.457,1.275,154.77,INR,175,2026-08-18T10:00:00+05:30
ptm_589894b1,poi_e0c06ade,poi_5b490311,cab,40,11.188,1.913,218.20,INR,278,2026-08-18T10:00:00+05:30
ptm_630e0c33,poi_e0c06ade,poi_c860207e,cab,36,10.125,1.731,200.13,INR,250,2026-08-18T10:00:00+05:30
ptm_0cc4ec89,poi_e0c06ade,poi_48807df0,cab,41,11.672,1.996,226.43,INR,246,2026-08-18T10:00:00+05:30
ptm_0422873b,poi_e0c06ade,poi_a666cab4,cab,62,18.135,3.101,336.29,INR,222,2026-08-18T10:00:00+05:30
ptm_93a408a3,poi_e0c06ade,poi_a34a401d,cab,22,5.659,0.968,124.20,INR,260,2026-08-18T10:00:00+05:30
ptm_8c7fca96,poi_fb2bcabe,poi_f0480ca4,cab,34,9.37,1.602,187.29,INR,182,2026-08-18T10:00:00+05:30
ptm_8d934667,poi_fb2bcabe,poi_e0c06ade,cab,48,13.761,2.353,261.94,INR,83,2026-08-18T10:00:00+05:30
ptm_0f93499d,poi_fb2bcabe,poi_d668af53,walk,43,3.195,0,0.00,INR,7,2026-08-18T10:00:00+05:30
ptm_7d31c9c6,poi_fb2bcabe,poi_d668af53,cab,15,3.195,0.546,82.31,INR,7,2026-08-18T10:00:00+05:30
ptm_b6a63cc7,poi_fb2bcabe,poi_7266e8b1,cab,53,15.409,2.635,289.96,INR,112,2026-08-18T10:00:00+05:30
ptm_424fc4e9,poi_fb2bcabe,poi_5b490311,walk,55,4.131,0,0.00,INR,38,2026-08-18T10:00:00+05:30
ptm_c40dba3c,poi_fb2bcabe,poi_5b490311,cab,18,4.131,0.706,98.22,INR,38,2026-08-18T10:00:00+05:30
ptm_e1712f5e,poi_fb2bcabe,poi_c860207e,walk,60,4.457,0,0.00,INR,112,2026-08-18T10:00:00+05:30
ptm_607bcf53,poi_fb2bcabe,poi_c860207e,cab,19,4.457,0.762,103.77,INR,112,2026-08-18T10:00:00+05:30
ptm_edfc4445,poi_fb2bcabe,poi_48807df0,walk,56,4.161,0,0.00,INR,135,2026-08-18T10:00:00+05:30
ptm_4bbbb9e3,poi_fb2bcabe,poi_48807df0,cab,18,4.161,0.711,98.73,INR,135,2026-08-18T10:00:00+05:30
ptm_69f551fa,poi_fb2bcabe,poi_a666cab4,cab,41,11.701,2.001,226.92,INR,173,2026-08-18T10:00:00+05:30
ptm_d17ca2ac,poi_fb2bcabe,poi_a34a401d,cab,30,8.11,1.387,165.87,INR,84,2026-08-18T10:00:00+05:30
ptm_8d851e20,poi_d668af53,poi_f0480ca4,cab,44,12.555,2.147,241.44,INR,183,2026-08-18T10:00:00+05:30
ptm_97889aba,poi_d668af53,poi_e0c06ade,cab,47,13.338,2.281,254.74,INR,96,2026-08-18T10:00:00+05:30
ptm_7877ba06,poi_d668af53,poi_fb2bcabe,walk,43,3.195,0,0.00,INR,187,2026-08-18T10:00:00+05:30
ptm_3c51554e,poi_d668af53,poi_fb2bcabe,cab,15,3.195,0.546,82.31,INR,187,2026-08-18T10:00:00+05:30
ptm_9583ac0f,poi_d668af53,poi_7266e8b1,cab,57,16.509,2.823,308.65,INR,122,2026-08-18T10:00:00+05:30
ptm_0ade7106,poi_d668af53,poi_5b490311,walk,30,2.174,0,0.00,INR,88,2026-08-18T10:00:00+05:30
ptm_251643e8,poi_d668af53,poi_5b490311,cab,11,2.174,0.372,64.96,INR,88,2026-08-18T10:00:00+05:30
ptm_be25bd92,poi_d668af53,poi_c860207e,cab,24,6.129,1.048,132.19,INR,142,2026-08-18T10:00:00+05:30
ptm_657ee4e2,poi_d668af53,poi_48807df0,cab,25,6.618,1.132,140.50,INR,157,2026-08-18T10:00:00+05:30
ptm_eef7e00f,poi_d668af53,poi_a666cab4,cab,51,14.823,2.535,279.99,INR,176,2026-08-18T10:00:00+05:30
ptm_3c26c4e3,poi_d668af53,poi_a34a401d,cab,30,8.038,1.374,164.64,INR,107,2026-08-18T10:00:00+05:30
ptm_7e0aab74,poi_7266e8b1,poi_f0480ca4,cab,52,15.085,2.58,284.45,INR,256,2026-08-18T10:00:00+05:30
ptm_c47ad374,poi_7266e8b1,poi_e0c06ade,cab,28,7.457,1.275,154.77,INR,355,2026-08-18T10:00:00+05:30
ptm_e510796a,poi_7266e8b1,poi_fb2bcabe,cab,53,15.409,2.635,289.96,INR,292,2026-08-18T10:00:00+05:30
ptm_fffa562f,poi_7266e8b1,poi_d668af53,cab,57,16.509,2.823,308.65,INR,302,2026-08-18T10:00:00+05:30
ptm_a5707181,poi_7266e8b1,poi_5b490311,cab,51,14.762,2.524,278.95,INR,307,2026-08-18T10:00:00+05:30
ptm_37650e03,poi_7266e8b1,poi_c860207e,cab,39,10.953,1.873,214.20,INR,291,2026-08-18T10:00:00+05:30
ptm_21e32e72,poi_7266e8b1,poi_48807df0,cab,41,11.697,2,226.85,INR,284,2026-08-18T10:00:00+05:30
ptm_070f6b41,poi_7266e8b1,poi_a666cab4,cab,49,14.23,2.433,269.91,INR,245,2026-08-18T10:00:00+05:30
ptm_95a7355e,poi_7266e8b1,poi_a34a401d,cab,33,9.009,1.541,181.16,INR,316,2026-08-18T10:00:00+05:30
ptm_7ab1d3f1,poi_5b490311,poi_f0480ca4,cab,45,12.927,2.21,247.76,INR,193,2026-08-18T10:00:00+05:30
ptm_11ac31bb,poi_5b490311,poi_e0c06ade,cab,40,11.188,1.913,218.20,INR,98,2026-08-18T10:00:00+05:30
ptm_7c374b30,poi_5b490311,poi_fb2bcabe,walk,55,4.131,0,0.00,INR,218,2026-08-18T10:00:00+05:30
ptm_65b34626,poi_5b490311,poi_fb2bcabe,cab,18,4.131,0.706,98.22,INR,218,2026-08-18T10:00:00+05:30
ptm_37346827,poi_5b490311,poi_d668af53,walk,30,2.174,0,0.00,INR,268,2026-08-18T10:00:00+05:30
ptm_71c074e0,poi_5b490311,poi_d668af53,cab,11,2.174,0.372,64.96,INR,268,2026-08-18T10:00:00+05:30
ptm_672add32,poi_5b490311,poi_7266e8b1,cab,51,14.762,2.524,278.95,INR,127,2026-08-18T10:00:00+05:30
ptm_2e80a8d5,poi_5b490311,poi_c860207e,cab,21,5.169,0.884,115.88,INR,162,2026-08-18T10:00:00+05:30
ptm_be389a72,poi_5b490311,poi_48807df0,cab,24,6.181,1.057,133.08,INR,176,2026-08-18T10:00:00+05:30
ptm_af1bee77,poi_5b490311,poi_a666cab4,cab,52,14.904,2.549,281.37,INR,184,2026-08-18T10:00:00+05:30
ptm_98959e9f,poi_5b490311,poi_a34a401d,cab,24,6.022,1.03,130.38,INR,114,2026-08-18T10:00:00+05:30
ptm_98077f4f,poi_c860207e,poi_f0480ca4,cab,32,8.864,1.516,178.68,INR,210,2026-08-18T10:00:00+05:30
ptm_8bb35dfb,poi_c860207e,poi_e0c06ade,cab,36,10.125,1.731,200.13,INR,70,2026-08-18T10:00:00+05:30
ptm_cee3d191,poi_c860207e,poi_fb2bcabe,walk,60,4.457,0,0.00,INR,292,2026-08-18T10:00:00+05:30
ptm_2ae1a6ef,poi_c860207e,poi_fb2bcabe,cab,19,4.457,0.762,103.77,INR,292,2026-08-18T10:00:00+05:30
ptm_d5d1ff16,poi_c860207e,poi_d668af53,cab,24,6.129,1.048,132.19,INR,322,2026-08-18T10:00:00+05:30
ptm_442d3f15,poi_c860207e,poi_7266e8b1,cab,39,10.953,1.873,214.20,INR,111,2026-08-18T10:00:00+05:30
ptm_4c5bda47,poi_c860207e,poi_5b490311,cab,21,5.169,0.884,115.88,INR,342,2026-08-18T10:00:00+05:30
ptm_fb3ec55c,poi_c860207e,poi_48807df0,walk,24,1.706,0,0.00,INR,223,2026-08-18T10:00:00+05:30
ptm_2425f53d,poi_c860207e,poi_48807df0,cab,10,1.706,0.292,57.00,INR,223,2026-08-18T10:00:00+05:30
ptm_b559c547,poi_c860207e,poi_a666cab4,cab,37,10.3,1.761,203.10,INR,195,2026-08-18T10:00:00+05:30
ptm_2ac0331a,poi_c860207e,poi_a34a401d,cab,19,4.666,0.798,107.33,INR,58,2026-08-18T10:00:00+05:30
ptm_27e0dff3,poi_48807df0,poi_f0480ca4,cab,27,7.215,1.234,150.65,INR,207,2026-08-18T10:00:00+05:30
ptm_baac135d,poi_48807df0,poi_e0c06ade,cab,41,11.672,1.996,226.43,INR,66,2026-08-18T10:00:00+05:30
ptm_19388f63,poi_48807df0,poi_fb2bcabe,walk,56,4.161,0,0.00,INR,315,2026-08-18T10:00:00+05:30
ptm_32f0020e,poi_48807df0,poi_fb2bcabe,cab,18,4.161,0.711,98.73,INR,315,2026-08-18T10:00:00+05:30
ptm_e39e3a29,poi_48807df0,poi_d668af53,cab,25,6.618,1.132,140.50,INR,337,2026-08-18T10:00:00+05:30
ptm_e1ef27f1,poi_48807df0,poi_7266e8b1,cab,41,11.697,2,226.85,INR,103,2026-08-18T10:00:00+05:30
ptm_c5f72898,poi_48807df0,poi_5b490311,cab,24,6.181,1.057,133.08,INR,356,2026-08-18T10:00:00+05:30
ptm_78d47630,poi_48807df0,poi_c860207e,walk,24,1.706,0,0.00,INR,43,2026-08-18T10:00:00+05:30
ptm_c88a25df,poi_48807df0,poi_c860207e,cab,10,1.706,0.292,57.00,INR,43,2026-08-18T10:00:00+05:30
ptm_8a8337f5,poi_48807df0,poi_a666cab4,cab,32,8.829,1.51,178.09,INR,190,2026-08-18T10:00:00+05:30
ptm_4344d9ff,poi_48807df0,poi_a34a401d,cab,24,6.333,1.083,135.65,INR,54,2026-08-18T10:00:00+05:30
ptm_806e392b,poi_a666cab4,poi_f0480ca4,walk,38,2.82,0,0.00,INR,323,2026-08-18T10:00:00+05:30
ptm_66f6933a,poi_a666cab4,poi_f0480ca4,cab,13,2.82,0.482,75.94,INR,323,2026-08-18T10:00:00+05:30
ptm_db7097d4,poi_a666cab4,poi_e0c06ade,cab,62,18.135,3.101,336.29,INR,42,2026-08-18T10:00:00+05:30
ptm_e0756424,poi_a666cab4,poi_fb2bcabe,cab,41,11.701,2.001,226.92,INR,353,2026-08-18T10:00:00+05:30
ptm_3239ce22,poi_a666cab4,poi_d668af53,cab,51,14.823,2.535,279.99,INR,356,2026-08-18T10:00:00+05:30
ptm_a0c7a904,poi_a666cab4,poi_7266e8b1,cab,49,14.23,2.433,269.91,INR,65,2026-08-18T10:00:00+05:30
ptm_b59760d2,poi_a666cab4,poi_5b490311,cab,52,14.904,2.549,281.37,INR,4,2026-08-18T10:00:00+05:30
ptm_85e099db,poi_a666cab4,poi_c860207e,cab,37,10.3,1.761,203.10,INR,15,2026-08-18T10:00:00+05:30
ptm_c00af40b,poi_a666cab4,poi_48807df0,cab,32,8.829,1.51,178.09,INR,10,2026-08-18T10:00:00+05:30
ptm_b8501feb,poi_a666cab4,poi_a34a401d,cab,49,14.104,2.412,267.77,INR,28,2026-08-18T10:00:00+05:30
ptm_8a9d3d56,poi_a34a401d,poi_f0480ca4,cab,46,13.174,2.253,251.96,INR,219,2026-08-18T10:00:00+05:30
ptm_9219a002,poi_a34a401d,poi_e0c06ade,cab,22,5.659,0.968,124.20,INR,80,2026-08-18T10:00:00+05:30
ptm_8eca350b,poi_a34a401d,poi_fb2bcabe,cab,30,8.11,1.387,165.87,INR,264,2026-08-18T10:00:00+05:30
ptm_424b4b5b,poi_a34a401d,poi_d668af53,cab,30,8.038,1.374,164.64,INR,287,2026-08-18T10:00:00+05:30
ptm_1bf5c90d,poi_a34a401d,poi_7266e8b1,cab,33,9.009,1.541,181.16,INR,136,2026-08-18T10:00:00+05:30
ptm_3f58ea30,poi_a34a401d,poi_5b490311,cab,24,6.022,1.03,130.38,INR,294,2026-08-18T10:00:00+05:30
ptm_31a09652,poi_a34a401d,poi_c860207e,cab,19,4.666,0.798,107.33,INR,238,2026-08-18T10:00:00+05:30
ptm_354dac5e,poi_a34a401d,poi_48807df0,cab,24,6.333,1.083,135.65,INR,234,2026-08-18T10:00:00+05:30
ptm_480f138c,poi_a34a401d,poi_a666cab4,cab,49,14.104,2.412,267.77,INR,208,2026-08-18T10:00:00+05:30
ptm_d5217d64,poi_a03d90a4,poi_39331eca,cab,48,13.736,2.349,261.52,INR,281,2026-08-18T10:00:00+05:30
ptm_6f16fa61,poi_a03d90a4,poi_8d8ccc5b,cab,28,7.504,1.283,155.57,INR,188,2026-08-18T10:00:00+05:30
ptm_f3438e47,poi_a03d90a4,poi_1c1c550c,cab,40,11.209,1.917,218.55,INR,250,2026-08-18T10:00:00+05:30
ptm_06fc541d,poi_a03d90a4,poi_dd78baa6,cab,59,17.172,2.936,319.93,INR,241,2026-08-18T10:00:00+05:30
ptm_bc21947c,poi_a03d90a4,poi_c9a12a62,cab,38,10.678,1.826,209.52,INR,232,2026-08-18T10:00:00+05:30
ptm_bfae890f,poi_a03d90a4,poi_6f608f35,cab,23,5.791,0.99,126.44,INR,295,2026-08-18T10:00:00+05:30
ptm_bee978d9,poi_a03d90a4,poi_c8da2549,walk,49,3.65,0,0.00,INR,292,2026-08-18T10:00:00+05:30
ptm_a4ae43a6,poi_a03d90a4,poi_c8da2549,cab,16,3.65,0.624,90.05,INR,292,2026-08-18T10:00:00+05:30
ptm_4d5e14cd,poi_a03d90a4,poi_eb938fe9,cab,43,12.046,2.06,232.78,INR,233,2026-08-18T10:00:00+05:30
ptm_697d5c2f,poi_a03d90a4,poi_d8cb0fe2,walk,20,1.395,0,0.00,INR,315,2026-08-18T10:00:00+05:30
ptm_34748a1e,poi_a03d90a4,poi_d8cb0fe2,cab,9,1.395,0.238,51.71,INR,315,2026-08-18T10:00:00+05:30
ptm_216a1407,poi_39331eca,poi_a03d90a4,cab,48,13.736,2.349,261.52,INR,101,2026-08-18T10:00:00+05:30
ptm_52ee34e7,poi_39331eca,poi_8d8ccc5b,cab,55,15.986,2.734,299.77,INR,129,2026-08-18T10:00:00+05:30
ptm_eff0d50d,poi_39331eca,poi_1c1c550c,cab,27,7.001,1.197,147.02,INR,155,2026-08-18T10:00:00+05:30
ptm_02692b19,poi_39331eca,poi_dd78baa6,cab,39,11.029,1.886,215.49,INR,188,2026-08-18T10:00:00+05:30
ptm_4b064b21,poi_39331eca,poi_c9a12a62,cab,38,10.522,1.799,206.87,INR,151,2026-08-18T10:00:00+05:30
ptm_77922c26,poi_39331eca,poi_6f608f35,cab,30,8.231,1.408,167.93,INR,91,2026-08-18T10:00:00+05:30
ptm_58ce47aa,poi_39331eca,poi_c8da2549,cab,37,10.18,1.741,201.06,INR,97,2026-08-18T10:00:00+05:30
ptm_cc4e1ab2,poi_39331eca,poi_eb938fe9,cab,38,10.495,1.795,206.42,INR,159,2026-08-18T10:00:00+05:30
ptm_1cbdc935,poi_39331eca,poi_d8cb0fe2,cab,44,12.604,2.155,242.27,INR,97,2026-08-18T10:00:00+05:30
ptm_59c9f322,poi_8d8ccc5b,poi_a03d90a4,cab,28,7.504,1.283,155.57,INR,8,2026-08-18T10:00:00+05:30
ptm_a38113f1,poi_8d8ccc5b,poi_39331eca,cab,55,15.986,2.734,299.77,INR,309,2026-08-18T10:00:00+05:30
ptm_b7364f37,poi_8d8ccc5b,poi_1c1c550c,cab,37,10.202,1.745,201.44,INR,291,2026-08-18T10:00:00+05:30
ptm_7f606c42,poi_8d8ccc5b,poi_dd78baa6,cab,49,14.008,2.395,266.14,INR,266,2026-08-18T10:00:00+05:30
ptm_31484096,poi_8d8ccc5b,poi_c9a12a62,cab,28,7.396,1.265,153.73,INR,276,2026-08-18T10:00:00+05:30
ptm_c4a62a15,poi_8d8ccc5b,poi_6f608f35,cab,38,10.721,1.833,210.26,INR,337,2026-08-18T10:00:00+05:30
ptm_66645aa2,poi_8d8ccc5b,poi_c8da2549,cab,33,9.111,1.558,182.89,INR,345,2026-08-18T10:00:00+05:30
ptm_fb123cb2,poi_8d8ccc5b,poi_eb938fe9,cab,32,8.637,1.477,174.83,INR,272,2026-08-18T10:00:00+05:30
ptm_489feaed,poi_8d8ccc5b,poi_d8cb0fe2,cab,31,8.416,1.439,171.08,INR,0,2026-08-18T10:00:00+05:30
ptm_c3d062ed,poi_1c1c550c,poi_a03d90a4,cab,40,11.209,1.917,218.55,INR,70,2026-08-18T10:00:00+05:30
ptm_f6cfbcab,poi_1c1c550c,poi_39331eca,cab,27,7.001,1.197,147.02,INR,335,2026-08-18T10:00:00+05:30
ptm_ea911e1f,poi_1c1c550c,poi_8d8ccc5b,cab,37,10.202,1.745,201.44,INR,111,2026-08-18T10:00:00+05:30
ptm_138cb8ef,poi_1c1c550c,poi_dd78baa6,cab,25,6.381,1.091,136.48,INR,224,2026-08-18T10:00:00+05:30
ptm_768db4d6,poi_1c1c550c,poi_c9a12a62,walk,48,3.578,0,0.00,INR,143,2026-08-18T10:00:00+05:30
ptm_ee4d6135,poi_1c1c550c,poi_c9a12a62,cab,16,3.578,0.612,88.82,INR,143,2026-08-18T10:00:00+05:30
ptm_c957d04d,poi_1c1c550c,poi_6f608f35,cab,30,8.146,1.393,166.47,INR,41,2026-08-18T10:00:00+05:30
ptm_99fcb987,poi_1c1c550c,poi_c8da2549,cab,32,8.824,1.509,178.00,INR,54,2026-08-18T10:00:00+05:30
ptm_3c99751a,poi_1c1c550c,poi_eb938fe9,walk,48,3.531,0,0.00,INR,165,2026-08-18T10:00:00+05:30
ptm_dca96db6,poi_1c1c550c,poi_eb938fe9,cab,16,3.531,0.604,88.03,INR,165,2026-08-18T10:00:00+05:30
ptm_ab6829ed,poi_1c1c550c,poi_d8cb0fe2,cab,38,10.683,1.827,209.61,INR,64,2026-08-18T10:00:00+05:30
ptm_56755d3a,poi_dd78baa6,poi_a03d90a4,cab,59,17.172,2.936,319.93,INR,61,2026-08-18T10:00:00+05:30
ptm_e249ccc7,poi_dd78baa6,poi_39331eca,cab,39,11.029,1.886,215.49,INR,8,2026-08-18T10:00:00+05:30
ptm_c21f7cad,poi_dd78baa6,poi_8d8ccc5b,cab,49,14.008,2.395,266.14,INR,86,2026-08-18T10:00:00+05:30
ptm_0b1b2f67,poi_dd78baa6,poi_1c1c550c,cab,25,6.381,1.091,136.48,INR,44,2026-08-18T10:00:00+05:30
ptm_6dad271b,poi_dd78baa6,poi_c9a12a62,cab,26,6.85,1.171,144.44,INR,75,2026-08-18T10:00:00+05:30
ptm_60db0c65,poi_dd78baa6,poi_6f608f35,cab,50,14.519,2.483,274.83,INR,42,2026-08-18T10:00:00+05:30
ptm_449a29a9,poi_dd78baa6,poi_c8da2549,cab,52,15.148,2.59,285.52,INR,50,2026-08-18T10:00:00+05:30
ptm_b9173303,poi_dd78baa6,poi_eb938fe9,cab,22,5.468,0.935,120.95,INR,78,2026-08-18T10:00:00+05:30
ptm_c0fb0bf4,poi_dd78baa6,poi_d8cb0fe2,cab,58,16.839,2.879,314.26,INR,56,2026-08-18T10:00:00+05:30
ptm_cbadd781,poi_c9a12a62,poi_a03d90a4,cab,38,10.678,1.826,209.52,INR,52,2026-08-18T10:00:00+05:30
ptm_21b972a2,poi_c9a12a62,poi_39331eca,cab,38,10.522,1.799,206.87,INR,331,2026-08-18T10:00:00+05:30
ptm_7d988473,poi_c9a12a62,poi_8d8ccc5b,cab,28,7.396,1.265,153.73,INR,96,2026-08-18T10:00:00+05:30
ptm_585451fc,poi_c9a12a62,poi_1c1c550c,walk,48,3.578,0,0.00,INR,323,2026-08-18T10:00:00+05:30
ptm_a624bbe3,poi_c9a12a62,poi_1c1c550c,cab,16,3.578,0.612,88.82,INR,323,2026-08-18T10:00:00+05:30
ptm_e5476f1d,poi_c9a12a62,poi_dd78baa6,cab,26,6.85,1.171,144.44,INR,255,2026-08-18T10:00:00+05:30
ptm_49adc4e7,poi_c9a12a62,poi_6f608f35,cab,35,9.557,1.634,190.48,INR,19,2026-08-18T10:00:00+05:30
ptm_19a8d0f3,poi_c9a12a62,poi_c8da2549,cab,34,9.419,1.611,188.13,INR,32,2026-08-18T10:00:00+05:30
ptm_72f16f10,poi_c9a12a62,poi_eb938fe9,walk,20,1.406,0,0.00,INR,246,2026-08-18T10:00:00+05:30
ptm_318b09f7,poi_c9a12a62,poi_eb938fe9,cab,9,1.406,0.24,51.90,INR,246,2026-08-18T10:00:00+05:30
ptm_e99c25a4,poi_c9a12a62,poi_d8cb0fe2,cab,38,10.601,1.813,208.22,INR,44,2026-08-18T10:00:00+05:30
ptm_4414d2f0,poi_6f608f35,poi_a03d90a4,cab,23,5.791,0.99,126.44,INR,115,2026-08-18T10:00:00+05:30
ptm_dc145898,poi_6f608f35,poi_39331eca,cab,30,8.231,1.408,167.93,INR,271,2026-08-18T10:00:00+05:30
ptm_7670b0e9,poi_6f608f35,poi_8d8ccc5b,cab,38,10.721,1.833,210.26,INR,157,2026-08-18T10:00:00+05:30
ptm_281d7354,poi_6f608f35,poi_1c1c550c,cab,30,8.146,1.393,166.47,INR,221,2026-08-18T10:00:00+05:30
ptm_142dbb10,poi_6f608f35,poi_dd78baa6,cab,50,14.519,2.483,274.83,INR,222,2026-08-18T10:00:00+05:30
ptm_bb977a18,poi_6f608f35,poi_c9a12a62,cab,35,9.557,1.634,190.48,INR,199,2026-08-18T10:00:00+05:30
ptm_8ba3078d,poi_6f608f35,poi_c8da2549,walk,30,2.151,0,0.00,INR,119,2026-08-18T10:00:00+05:30
ptm_6ed80f44,poi_6f608f35,poi_c8da2549,cab,11,2.151,0.368,64.57,INR,119,2026-08-18T10:00:00+05:30
ptm_5780eb04,poi_6f608f35,poi_eb938fe9,cab,38,10.57,1.807,207.68,INR,205,2026-08-18T10:00:00+05:30
ptm_60897d81,poi_6f608f35,poi_d8cb0fe2,cab,19,4.507,0.771,104.62,INR,109,2026-08-18T10:00:00+05:30
ptm_dd22032a,poi_c8da2549,poi_a03d90a4,walk,49,3.65,0,0.00,INR,112,2026-08-18T10:00:00+05:30
ptm_4a75c465,poi_c8da2549,poi_a03d90a4,cab,16,3.65,0.624,90.05,INR,112,2026-08-18T10:00:00+05:30
ptm_96fde932,poi_c8da2549,poi_39331eca,cab,37,10.18,1.741,201.06,INR,277,2026-08-18T10:00:00+05:30
ptm_04ca5e8c,poi_c8da2549,poi_8d8ccc5b,cab,33,9.111,1.558,182.89,INR,165,2026-08-18T10:00:00+05:30
ptm_57951f4b,poi_c8da2549,poi_1c1c550c,cab,32,8.824,1.509,178.00,INR,234,2026-08-18T10:00:00+05:30
ptm_6f5fb6be,poi_c8da2549,poi_dd78baa6,cab,52,15.148,2.59,285.52,INR,230,2026-08-18T10:00:00+05:30
ptm_4169df97,poi_c8da2549,poi_c9a12a62,cab,34,9.419,1.611,188.13,INR,212,2026-08-18T10:00:00+05:30
ptm_25eac875,poi_c8da2549,poi_6f608f35,walk,30,2.151,0,0.00,INR,299,2026-08-18T10:00:00+05:30
ptm_a08df194,poi_c8da2549,poi_6f608f35,cab,11,2.151,0.368,64.57,INR,299,2026-08-18T10:00:00+05:30
ptm_5746d282,poi_c8da2549,poi_eb938fe9,cab,38,10.616,1.815,208.48,INR,216,2026-08-18T10:00:00+05:30
ptm_5339ff4f,poi_c8da2549,poi_d8cb0fe2,walk,33,2.426,0,0.00,INR,99,2026-08-18T10:00:00+05:30
ptm_ad737315,poi_c8da2549,poi_d8cb0fe2,cab,12,2.426,0.415,69.24,INR,99,2026-08-18T10:00:00+05:30
ptm_86731465,poi_eb938fe9,poi_a03d90a4,cab,43,12.046,2.06,232.78,INR,53,2026-08-18T10:00:00+05:30
ptm_817e8ec0,poi_eb938fe9,poi_39331eca,cab,38,10.495,1.795,206.42,INR,339,2026-08-18T10:00:00+05:30
ptm_3daacef8,poi_eb938fe9,poi_8d8ccc5b,cab,32,8.637,1.477,174.83,INR,92,2026-08-18T10:00:00+05:30
ptm_051d6c19,poi_eb938fe9,poi_1c1c550c,walk,48,3.531,0,0.00,INR,345,2026-08-18T10:00:00+05:30
ptm_7c70fb34,poi_eb938fe9,poi_1c1c550c,cab,16,3.531,0.604,88.03,INR,345,2026-08-18T10:00:00+05:30
ptm_8e5b4f67,poi_eb938fe9,poi_dd78baa6,cab,22,5.468,0.935,120.95,INR,258,2026-08-18T10:00:00+05:30
ptm_4783155f,poi_eb938fe9,poi_c9a12a62,walk,20,1.406,0,0.00,INR,66,2026-08-18T10:00:00+05:30
ptm_96b087c2,poi_eb938fe9,poi_c9a12a62,cab,9,1.406,0.24,51.90,INR,66,2026-08-18T10:00:00+05:30
ptm_8bc98e74,poi_eb938fe9,poi_6f608f35,cab,38,10.57,1.807,207.68,INR,25,2026-08-18T10:00:00+05:30
ptm_6c1427c2,poi_eb938fe9,poi_c8da2549,cab,38,10.616,1.815,208.48,INR,36,2026-08-18T10:00:00+05:30
ptm_61f438b1,poi_eb938fe9,poi_d8cb0fe2,cab,42,11.919,2.038,230.63,INR,47,2026-08-18T10:00:00+05:30
ptm_42eaa54e,poi_d8cb0fe2,poi_a03d90a4,walk,20,1.395,0,0.00,INR,135,2026-08-18T10:00:00+05:30
ptm_393fad7f,poi_d8cb0fe2,poi_a03d90a4,cab,9,1.395,0.238,51.71,INR,135,2026-08-18T10:00:00+05:30
ptm_e545b9d3,poi_d8cb0fe2,poi_39331eca,cab,44,12.604,2.155,242.27,INR,277,2026-08-18T10:00:00+05:30
ptm_eb2f20f8,poi_d8cb0fe2,poi_8d8ccc5b,cab,31,8.416,1.439,171.08,INR,180,2026-08-18T10:00:00+05:30
ptm_e5598927,poi_d8cb0fe2,poi_1c1c550c,cab,38,10.683,1.827,209.61,INR,244,2026-08-18T10:00:00+05:30
ptm_3bf00f1a,poi_d8cb0fe2,poi_dd78baa6,cab,58,16.839,2.879,314.26,INR,236,2026-08-18T10:00:00+05:30
ptm_0513dfbe,poi_d8cb0fe2,poi_c9a12a62,cab,38,10.601,1.813,208.22,INR,224,2026-08-18T10:00:00+05:30
ptm_791f9764,poi_d8cb0fe2,poi_6f608f35,cab,19,4.507,0.771,104.62,INR,289,2026-08-18T10:00:00+05:30
ptm_508ebb60,poi_d8cb0fe2,poi_c8da2549,walk,33,2.426,0,0.00,INR,279,2026-08-18T10:00:00+05:30
ptm_9c65639b,poi_d8cb0fe2,poi_c8da2549,cab,12,2.426,0.415,69.24,INR,279,2026-08-18T10:00:00+05:30
ptm_3831c82c,poi_d8cb0fe2,poi_eb938fe9,cab,42,11.919,2.038,230.63,INR,227,2026-08-18T10:00:00+05:30
ptm_7cb1029a,poi_63594b52,poi_a6ab1a68,cab,45,12.733,2.177,244.46,INR,102,2026-08-18T10:00:00+05:30
ptm_328b7f22,poi_63594b52,poi_87e0c24e,cab,23,5.703,0.975,124.94,INR,63,2026-08-18T10:00:00+05:30
ptm_4648a9a7,poi_63594b52,poi_0f53485c,cab,26,6.918,1.183,145.60,INR,152,2026-08-18T10:00:00+05:30
ptm_d2b8e1d1,poi_63594b52,poi_a1100754,cab,47,13.404,2.292,255.87,INR,110,2026-08-18T10:00:00+05:30
ptm_ae3f7b11,poi_63594b52,poi_bcc733aa,cab,44,12.399,2.12,238.79,INR,86,2026-08-18T10:00:00+05:30
ptm_e302bd58,poi_63594b52,poi_2f03bafe,cab,41,11.475,1.962,223.07,INR,83,2026-08-18T10:00:00+05:30
ptm_38517b25,poi_63594b52,poi_2fc8a8df,walk,41,3.059,0,0.00,INR,13,2026-08-18T10:00:00+05:30
ptm_c9f56c61,poi_63594b52,poi_2fc8a8df,cab,14,3.059,0.523,80.01,INR,13,2026-08-18T10:00:00+05:30
ptm_a6146b90,poi_63594b52,poi_1dc221bb,cab,32,8.669,1.482,175.37,INR,190,2026-08-18T10:00:00+05:30
ptm_7a3a0ed1,poi_63594b52,poi_7061ac7c,cab,29,7.742,1.324,159.62,INR,98,2026-08-18T10:00:00+05:30
ptm_5640991f,poi_a6ab1a68,poi_63594b52,cab,45,12.733,2.177,244.46,INR,282,2026-08-18T10:00:00+05:30
ptm_ea214a14,poi_a6ab1a68,poi_87e0c24e,cab,33,9.063,1.55,182.08,INR,306,2026-08-18T10:00:00+05:30
ptm_3e433c64,poi_a6ab1a68,poi_0f53485c,cab,35,9.763,1.669,193.97,INR,250,2026-08-18T10:00:00+05:30
ptm_d325188a,poi_a6ab1a68,poi_a1100754,walk,26,1.852,0,0.00,INR,175,2026-08-18T10:00:00+05:30
ptm_734d8acc,poi_a6ab1a68,poi_a1100754,cab,10,1.852,0.317,59.49,INR,175,2026-08-18T10:00:00+05:30
ptm_4df16bcb,poi_a6ab1a68,poi_bcc733aa,walk,47,3.498,0,0.00,INR,359,2026-08-18T10:00:00+05:30
ptm_6caf8c7d,poi_a6ab1a68,poi_bcc733aa,cab,16,3.498,0.598,87.46,INR,359,2026-08-18T10:00:00+05:30
ptm_3fb74010,poi_a6ab1a68,poi_2f03bafe,walk,57,4.221,0,0.00,INR,346,2026-08-18T10:00:00+05:30
ptm_dfddc927,poi_a6ab1a68,poi_2f03bafe,cab,18,4.221,0.722,99.76,INR,346,2026-08-18T10:00:00+05:30
ptm_94db234e,poi_a6ab1a68,poi_2fc8a8df,cab,46,13.041,2.23,249.69,INR,296,2026-08-18T10:00:00+05:30
ptm_1b7da04a,poi_a6ab1a68,poi_1dc221bb,cab,52,15.05,2.574,283.86,INR,247,2026-08-18T10:00:00+05:30
ptm_48e076d7,poi_a6ab1a68,poi_7061ac7c,cab,20,5.048,0.863,113.81,INR,289,2026-08-18T10:00:00+05:30
ptm_9f0f714b,poi_87e0c24e,poi_63594b52,cab,23,5.703,0.975,124.94,INR,243,2026-08-18T10:00:00+05:30
ptm_261db690,poi_87e0c24e,poi_a6ab1a68,cab,33,9.063,1.55,182.08,INR,126,2026-08-18T10:00:00+05:30
ptm_e22c7f63,poi_87e0c24e,poi_0f53485c,cab,32,8.858,1.515,178.58,INR,192,2026-08-18T10:00:00+05:30
ptm_63fcd089,poi_87e0c24e,poi_a1100754,cab,37,10.37,1.773,204.30,INR,134,2026-08-18T10:00:00+05:30
ptm_4e0209ee,poi_87e0c24e,poi_bcc733aa,cab,28,7.508,1.284,155.64,INR,104,2026-08-18T10:00:00+05:30
ptm_323f49a4,poi_87e0c24e,poi_2f03bafe,cab,25,6.422,1.098,137.17,INR,101,2026-08-18T10:00:00+05:30
ptm_dea46f0b,poi_87e0c24e,poi_2fc8a8df,walk,59,4.396,0,0.00,INR,275,2026-08-18T10:00:00+05:30
ptm_b8e5ac11,poi_87e0c24e,poi_2fc8a8df,cab,18,4.396,0.752,102.73,INR,275,2026-08-18T10:00:00+05:30
ptm_f2610e9c,poi_87e0c24e,poi_1dc221bb,cab,45,12.899,2.206,247.28,INR,210,2026-08-18T10:00:00+05:30
ptm_addc0766,poi_87e0c24e,poi_7061ac7c,walk,60,4.472,0,0.00,INR,145,2026-08-18T10:00:00+05:30
ptm_2bbbe68b,poi_87e0c24e,poi_7061ac7c,cab,19,4.472,0.765,104.02,INR,145,2026-08-18T10:00:00+05:30
ptm_607b00f1,poi_0f53485c,poi_63594b52,cab,26,6.918,1.183,145.60,INR,332,2026-08-18T10:00:00+05:30
ptm_ab380b8c,poi_0f53485c,poi_a6ab1a68,cab,35,9.763,1.669,193.97,INR,70,2026-08-18T10:00:00+05:30
ptm_0f2d994b,poi_0f53485c,poi_87e0c24e,cab,32,8.858,1.515,178.58,INR,12,2026-08-18T10:00:00+05:30
ptm_7146dcb5,poi_0f53485c,poi_a1100754,cab,34,9.45,1.616,188.66,INR,81,2026-08-18T10:00:00+05:30
ptm_2cb1dc50,poi_0f53485c,poi_bcc733aa,cab,40,11.4,1.949,221.80,INR,53,2026-08-18T10:00:00+05:30
ptm_ebf224b5,poi_0f53485c,poi_2f03bafe,cab,39,11.025,1.885,215.42,INR,47,2026-08-18T10:00:00+05:30
ptm_a0c5eabf,poi_0f53485c,poi_2fc8a8df,cab,34,9.425,1.612,188.23,INR,344,2026-08-18T10:00:00+05:30
ptm_70bb299b,poi_0f53485c,poi_1dc221bb,cab,21,5.316,0.909,118.37,INR,242,2026-08-18T10:00:00+05:30
ptm_83f75887,poi_0f53485c,poi_7061ac7c,cab,26,6.669,1.14,141.37,INR,41,2026-08-18T10:00:00+05:30
ptm_7bd9908b,poi_a1100754,poi_63594b52,cab,47,13.404,2.292,255.87,INR,290,2026-08-18T10:00:00+05:30
ptm_0f1a79b2,poi_a1100754,poi_a6ab1a68,walk,26,1.852,0,0.00,INR,355,2026-08-18T10:00:00+05:30
ptm_a639103e,poi_a1100754,poi_a6ab1a68,cab,10,1.852,0.317,59.49,INR,355,2026-08-18T10:00:00+05:30
ptm_37f2406b,poi_a1100754,poi_87e0c24e,cab,37,10.37,1.773,204.30,INR,314,2026-08-18T10:00:00+05:30
ptm_eddadb3b,poi_a1100754,poi_0f53485c,cab,34,9.45,1.616,188.66,INR,261,2026-08-18T10:00:00+05:30
ptm_43eba876,poi_a1100754,poi_bcc733aa,cab,21,5.347,0.914,118.90,INR,358,2026-08-18T10:00:00+05:30
ptm_3471293f,poi_a1100754,poi_2f03bafe,cab,24,6.057,1.036,130.97,INR,348,2026-08-18T10:00:00+05:30
ptm_7358b6b5,poi_a1100754,poi_2fc8a8df,cab,49,14.084,2.408,267.43,INR,302,2026-08-18T10:00:00+05:30
ptm_967af24a,poi_a1100754,poi_1dc221bb,cab,51,14.594,2.496,276.10,INR,254,2026-08-18T10:00:00+05:30
ptm_bcda9646,poi_a1100754,poi_7061ac7c,cab,24,6.046,1.034,130.79,INR,305,2026-08-18T10:00:00+05:30
ptm_89766ad4,poi_bcc733aa,poi_63594b52,cab,44,12.399,2.12,238.79,INR,266,2026-08-18T10:00:00+05:30
ptm_81c8be7e,poi_bcc733aa,poi_a6ab1a68,walk,47,3.498,0,0.00,INR,179,2026-08-18T10:00:00+05:30
ptm_c4386cf6,poi_bcc733aa,poi_a6ab1a68,cab,16,3.498,0.598,87.46,INR,179,2026-08-18T10:00:00+05:30
ptm_0b518353,poi_bcc733aa,poi_87e0c24e,cab,28,7.508,1.284,155.64,INR,284,2026-08-18T10:00:00+05:30
ptm_93dd728a,poi_bcc733aa,poi_0f53485c,cab,40,11.4,1.949,221.80,INR,233,2026-08-18T10:00:00+05:30
ptm_bb834b53,poi_bcc733aa,poi_a1100754,cab,21,5.347,0.914,118.90,INR,178,2026-08-18T10:00:00+05:30
ptm_c20de0ce,poi_bcc733aa,poi_2f03bafe,walk,16,1.147,0,0.00,INR,301,2026-08-18T10:00:00+05:30
ptm_5306c63d,poi_bcc733aa,poi_2f03bafe,cab,8,1.147,0.196,47.50,INR,301,2026-08-18T10:00:00+05:30
ptm_532e519a,poi_bcc733aa,poi_2fc8a8df,cab,42,11.872,2.03,229.83,INR,281,2026-08-18T10:00:00+05:30
ptm_af31194f,poi_bcc733aa,poi_1dc221bb,cab,57,16.666,2.85,311.31,INR,236,2026-08-18T10:00:00+05:30
ptm_629e6b65,poi_bcc733aa,poi_7061ac7c,cab,20,5.058,0.865,113.98,INR,249,2026-08-18T10:00:00+05:30
ptm_9cf67c1e,poi_2f03bafe,poi_63594b52,cab,41,11.475,1.962,223.07,INR,263,2026-08-18T10:00:00+05:30
ptm_92541cb6,poi_2f03bafe,poi_a6ab1a68,walk,57,4.221,0,0.00,INR,166,2026-08-18T10:00:00+05:30
ptm_bb3eb048,poi_2f03bafe,poi_a6ab1a68,cab,18,4.221,0.722,99.76,INR,166,2026-08-18T10:00:00+05:30
ptm_a2100616,poi_2f03bafe,poi_87e0c24e,cab,25,6.422,1.098,137.17,INR,281,2026-08-18T10:00:00+05:30
ptm_830c248a,poi_2f03bafe,poi_0f53485c,cab,39,11.025,1.885,215.42,INR,227,2026-08-18T10:00:00+05:30
ptm_0d3d4c20,poi_2f03bafe,poi_a1100754,cab,24,6.057,1.036,130.97,INR,168,2026-08-18T10:00:00+05:30
ptm_41cec9d5,poi_2f03bafe,poi_bcc733aa,walk,16,1.147,0,0.00,INR,121,2026-08-18T10:00:00+05:30
ptm_09ca74cf,poi_2f03bafe,poi_bcc733aa,cab,8,1.147,0.196,47.50,INR,121,2026-08-18T10:00:00+05:30
ptm_969f0baa,poi_2f03bafe,poi_2fc8a8df,cab,39,10.805,1.848,211.68,INR,279,2026-08-18T10:00:00+05:30
ptm_93598f1b,poi_2f03bafe,poi_1dc221bb,cab,56,16.216,2.773,303.68,INR,232,2026-08-18T10:00:00+05:30
ptm_06003d35,poi_2f03bafe,poi_7061ac7c,walk,60,4.454,0,0.00,INR,237,2026-08-18T10:00:00+05:30
ptm_b8ff8c66,poi_2f03bafe,poi_7061ac7c,cab,19,4.454,0.762,103.72,INR,237,2026-08-18T10:00:00+05:30
ptm_0b68c773,poi_2fc8a8df,poi_63594b52,walk,41,3.059,0,0.00,INR,193,2026-08-18T10:00:00+05:30
ptm_064716b7,poi_2fc8a8df,poi_63594b52,cab,14,3.059,0.523,80.01,INR,193,2026-08-18T10:00:00+05:30
ptm_d36091af,poi_2fc8a8df,poi_a6ab1a68,cab,46,13.041,2.23,249.69,INR,116,2026-08-18T10:00:00+05:30
ptm_4b52b691,poi_2fc8a8df,poi_87e0c24e,walk,59,4.396,0,0.00,INR,95,2026-08-18T10:00:00+05:30
ptm_925e02c7,poi_2fc8a8df,poi_87e0c24e,cab,18,4.396,0.752,102.73,INR,95,2026-08-18T10:00:00+05:30
ptm_ded9068d,poi_2fc8a8df,poi_0f53485c,cab,34,9.425,1.612,188.23,INR,164,2026-08-18T10:00:00+05:30
ptm_4006e88b,poi_2fc8a8df,poi_a1100754,cab,49,14.084,2.408,267.43,INR,122,2026-08-18T10:00:00+05:30
ptm_f5a55afd,poi_2fc8a8df,poi_bcc733aa,cab,42,11.872,2.03,229.83,INR,101,2026-08-18T10:00:00+05:30
ptm_c1ac6e19,poi_2fc8a8df,poi_2f03bafe,cab,39,10.805,1.848,211.68,INR,99,2026-08-18T10:00:00+05:30
ptm_f755c80b,poi_2fc8a8df,poi_1dc221bb,cab,42,11.723,2.005,227.29,INR,191,2026-08-18T10:00:00+05:30
ptm_37d71fc5,poi_2fc8a8df,poi_7061ac7c,cab,30,8.052,1.377,164.88,INR,120,2026-08-18T10:00:00+05:30
ptm_a7e72b4b,poi_1dc221bb,poi_63594b52,cab,32,8.669,1.482,175.37,INR,10,2026-08-18T10:00:00+05:30
ptm_7ebad7c8,poi_1dc221bb,poi_a6ab1a68,cab,52,15.05,2.574,283.86,INR,67,2026-08-18T10:00:00+05:30
ptm_7cd2c1ca,poi_1dc221bb,poi_87e0c24e,cab,45,12.899,2.206,247.28,INR,30,2026-08-18T10:00:00+05:30
ptm_2ccd0f4e,poi_1dc221bb,poi_0f53485c,cab,21,5.316,0.909,118.37,INR,62,2026-08-18T10:00:00+05:30
ptm_cb6f4507,poi_1dc221bb,poi_a1100754,cab,51,14.594,2.496,276.10,INR,74,2026-08-18T10:00:00+05:30
ptm_9cf852d9,poi_1dc221bb,poi_bcc733aa,cab,57,16.666,2.85,311.31,INR,56,2026-08-18T10:00:00+05:30
ptm_e896ea07,poi_1dc221bb,poi_2f03bafe,cab,56,16.216,2.773,303.68,INR,52,2026-08-18T10:00:00+05:30
ptm_96a2bcde,poi_1dc221bb,poi_2fc8a8df,cab,42,11.723,2.005,227.29,INR,11,2026-08-18T10:00:00+05:30
ptm_208c6a46,poi_1dc221bb,poi_7061ac7c,cab,42,11.781,2.015,228.27,INR,51,2026-08-18T10:00:00+05:30
ptm_2db3e337,poi_7061ac7c,poi_63594b52,cab,29,7.742,1.324,159.62,INR,278,2026-08-18T10:00:00+05:30
ptm_8a740aa0,poi_7061ac7c,poi_a6ab1a68,cab,20,5.048,0.863,113.81,INR,109,2026-08-18T10:00:00+05:30
ptm_f1710bd1,poi_7061ac7c,poi_87e0c24e,walk,60,4.472,0,0.00,INR,325,2026-08-18T10:00:00+05:30
ptm_9fe47b45,poi_7061ac7c,poi_87e0c24e,cab,19,4.472,0.765,104.02,INR,325,2026-08-18T10:00:00+05:30
ptm_c74182d3,poi_7061ac7c,poi_0f53485c,cab,26,6.669,1.14,141.37,INR,221,2026-08-18T10:00:00+05:30
ptm_b68777d1,poi_7061ac7c,poi_a1100754,cab,24,6.046,1.034,130.79,INR,125,2026-08-18T10:00:00+05:30
ptm_8c0c05c1,poi_7061ac7c,poi_bcc733aa,cab,20,5.058,0.865,113.98,INR,69,2026-08-18T10:00:00+05:30
ptm_fec84345,poi_7061ac7c,poi_2f03bafe,walk,60,4.454,0,0.00,INR,57,2026-08-18T10:00:00+05:30
ptm_8a4427d9,poi_7061ac7c,poi_2f03bafe,cab,19,4.454,0.762,103.72,INR,57,2026-08-18T10:00:00+05:30
ptm_cf491997,poi_7061ac7c,poi_2fc8a8df,cab,30,8.052,1.377,164.88,INR,300,2026-08-18T10:00:00+05:30
ptm_87fa7a45,poi_7061ac7c,poi_1dc221bb,cab,42,11.781,2.015,228.27,INR,231,2026-08-18T10:00:00+05:30
ptm_5a87abf2,poi_0b113cd1,poi_0c5014db,cab,26,6.918,1.183,145.61,INR,151,2026-08-18T10:00:00+05:30
ptm_c74df23c,poi_0b113cd1,poi_90ae8bdc,cab,25,6.48,1.108,138.16,INR,285,2026-08-18T10:00:00+05:30
ptm_924a0c9f,poi_0b113cd1,poi_6b659eca,cab,49,14.104,2.412,267.77,INR,221,2026-08-18T10:00:00+05:30
ptm_cba868be,poi_0b113cd1,poi_d2d9d668,cab,37,10.212,1.746,201.61,INR,172,2026-08-18T10:00:00+05:30
ptm_9a66925b,poi_0b113cd1,poi_ba254651,walk,42,3.104,0,0.00,INR,233,2026-08-18T10:00:00+05:30
ptm_dc833af0,poi_0b113cd1,poi_ba254651,cab,14,3.104,0.531,80.76,INR,233,2026-08-18T10:00:00+05:30
ptm_28266a1a,poi_0b113cd1,poi_df26bbb8,cab,26,6.666,1.14,141.33,INR,162,2026-08-18T10:00:00+05:30
ptm_91a2bd85,poi_0b113cd1,poi_3132b4af,cab,44,12.446,2.128,239.58,INR,212,2026-08-18T10:00:00+05:30
ptm_659aac50,poi_0b113cd1,poi_679c6407,cab,36,9.821,1.679,194.95,INR,168,2026-08-18T10:00:00+05:30
ptm_38d1e497,poi_0b113cd1,poi_ac60ca43,cab,36,10.011,1.712,198.19,INR,166,2026-08-18T10:00:00+05:30
ptm_d2235517,poi_0c5014db,poi_0b113cd1,cab,26,6.918,1.183,145.61,INR,331,2026-08-18T10:00:00+05:30
ptm_6600ea65,poi_0c5014db,poi_90ae8bdc,cab,43,12.318,2.106,237.40,INR,309,2026-08-18T10:00:00+05:30
ptm_ae29e717,poi_0c5014db,poi_6b659eca,cab,47,13.446,2.299,256.58,INR,250,2026-08-18T10:00:00+05:30
ptm_96c41c19,poi_0c5014db,poi_d2d9d668,cab,19,4.525,0.774,104.93,INR,206,2026-08-18T10:00:00+05:30
ptm_544b5808,poi_0c5014db,poi_ba254651,cab,27,7.142,1.221,149.42,INR,306,2026-08-18T10:00:00+05:30
ptm_48218976,poi_0c5014db,poi_df26bbb8,walk,19,1.334,0,0.00,INR,258,2026-08-18T10:00:00+05:30
ptm_fd00926a,poi_0c5014db,poi_df26bbb8,cab,9,1.334,0.228,50.68,INR,258,2026-08-18T10:00:00+05:30
ptm_ea9425f8,poi_0c5014db,poi_3132b4af,cab,39,10.915,1.866,213.56,INR,246,2026-08-18T10:00:00+05:30
ptm_7fde5445,poi_0c5014db,poi_679c6407,walk,51,3.771,0,0.00,INR,200,2026-08-18T10:00:00+05:30
ptm_72f216fc,poi_0c5014db,poi_679c6407,cab,16,3.771,0.645,92.10,INR,200,2026-08-18T10:00:00+05:30
ptm_6639c77e,poi_0c5014db,poi_ac60ca43,walk,50,3.731,0,0.00,INR,193,2026-08-18T10:00:00+05:30
ptm_85a8b0ee,poi_0c5014db,poi_ac60ca43,cab,16,3.731,0.638,91.43,INR,193,2026-08-18T10:00:00+05:30
ptm_cec7b14f,poi_90ae8bdc,poi_0b113cd1,cab,25,6.48,1.108,138.16,INR,105,2026-08-18T10:00:00+05:30
ptm_90032aeb,poi_90ae8bdc,poi_0c5014db,cab,43,12.318,2.106,237.40,INR,129,2026-08-18T10:00:00+05:30
ptm_5d7a7998,poi_90ae8bdc,poi_6b659eca,cab,44,12.612,2.157,242.40,INR,194,2026-08-18T10:00:00+05:30
ptm_c0e2a4a0,poi_90ae8bdc,poi_d2d9d668,cab,49,14.023,2.398,266.38,INR,147,2026-08-18T10:00:00+05:30
ptm_7e75ef15,poi_90ae8bdc,poi_ba254651,cab,21,5.2,0.889,116.39,INR,133,2026-08-18T10:00:00+05:30
ptm_aae60436,poi_90ae8bdc,poi_df26bbb8,cab,41,11.53,1.972,224.00,INR,134,2026-08-18T10:00:00+05:30
ptm_4e9d0b63,poi_90ae8bdc,poi_3132b4af,cab,43,12.202,2.087,235.43,INR,182,2026-08-18T10:00:00+05:30
ptm_f4942e4c,poi_90ae8bdc,poi_679c6407,cab,49,13.996,2.393,265.94,INR,144,2026-08-18T10:00:00+05:30
ptm_74ea4940,poi_90ae8bdc,poi_ac60ca43,cab,50,14.337,2.452,271.73,INR,142,2026-08-18T10:00:00+05:30
ptm_b93021e1,poi_6b659eca,poi_0b113cd1,cab,49,14.104,2.412,267.77,INR,41,2026-08-18T10:00:00+05:30
ptm_1e154a91,poi_6b659eca,poi_0c5014db,cab,47,13.446,2.299,256.58,INR,70,2026-08-18T10:00:00+05:30
ptm_34683784,poi_6b659eca,poi_90ae8bdc,cab,44,12.612,2.157,242.40,INR,14,2026-08-18T10:00:00+05:30
ptm_55604f67,poi_6b659eca,poi_d2d9d668,cab,38,10.681,1.826,209.58,INR,88,2026-08-18T10:00:00+05:30
ptm_fb88a960,poi_6b659eca,poi_ba254651,cab,39,11.074,1.894,216.26,INR,38,2026-08-18T10:00:00+05:30
ptm_a54e780d,poi_6b659eca,poi_df26bbb8,cab,43,12.123,2.073,234.10,INR,70,2026-08-18T10:00:00+05:30
ptm_01b82211,poi_6b659eca,poi_3132b4af,walk,37,2.711,0,0.00,INR,89,2026-08-18T10:00:00+05:30
ptm_4a3baf8b,poi_6b659eca,poi_3132b4af,cab,13,2.711,0.464,74.09,INR,89,2026-08-18T10:00:00+05:30
ptm_ca2a50c0,poi_6b659eca,poi_679c6407,cab,41,11.417,1.952,222.09,INR,85,2026-08-18T10:00:00+05:30
ptm_6f121565,poi_6b659eca,poi_ac60ca43,cab,42,11.854,2.027,229.52,INR,86,2026-08-18T10:00:00+05:30
ptm_81f7a083,poi_d2d9d668,poi_0b113cd1,cab,37,10.212,1.746,201.61,INR,352,2026-08-18T10:00:00+05:30
ptm_4d415d8d,poi_d2d9d668,poi_0c5014db,cab,19,4.525,0.774,104.93,INR,26,2026-08-18T10:00:00+05:30
ptm_bae9fa4a,poi_d2d9d668,poi_90ae8bdc,cab,49,14.023,2.398,266.38,INR,327,2026-08-18T10:00:00+05:30
ptm_33976ace,poi_d2d9d668,poi_6b659eca,cab,38,10.681,1.826,209.58,INR,268,2026-08-18T10:00:00+05:30
ptm_95953f49,poi_d2d9d668,poi_ba254651,cab,33,9.07,1.551,182.19,INR,335,2026-08-18T10:00:00+05:30
ptm_6a062820,poi_d2d9d668,poi_df26bbb8,walk,52,3.837,0,0.00,INR,10,2026-08-18T10:00:00+05:30
ptm_499c508a,poi_d2d9d668,poi_df26bbb8,cab,17,3.837,0.656,93.24,INR,10,2026-08-18T10:00:00+05:30
ptm_f08e81bd,poi_d2d9d668,poi_3132b4af,cab,30,7.971,1.363,163.51,INR,267,2026-08-18T10:00:00+05:30
ptm_e9ac811a,poi_d2d9d668,poi_679c6407,walk,13,0.875,0,0.00,INR,54,2026-08-18T10:00:00+05:30
ptm_ad7bb6e3,poi_d2d9d668,poi_679c6407,cab,7,0.875,0.15,42.87,INR,54,2026-08-18T10:00:00+05:30
ptm_ae91e194,poi_d2d9d668,poi_ac60ca43,walk,18,1.227,0,0.00,INR,70,2026-08-18T10:00:00+05:30
ptm_74abebd1,poi_d2d9d668,poi_ac60ca43,cab,8,1.227,0.21,48.86,INR,70,2026-08-18T10:00:00+05:30
ptm_d6db9d8b,poi_ba254651,poi_0b113cd1,walk,42,3.104,0,0.00,INR,53,2026-08-18T10:00:00+05:30
ptm_74610f48,poi_ba254651,poi_0b113cd1,cab,14,3.104,0.531,80.76,INR,53,2026-08-18T10:00:00+05:30
ptm_5742a509,poi_ba254651,poi_0c5014db,cab,27,7.142,1.221,149.42,INR,126,2026-08-18T10:00:00+05:30
ptm_f49a6fed,poi_ba254651,poi_90ae8bdc,cab,21,5.2,0.889,116.39,INR,313,2026-08-18T10:00:00+05:30
ptm_635ffcb6,poi_ba254651,poi_6b659eca,cab,39,11.074,1.894,216.26,INR,218,2026-08-18T10:00:00+05:30
ptm_878be5e4,poi_ba254651,poi_d2d9d668,cab,33,9.07,1.551,182.19,INR,155,2026-08-18T10:00:00+05:30
ptm_94d3688d,poi_ba254651,poi_df26bbb8,cab,24,6.331,1.083,135.63,INR,135,2026-08-18T10:00:00+05:30
ptm_833b60ab,poi_ba254651,poi_3132b4af,cab,35,9.597,1.641,191.15,INR,206,2026-08-18T10:00:00+05:30
ptm_89094b66,poi_ba254651,poi_679c6407,cab,33,8.936,1.528,179.91,INR,150,2026-08-18T10:00:00+05:30
ptm_7ca5e5f6,poi_ba254651,poi_ac60ca43,cab,34,9.245,1.581,185.17,INR,148,2026-08-18T10:00:00+05:30
ptm_052d5fac,poi_df26bbb8,poi_0b113cd1,cab,26,6.666,1.14,141.33,INR,342,2026-08-18T10:00:00+05:30
ptm_fd43003b,poi_df26bbb8,poi_0c5014db,walk,19,1.334,0,0.00,INR,78,2026-08-18T10:00:00+05:30
ptm_8fcf8715,poi_df26bbb8,poi_0c5014db,cab,9,1.334,0.228,50.68,INR,78,2026-08-18T10:00:00+05:30
ptm_2b80ce7c,poi_df26bbb8,poi_90ae8bdc,cab,41,11.53,1.972,224.00,INR,314,2026-08-18T10:00:00+05:30
ptm_396cfe5a,poi_df26bbb8,poi_6b659eca,cab,43,12.123,2.073,234.10,INR,250,2026-08-18T10:00:00+05:30
ptm_082b030b,poi_df26bbb8,poi_d2d9d668,walk,52,3.837,0,0.00,INR,190,2026-08-18T10:00:00+05:30
ptm_0fe17133,poi_df26bbb8,poi_d2d9d668,cab,17,3.837,0.656,93.24,INR,190,2026-08-18T10:00:00+05:30
ptm_352470a7,poi_df26bbb8,poi_ba254651,cab,24,6.331,1.083,135.63,INR,315,2026-08-18T10:00:00+05:30
ptm_42c09db7,poi_df26bbb8,poi_3132b4af,cab,35,9.613,1.644,191.42,INR,244,2026-08-18T10:00:00+05:30
ptm_446b6e38,poi_df26bbb8,poi_679c6407,walk,44,3.256,0,0.00,INR,180,2026-08-18T10:00:00+05:30
ptm_5fa8c7ac,poi_df26bbb8,poi_679c6407,cab,15,3.256,0.557,83.36,INR,180,2026-08-18T10:00:00+05:30
ptm_65408a83,poi_df26bbb8,poi_ac60ca43,walk,46,3.378,0,0.00,INR,172,2026-08-18T10:00:00+05:30
ptm_4f6a26ae,poi_df26bbb8,poi_ac60ca43,cab,15,3.378,0.578,85.43,INR,172,2026-08-18T10:00:00+05:30
ptm_e137725a,poi_3132b4af,poi_0b113cd1,cab,44,12.446,2.128,239.58,INR,32,2026-08-18T10:00:00+05:30
ptm_63f98c24,poi_3132b4af,poi_0c5014db,cab,39,10.915,1.866,213.56,INR,66,2026-08-18T10:00:00+05:30
ptm_fbe7e334,poi_3132b4af,poi_90ae8bdc,cab,43,12.202,2.087,235.43,INR,2,2026-08-18T10:00:00+05:30
ptm_be767a5a,poi_3132b4af,poi_6b659eca,walk,37,2.711,0,0.00,INR,269,2026-08-18T10:00:00+05:30
ptm_31744ed4,poi_3132b4af,poi_6b659eca,cab,13,2.711,0.464,74.09,INR,269,2026-08-18T10:00:00+05:30
ptm_20304f18,poi_3132b4af,poi_d2d9d668,cab,30,7.971,1.363,163.51,INR,87,2026-08-18T10:00:00+05:30
ptm_b5805773,poi_3132b4af,poi_ba254651,cab,35,9.597,1.641,191.15,INR,26,2026-08-18T10:00:00+05:30
ptm_71fac668,poi_3132b4af,poi_df26bbb8,cab,35,9.613,1.644,191.42,INR,64,2026-08-18T10:00:00+05:30
ptm_96b9d1fc,poi_3132b4af,poi_679c6407,cab,32,8.715,1.49,176.16,INR,84,2026-08-18T10:00:00+05:30
ptm_49a9a372,poi_3132b4af,poi_ac60ca43,cab,33,9.15,1.565,183.54,INR,85,2026-08-18T10:00:00+05:30
ptm_581ddf65,poi_679c6407,poi_0b113cd1,cab,36,9.821,1.679,194.95,INR,348,2026-08-18T10:00:00+05:30
ptm_51463780,poi_679c6407,poi_0c5014db,walk,51,3.771,0,0.00,INR,20,2026-08-18T10:00:00+05:30
ptm_c5adb70e,poi_679c6407,poi_0c5014db,cab,16,3.771,0.645,92.10,INR,20,2026-08-18T10:00:00+05:30
ptm_1b564819,poi_679c6407,poi_90ae8bdc,cab,49,13.996,2.393,265.94,INR,324,2026-08-18T10:00:00+05:30
ptm_f6eaf81e,poi_679c6407,poi_6b659eca,cab,41,11.417,1.952,222.09,INR,265,2026-08-18T10:00:00+05:30
ptm_40e889c0,poi_679c6407,poi_d2d9d668,walk,13,0.875,0,0.00,INR,234,2026-08-18T10:00:00+05:30
ptm_e0cc53c5,poi_679c6407,poi_d2d9d668,cab,7,0.875,0.15,42.87,INR,234,2026-08-18T10:00:00+05:30
ptm_6ac12deb,poi_679c6407,poi_ba254651,cab,33,8.936,1.528,179.91,INR,330,2026-08-18T10:00:00+05:30
ptm_3591a054,poi_679c6407,poi_df26bbb8,walk,44,3.256,0,0.00,INR,360,2026-08-18T10:00:00+05:30
ptm_0971e9ce,poi_679c6407,poi_df26bbb8,cab,15,3.256,0.557,83.36,INR,360,2026-08-18T10:00:00+05:30
ptm_28d97292,poi_679c6407,poi_3132b4af,cab,32,8.715,1.49,176.16,INR,264,2026-08-18T10:00:00+05:30
ptm_ca096806,poi_679c6407,poi_ac60ca43,walk,7,0.455,0,0.00,INR,102,2026-08-18T10:00:00+05:30
ptm_7d9130c4,poi_679c6407,poi_ac60ca43,cab,6,0.455,0.078,35.73,INR,102,2026-08-18T10:00:00+05:30
ptm_5c51ee9b,poi_ac60ca43,poi_0b113cd1,cab,36,10.011,1.712,198.19,INR,346,2026-08-18T10:00:00+05:30
ptm_444a8aa4,poi_ac60ca43,poi_0c5014db,walk,50,3.731,0,0.00,INR,13,2026-08-18T10:00:00+05:30
ptm_5e235208,poi_ac60ca43,poi_0c5014db,cab,16,3.731,0.638,91.43,INR,13,2026-08-18T10:00:00+05:30
ptm_6b37dc9e,poi_ac60ca43,poi_90ae8bdc,cab,50,14.337,2.452,271.73,INR,322,2026-08-18T10:00:00+05:30
ptm_493ae158,poi_ac60ca43,poi_6b659eca,cab,42,11.854,2.027,229.52,INR,266,2026-08-18T10:00:00+05:30
ptm_fbb88c23,poi_ac60ca43,poi_d2d9d668,walk,18,1.227,0,0.00,INR,250,2026-08-18T10:00:00+05:30
ptm_5ac06de2,poi_ac60ca43,poi_d2d9d668,cab,8,1.227,0.21,48.86,INR,250,2026-08-18T10:00:00+05:30
ptm_adae5385,poi_ac60ca43,poi_ba254651,cab,34,9.245,1.581,185.17,INR,328,2026-08-18T10:00:00+05:30
ptm_5ba18d7f,poi_ac60ca43,poi_df26bbb8,walk,46,3.378,0,0.00,INR,352,2026-08-18T10:00:00+05:30
ptm_17024c82,poi_ac60ca43,poi_df26bbb8,cab,15,3.378,0.578,85.43,INR,352,2026-08-18T10:00:00+05:30
ptm_2d5cd0e4,poi_ac60ca43,poi_3132b4af,cab,33,9.15,1.565,183.54,INR,265,2026-08-18T10:00:00+05:30
ptm_bbd80811,poi_ac60ca43,poi_679c6407,walk,7,0.455,0,0.00,INR,282,2026-08-18T10:00:00+05:30
ptm_6b660a18,poi_ac60ca43,poi_679c6407,cab,6,0.455,0.078,35.73,INR,282,2026-08-18T10:00:00+05:30
ptm_7dc29c19,poi_92cf9d43,poi_c814b1d0,walk,29,2.086,0,0.00,INR,75,2026-08-18T10:00:00+05:30
ptm_061a8238,poi_92cf9d43,poi_c814b1d0,cab,11,2.086,0.357,63.46,INR,75,2026-08-18T10:00:00+05:30
ptm_0247cf13,poi_92cf9d43,poi_1d735a17,cab,35,9.709,1.66,193.05,INR,114,2026-08-18T10:00:00+05:30
ptm_d7b56989,poi_92cf9d43,poi_dbf42d12,cab,45,12.856,2.198,246.55,INR,140,2026-08-18T10:00:00+05:30
ptm_aa779a94,poi_92cf9d43,poi_cf0b559b,cab,39,11.022,1.885,215.37,INR,168,2026-08-18T10:00:00+05:30
ptm_c6739e4f,poi_92cf9d43,poi_efeb9acf,cab,33,9.159,1.566,183.70,INR,152,2026-08-18T10:00:00+05:30
ptm_e9db29d3,poi_92cf9d43,poi_855347dc,cab,33,8.985,1.536,180.74,INR,165,2026-08-18T10:00:00+05:30
ptm_0f1b4190,poi_92cf9d43,poi_04171cda,cab,34,9.375,1.603,187.37,INR,138,2026-08-18T10:00:00+05:30
ptm_b3e46113,poi_92cf9d43,poi_bd5ad4bb,cab,22,5.542,0.948,122.22,INR,106,2026-08-18T10:00:00+05:30
ptm_d9adf98f,poi_92cf9d43,poi_c2b659ff,cab,37,10.314,1.764,203.34,INR,126,2026-08-18T10:00:00+05:30
ptm_dcd493ad,poi_c814b1d0,poi_92cf9d43,walk,29,2.086,0,0.00,INR,255,2026-08-18T10:00:00+05:30
ptm_71ef613f,poi_c814b1d0,poi_92cf9d43,cab,11,2.086,0.357,63.46,INR,255,2026-08-18T10:00:00+05:30
ptm_05262f77,poi_c814b1d0,poi_1d735a17,cab,30,8.189,1.4,167.21,INR,123,2026-08-18T10:00:00+05:30
ptm_6c5adf97,poi_c814b1d0,poi_dbf42d12,cab,43,12.137,2.075,234.33,INR,149,2026-08-18T10:00:00+05:30
ptm_da39aa0c,poi_c814b1d0,poi_cf0b559b,cab,40,11.336,1.938,220.71,INR,179,2026-08-18T10:00:00+05:30
ptm_ce113bbe,poi_c814b1d0,poi_efeb9acf,cab,33,8.927,1.527,179.77,INR,165,2026-08-18T10:00:00+05:30
ptm_4673fc95,poi_c814b1d0,poi_855347dc,cab,34,9.208,1.575,184.54,INR,178,2026-08-18T10:00:00+05:30
ptm_da4a678b,poi_c814b1d0,poi_04171cda,cab,32,8.617,1.474,174.50,INR,150,2026-08-18T10:00:00+05:30
ptm_b0498176,poi_c814b1d0,poi_bd5ad4bb,walk,53,3.917,0,0.00,INR,123,2026-08-18T10:00:00+05:30
ptm_214af9f1,poi_c814b1d0,poi_bd5ad4bb,cab,17,3.917,0.67,94.59,INR,123,2026-08-18T10:00:00+05:30
ptm_b4cb8b8b,poi_c814b1d0,poi_c2b659ff,cab,33,9.157,1.566,183.67,INR,137,2026-08-18T10:00:00+05:30
ptm_16937347,poi_1d735a17,poi_92cf9d43,cab,35,9.709,1.66,193.05,INR,294,2026-08-18T10:00:00+05:30
ptm_30e52ae9,poi_1d735a17,poi_c814b1d0,cab,30,8.189,1.4,167.21,INR,303,2026-08-18T10:00:00+05:30
ptm_23cdafd8,poi_1d735a17,poi_dbf42d12,cab,24,6.026,1.03,130.45,INR,187,2026-08-18T10:00:00+05:30
ptm_a46c656d,poi_1d735a17,poi_cf0b559b,cab,35,9.564,1.635,190.58,INR,224,2026-08-18T10:00:00+05:30
ptm_e3ed3a1b,poi_1d735a17,poi_efeb9acf,cab,24,6.204,1.061,133.47,INR,228,2026-08-18T10:00:00+05:30
ptm_6ed3c7e8,poi_1d735a17,poi_855347dc,cab,30,8.034,1.374,164.58,INR,234,2026-08-18T10:00:00+05:30
ptm_cf4d0849,poi_1d735a17,poi_04171cda,walk,53,3.95,0,0.00,INR,221,2026-08-18T10:00:00+05:30
ptm_38e0cf3c,poi_1d735a17,poi_04171cda,cab,17,3.95,0.675,95.15,INR,221,2026-08-18T10:00:00+05:30
ptm_0ac1f502,poi_1d735a17,poi_bd5ad4bb,walk,57,4.272,0,0.00,INR,303,2026-08-18T10:00:00+05:30
ptm_dbfe81bc,poi_1d735a17,poi_bd5ad4bb,cab,18,4.272,0.73,100.62,INR,303,2026-08-18T10:00:00+05:30
ptm_dc84e2c2,poi_1d735a17,poi_c2b659ff,walk,31,2.262,0,0.00,INR,195,2026-08-18T10:00:00+05:30
ptm_ce9ca3ed,poi_1d735a17,poi_c2b659ff,cab,12,2.262,0.387,66.45,INR,195,2026-08-18T10:00:00+05:30
ptm_6a2c7dc2,poi_dbf42d12,poi_92cf9d43,cab,45,12.856,2.198,246.55,INR,320,2026-08-18T10:00:00+05:30
ptm_576ac582,poi_dbf42d12,poi_c814b1d0,cab,43,12.137,2.075,234.33,INR,329,2026-08-18T10:00:00+05:30
ptm_0c941011,poi_dbf42d12,poi_1d735a17,cab,24,6.026,1.03,130.45,INR,7,2026-08-18T10:00:00+05:30
ptm_c4613082,poi_dbf42d12,poi_cf0b559b,cab,24,6.026,1.03,130.44,INR,262,2026-08-18T10:00:00+05:30
ptm_adbf67d1,poi_dbf42d12,poi_efeb9acf,walk,58,4.304,0,0.00,INR,295,2026-08-18T10:00:00+05:30
ptm_3b090f18,poi_dbf42d12,poi_efeb9acf,cab,18,4.304,0.736,101.17,INR,295,2026-08-18T10:00:00+05:30
ptm_b81f45be,poi_dbf42d12,poi_855347dc,cab,23,5.93,1.014,128.81,INR,282,2026-08-18T10:00:00+05:30
ptm_9ae113c9,poi_dbf42d12,poi_04171cda,walk,47,3.522,0,0.00,INR,328,2026-08-18T10:00:00+05:30
ptm_fd6d24ea,poi_dbf42d12,poi_04171cda,cab,16,3.522,0.602,87.87,INR,328,2026-08-18T10:00:00+05:30
ptm_7803e5d0,poi_dbf42d12,poi_bd5ad4bb,cab,32,8.819,1.508,177.93,INR,341,2026-08-18T10:00:00+05:30
ptm_265a6172,poi_dbf42d12,poi_c2b659ff,walk,51,3.8,0,0.00,INR,2,2026-08-18T10:00:00+05:30
ptm_17afafd6,poi_dbf42d12,poi_c2b659ff,cab,16,3.8,0.65,92.60,INR,2,2026-08-18T10:00:00+05:30
ptm_a36ceeea,poi_cf0b559b,poi_92cf9d43,cab,39,11.022,1.885,215.37,INR,348,2026-08-18T10:00:00+05:30
ptm_1b838cec,poi_cf0b559b,poi_c814b1d0,cab,40,11.336,1.938,220.71,INR,359,2026-08-18T10:00:00+05:30
ptm_6f52a404,poi_cf0b559b,poi_1d735a17,cab,35,9.564,1.635,190.58,INR,44,2026-08-18T10:00:00+05:30
ptm_2c212c2a,poi_cf0b559b,poi_dbf42d12,cab,24,6.026,1.03,130.44,INR,82,2026-08-18T10:00:00+05:30
ptm_9e99ff9d,poi_cf0b559b,poi_efeb9acf,walk,46,3.396,0,0.00,INR,37,2026-08-18T10:00:00+05:30
ptm_aa1e7e6f,poi_cf0b559b,poi_efeb9acf,cab,15,3.396,0.581,85.73,INR,37,2026-08-18T10:00:00+05:30
ptm_68ce83de,poi_cf0b559b,poi_855347dc,walk,29,2.14,0,0.00,INR,4,2026-08-18T10:00:00+05:30
ptm_9e59b156,poi_cf0b559b,poi_855347dc,cab,11,2.14,0.366,64.38,INR,4,2026-08-18T10:00:00+05:30
ptm_92b78e01,poi_cf0b559b,poi_04171cda,cab,22,5.627,0.962,123.66,INR,47,2026-08-18T10:00:00+05:30
ptm_fcc73eb0,poi_cf0b559b,poi_bd5ad4bb,cab,35,9.725,1.663,193.32,INR,19,2026-08-18T10:00:00+05:30
ptm_4940dda9,poi_cf0b559b,poi_c2b659ff,cab,29,7.674,1.312,158.46,INR,52,2026-08-18T10:00:00+05:30
ptm_eed764c6,poi_efeb9acf,poi_92cf9d43,cab,33,9.159,1.566,183.70,INR,332,2026-08-18T10:00:00+05:30
ptm_2cb47a26,poi_efeb9acf,poi_c814b1d0,cab,33,8.927,1.527,179.77,INR,345,2026-08-18T10:00:00+05:30
ptm_ac73f76c,poi_efeb9acf,poi_1d735a17,cab,24,6.204,1.061,133.47,INR,48,2026-08-18T10:00:00+05:30
ptm_f7c6d219,poi_efeb9acf,poi_dbf42d12,walk,58,4.304,0,0.00,INR,115,2026-08-18T10:00:00+05:30
ptm_d5bc3f3b,poi_efeb9acf,poi_dbf42d12,cab,18,4.304,0.736,101.17,INR,115,2026-08-18T10:00:00+05:30
ptm_f2cffc6a,poi_efeb9acf,poi_cf0b559b,walk,46,3.396,0,0.00,INR,217,2026-08-18T10:00:00+05:30
ptm_13598b5a,poi_efeb9acf,poi_cf0b559b,cab,15,3.396,0.581,85.73,INR,217,2026-08-18T10:00:00+05:30
ptm_4957186c,poi_efeb9acf,poi_855347dc,walk,27,1.978,0,0.00,INR,253,2026-08-18T10:00:00+05:30
ptm_335a4edf,poi_efeb9acf,poi_855347dc,cab,11,1.978,0.338,61.63,INR,253,2026-08-18T10:00:00+05:30
ptm_3db10a73,poi_efeb9acf,poi_04171cda,walk,32,2.34,0,0.00,INR,60,2026-08-18T10:00:00+05:30
ptm_6ec9af4c,poi_efeb9acf,poi_04171cda,cab,12,2.34,0.4,67.78,INR,60,2026-08-18T10:00:00+05:30
ptm_456fb4b3,poi_efeb9acf,poi_bd5ad4bb,cab,25,6.602,1.129,140.23,INR,9,2026-08-18T10:00:00+05:30
ptm_184219d0,poi_efeb9acf,poi_c2b659ff,walk,60,4.483,0,0.00,INR,64,2026-08-18T10:00:00+05:30
ptm_b553aa97,poi_efeb9acf,poi_c2b659ff,cab,19,4.483,0.767,104.21,INR,64,2026-08-18T10:00:00+05:30
ptm_f5fcc5fa,poi_855347dc,poi_92cf9d43,cab,33,8.985,1.536,180.74,INR,345,2026-08-18T10:00:00+05:30
ptm_acaa8690,poi_855347dc,poi_c814b1d0,cab,34,9.208,1.575,184.54,INR,358,2026-08-18T10:00:00+05:30
ptm_1f57049f,poi_855347dc,poi_1d735a17,cab,30,8.034,1.374,164.58,INR,54,2026-08-18T10:00:00+05:30
ptm_346677c9,poi_855347dc,poi_dbf42d12,cab,23,5.93,1.014,128.81,INR,102,2026-08-18T10:00:00+05:30
ptm_af3bc40f,poi_855347dc,poi_cf0b559b,walk,29,2.14,0,0.00,INR,184,2026-08-18T10:00:00+05:30
ptm_273e5918,poi_855347dc,poi_cf0b559b,cab,11,2.14,0.366,64.38,INR,184,2026-08-18T10:00:00+05:30
ptm_81a0665f,poi_855347dc,poi_efeb9acf,walk,27,1.978,0,0.00,INR,73,2026-08-18T10:00:00+05:30
ptm_5f68a573,poi_855347dc,poi_efeb9acf,cab,11,1.978,0.338,61.63,INR,73,2026-08-18T10:00:00+05:30
ptm_ef7c11c8,poi_855347dc,poi_04171cda,walk,57,4.29,0,0.00,INR,66,2026-08-18T10:00:00+05:30
ptm_82bad483,poi_855347dc,poi_04171cda,cab,18,4.29,0.734,100.93,INR,66,2026-08-18T10:00:00+05:30
ptm_71f8b99c,poi_855347dc,poi_bd5ad4bb,cab,29,7.667,1.311,158.34,INR,22,2026-08-18T10:00:00+05:30
ptm_ce5f3099,poi_855347dc,poi_c2b659ff,cab,25,6.442,1.102,137.51,INR,67,2026-08-18T10:00:00+05:30
ptm_3c02f006,poi_04171cda,poi_92cf9d43,cab,34,9.375,1.603,187.37,INR,318,2026-08-18T10:00:00+05:30
ptm_899907c0,poi_04171cda,poi_c814b1d0,cab,32,8.617,1.474,174.50,INR,330,2026-08-18T10:00:00+05:30
ptm_70f27229,poi_04171cda,poi_1d735a17,walk,53,3.95,0,0.00,INR,41,2026-08-18T10:00:00+05:30
ptm_2584c2c5,poi_04171cda,poi_1d735a17,cab,17,3.95,0.675,95.15,INR,41,2026-08-18T10:00:00+05:30
ptm_89b4a220,poi_04171cda,poi_dbf42d12,walk,47,3.522,0,0.00,INR,148,2026-08-18T10:00:00+05:30
ptm_a5106e38,poi_04171cda,poi_dbf42d12,cab,16,3.522,0.602,87.87,INR,148,2026-08-18T10:00:00+05:30
ptm_d34e271e,poi_04171cda,poi_cf0b559b,cab,22,5.627,0.962,123.66,INR,227,2026-08-18T10:00:00+05:30
ptm_cb513860,poi_04171cda,poi_efeb9acf,walk,32,2.34,0,0.00,INR,240,2026-08-18T10:00:00+05:30
ptm_934bed21,poi_04171cda,poi_efeb9acf,cab,12,2.34,0.4,67.78,INR,240,2026-08-18T10:00:00+05:30
ptm_51747caf,poi_04171cda,poi_855347dc,walk,57,4.29,0,0.00,INR,246,2026-08-18T10:00:00+05:30
ptm_69b3df57,poi_04171cda,poi_855347dc,cab,18,4.29,0.734,100.93,INR,246,2026-08-18T10:00:00+05:30
ptm_8562e7ca,poi_04171cda,poi_bd5ad4bb,cab,22,5.448,0.932,120.62,INR,349,2026-08-18T10:00:00+05:30
ptm_05e81d9e,poi_04171cda,poi_c2b659ff,walk,30,2.153,0,0.00,INR,68,2026-08-18T10:00:00+05:30
ptm_1a5828b0,poi_04171cda,poi_c2b659ff,cab,11,2.153,0.368,64.60,INR,68,2026-08-18T10:00:00+05:30
ptm_6854c6ef,poi_bd5ad4bb,poi_92cf9d43,cab,22,5.542,0.948,122.22,INR,287,2026-08-18T10:00:00+05:30
ptm_b4fa1f48,poi_bd5ad4bb,poi_c814b1d0,walk,53,3.917,0,0.00,INR,303,2026-08-18T10:00:00+05:30
ptm_81134110,poi_bd5ad4bb,poi_c814b1d0,cab,17,3.917,0.67,94.59,INR,303,2026-08-18T10:00:00+05:30
ptm_5c2c6c6b,poi_bd5ad4bb,poi_1d735a17,walk,57,4.272,0,0.00,INR,123,2026-08-18T10:00:00+05:30
ptm_519ee7f0,poi_bd5ad4bb,poi_1d735a17,cab,18,4.272,0.73,100.62,INR,123,2026-08-18T10:00:00+05:30
ptm_ae633987,poi_bd5ad4bb,poi_dbf42d12,cab,32,8.819,1.508,177.93,INR,161,2026-08-18T10:00:00+05:30
ptm_eecdc9a6,poi_bd5ad4bb,poi_cf0b559b,cab,35,9.725,1.663,193.32,INR,199,2026-08-18T10:00:00+05:30
ptm_6493c4b8,poi_bd5ad4bb,poi_efeb9acf,cab,25,6.602,1.129,140.23,INR,189,2026-08-18T10:00:00+05:30
ptm_92bc4e2d,poi_bd5ad4bb,poi_855347dc,cab,29,7.667,1.311,158.34,INR,202,2026-08-18T10:00:00+05:30
ptm_9f2b6a87,poi_bd5ad4bb,poi_04171cda,cab,22,5.448,0.932,120.62,INR,169,2026-08-18T10:00:00+05:30
ptm_3e1c86a5,poi_bd5ad4bb,poi_c2b659ff,cab,22,5.438,0.93,120.45,INR,147,2026-08-18T10:00:00+05:30
ptm_372e3dd3,poi_c2b659ff,poi_92cf9d43,cab,37,10.314,1.764,203.34,INR,306,2026-08-18T10:00:00+05:30
ptm_7c46e2a7,poi_c2b659ff,poi_c814b1d0,cab,33,9.157,1.566,183.67,INR,317,2026-08-18T10:00:00+05:30
ptm_7eadf76e,poi_c2b659ff,poi_1d735a17,walk,31,2.262,0,0.00,INR,15,2026-08-18T10:00:00+05:30
ptm_0e7b9f8f,poi_c2b659ff,poi_1d735a17,cab,12,2.262,0.387,66.45,INR,15,2026-08-18T10:00:00+05:30
ptm_5763920b,poi_c2b659ff,poi_dbf42d12,walk,51,3.8,0,0.00,INR,182,2026-08-18T10:00:00+05:30
ptm_963f78e4,poi_c2b659ff,poi_dbf42d12,cab,16,3.8,0.65,92.60,INR,182,2026-08-18T10:00:00+05:30
ptm_27adf48e,poi_c2b659ff,poi_cf0b559b,cab,29,7.674,1.312,158.46,INR,232,2026-08-18T10:00:00+05:30
ptm_84bd0fdd,poi_c2b659ff,poi_efeb9acf,walk,60,4.483,0,0.00,INR,244,2026-08-18T10:00:00+05:30
ptm_67929273,poi_c2b659ff,poi_efeb9acf,cab,19,4.483,0.767,104.21,INR,244,2026-08-18T10:00:00+05:30
ptm_93e9b683,poi_c2b659ff,poi_855347dc,cab,25,6.442,1.102,137.51,INR,247,2026-08-18T10:00:00+05:30
ptm_bfee0d71,poi_c2b659ff,poi_04171cda,walk,30,2.153,0,0.00,INR,248,2026-08-18T10:00:00+05:30
ptm_2af38ca5,poi_c2b659ff,poi_04171cda,cab,11,2.153,0.368,64.60,INR,248,2026-08-18T10:00:00+05:30
ptm_2b110c23,poi_c2b659ff,poi_bd5ad4bb,cab,22,5.438,0.93,120.45,INR,327,2026-08-18T10:00:00+05:30
ptm_f7dc081b,poi_16ee7fea,poi_43fed3a1,cab,43,12.156,2.079,234.65,INR,107,2026-08-18T10:00:00+05:30
ptm_e0ce9b4e,poi_16ee7fea,poi_13aa9240,cab,45,12.707,2.173,244.02,INR,143,2026-08-18T10:00:00+05:30
ptm_a90a7f52,poi_16ee7fea,poi_6a074d03,cab,44,12.554,2.147,241.42,INR,114,2026-08-18T10:00:00+05:30
ptm_859621d5,poi_16ee7fea,poi_697e3901,cab,51,14.808,2.532,279.74,INR,87,2026-08-18T10:00:00+05:30
ptm_0177d60e,poi_16ee7fea,poi_e9a50799,cab,44,12.637,2.161,242.84,INR,172,2026-08-18T10:00:00+05:30
ptm_841f873e,poi_16ee7fea,poi_46ade188,cab,34,9.286,1.588,185.86,INR,163,2026-08-18T10:00:00+05:30
ptm_2fe8f679,poi_16ee7fea,poi_4c2e1d24,cab,30,8.116,1.388,165.97,INR,162,2026-08-18T10:00:00+05:30
ptm_adf378ad,poi_16ee7fea,poi_8843e985,walk,47,3.521,0,0.00,INR,135,2026-08-18T10:00:00+05:30
ptm_728a4cb9,poi_16ee7fea,poi_8843e985,cab,16,3.521,0.602,87.86,INR,135,2026-08-18T10:00:00+05:30
ptm_87328008,poi_16ee7fea,poi_72868d71,cab,33,9.067,1.55,182.14,INR,111,2026-08-18T10:00:00+05:30
ptm_d494895e,poi_43fed3a1,poi_16ee7fea,cab,43,12.156,2.079,234.65,INR,287,2026-08-18T10:00:00+05:30
ptm_7eb7a667,poi_43fed3a1,poi_13aa9240,cab,29,7.836,1.34,161.21,INR,211,2026-08-18T10:00:00+05:30
ptm_668116e2,poi_43fed3a1,poi_6a074d03,walk,22,1.572,0,0.00,INR,186,2026-08-18T10:00:00+05:30
ptm_8cb7eaca,poi_43fed3a1,poi_6a074d03,cab,9,1.572,0.269,54.73,INR,186,2026-08-18T10:00:00+05:30
ptm_3754d186,poi_43fed3a1,poi_697e3901,cab,21,5.211,0.891,116.58,INR,37,2026-08-18T10:00:00+05:30
ptm_f82fca21,poi_43fed3a1,poi_e9a50799,cab,47,13.424,2.295,256.20,INR,228,2026-08-18T10:00:00+05:30
ptm_c78eed3d,poi_43fed3a1,poi_46ade188,cab,38,10.498,1.795,206.47,INR,239,2026-08-18T10:00:00+05:30
ptm_fb074300,poi_43fed3a1,poi_4c2e1d24,cab,36,10.022,1.714,198.37,INR,245,2026-08-18T10:00:00+05:30
ptm_10bccfb3,poi_43fed3a1,poi_8843e985,cab,34,9.211,1.575,184.59,INR,276,2026-08-18T10:00:00+05:30
ptm_2da76e71,poi_43fed3a1,poi_72868d71,walk,43,3.171,0,0.00,INR,275,2026-08-18T10:00:00+05:30
ptm_f8b88ea6,poi_43fed3a1,poi_72868d71,cab,15,3.171,0.542,81.90,INR,275,2026-08-18T10:00:00+05:30
ptm_65f493c0,poi_13aa9240,poi_16ee7fea,cab,45,12.707,2.173,244.02,INR,323,2026-08-18T10:00:00+05:30
ptm_89f70b0a,poi_13aa9240,poi_43fed3a1,cab,29,7.836,1.34,161.21,INR,31,2026-08-18T10:00:00+05:30
ptm_4aa8346f,poi_13aa9240,poi_6a074d03,cab,25,6.454,1.104,137.72,INR,37,2026-08-18T10:00:00+05:30
ptm_a74319e1,poi_13aa9240,poi_697e3901,cab,46,13.03,2.228,249.50,INR,34,2026-08-18T10:00:00+05:30
ptm_b465a6fe,poi_13aa9240,poi_e9a50799,cab,24,6.318,1.08,135.41,INR,248,2026-08-18T10:00:00+05:30
ptm_d261352c,poi_13aa9240,poi_46ade188,cab,21,5.106,0.873,114.80,INR,285,2026-08-18T10:00:00+05:30
ptm_e9c87fdb,poi_13aa9240,poi_4c2e1d24,cab,22,5.617,0.96,123.48,INR,296,2026-08-18T10:00:00+05:30
ptm_710bbcd5,poi_13aa9240,poi_8843e985,cab,34,9.236,1.579,185.02,INR,327,2026-08-18T10:00:00+05:30
ptm_af7168c1,poi_13aa9240,poi_72868d71,cab,27,7.061,1.207,148.04,INR,7,2026-08-18T10:00:00+05:30
ptm_91306db0,poi_6a074d03,poi_16ee7fea,cab,44,12.554,2.147,241.42,INR,294,2026-08-18T10:00:00+05:30
ptm_df411246,poi_6a074d03,poi_43fed3a1,walk,22,1.572,0,0.00,INR,6,2026-08-18T10:00:00+05:30
ptm_099f8552,poi_6a074d03,poi_43fed3a1,cab,9,1.572,0.269,54.73,INR,6,2026-08-18T10:00:00+05:30
ptm_ce4060c3,poi_6a074d03,poi_13aa9240,cab,25,6.454,1.104,137.72,INR,217,2026-08-18T10:00:00+05:30
ptm_4e374466,poi_6a074d03,poi_697e3901,cab,25,6.601,1.129,140.22,INR,30,2026-08-18T10:00:00+05:30
ptm_7babc201,poi_6a074d03,poi_e9a50799,cab,43,12.303,2.104,237.16,INR,233,2026-08-18T10:00:00+05:30
ptm_23379f3b,poi_6a074d03,poi_46ade188,cab,35,9.644,1.649,191.95,INR,247,2026-08-18T10:00:00+05:30
ptm_27a2e36b,poi_6a074d03,poi_4c2e1d24,cab,34,9.325,1.595,186.52,INR,254,2026-08-18T10:00:00+05:30
ptm_47da4320,poi_6a074d03,poi_8843e985,cab,34,9.362,1.601,187.16,INR,286,2026-08-18T10:00:00+05:30
ptm_2c62b296,poi_6a074d03,poi_72868d71,walk,48,3.536,0,0.00,INR,302,2026-08-18T10:00:00+05:30
ptm_090e693a,poi_6a074d03,poi_72868d71,cab,16,3.536,0.605,88.11,INR,302,2026-08-18T10:00:00+05:30
ptm_d47f713e,poi_697e3901,poi_16ee7fea,cab,51,14.808,2.532,279.74,INR,268,2026-08-18T10:00:00+05:30
ptm_64e31442,poi_697e3901,poi_43fed3a1,cab,21,5.211,0.891,116.58,INR,217,2026-08-18T10:00:00+05:30
ptm_b3f2fc67,poi_697e3901,poi_13aa9240,cab,46,13.03,2.228,249.50,INR,214,2026-08-18T10:00:00+05:30
ptm_6a19fb89,poi_697e3901,poi_6a074d03,cab,25,6.601,1.129,140.22,INR,210,2026-08-18T10:00:00+05:30
ptm_1a3fac56,poi_697e3901,poi_e9a50799,cab,63,18.571,3.176,343.71,INR,225,2026-08-18T10:00:00+05:30
ptm_47e9914c,poi_697e3901,poi_46ade188,cab,53,15.458,2.643,290.79,INR,232,2026-08-18T10:00:00+05:30
ptm_64b48249,poi_697e3901,poi_4c2e1d24,cab,51,14.828,2.536,280.07,INR,236,2026-08-18T10:00:00+05:30
ptm_bc8d62eb,poi_697e3901,poi_8843e985,cab,45,12.704,2.172,243.98,INR,256,2026-08-18T10:00:00+05:30
ptm_2d0296fa,poi_697e3901,poi_72868d71,cab,28,7.389,1.264,153.62,INR,239,2026-08-18T10:00:00+05:30
ptm_a8e48290,poi_e9a50799,poi_16ee7fea,cab,44,12.637,2.161,242.84,INR,352,2026-08-18T10:00:00+05:30
ptm_03828bbe,poi_e9a50799,poi_43fed3a1,cab,47,13.424,2.295,256.20,INR,48,2026-08-18T10:00:00+05:30
ptm_097941fe,poi_e9a50799,poi_13aa9240,cab,24,6.318,1.08,135.41,INR,68,2026-08-18T10:00:00+05:30
ptm_f5b3b654,poi_e9a50799,poi_6a074d03,cab,43,12.303,2.104,237.16,INR,53,2026-08-18T10:00:00+05:30
ptm_152af5af,poi_e9a50799,poi_697e3901,cab,63,18.571,3.176,343.71,INR,45,2026-08-18T10:00:00+05:30
ptm_ceec3f19,poi_e9a50799,poi_46ade188,walk,50,3.739,0,0.00,INR,15,2026-08-18T10:00:00+05:30
ptm_4bfb3b43,poi_e9a50799,poi_46ade188,cab,16,3.739,0.639,91.57,INR,15,2026-08-18T10:00:00+05:30
ptm_fb59b9e8,poi_e9a50799,poi_4c2e1d24,cab,20,4.889,0.836,111.11,INR,10,2026-08-18T10:00:00+05:30
ptm_98c71bb7,poi_e9a50799,poi_8843e985,cab,36,10.058,1.72,198.99,INR,4,2026-08-18T10:00:00+05:30
ptm_199fc20a,poi_e9a50799,poi_72868d71,cab,41,11.531,1.972,224.03,INR,36,2026-08-18T10:00:00+05:30
ptm_2d02c977,poi_46ade188,poi_16ee7fea,cab,34,9.286,1.588,185.86,INR,343,2026-08-18T10:00:00+05:30
ptm_3b7db824,poi_46ade188,poi_43fed3a1,cab,38,10.498,1.795,206.47,INR,59,2026-08-18T10:00:00+05:30
ptm_35909834,poi_46ade188,poi_13aa9240,cab,21,5.106,0.873,114.80,INR,105,2026-08-18T10:00:00+05:30
ptm_23f085ee,poi_46ade188,poi_6a074d03,cab,35,9.644,1.649,191.95,INR,67,2026-08-18T10:00:00+05:30
ptm_87fbe6dd,poi_46ade188,poi_697e3901,cab,53,15.458,2.643,290.79,INR,52,2026-08-18T10:00:00+05:30
ptm_34a867c6,poi_46ade188,poi_e9a50799,walk,50,3.739,0,0.00,INR,195,2026-08-18T10:00:00+05:30
ptm_d0da26cc,poi_46ade188,poi_e9a50799,cab,16,3.739,0.639,91.57,INR,195,2026-08-18T10:00:00+05:30
ptm_c608ca8d,poi_46ade188,poi_4c2e1d24,walk,17,1.2,0,0.00,INR,355,2026-08-18T10:00:00+05:30
ptm_1955c6e5,poi_46ade188,poi_4c2e1d24,cab,8,1.2,0.205,48.39,INR,355,2026-08-18T10:00:00+05:30
ptm_641b51ac,poi_46ade188,poi_8843e985,cab,25,6.41,1.096,136.96,INR,359,2026-08-18T10:00:00+05:30
ptm_a0ff4254,poi_46ade188,poi_72868d71,cab,30,8.168,1.397,166.85,INR,46,2026-08-18T10:00:00+05:30
ptm_85ea60d8,poi_4c2e1d24,poi_16ee7fea,cab,30,8.116,1.388,165.97,INR,342,2026-08-18T10:00:00+05:30
ptm_c9d2114b,poi_4c2e1d24,poi_43fed3a1,cab,36,10.022,1.714,198.37,INR,65,2026-08-18T10:00:00+05:30
ptm_cdc8f6df,poi_4c2e1d24,poi_13aa9240,cab,22,5.617,0.96,123.48,INR,116,2026-08-18T10:00:00+05:30
ptm_f0cbf31f,poi_4c2e1d24,poi_6a074d03,cab,34,9.325,1.595,186.52,INR,74,2026-08-18T10:00:00+05:30
ptm_32f6f113,poi_4c2e1d24,poi_697e3901,cab,51,14.828,2.536,280.07,INR,56,2026-08-18T10:00:00+05:30
ptm_93b9ad36,poi_4c2e1d24,poi_e9a50799,cab,20,4.889,0.836,111.11,INR,190,2026-08-18T10:00:00+05:30
ptm_a647c421,poi_4c2e1d24,poi_46ade188,walk,17,1.2,0,0.00,INR,175,2026-08-18T10:00:00+05:30
ptm_77de8b04,poi_4c2e1d24,poi_46ade188,cab,8,1.2,0.205,48.39,INR,175,2026-08-18T10:00:00+05:30
ptm_99771538,poi_4c2e1d24,poi_8843e985,cab,21,5.212,0.891,116.61,INR,359,2026-08-18T10:00:00+05:30
ptm_23972586,poi_4c2e1d24,poi_72868d71,cab,28,7.458,1.275,154.78,INR,53,2026-08-18T10:00:00+05:30
ptm_61c0321d,poi_8843e985,poi_16ee7fea,walk,47,3.521,0,0.00,INR,315,2026-08-18T10:00:00+05:30
ptm_2d93f4c8,poi_8843e985,poi_16ee7fea,cab,16,3.521,0.602,87.86,INR,315,2026-08-18T10:00:00+05:30
ptm_07762588,poi_8843e985,poi_43fed3a1,cab,34,9.211,1.575,184.59,INR,96,2026-08-18T10:00:00+05:30
ptm_c3ee66f5,poi_8843e985,poi_13aa9240,cab,34,9.236,1.579,185.02,INR,147,2026-08-18T10:00:00+05:30
ptm_fa571050,poi_8843e985,poi_6a074d03,cab,34,9.362,1.601,187.16,INR,106,2026-08-18T10:00:00+05:30
ptm_8355f132,poi_8843e985,poi_697e3901,cab,45,12.704,2.172,243.98,INR,76,2026-08-18T10:00:00+05:30
ptm_25e42bf3,poi_8843e985,poi_e9a50799,cab,36,10.058,1.72,198.99,INR,184,2026-08-18T10:00:00+05:30
ptm_e13481e4,poi_8843e985,poi_46ade188,cab,25,6.41,1.096,136.96,INR,179,2026-08-18T10:00:00+05:30
ptm_52fc9603,poi_8843e985,poi_4c2e1d24,cab,21,5.212,0.891,116.61,INR,179,2026-08-18T10:00:00+05:30
ptm_a478832b,poi_8843e985,poi_72868d71,cab,24,6.041,1.033,130.70,INR,97,2026-08-18T10:00:00+05:30
ptm_ad142027,poi_72868d71,poi_16ee7fea,cab,33,9.067,1.55,182.14,INR,291,2026-08-18T10:00:00+05:30
ptm_765bd191,poi_72868d71,poi_43fed3a1,walk,43,3.171,0,0.00,INR,95,2026-08-18T10:00:00+05:30
ptm_0f85b088,poi_72868d71,poi_43fed3a1,cab,15,3.171,0.542,81.90,INR,95,2026-08-18T10:00:00+05:30
ptm_e3ebdce8,poi_72868d71,poi_13aa9240,cab,27,7.061,1.207,148.04,INR,187,2026-08-18T10:00:00+05:30
ptm_0ddce437,poi_72868d71,poi_6a074d03,walk,48,3.536,0,0.00,INR,122,2026-08-18T10:00:00+05:30
ptm_408be564,poi_72868d71,poi_6a074d03,cab,16,3.536,0.605,88.11,INR,122,2026-08-18T10:00:00+05:30
ptm_1cbe92c0,poi_72868d71,poi_697e3901,cab,28,7.389,1.264,153.62,INR,59,2026-08-18T10:00:00+05:30
ptm_c7f0c4a3,poi_72868d71,poi_e9a50799,cab,41,11.531,1.972,224.03,INR,216,2026-08-18T10:00:00+05:30
ptm_f316913c,poi_72868d71,poi_46ade188,cab,30,8.168,1.397,166.85,INR,226,2026-08-18T10:00:00+05:30
ptm_b059e846,poi_72868d71,poi_4c2e1d24,cab,28,7.458,1.275,154.78,INR,233,2026-08-18T10:00:00+05:30
ptm_7ff7df36,poi_72868d71,poi_8843e985,cab,24,6.041,1.033,130.70,INR,277,2026-08-18T10:00:00+05:30
ptm_dedecc3a,poi_04e07eb8,poi_0e67fddb,walk,16,1.14,0,0.00,INR,127,2026-08-18T10:00:00+05:30
ptm_e393ee27,poi_04e07eb8,poi_0e67fddb,cab,8,1.14,0.195,47.38,INR,127,2026-08-18T10:00:00+05:30
ptm_071b8ac0,poi_04e07eb8,poi_a7aaf961,cab,19,4.68,0.8,107.57,INR,335,2026-08-18T10:00:00+05:30
ptm_df8b321d,poi_04e07eb8,poi_9096d3f8,walk,29,2.104,0,0.00,INR,281,2026-08-18T10:00:00+05:30
ptm_f0b1f44a,poi_04e07eb8,poi_9096d3f8,cab,11,2.104,0.36,63.77,INR,281,2026-08-18T10:00:00+05:30
ptm_1e62676a,poi_04e07eb8,poi_c0f909cd,cab,47,13.592,2.324,259.07,INR,244,2026-08-18T10:00:00+05:30
ptm_2451ab52,poi_04e07eb8,poi_9cf22283,cab,45,12.904,2.207,247.37,INR,295,2026-08-18T10:00:00+05:30
ptm_0f57d8ce,poi_04e07eb8,poi_d4ce5bf9,cab,41,11.408,1.951,221.93,INR,304,2026-08-18T10:00:00+05:30
ptm_129f1ce2,poi_04e07eb8,poi_f10b95a4,cab,46,13.289,2.272,253.91,INR,289,2026-08-18T10:00:00+05:30
ptm_dcb818ac,poi_04e07eb8,poi_5e03114d,cab,44,12.557,2.147,241.47,INR,233,2026-08-18T10:00:00+05:30
ptm_a8fdbec0,poi_04e07eb8,poi_a15c1505,cab,45,12.914,2.208,247.54,INR,247,2026-08-18T10:00:00+05:30
ptm_224ecf12,poi_0e67fddb,poi_04e07eb8,walk,16,1.14,0,0.00,INR,307,2026-08-18T10:00:00+05:30
ptm_43539065,poi_0e67fddb,poi_04e07eb8,cab,8,1.14,0.195,47.38,INR,307,2026-08-18T10:00:00+05:30
ptm_65296e83,poi_0e67fddb,poi_a7aaf961,cab,23,5.709,0.976,125.05,INR,330,2026-08-18T10:00:00+05:30
ptm_09a90e27,poi_0e67fddb,poi_9096d3f8,walk,43,3.168,0,0.00,INR,290,2026-08-18T10:00:00+05:30
ptm_237ce444,poi_0e67fddb,poi_9096d3f8,cab,15,3.168,0.542,81.86,INR,290,2026-08-18T10:00:00+05:30
ptm_92264b04,poi_0e67fddb,poi_c0f909cd,cab,49,14.146,2.419,268.48,INR,248,2026-08-18T10:00:00+05:30
ptm_84fc9893,poi_0e67fddb,poi_9cf22283,cab,49,14.024,2.398,266.40,INR,296,2026-08-18T10:00:00+05:30
ptm_1fd863d0,poi_0e67fddb,poi_d4ce5bf9,cab,44,12.546,2.145,241.29,INR,304,2026-08-18T10:00:00+05:30
ptm_70d39aad,poi_0e67fddb,poi_f10b95a4,cab,50,14.38,2.459,272.45,INR,290,2026-08-18T10:00:00+05:30
ptm_04ae1ac2,poi_0e67fddb,poi_5e03114d,cab,45,12.933,2.211,247.86,INR,238,2026-08-18T10:00:00+05:30
ptm_d44aab69,poi_0e67fddb,poi_a15c1505,cab,47,13.524,2.313,257.90,INR,251,2026-08-18T10:00:00+05:30
ptm_b664cfb6,poi_a7aaf961,poi_04e07eb8,cab,19,4.68,0.8,107.57,INR,155,2026-08-18T10:00:00+05:30
ptm_a947afdf,poi_a7aaf961,poi_0e67fddb,cab,23,5.709,0.976,125.05,INR,150,2026-08-18T10:00:00+05:30
ptm_4b077f73,poi_a7aaf961,poi_9096d3f8,walk,52,3.856,0,0.00,INR,181,2026-08-18T10:00:00+05:30
ptm_c645c053,poi_a7aaf961,poi_9096d3f8,cab,17,3.856,0.659,93.55,INR,181,2026-08-18T10:00:00+05:30
ptm_bd089bdb,poi_a7aaf961,poi_c0f909cd,cab,50,14.487,2.477,274.27,INR,225,2026-08-18T10:00:00+05:30
ptm_d630b5d1,poi_a7aaf961,poi_9cf22283,cab,35,9.774,1.671,194.15,INR,278,2026-08-18T10:00:00+05:30
ptm_34ffca56,poi_a7aaf961,poi_d4ce5bf9,cab,29,7.815,1.336,160.85,INR,285,2026-08-18T10:00:00+05:30
ptm_f58ae324,poi_a7aaf961,poi_f10b95a4,cab,38,10.593,1.811,208.08,INR,270,2026-08-18T10:00:00+05:30
ptm_4d89cbfb,poi_a7aaf961,poi_5e03114d,cab,50,14.258,2.438,270.39,INR,215,2026-08-18T10:00:00+05:30
ptm_77002c10,poi_a7aaf961,poi_a15c1505,cab,47,13.6,2.326,259.20,INR,227,2026-08-18T10:00:00+05:30
ptm_98263abb,poi_9096d3f8,poi_04e07eb8,walk,29,2.104,0,0.00,INR,101,2026-08-18T10:00:00+05:30
ptm_c951213a,poi_9096d3f8,poi_04e07eb8,cab,11,2.104,0.36,63.77,INR,101,2026-08-18T10:00:00+05:30
ptm_0102b00f,poi_9096d3f8,poi_0e67fddb,walk,43,3.168,0,0.00,INR,110,2026-08-18T10:00:00+05:30
ptm_da354155,poi_9096d3f8,poi_0e67fddb,cab,15,3.168,0.542,81.86,INR,110,2026-08-18T10:00:00+05:30
ptm_eb192795,poi_9096d3f8,poi_a7aaf961,walk,52,3.856,0,0.00,INR,1,2026-08-18T10:00:00+05:30
ptm_a90171b8,poi_9096d3f8,poi_a7aaf961,cab,17,3.856,0.659,93.55,INR,1,2026-08-18T10:00:00+05:30
ptm_98f7be15,poi_9096d3f8,poi_c0f909cd,cab,42,11.98,2.049,231.67,INR,238,2026-08-18T10:00:00+05:30
ptm_f655e66c,poi_9096d3f8,poi_9cf22283,cab,39,10.882,1.861,212.99,INR,298,2026-08-18T10:00:00+05:30
ptm_4e2f419c,poi_9096d3f8,poi_d4ce5bf9,cab,35,9.504,1.625,189.56,INR,308,2026-08-18T10:00:00+05:30
ptm_6a81f7e5,poi_9096d3f8,poi_f10b95a4,cab,40,11.211,1.917,218.59,INR,291,2026-08-18T10:00:00+05:30
ptm_80877c27,poi_9096d3f8,poi_5e03114d,cab,40,11.236,1.921,219.01,INR,226,2026-08-18T10:00:00+05:30
ptm_9e10cc9d,poi_9096d3f8,poi_a15c1505,cab,40,11.228,1.92,218.88,INR,241,2026-08-18T10:00:00+05:30
ptm_307d3319,poi_c0f909cd,poi_04e07eb8,cab,47,13.592,2.324,259.07,INR,64,2026-08-18T10:00:00+05:30
ptm_3cbf7bc8,poi_c0f909cd,poi_0e67fddb,cab,49,14.146,2.419,268.48,INR,68,2026-08-18T10:00:00+05:30
ptm_7e7b3cef,poi_c0f909cd,poi_a7aaf961,cab,50,14.487,2.477,274.27,INR,45,2026-08-18T10:00:00+05:30
ptm_0eb63214,poi_c0f909cd,poi_9096d3f8,cab,42,11.98,2.049,231.67,INR,58,2026-08-18T10:00:00+05:30
ptm_a6da786c,poi_c0f909cd,poi_9cf22283,cab,41,11.572,1.979,224.72,INR,3,2026-08-18T10:00:00+05:30
ptm_160a1197,poi_c0f909cd,poi_d4ce5bf9,cab,44,12.617,2.158,242.49,INR,12,2026-08-18T10:00:00+05:30
ptm_db92dd64,poi_c0f909cd,poi_f10b95a4,cab,37,10.37,1.773,204.29,INR,358,2026-08-18T10:00:00+05:30
ptm_721adf48,poi_c0f909cd,poi_5e03114d,walk,35,2.542,0,0.00,INR,125,2026-08-18T10:00:00+05:30
ptm_8b27fe99,poi_c0f909cd,poi_5e03114d,cab,13,2.542,0.435,71.21,INR,125,2026-08-18T10:00:00+05:30
ptm_7e015e0b,poi_c0f909cd,poi_a15c1505,walk,15,1.005,0,0.00,INR,18,2026-08-18T10:00:00+05:30
ptm_b2d95223,poi_c0f909cd,poi_a15c1505,cab,8,1.005,0.172,45.09,INR,18,2026-08-18T10:00:00+05:30
ptm_29fb2aaa,poi_9cf22283,poi_04e07eb8,cab,45,12.904,2.207,247.37,INR,115,2026-08-18T10:00:00+05:30
ptm_64a95428,poi_9cf22283,poi_0e67fddb,cab,49,14.024,2.398,266.40,INR,116,2026-08-18T10:00:00+05:30
ptm_5c190f43,poi_9cf22283,poi_a7aaf961,cab,35,9.774,1.671,194.15,INR,98,2026-08-18T10:00:00+05:30
ptm_0828ec1b,poi_9cf22283,poi_9096d3f8,cab,39,10.882,1.861,212.99,INR,118,2026-08-18T10:00:00+05:30
ptm_71476d7b,poi_9cf22283,poi_c0f909cd,cab,41,11.572,1.979,224.72,INR,183,2026-08-18T10:00:00+05:30
ptm_c1c2e2b9,poi_9cf22283,poi_d4ce5bf9,walk,31,2.284,0,0.00,INR,70,2026-08-18T10:00:00+05:30
ptm_e6e82f63,poi_9cf22283,poi_d4ce5bf9,cab,12,2.284,0.391,66.83,INR,70,2026-08-18T10:00:00+05:30
ptm_99716afe,poi_9cf22283,poi_f10b95a4,walk,21,1.499,0,0.00,INR,217,2026-08-18T10:00:00+05:30
ptm_4389447d,poi_9cf22283,poi_f10b95a4,cab,9,1.499,0.256,53.49,INR,217,2026-08-18T10:00:00+05:30
ptm_72157371,poi_9cf22283,poi_5e03114d,cab,46,13.099,2.24,250.68,INR,173,2026-08-18T10:00:00+05:30
ptm_1516c232,poi_9cf22283,poi_a15c1505,cab,38,10.604,1.813,208.27,INR,181,2026-08-18T10:00:00+05:30
ptm_54c54c63,poi_d4ce5bf9,poi_04e07eb8,cab,41,11.408,1.951,221.93,INR,123,2026-08-18T10:00:00+05:30
ptm_62738ce8,poi_d4ce5bf9,poi_0e67fddb,cab,44,12.546,2.145,241.29,INR,124,2026-08-18T10:00:00+05:30
ptm_c029606b,poi_d4ce5bf9,poi_a7aaf961,cab,29,7.815,1.336,160.85,INR,105,2026-08-18T10:00:00+05:30
ptm_7164fd57,poi_d4ce5bf9,poi_9096d3f8,cab,35,9.504,1.625,189.56,INR,128,2026-08-18T10:00:00+05:30
ptm_dd9d546a,poi_d4ce5bf9,poi_c0f909cd,cab,44,12.617,2.158,242.49,INR,192,2026-08-18T10:00:00+05:30
ptm_21c71d32,poi_d4ce5bf9,poi_9cf22283,walk,31,2.284,0,0.00,INR,250,2026-08-18T10:00:00+05:30
ptm_54a3c86f,poi_d4ce5bf9,poi_9cf22283,cab,12,2.284,0.391,66.83,INR,250,2026-08-18T10:00:00+05:30
ptm_2b259b0f,poi_d4ce5bf9,poi_f10b95a4,walk,49,3.632,0,0.00,INR,237,2026-08-18T10:00:00+05:30
ptm_650be416,poi_d4ce5bf9,poi_f10b95a4,cab,16,3.632,0.621,89.75,INR,237,2026-08-18T10:00:00+05:30
ptm_1b8e3b6c,poi_d4ce5bf9,poi_5e03114d,cab,48,13.788,2.358,262.40,INR,182,2026-08-18T10:00:00+05:30
ptm_d90d6b0e,poi_d4ce5bf9,poi_a15c1505,cab,41,11.617,1.987,225.49,INR,192,2026-08-18T10:00:00+05:30
ptm_6265ae4d,poi_f10b95a4,poi_04e07eb8,cab,46,13.289,2.272,253.91,INR,109,2026-08-18T10:00:00+05:30
ptm_7d5ff815,poi_f10b95a4,poi_0e67fddb,cab,50,14.38,2.459,272.45,INR,110,2026-08-18T10:00:00+05:30
ptm_d2e451ea,poi_f10b95a4,poi_a7aaf961,cab,38,10.593,1.811,208.08,INR,90,2026-08-18T10:00:00+05:30
ptm_36ee2fcb,poi_f10b95a4,poi_9096d3f8,cab,40,11.211,1.917,218.59,INR,111,2026-08-18T10:00:00+05:30
ptm_229694a3,poi_f10b95a4,poi_c0f909cd,cab,37,10.37,1.773,204.29,INR,178,2026-08-18T10:00:00+05:30
ptm_5d8fe7c7,poi_f10b95a4,poi_9cf22283,walk,21,1.499,0,0.00,INR,37,2026-08-18T10:00:00+05:30
ptm_64ef963e,poi_f10b95a4,poi_9cf22283,cab,9,1.499,0.256,53.49,INR,37,2026-08-18T10:00:00+05:30
ptm_fe2fe891,poi_f10b95a4,poi_d4ce5bf9,walk,49,3.632,0,0.00,INR,57,2026-08-18T10:00:00+05:30
ptm_b02149d7,poi_f10b95a4,poi_d4ce5bf9,cab,16,3.632,0.621,89.75,INR,57,2026-08-18T10:00:00+05:30
ptm_70364604,poi_f10b95a4,poi_5e03114d,cab,43,12.064,2.063,233.09,INR,168,2026-08-18T10:00:00+05:30
ptm_0c2969fe,poi_f10b95a4,poi_a15c1505,cab,34,9.43,1.613,188.32,INR,176,2026-08-18T10:00:00+05:30
ptm_836e467a,poi_5e03114d,poi_04e07eb8,cab,44,12.557,2.147,241.47,INR,53,2026-08-18T10:00:00+05:30
ptm_e1dcc9b6,poi_5e03114d,poi_0e67fddb,cab,45,12.933,2.211,247.86,INR,58,2026-08-18T10:00:00+05:30
ptm_5597ab0a,poi_5e03114d,poi_a7aaf961,cab,50,14.258,2.438,270.39,INR,35,2026-08-18T10:00:00+05:30
ptm_e356decc,poi_5e03114d,poi_9096d3f8,cab,40,11.236,1.921,219.01,INR,46,2026-08-18T10:00:00+05:30
ptm_8b069d5f,poi_5e03114d,poi_c0f909cd,walk,35,2.542,0,0.00,INR,305,2026-08-18T10:00:00+05:30
ptm_95b86ced,poi_5e03114d,poi_c0f909cd,cab,13,2.542,0.435,71.21,INR,305,2026-08-18T10:00:00+05:30
ptm_47787d8a,poi_5e03114d,poi_9cf22283,cab,46,13.099,2.24,250.68,INR,353,2026-08-18T10:00:00+05:30
ptm_07ff781c,poi_5e03114d,poi_d4ce5bf9,cab,48,13.788,2.358,262.40,INR,2,2026-08-18T10:00:00+05:30
ptm_4d467f58,poi_5e03114d,poi_f10b95a4,cab,43,12.064,2.063,233.09,INR,348,2026-08-18T10:00:00+05:30
ptm_1ccf95f6,poi_5e03114d,poi_a15c1505,walk,41,2.994,0,0.00,INR,323,2026-08-18T10:00:00+05:30
ptm_3759f260,poi_5e03114d,poi_a15c1505,cab,14,2.994,0.512,78.89,INR,323,2026-08-18T10:00:00+05:30
ptm_8093d98f,poi_a15c1505,poi_04e07eb8,cab,45,12.914,2.208,247.54,INR,67,2026-08-18T10:00:00+05:30
ptm_2578f076,poi_a15c1505,poi_0e67fddb,cab,47,13.524,2.313,257.90,INR,71,2026-08-18T10:00:00+05:30
ptm_b90fb4f5,poi_a15c1505,poi_a7aaf961,cab,47,13.6,2.326,259.20,INR,47,2026-08-18T10:00:00+05:30
ptm_81c66f42,poi_a15c1505,poi_9096d3f8,cab,40,11.228,1.92,218.88,INR,61,2026-08-18T10:00:00+05:30
ptm_b42058c9,poi_a15c1505,poi_c0f909cd,walk,15,1.005,0,0.00,INR,198,2026-08-18T10:00:00+05:30
ptm_8a548fc2,poi_a15c1505,poi_c0f909cd,cab,8,1.005,0.172,45.09,INR,198,2026-08-18T10:00:00+05:30
ptm_c2689add,poi_a15c1505,poi_9cf22283,cab,38,10.604,1.813,208.27,INR,1,2026-08-18T10:00:00+05:30
ptm_7f845307,poi_a15c1505,poi_d4ce5bf9,cab,41,11.617,1.987,225.49,INR,12,2026-08-18T10:00:00+05:30
ptm_8104d836,poi_a15c1505,poi_f10b95a4,cab,34,9.43,1.613,188.32,INR,356,2026-08-18T10:00:00+05:30
ptm_cfa312f4,poi_a15c1505,poi_5e03114d,walk,41,2.994,0,0.00,INR,143,2026-08-18T10:00:00+05:30
ptm_1d7c0452,poi_a15c1505,poi_5e03114d,cab,14,2.994,0.512,78.89,INR,143,2026-08-18T10:00:00+05:30
ptm_52244b83,poi_f87e3cfb,poi_98d86477,cab,33,9.082,1.553,182.39,INR,49,2026-08-18T10:00:00+05:30
ptm_f661a0b7,poi_f87e3cfb,poi_74c8b35f,walk,47,3.467,0,0.00,INR,80,2026-08-18T10:00:00+05:30
ptm_eeb3725e,poi_f87e3cfb,poi_74c8b35f,cab,15,3.467,0.593,86.94,INR,80,2026-08-18T10:00:00+05:30
ptm_754bd4fa,poi_f87e3cfb,poi_3f6cade0,walk,57,4.273,0,0.00,INR,109,2026-08-18T10:00:00+05:30
ptm_9b84052d,poi_f87e3cfb,poi_3f6cade0,cab,18,4.273,0.731,100.65,INR,109,2026-08-18T10:00:00+05:30
ptm_4ce6a137,poi_f87e3cfb,poi_9568c284,cab,41,11.475,1.962,223.08,INR,98,2026-08-18T10:00:00+05:30
ptm_8d0d38cd,poi_f87e3cfb,poi_31043af1,cab,34,9.428,1.612,188.28,INR,352,2026-08-18T10:00:00+05:30
ptm_8cb71973,poi_f87e3cfb,poi_adcad9c8,cab,55,15.928,2.724,298.77,INR,52,2026-08-18T10:00:00+05:30
ptm_3ce5dae4,poi_f87e3cfb,poi_5fdabc69,cab,21,5.127,0.877,115.16,INR,112,2026-08-18T10:00:00+05:30
ptm_24757f93,poi_f87e3cfb,poi_65f210fb,cab,47,13.524,2.313,257.90,INR,80,2026-08-18T10:00:00+05:30
ptm_d2ee99d1,poi_f87e3cfb,poi_0d5f6942,walk,23,1.649,0,0.00,INR,316,2026-08-18T10:00:00+05:30
ptm_fbe8c6cf,poi_f87e3cfb,poi_0d5f6942,cab,10,1.649,0.282,56.04,INR,316,2026-08-18T10:00:00+05:30
ptm_9e30d4a0,poi_98d86477,poi_f87e3cfb,cab,33,9.082,1.553,182.39,INR,229,2026-08-18T10:00:00+05:30
ptm_bc3cd109,poi_98d86477,poi_74c8b35f,cab,25,6.383,1.092,136.52,INR,212,2026-08-18T10:00:00+05:30
ptm_7913d16b,poi_98d86477,poi_3f6cade0,cab,29,7.883,1.348,162.00,INR,201,2026-08-18T10:00:00+05:30
ptm_bae1fff1,poi_98d86477,poi_9568c284,cab,32,8.795,1.504,177.51,INR,149,2026-08-18T10:00:00+05:30
ptm_cc781830,poi_98d86477,poi_31043af1,cab,32,8.781,1.502,177.27,INR,292,2026-08-18T10:00:00+05:30
ptm_835e2348,poi_98d86477,poi_adcad9c8,cab,26,6.885,1.177,145.05,INR,57,2026-08-18T10:00:00+05:30
ptm_d98547ad,poi_98d86477,poi_5fdabc69,cab,30,8.213,1.404,167.62,INR,195,2026-08-18T10:00:00+05:30
ptm_41c65178,poi_98d86477,poi_65f210fb,cab,28,7.519,1.286,155.83,INR,120,2026-08-18T10:00:00+05:30
ptm_124d0655,poi_98d86477,poi_0d5f6942,cab,34,9.319,1.593,186.42,INR,239,2026-08-18T10:00:00+05:30
ptm_ff542680,poi_74c8b35f,poi_f87e3cfb,walk,47,3.467,0,0.00,INR,260,2026-08-18T10:00:00+05:30
ptm_3adb0c0e,poi_74c8b35f,poi_f87e3cfb,cab,15,3.467,0.593,86.94,INR,260,2026-08-18T10:00:00+05:30
ptm_58269f0d,poi_74c8b35f,poi_98d86477,cab,25,6.383,1.092,136.52,INR,32,2026-08-18T10:00:00+05:30
ptm_d0f6d22f,poi_74c8b35f,poi_3f6cade0,walk,29,2.076,0,0.00,INR,162,2026-08-18T10:00:00+05:30
ptm_68a878c7,poi_74c8b35f,poi_3f6cade0,cab,11,2.076,0.355,63.28,INR,162,2026-08-18T10:00:00+05:30
ptm_0808d28e,poi_74c8b35f,poi_9568c284,cab,31,8.236,1.408,168.02,INR,105,2026-08-18T10:00:00+05:30
ptm_27b688fe,poi_74c8b35f,poi_31043af1,cab,36,9.932,1.698,196.85,INR,332,2026-08-18T10:00:00+05:30
ptm_25a31414,poi_74c8b35f,poi_adcad9c8,cab,45,12.966,2.217,248.42,INR,45,2026-08-18T10:00:00+05:30
ptm_d1324618,poi_74c8b35f,poi_5fdabc69,walk,39,2.871,0,0.00,INR,152,2026-08-18T10:00:00+05:30
ptm_6458b568,poi_74c8b35f,poi_5fdabc69,cab,14,2.871,0.491,76.81,INR,152,2026-08-18T10:00:00+05:30
ptm_825353af,poi_74c8b35f,poi_65f210fb,cab,36,10.057,1.72,198.96,INR,81,2026-08-18T10:00:00+05:30
ptm_546fa0e6,poi_74c8b35f,poi_0d5f6942,cab,19,4.607,0.788,106.33,INR,277,2026-08-18T10:00:00+05:30
ptm_d769153e,poi_3f6cade0,poi_f87e3cfb,walk,57,4.273,0,0.00,INR,289,2026-08-18T10:00:00+05:30
ptm_a88c0650,poi_3f6cade0,poi_f87e3cfb,cab,18,4.273,0.731,100.65,INR,289,2026-08-18T10:00:00+05:30
ptm_0d3c5411,poi_3f6cade0,poi_98d86477,cab,29,7.883,1.348,162.00,INR,21,2026-08-18T10:00:00+05:30
ptm_5dad32f5,poi_3f6cade0,poi_74c8b35f,walk,29,2.076,0,0.00,INR,342,2026-08-18T10:00:00+05:30
ptm_725c8b1c,poi_3f6cade0,poi_74c8b35f,cab,11,2.076,0.355,63.28,INR,342,2026-08-18T10:00:00+05:30
ptm_962a1a8f,poi_3f6cade0,poi_9568c284,cab,28,7.33,1.253,152.62,INR,91,2026-08-18T10:00:00+05:30
ptm_ebf5001a,poi_3f6cade0,poi_31043af1,cab,42,11.978,2.048,231.62,INR,334,2026-08-18T10:00:00+05:30
ptm_76e2e7d9,poi_3f6cade0,poi_adcad9c8,cab,49,14.042,2.401,266.71,INR,37,2026-08-18T10:00:00+05:30
ptm_0a1880e5,poi_3f6cade0,poi_5fdabc69,walk,13,0.9,0,0.00,INR,129,2026-08-18T10:00:00+05:30
ptm_a9ca06a9,poi_3f6cade0,poi_5fdabc69,cab,7,0.9,0.154,43.30,INR,129,2026-08-18T10:00:00+05:30
ptm_582adb2d,poi_3f6cade0,poi_65f210fb,cab,36,9.974,1.706,197.56,INR,69,2026-08-18T10:00:00+05:30
ptm_72539883,poi_3f6cade0,poi_0d5f6942,cab,23,5.795,0.991,126.51,INR,296,2026-08-18T10:00:00+05:30
ptm_c5750803,poi_9568c284,poi_f87e3cfb,cab,41,11.475,1.962,223.08,INR,278,2026-08-18T10:00:00+05:30
ptm_234ca83c,poi_9568c284,poi_98d86477,cab,32,8.795,1.504,177.51,INR,329,2026-08-18T10:00:00+05:30
ptm_397b2b0b,poi_9568c284,poi_74c8b35f,cab,31,8.236,1.408,168.02,INR,285,2026-08-18T10:00:00+05:30
ptm_a8a7b5a1,poi_9568c284,poi_3f6cade0,cab,28,7.33,1.253,152.62,INR,271,2026-08-18T10:00:00+05:30
ptm_b1d499a5,poi_9568c284,poi_31043af1,cab,57,16.694,2.855,311.79,INR,311,2026-08-18T10:00:00+05:30
ptm_7344266d,poi_9568c284,poi_adcad9c8,cab,40,11.361,1.943,221.13,INR,6,2026-08-18T10:00:00+05:30
ptm_02f8fa63,poi_9568c284,poi_5fdabc69,cab,25,6.644,1.136,140.95,INR,266,2026-08-18T10:00:00+05:30
ptm_7e3f9fa9,poi_9568c284,poi_65f210fb,walk,57,4.252,0,0.00,INR,28,2026-08-18T10:00:00+05:30
ptm_3883204f,poi_9568c284,poi_65f210fb,cab,18,4.252,0.727,100.29,INR,28,2026-08-18T10:00:00+05:30
ptm_2ac5b443,poi_9568c284,poi_0d5f6942,cab,45,12.817,2.192,245.89,INR,282,2026-08-18T10:00:00+05:30
ptm_8814bb39,poi_31043af1,poi_f87e3cfb,cab,34,9.428,1.612,188.28,INR,172,2026-08-18T10:00:00+05:30
ptm_ac3a49c6,poi_31043af1,poi_98d86477,cab,32,8.781,1.502,177.27,INR,112,2026-08-18T10:00:00+05:30
ptm_c29e517b,poi_31043af1,poi_74c8b35f,cab,36,9.932,1.698,196.85,INR,152,2026-08-18T10:00:00+05:30
ptm_d563fc2c,poi_31043af1,poi_3f6cade0,cab,42,11.978,2.048,231.62,INR,154,2026-08-18T10:00:00+05:30
ptm_e0e8fed7,poi_31043af1,poi_9568c284,cab,57,16.694,2.855,311.79,INR,131,2026-08-18T10:00:00+05:30
ptm_aaa66802,poi_31043af1,poi_adcad9c8,cab,48,13.887,2.375,264.08,INR,88,2026-08-18T10:00:00+05:30
ptm_0cca37f9,poi_31043af1,poi_5fdabc69,cab,45,12.803,2.189,245.65,INR,152,2026-08-18T10:00:00+05:30
ptm_a085664c,poi_31043af1,poi_65f210fb,cab,56,16.265,2.781,304.50,INR,116,2026-08-18T10:00:00+05:30
ptm_316c0029,poi_31043af1,poi_0d5f6942,cab,30,8.163,1.396,166.76,INR,179,2026-08-18T10:00:00+05:30
ptm_77e66ff6,poi_adcad9c8,poi_f87e3cfb,cab,55,15.928,2.724,298.77,INR,232,2026-08-18T10:00:00+05:30
ptm_4d99d814,poi_adcad9c8,poi_98d86477,cab,26,6.885,1.177,145.05,INR,237,2026-08-18T10:00:00+05:30
ptm_1b3dd32f,poi_adcad9c8,poi_74c8b35f,cab,45,12.966,2.217,248.42,INR,225,2026-08-18T10:00:00+05:30
ptm_a272ad70,poi_adcad9c8,poi_3f6cade0,cab,49,14.042,2.401,266.71,INR,217,2026-08-18T10:00:00+05:30
ptm_fa1fe0b7,poi_adcad9c8,poi_9568c284,cab,40,11.361,1.943,221.13,INR,186,2026-08-18T10:00:00+05:30
ptm_41fdfb26,poi_adcad9c8,poi_31043af1,cab,48,13.887,2.375,264.08,INR,268,2026-08-18T10:00:00+05:30
ptm_70c58fd9,poi_adcad9c8,poi_5fdabc69,cab,49,14.097,2.411,267.65,INR,214,2026-08-18T10:00:00+05:30
ptm_58093b62,poi_adcad9c8,poi_65f210fb,cab,28,7.562,1.293,156.56,INR,174,2026-08-18T10:00:00+05:30
ptm_9d83f4b3,poi_adcad9c8,poi_0d5f6942,cab,56,16.201,2.77,303.42,INR,238,2026-08-18T10:00:00+05:30
ptm_f6c5e46b,poi_5fdabc69,poi_f87e3cfb,cab,21,5.127,0.877,115.16,INR,292,2026-08-18T10:00:00+05:30
ptm_c11bd4e6,poi_5fdabc69,poi_98d86477,cab,30,8.213,1.404,167.62,INR,15,2026-08-18T10:00:00+05:30
ptm_d190c157,poi_5fdabc69,poi_74c8b35f,walk,39,2.871,0,0.00,INR,333,2026-08-18T10:00:00+05:30
ptm_f39dfcde,poi_5fdabc69,poi_74c8b35f,cab,14,2.871,0.491,76.81,INR,333,2026-08-18T10:00:00+05:30
ptm_072efe2b,poi_5fdabc69,poi_3f6cade0,walk,13,0.9,0,0.00,INR,309,2026-08-18T10:00:00+05:30
ptm_9387ff8a,poi_5fdabc69,poi_3f6cade0,cab,7,0.9,0.154,43.30,INR,309,2026-08-18T10:00:00+05:30
ptm_d64fcd36,poi_5fdabc69,poi_9568c284,cab,25,6.644,1.136,140.95,INR,86,2026-08-18T10:00:00+05:30
ptm_2136bd9d,poi_5fdabc69,poi_31043af1,cab,45,12.803,2.189,245.65,INR,332,2026-08-18T10:00:00+05:30
ptm_ddd780f8,poi_5fdabc69,poi_adcad9c8,cab,49,14.097,2.411,267.65,INR,34,2026-08-18T10:00:00+05:30
ptm_4ca69026,poi_5fdabc69,poi_65f210fb,cab,35,9.562,1.635,190.56,INR,64,2026-08-18T10:00:00+05:30
ptm_3e753d76,poi_5fdabc69,poi_0d5f6942,cab,26,6.675,1.141,141.48,INR,298,2026-08-18T10:00:00+05:30
ptm_3e30eada,poi_65f210fb,poi_f87e3cfb,cab,47,13.524,2.313,257.90,INR,261,2026-08-18T10:00:00+05:30
ptm_64841336,poi_65f210fb,poi_98d86477,cab,28,7.519,1.286,155.83,INR,300,2026-08-18T10:00:00+05:30
ptm_88feb8a2,poi_65f210fb,poi_74c8b35f,cab,36,10.057,1.72,198.96,INR,261,2026-08-18T10:00:00+05:30
ptm_eab5ab9f,poi_65f210fb,poi_3f6cade0,cab,36,9.974,1.706,197.56,INR,249,2026-08-18T10:00:00+05:30
ptm_a83652ab,poi_65f210fb,poi_9568c284,walk,57,4.252,0,0.00,INR,208,2026-08-18T10:00:00+05:30
ptm_0dd8e5da,poi_65f210fb,poi_9568c284,cab,18,4.252,0.727,100.29,INR,208,2026-08-18T10:00:00+05:30
ptm_79125006,poi_65f210fb,poi_31043af1,cab,56,16.265,2.781,304.50,INR,296,2026-08-18T10:00:00+05:30
ptm_ca950c0c,poi_65f210fb,poi_adcad9c8,cab,28,7.562,1.293,156.56,INR,354,2026-08-18T10:00:00+05:30
ptm_c069cc2e,poi_65f210fb,poi_5fdabc69,cab,35,9.562,1.635,190.56,INR,244,2026-08-18T10:00:00+05:30
ptm_c6ada072,poi_65f210fb,poi_0d5f6942,cab,50,14.531,2.485,275.02,INR,266,2026-08-18T10:00:00+05:30
ptm_6b270613,poi_0d5f6942,poi_f87e3cfb,walk,23,1.649,0,0.00,INR,136,2026-08-18T10:00:00+05:30
ptm_02df49bc,poi_0d5f6942,poi_f87e3cfb,cab,10,1.649,0.282,56.04,INR,136,2026-08-18T10:00:00+05:30
ptm_eba0f131,poi_0d5f6942,poi_98d86477,cab,34,9.319,1.593,186.42,INR,59,2026-08-18T10:00:00+05:30
ptm_70216e23,poi_0d5f6942,poi_74c8b35f,cab,19,4.607,0.788,106.33,INR,97,2026-08-18T10:00:00+05:30
ptm_d39cd661,poi_0d5f6942,poi_3f6cade0,cab,23,5.795,0.991,126.51,INR,116,2026-08-18T10:00:00+05:30
ptm_f288e5d9,poi_0d5f6942,poi_9568c284,cab,45,12.817,2.192,245.89,INR,102,2026-08-18T10:00:00+05:30
ptm_bd1b10ea,poi_0d5f6942,poi_31043af1,cab,30,8.163,1.396,166.76,INR,359,2026-08-18T10:00:00+05:30
ptm_3ae15876,poi_0d5f6942,poi_adcad9c8,cab,56,16.201,2.77,303.42,INR,58,2026-08-18T10:00:00+05:30
ptm_98cfb2b4,poi_0d5f6942,poi_5fdabc69,cab,26,6.675,1.141,141.48,INR,118,2026-08-18T10:00:00+05:30
ptm_15b62e92,poi_0d5f6942,poi_65f210fb,cab,50,14.531,2.485,275.02,INR,86,2026-08-18T10:00:00+05:30
ptm_eef39633,poi_18f884dd,poi_3def22c2,cab,21,5.346,0.914,118.89,INR,29,2026-08-18T10:00:00+05:30
ptm_70f81278,poi_18f884dd,poi_faaa44a9,cab,49,14.073,2.407,267.24,INR,55,2026-08-18T10:00:00+05:30
ptm_66b5560e,poi_18f884dd,poi_efe6c1a0,cab,35,9.787,1.674,194.39,INR,76,2026-08-18T10:00:00+05:30
ptm_1b9482b1,poi_18f884dd,poi_997aec22,cab,28,7.432,1.271,154.35,INR,22,2026-08-18T10:00:00+05:30
ptm_edc2fca3,poi_18f884dd,poi_8b544e3b,cab,32,8.6,1.471,174.20,INR,110,2026-08-18T10:00:00+05:30
ptm_692a09f2,poi_18f884dd,poi_b2c3a1df,cab,29,7.771,1.329,160.11,INR,122,2026-08-18T10:00:00+05:30
ptm_0af65d3c,poi_18f884dd,poi_9d9e5117,walk,32,2.338,0,0.00,INR,75,2026-08-18T10:00:00+05:30
ptm_d1317ea6,poi_18f884dd,poi_9d9e5117,cab,12,2.338,0.4,67.75,INR,75,2026-08-18T10:00:00+05:30
ptm_1ef67935,poi_18f884dd,poi_ee45a4c9,cab,26,6.858,1.173,144.58,INR,351,2026-08-18T10:00:00+05:30
ptm_48531bdd,poi_18f884dd,poi_217fa998,walk,50,3.72,0,0.00,INR,175,2026-08-18T10:00:00+05:30
ptm_606299ac,poi_18f884dd,poi_217fa998,cab,16,3.72,0.636,91.23,INR,175,2026-08-18T10:00:00+05:30
ptm_f2aa653c,poi_3def22c2,poi_18f884dd,cab,21,5.346,0.914,118.89,INR,209,2026-08-18T10:00:00+05:30
ptm_5af10d9b,poi_3def22c2,poi_faaa44a9,cab,35,9.537,1.631,190.14,INR,69,2026-08-18T10:00:00+05:30
ptm_a576c812,poi_3def22c2,poi_efe6c1a0,cab,27,7.241,1.238,151.10,INR,108,2026-08-18T10:00:00+05:30
ptm_1a174746,poi_3def22c2,poi_997aec22,walk,30,2.213,0,0.00,INR,6,2026-08-18T10:00:00+05:30
ptm_c3184f8b,poi_3def22c2,poi_997aec22,cab,11,2.213,0.378,65.62,INR,6,2026-08-18T10:00:00+05:30
ptm_c9e4581f,poi_3def22c2,poi_8b544e3b,cab,34,9.425,1.612,188.23,INR,144,2026-08-18T10:00:00+05:30
ptm_09c4b01b,poi_3def22c2,poi_b2c3a1df,cab,35,9.692,1.657,192.76,INR,156,2026-08-18T10:00:00+05:30
ptm_c55aac89,poi_3def22c2,poi_9d9e5117,walk,55,4.101,0,0.00,INR,185,2026-08-18T10:00:00+05:30
ptm_fff63e82,poi_3def22c2,poi_9d9e5117,cab,17,4.101,0.701,97.72,INR,185,2026-08-18T10:00:00+05:30
ptm_115fa29c,poi_3def22c2,poi_ee45a4c9,walk,56,4.19,0,0.00,INR,300,2026-08-18T10:00:00+05:30
ptm_36963958,poi_3def22c2,poi_ee45a4c9,cab,18,4.19,0.717,99.24,INR,300,2026-08-18T10:00:00+05:30
ptm_151a5c91,poi_3def22c2,poi_217fa998,cab,32,8.678,1.484,175.52,INR,195,2026-08-18T10:00:00+05:30
ptm_da00821e,poi_faaa44a9,poi_18f884dd,cab,49,14.073,2.407,267.24,INR,235,2026-08-18T10:00:00+05:30
ptm_098732bc,poi_faaa44a9,poi_3def22c2,cab,35,9.537,1.631,190.14,INR,249,2026-08-18T10:00:00+05:30
ptm_401b71e0,poi_faaa44a9,poi_efe6c1a0,cab,24,6.047,1.034,130.80,INR,199,2026-08-18T10:00:00+05:30
ptm_b32210b8,poi_faaa44a9,poi_997aec22,cab,32,8.749,1.496,176.74,INR,262,2026-08-18T10:00:00+05:30
ptm_48384058,poi_faaa44a9,poi_8b544e3b,cab,41,11.659,1.994,226.21,INR,197,2026-08-18T10:00:00+05:30
ptm_f704725d,poi_faaa44a9,poi_b2c3a1df,cab,46,13.258,2.267,253.38,INR,202,2026-08-18T10:00:00+05:30
ptm_2fef6897,poi_faaa44a9,poi_9d9e5117,cab,42,11.916,2.038,230.57,INR,231,2026-08-18T10:00:00+05:30
ptm_6a70ec68,poi_faaa44a9,poi_ee45a4c9,cab,44,12.582,2.152,241.89,INR,264,2026-08-18T10:00:00+05:30
ptm_cdd8083b,poi_faaa44a9,poi_217fa998,cab,56,16.262,2.781,304.46,INR,223,2026-08-18T10:00:00+05:30
ptm_ae95528c,poi_efe6c1a0,poi_18f884dd,cab,35,9.787,1.674,194.39,INR,256,2026-08-18T10:00:00+05:30
ptm_17252187,poi_efe6c1a0,poi_3def22c2,cab,27,7.241,1.238,151.10,INR,288,2026-08-18T10:00:00+05:30
ptm_40e885e2,poi_efe6c1a0,poi_faaa44a9,cab,24,6.047,1.034,130.80,INR,19,2026-08-18T10:00:00+05:30
ptm_0487e630,poi_efe6c1a0,poi_997aec22,cab,30,8.004,1.369,164.06,INR,304,2026-08-18T10:00:00+05:30
ptm_bf397596,poi_efe6c1a0,poi_8b544e3b,cab,22,5.622,0.961,123.57,INR,195,2026-08-18T10:00:00+05:30
ptm_e5efceb9,poi_efe6c1a0,poi_b2c3a1df,cab,27,7.221,1.235,150.76,INR,204,2026-08-18T10:00:00+05:30
ptm_8384807d,poi_efe6c1a0,poi_9d9e5117,cab,28,7.449,1.274,154.63,INR,256,2026-08-18T10:00:00+05:30
ptm_feac0b0f,poi_efe6c1a0,poi_ee45a4c9,cab,40,11.372,1.945,221.32,INR,292,2026-08-18T10:00:00+05:30
ptm_0e87441b,poi_efe6c1a0,poi_217fa998,cab,39,11.012,1.883,215.21,INR,236,2026-08-18T10:00:00+05:30
ptm_edf5d042,poi_997aec22,poi_18f884dd,cab,28,7.432,1.271,154.35,INR,202,2026-08-18T10:00:00+05:30
ptm_1d67a244,poi_997aec22,poi_3def22c2,walk,30,2.213,0,0.00,INR,186,2026-08-18T10:00:00+05:30
ptm_252f8ce8,poi_997aec22,poi_3def22c2,cab,11,2.213,0.378,65.62,INR,186,2026-08-18T10:00:00+05:30
ptm_d82dc912,poi_997aec22,poi_faaa44a9,cab,32,8.749,1.496,176.74,INR,82,2026-08-18T10:00:00+05:30
ptm_65d058bd,poi_997aec22,poi_efe6c1a0,cab,30,8.004,1.369,164.06,INR,124,2026-08-18T10:00:00+05:30
ptm_9e3321e6,poi_997aec22,poi_8b544e3b,cab,40,11.183,1.912,218.10,INR,152,2026-08-18T10:00:00+05:30
ptm_431d0924,poi_997aec22,poi_b2c3a1df,cab,41,11.66,1.994,226.22,INR,161,2026-08-18T10:00:00+05:30
ptm_54a82e66,poi_997aec22,poi_9d9e5117,cab,24,6.314,1.08,135.33,INR,185,2026-08-18T10:00:00+05:30
ptm_dc48edf0,poi_997aec22,poi_ee45a4c9,walk,52,3.852,0,0.00,INR,268,2026-08-18T10:00:00+05:30
ptm_a44a3233,poi_997aec22,poi_ee45a4c9,cab,17,3.852,0.659,93.48,INR,268,2026-08-18T10:00:00+05:30
ptm_50e18337,poi_997aec22,poi_217fa998,cab,39,10.868,1.858,212.75,INR,193,2026-08-18T10:00:00+05:30
ptm_f0bd715e,poi_8b544e3b,poi_18f884dd,cab,32,8.6,1.471,174.20,INR,290,2026-08-18T10:00:00+05:30
ptm_c6267638,poi_8b544e3b,poi_3def22c2,cab,34,9.425,1.612,188.23,INR,325,2026-08-18T10:00:00+05:30
ptm_1e3ea194,poi_8b544e3b,poi_faaa44a9,cab,41,11.659,1.994,226.21,INR,17,2026-08-18T10:00:00+05:30
ptm_38ec8387,poi_8b544e3b,poi_efe6c1a0,cab,22,5.622,0.961,123.57,INR,15,2026-08-18T10:00:00+05:30
ptm_199c9852,poi_8b544e3b,poi_997aec22,cab,40,11.183,1.912,218.10,INR,332,2026-08-18T10:00:00+05:30
ptm_233253c3,poi_8b544e3b,poi_b2c3a1df,walk,26,1.899,0,0.00,INR,232,2026-08-18T10:00:00+05:30
ptm_6c581f0f,poi_8b544e3b,poi_b2c3a1df,cab,10,1.899,0.325,60.28,INR,232,2026-08-18T10:00:00+05:30
ptm_933a035d,poi_8b544e3b,poi_9d9e5117,cab,26,6.818,1.166,143.90,INR,302,2026-08-18T10:00:00+05:30
ptm_8f659b30,poi_8b544e3b,poi_ee45a4c9,cab,47,13.354,2.284,255.01,INR,317,2026-08-18T10:00:00+05:30
ptm_9a7be5f7,poi_8b544e3b,poi_217fa998,cab,29,7.753,1.326,159.79,INR,265,2026-08-18T10:00:00+05:30
ptm_7386fe96,poi_b2c3a1df,poi_18f884dd,cab,29,7.771,1.329,160.11,INR,302,2026-08-18T10:00:00+05:30
ptm_3ade4097,poi_b2c3a1df,poi_3def22c2,cab,35,9.692,1.657,192.76,INR,336,2026-08-18T10:00:00+05:30
ptm_e2b5a13b,poi_b2c3a1df,poi_faaa44a9,cab,46,13.258,2.267,253.38,INR,22,2026-08-18T10:00:00+05:30
ptm_89f73c8a,poi_b2c3a1df,poi_efe6c1a0,cab,27,7.221,1.235,150.76,INR,24,2026-08-18T10:00:00+05:30
ptm_bf817352,poi_b2c3a1df,poi_997aec22,cab,41,11.66,1.994,226.22,INR,341,2026-08-18T10:00:00+05:30
ptm_be8f3c11,poi_b2c3a1df,poi_8b544e3b,walk,26,1.899,0,0.00,INR,52,2026-08-18T10:00:00+05:30
ptm_de789f13,poi_b2c3a1df,poi_8b544e3b,cab,10,1.899,0.325,60.28,INR,52,2026-08-18T10:00:00+05:30
ptm_abe6a3b8,poi_b2c3a1df,poi_9d9e5117,cab,25,6.408,1.096,136.94,INR,318,2026-08-18T10:00:00+05:30
ptm_813b022b,poi_b2c3a1df,poi_ee45a4c9,cab,47,13.321,2.278,254.46,INR,325,2026-08-18T10:00:00+05:30
ptm_bae56889,poi_b2c3a1df,poi_217fa998,cab,24,6.238,1.067,134.05,INR,274,2026-08-18T10:00:00+05:30
ptm_4396c670,poi_9d9e5117,poi_18f884dd,walk,32,2.338,0,0.00,INR,255,2026-08-18T10:00:00+05:30
ptm_63616e32,poi_9d9e5117,poi_18f884dd,cab,12,2.338,0.4,67.75,INR,255,2026-08-18T10:00:00+05:30
ptm_c2b6af93,poi_9d9e5117,poi_3def22c2,walk,55,4.101,0,0.00,INR,5,2026-08-18T10:00:00+05:30
ptm_ac7aa46d,poi_9d9e5117,poi_3def22c2,cab,17,4.101,0.701,97.72,INR,5,2026-08-18T10:00:00+05:30
ptm_f91d838d,poi_9d9e5117,poi_faaa44a9,cab,42,11.916,2.038,230.57,INR,51,2026-08-18T10:00:00+05:30
ptm_da1230ee,poi_9d9e5117,poi_efe6c1a0,cab,28,7.449,1.274,154.63,INR,76,2026-08-18T10:00:00+05:30
ptm_8b9fc0f0,poi_9d9e5117,poi_997aec22,cab,24,6.314,1.08,135.33,INR,5,2026-08-18T10:00:00+05:30
ptm_cdfd8748,poi_9d9e5117,poi_8b544e3b,cab,26,6.818,1.166,143.90,INR,122,2026-08-18T10:00:00+05:30
ptm_9e57351a,poi_9d9e5117,poi_b2c3a1df,cab,25,6.408,1.096,136.94,INR,138,2026-08-18T10:00:00+05:30
ptm_ac879de7,poi_9d9e5117,poi_ee45a4c9,cab,27,7.014,1.199,147.24,INR,332,2026-08-18T10:00:00+05:30
ptm_0045b743,poi_9d9e5117,poi_217fa998,cab,19,4.704,0.804,107.96,INR,204,2026-08-18T10:00:00+05:30
ptm_285ecf14,poi_ee45a4c9,poi_18f884dd,cab,26,6.858,1.173,144.58,INR,171,2026-08-18T10:00:00+05:30
ptm_51ffade9,poi_ee45a4c9,poi_3def22c2,walk,56,4.19,0,0.00,INR,120,2026-08-18T10:00:00+05:30
ptm_07d3cccc,poi_ee45a4c9,poi_3def22c2,cab,18,4.19,0.717,99.24,INR,120,2026-08-18T10:00:00+05:30
ptm_b664bbd2,poi_ee45a4c9,poi_faaa44a9,cab,44,12.582,2.152,241.89,INR,84,2026-08-18T10:00:00+05:30
ptm_0f209253,poi_ee45a4c9,poi_efe6c1a0,cab,40,11.372,1.945,221.32,INR,112,2026-08-18T10:00:00+05:30
ptm_b09257ae,poi_ee45a4c9,poi_997aec22,walk,52,3.852,0,0.00,INR,88,2026-08-18T10:00:00+05:30
ptm_7f556d4c,poi_ee45a4c9,poi_997aec22,cab,17,3.852,0.659,93.48,INR,88,2026-08-18T10:00:00+05:30
ptm_a87f631e,poi_ee45a4c9,poi_8b544e3b,cab,47,13.354,2.284,255.01,INR,137,2026-08-18T10:00:00+05:30
ptm_cba09c74,poi_ee45a4c9,poi_b2c3a1df,cab,47,13.321,2.278,254.46,INR,145,2026-08-18T10:00:00+05:30
ptm_7710c695,poi_ee45a4c9,poi_9d9e5117,cab,27,7.014,1.199,147.24,INR,152,2026-08-18T10:00:00+05:30
ptm_41e630b8,poi_ee45a4c9,poi_217fa998,cab,38,10.573,1.808,207.74,INR,172,2026-08-18T10:00:00+05:30
ptm_804b928a,poi_217fa998,poi_18f884dd,walk,50,3.72,0,0.00,INR,355,2026-08-18T10:00:00+05:30
ptm_c0fee20e,poi_217fa998,poi_18f884dd,cab,16,3.72,0.636,91.23,INR,355,2026-08-18T10:00:00+05:30
ptm_a4fe5176,poi_217fa998,poi_3def22c2,cab,32,8.678,1.484,175.52,INR,15,2026-08-18T10:00:00+05:30
ptm_ce2a960b,poi_217fa998,poi_faaa44a9,cab,56,16.262,2.781,304.46,INR,43,2026-08-18T10:00:00+05:30
ptm_b51b83e1,poi_217fa998,poi_efe6c1a0,cab,39,11.012,1.883,215.21,INR,56,2026-08-18T10:00:00+05:30
ptm_4c5fdf7b,poi_217fa998,poi_997aec22,cab,39,10.868,1.858,212.75,INR,13,2026-08-18T10:00:00+05:30
ptm_70aab64e,poi_217fa998,poi_8b544e3b,cab,29,7.753,1.326,159.79,INR,85,2026-08-18T10:00:00+05:30
ptm_17a06604,poi_217fa998,poi_b2c3a1df,cab,24,6.238,1.067,134.05,INR,94,2026-08-18T10:00:00+05:30
ptm_f84b42b2,poi_217fa998,poi_9d9e5117,cab,19,4.704,0.804,107.96,INR,24,2026-08-18T10:00:00+05:30
ptm_a2a9d304,poi_217fa998,poi_ee45a4c9,cab,38,10.573,1.808,207.74,INR,352,2026-08-18T10:00:00+05:30
ptm_65e39ccc,poi_38e00d19,poi_9eab0466,cab,47,13.444,2.299,256.56,INR,206,2026-08-18T10:00:00+05:30
ptm_1e86f405,poi_38e00d19,poi_0d5f59c1,cab,24,6.326,1.082,135.54,INR,288,2026-08-18T10:00:00+05:30
ptm_e0160538,poi_38e00d19,poi_5cc02bcd,walk,31,2.279,0,0.00,INR,151,2026-08-18T10:00:00+05:30
ptm_b4854fb6,poi_38e00d19,poi_5cc02bcd,cab,12,2.279,0.39,66.74,INR,151,2026-08-18T10:00:00+05:30
ptm_fcbfe8ad,poi_38e00d19,poi_b52743ff,cab,37,10.405,1.779,204.89,INR,158,2026-08-18T10:00:00+05:30
ptm_a3e791d5,poi_38e00d19,poi_0090275b,cab,21,5.091,0.871,114.54,INR,134,2026-08-18T10:00:00+05:30
ptm_9e3a5b02,poi_38e00d19,poi_fd2b63a5,cab,47,13.418,2.294,256.10,INR,203,2026-08-18T10:00:00+05:30
ptm_74e7415f,poi_38e00d19,poi_444a594d,cab,19,4.523,0.773,104.89,INR,284,2026-08-18T10:00:00+05:30
ptm_57977691,poi_38e00d19,poi_a72e75f0,cab,27,7.237,1.238,151.04,INR,132,2026-08-18T10:00:00+05:30
ptm_6f9bd7ab,poi_38e00d19,poi_09642bc5,cab,23,5.937,1.015,128.93,INR,253,2026-08-18T10:00:00+05:30
ptm_52d9b2a9,poi_9eab0466,poi_38e00d19,cab,47,13.444,2.299,256.56,INR,26,2026-08-18T10:00:00+05:30
ptm_cbe6c6c5,poi_9eab0466,poi_0d5f59c1,cab,49,14.073,2.407,267.24,INR,359,2026-08-18T10:00:00+05:30
ptm_8ea035de,poi_9eab0466,poi_5cc02bcd,cab,43,12.284,2.101,236.83,INR,34,2026-08-18T10:00:00+05:30
ptm_51529cc4,poi_9eab0466,poi_b52743ff,cab,36,10.047,1.718,198.80,INR,76,2026-08-18T10:00:00+05:30
ptm_dbdba47c,poi_9eab0466,poi_0090275b,cab,45,12.78,2.185,245.27,INR,48,2026-08-18T10:00:00+05:30
ptm_8d32b81e,poi_9eab0466,poi_fd2b63a5,walk,11,0.7,0,0.00,INR,112,2026-08-18T10:00:00+05:30
ptm_0c40be02,poi_9eab0466,poi_fd2b63a5,cab,7,0.7,0.12,39.90,INR,112,2026-08-18T10:00:00+05:30
ptm_fa8d9b57,poi_9eab0466,poi_444a594d,cab,47,13.328,2.279,254.58,INR,6,2026-08-18T10:00:00+05:30
ptm_bfdf7bc1,poi_9eab0466,poi_a72e75f0,cab,47,13.399,2.291,255.78,INR,57,2026-08-18T10:00:00+05:30
ptm_47907dd8,poi_9eab0466,poi_09642bc5,cab,37,10.351,1.77,203.97,INR,1,2026-08-18T10:00:00+05:30
ptm_626b2b0a,poi_0d5f59c1,poi_38e00d19,cab,24,6.326,1.082,135.54,INR,108,2026-08-18T10:00:00+05:30
ptm_b580d279,poi_0d5f59c1,poi_9eab0466,cab,49,14.073,2.407,267.24,INR,179,2026-08-18T10:00:00+05:30
ptm_24af87e3,poi_0d5f59c1,poi_5cc02bcd,cab,30,8.152,1.394,166.58,INR,119,2026-08-18T10:00:00+05:30
ptm_13e0fe93,poi_0d5f59c1,poi_b52743ff,cab,53,15.266,2.611,287.53,INR,139,2026-08-18T10:00:00+05:30
ptm_ed671272,poi_0d5f59c1,poi_0090275b,cab,40,11.125,1.902,217.12,INR,120,2026-08-18T10:00:00+05:30
ptm_76818597,poi_0d5f59c1,poi_fd2b63a5,cab,50,14.359,2.455,272.10,INR,177,2026-08-18T10:00:00+05:30
ptm_338f3820,poi_0d5f59c1,poi_444a594d,walk,25,1.832,0,0.00,INR,117,2026-08-18T10:00:00+05:30
ptm_3d3020e3,poi_0d5f59c1,poi_444a594d,cab,10,1.832,0.313,59.15,INR,117,2026-08-18T10:00:00+05:30
ptm_e7b41fb9,poi_0d5f59c1,poi_a72e75f0,cab,46,13.277,2.27,253.70,INR,121,2026-08-18T10:00:00+05:30
ptm_79234e07,poi_0d5f59c1,poi_09642bc5,walk,50,3.738,0,0.00,INR,175,2026-08-18T10:00:00+05:30
ptm_528a289a,poi_0d5f59c1,poi_09642bc5,cab,16,3.738,0.639,91.55,INR,175,2026-08-18T10:00:00+05:30
ptm_18815ec6,poi_5cc02bcd,poi_38e00d19,walk,31,2.279,0,0.00,INR,331,2026-08-18T10:00:00+05:30
ptm_85cc67a7,poi_5cc02bcd,poi_38e00d19,cab,12,2.279,0.39,66.74,INR,331,2026-08-18T10:00:00+05:30
ptm_94d2c705,poi_5cc02bcd,poi_9eab0466,cab,43,12.284,2.101,236.83,INR,214,2026-08-18T10:00:00+05:30
ptm_6be1dced,poi_5cc02bcd,poi_0d5f59c1,cab,30,8.152,1.394,166.58,INR,299,2026-08-18T10:00:00+05:30
ptm_c0386def,poi_5cc02bcd,poi_b52743ff,cab,30,8.15,1.394,166.55,INR,160,2026-08-18T10:00:00+05:30
ptm_1c9667aa,poi_5cc02bcd,poi_0090275b,walk,40,2.976,0,0.00,INR,122,2026-08-18T10:00:00+05:30
ptm_e0f46f5d,poi_5cc02bcd,poi_0090275b,cab,14,2.976,0.509,78.59,INR,122,2026-08-18T10:00:00+05:30
ptm_78cf32bd,poi_5cc02bcd,poi_fd2b63a5,cab,43,12.153,2.078,234.60,INR,211,2026-08-18T10:00:00+05:30
ptm_aaa4785a,poi_5cc02bcd,poi_444a594d,cab,24,6.321,1.081,135.46,INR,299,2026-08-18T10:00:00+05:30
ptm_bd78569c,poi_5cc02bcd,poi_a72e75f0,cab,21,5.135,0.878,115.29,INR,123,2026-08-18T10:00:00+05:30
ptm_6db52ceb,poi_5cc02bcd,poi_09642bc5,cab,26,6.791,1.161,143.45,INR,272,2026-08-18T10:00:00+05:30
ptm_9f840f0d,poi_b52743ff,poi_38e00d19,cab,37,10.405,1.779,204.89,INR,338,2026-08-18T10:00:00+05:30
ptm_066cefb9,poi_b52743ff,poi_9eab0466,cab,36,10.047,1.718,198.80,INR,256,2026-08-18T10:00:00+05:30
ptm_43ce359d,poi_b52743ff,poi_0d5f59c1,cab,53,15.266,2.611,287.53,INR,319,2026-08-18T10:00:00+05:30
ptm_02390a77,poi_b52743ff,poi_5cc02bcd,cab,30,8.15,1.394,166.55,INR,340,2026-08-18T10:00:00+05:30
ptm_479281af,poi_b52743ff,poi_0090275b,cab,24,6.102,1.044,131.74,INR,358,2026-08-18T10:00:00+05:30
ptm_6a9e71a2,poi_b52743ff,poi_fd2b63a5,cab,34,9.492,1.623,189.37,INR,253,2026-08-18T10:00:00+05:30
ptm_d14fe3a7,poi_b52743ff,poi_444a594d,cab,47,13.595,2.325,259.12,INR,322,2026-08-18T10:00:00+05:30
ptm_ac04de6a,poi_b52743ff,poi_a72e75f0,cab,20,5.056,0.865,113.95,INR,17,2026-08-18T10:00:00+05:30
ptm_b01d210e,poi_b52743ff,poi_09642bc5,cab,44,12.401,2.121,238.82,INR,309,2026-08-18T10:00:00+05:30
ptm_bc9d6853,poi_0090275b,poi_38e00d19,cab,21,5.091,0.871,114.54,INR,314,2026-08-18T10:00:00+05:30
ptm_f44036e0,poi_0090275b,poi_9eab0466,cab,45,12.78,2.185,245.27,INR,228,2026-08-18T10:00:00+05:30
ptm_b680bb6b,poi_0090275b,poi_0d5f59c1,cab,40,11.125,1.902,217.12,INR,300,2026-08-18T10:00:00+05:30
ptm_576f002b,poi_0090275b,poi_5cc02bcd,walk,40,2.976,0,0.00,INR,302,2026-08-18T10:00:00+05:30
ptm_599eb573,poi_0090275b,poi_5cc02bcd,cab,14,2.976,0.509,78.59,INR,302,2026-08-18T10:00:00+05:30
ptm_118ffacf,poi_0090275b,poi_b52743ff,cab,24,6.102,1.044,131.74,INR,178,2026-08-18T10:00:00+05:30
ptm_fbe630fc,poi_0090275b,poi_fd2b63a5,cab,44,12.491,2.136,240.35,INR,225,2026-08-18T10:00:00+05:30
ptm_6ab7435f,poi_0090275b,poi_444a594d,cab,34,9.296,1.59,186.03,INR,300,2026-08-18T10:00:00+05:30
ptm_c1241d92,poi_0090275b,poi_a72e75f0,walk,30,2.162,0,0.00,INR,126,2026-08-18T10:00:00+05:30
ptm_e6e39d63,poi_0090275b,poi_a72e75f0,cab,11,2.162,0.37,64.76,INR,126,2026-08-18T10:00:00+05:30
ptm_ebcbfc4e,poi_0090275b,poi_09642bc5,cab,34,9.49,1.623,189.33,INR,281,2026-08-18T10:00:00+05:30
ptm_c94b1762,poi_fd2b63a5,poi_38e00d19,cab,47,13.418,2.294,256.10,INR,23,2026-08-18T10:00:00+05:30
ptm_9705b9f3,poi_fd2b63a5,poi_9eab0466,walk,11,0.7,0,0.00,INR,292,2026-08-18T10:00:00+05:30
ptm_6ea07685,poi_fd2b63a5,poi_9eab0466,cab,7,0.7,0.12,39.90,INR,292,2026-08-18T10:00:00+05:30
ptm_371c5565,poi_fd2b63a5,poi_0d5f59c1,cab,50,14.359,2.455,272.10,INR,357,2026-08-18T10:00:00+05:30
ptm_8484b5bb,poi_fd2b63a5,poi_5cc02bcd,cab,43,12.153,2.078,234.60,INR,31,2026-08-18T10:00:00+05:30
ptm_ea9af215,poi_fd2b63a5,poi_b52743ff,cab,34,9.492,1.623,189.37,INR,73,2026-08-18T10:00:00+05:30
ptm_64df5eed,poi_fd2b63a5,poi_0090275b,cab,44,12.491,2.136,240.35,INR,45,2026-08-18T10:00:00+05:30
ptm_98788f31,poi_fd2b63a5,poi_444a594d,cab,47,13.535,2.315,258.10,INR,3,2026-08-18T10:00:00+05:30
ptm_36337d72,poi_fd2b63a5,poi_a72e75f0,cab,46,13.01,2.225,249.18,INR,54,2026-08-18T10:00:00+05:30
ptm_5466d0d1,poi_fd2b63a5,poi_09642bc5,cab,38,10.624,1.817,208.60,INR,357,2026-08-18T10:00:00+05:30
ptm_6e56d16f,poi_444a594d,poi_38e00d19,cab,19,4.523,0.773,104.89,INR,104,2026-08-18T10:00:00+05:30
ptm_b8ef78e3,poi_444a594d,poi_9eab0466,cab,47,13.328,2.279,254.58,INR,186,2026-08-18T10:00:00+05:30
ptm_494dbfc2,poi_444a594d,poi_0d5f59c1,walk,25,1.832,0,0.00,INR,297,2026-08-18T10:00:00+05:30
ptm_5ed78a73,poi_444a594d,poi_0d5f59c1,cab,10,1.832,0.313,59.15,INR,297,2026-08-18T10:00:00+05:30
ptm_d2889692,poi_444a594d,poi_5cc02bcd,cab,24,6.321,1.081,135.46,INR,119,2026-08-18T10:00:00+05:30
ptm_ec4bc089,poi_444a594d,poi_b52743ff,cab,47,13.595,2.325,259.12,INR,142,2026-08-18T10:00:00+05:30
ptm_a993e881,poi_444a594d,poi_0090275b,cab,34,9.296,1.59,186.03,INR,120,2026-08-18T10:00:00+05:30
ptm_540a398f,poi_444a594d,poi_fd2b63a5,cab,47,13.535,2.315,258.10,INR,183,2026-08-18T10:00:00+05:30
ptm_e99b243d,poi_444a594d,poi_a72e75f0,cab,41,11.45,1.958,222.64,INR,121,2026-08-18T10:00:00+05:30
ptm_ef5679a1,poi_444a594d,poi_09642bc5,walk,43,3.173,0,0.00,INR,204,2026-08-18T10:00:00+05:30
ptm_3adad534,poi_444a594d,poi_09642bc5,cab,15,3.173,0.543,81.95,INR,204,2026-08-18T10:00:00+05:30
ptm_d7d9e9e5,poi_a72e75f0,poi_38e00d19,cab,27,7.237,1.238,151.04,INR,312,2026-08-18T10:00:00+05:30
ptm_42c89d47,poi_a72e75f0,poi_9eab0466,cab,47,13.399,2.291,255.78,INR,237,2026-08-18T10:00:00+05:30
ptm_33d891ec,poi_a72e75f0,poi_0d5f59c1,cab,46,13.277,2.27,253.70,INR,301,2026-08-18T10:00:00+05:30
ptm_6819933a,poi_a72e75f0,poi_5cc02bcd,cab,21,5.135,0.878,115.29,INR,303,2026-08-18T10:00:00+05:30
ptm_514554ef,poi_a72e75f0,poi_b52743ff,cab,20,5.056,0.865,113.95,INR,197,2026-08-18T10:00:00+05:30
ptm_3f723017,poi_a72e75f0,poi_0090275b,walk,30,2.162,0,0.00,INR,306,2026-08-18T10:00:00+05:30
ptm_3cb3c9ad,poi_a72e75f0,poi_0090275b,cab,11,2.162,0.37,64.76,INR,306,2026-08-18T10:00:00+05:30
ptm_2bb8ae25,poi_a72e75f0,poi_fd2b63a5,cab,46,13.01,2.225,249.18,INR,234,2026-08-18T10:00:00+05:30
ptm_65c98886,poi_a72e75f0,poi_444a594d,cab,41,11.45,1.958,222.64,INR,301,2026-08-18T10:00:00+05:30
ptm_bf61cfb8,poi_a72e75f0,poi_09642bc5,cab,41,11.485,1.964,223.25,INR,285,2026-08-18T10:00:00+05:30
ptm_f8d815c0,poi_09642bc5,poi_38e00d19,cab,23,5.937,1.015,128.93,INR,73,2026-08-18T10:00:00+05:30
ptm_2b903b97,poi_09642bc5,poi_9eab0466,cab,37,10.351,1.77,203.97,INR,181,2026-08-18T10:00:00+05:30
ptm_fa20799e,poi_09642bc5,poi_0d5f59c1,walk,50,3.738,0,0.00,INR,355,2026-08-18T10:00:00+05:30
ptm_07e0c791,poi_09642bc5,poi_0d5f59c1,cab,16,3.738,0.639,91.55,INR,355,2026-08-18T10:00:00+05:30
ptm_6b4c24c1,poi_09642bc5,poi_5cc02bcd,cab,26,6.791,1.161,143.45,INR,92,2026-08-18T10:00:00+05:30
ptm_6c2e21d4,poi_09642bc5,poi_b52743ff,cab,44,12.401,2.121,238.82,INR,129,2026-08-18T10:00:00+05:30
ptm_21247039,poi_09642bc5,poi_0090275b,cab,34,9.49,1.623,189.33,INR,101,2026-08-18T10:00:00+05:30
ptm_43154c2c,poi_09642bc5,poi_fd2b63a5,cab,38,10.624,1.817,208.60,INR,177,2026-08-18T10:00:00+05:30
ptm_95a2e248,poi_09642bc5,poi_444a594d,walk,43,3.173,0,0.00,INR,24,2026-08-18T10:00:00+05:30
ptm_6b9ebea3,poi_09642bc5,poi_444a594d,cab,15,3.173,0.543,81.95,INR,24,2026-08-18T10:00:00+05:30
ptm_086d79b7,poi_09642bc5,poi_a72e75f0,cab,41,11.485,1.964,223.25,INR,105,2026-08-18T10:00:00+05:30
ptm_d30030d9,poi_dcc40577,poi_64524fe6,cab,21,5.198,0.889,116.37,INR,247,2026-08-18T10:00:00+05:30
ptm_9171b046,poi_dcc40577,poi_fd385481,walk,6,0.324,0,0.00,INR,359,2026-08-18T10:00:00+05:30
ptm_a06b2a77,poi_dcc40577,poi_fd385481,cab,6,0.324,0.055,33.50,INR,359,2026-08-18T10:00:00+05:30
ptm_915f8779,poi_dcc40577,poi_048c1097,walk,48,3.554,0,0.00,INR,260,2026-08-18T10:00:00+05:30
ptm_54f429e5,poi_dcc40577,poi_048c1097,cab,16,3.554,0.608,88.42,INR,260,2026-08-18T10:00:00+05:30
ptm_69a8c260,poi_dcc40577,poi_02b5baa6,walk,55,4.103,0,0.00,INR,243,2026-08-18T10:00:00+05:30
ptm_cbc83c74,poi_dcc40577,poi_02b5baa6,cab,17,4.103,0.702,97.76,INR,243,2026-08-18T10:00:00+05:30
ptm_6a4fa524,poi_dcc40577,poi_2c81c51e,cab,34,9.265,1.584,185.51,INR,267,2026-08-18T10:00:00+05:30
ptm_fd190742,poi_dcc40577,poi_83511939,cab,59,17.343,2.966,322.83,INR,229,2026-08-18T10:00:00+05:30
ptm_d9b7e137,poi_dcc40577,poi_5d21f663,walk,30,2.17,0,0.00,INR,195,2026-08-18T10:00:00+05:30
ptm_12ad487a,poi_dcc40577,poi_5d21f663,cab,11,2.17,0.371,64.89,INR,195,2026-08-18T10:00:00+05:30
ptm_ede6048f,poi_dcc40577,poi_abed8837,cab,37,10.134,1.733,200.28,INR,196,2026-08-18T10:00:00+05:30
ptm_3e7d5b09,poi_dcc40577,poi_3a505801,cab,48,13.74,2.35,261.58,INR,252,2026-08-18T10:00:00+05:30
ptm_7a79de4c,poi_64524fe6,poi_dcc40577,cab,21,5.198,0.889,116.37,INR,67,2026-08-18T10:00:00+05:30
ptm_36947656,poi_64524fe6,poi_fd385481,cab,21,5.326,0.911,118.55,INR,64,2026-08-18T10:00:00+05:30
ptm_c2081212,poi_64524fe6,poi_048c1097,walk,26,1.899,0,0.00,INR,43,2026-08-18T10:00:00+05:30
ptm_1dbf2e1f,poi_64524fe6,poi_048c1097,cab,10,1.899,0.325,60.29,INR,43,2026-08-18T10:00:00+05:30
ptm_94722d39,poi_64524fe6,poi_02b5baa6,walk,17,1.151,0,0.00,INR,83,2026-08-18T10:00:00+05:30
ptm_2d126087,poi_64524fe6,poi_02b5baa6,cab,8,1.151,0.197,47.56,INR,83,2026-08-18T10:00:00+05:30
ptm_157250ec,poi_64524fe6,poi_2c81c51e,cab,19,4.686,0.801,107.66,INR,288,2026-08-18T10:00:00+05:30
ptm_07bf6a22,poi_64524fe6,poi_83511939,cab,44,12.528,2.142,240.98,INR,221,2026-08-18T10:00:00+05:30
ptm_0e51fdb2,poi_64524fe6,poi_5d21f663,walk,57,4.248,0,0.00,INR,91,2026-08-18T10:00:00+05:30
ptm_f63da052,poi_64524fe6,poi_5d21f663,cab,18,4.248,0.726,100.22,INR,91,2026-08-18T10:00:00+05:30
ptm_1aad2f53,poi_64524fe6,poi_abed8837,cab,30,8.034,1.374,164.57,INR,165,2026-08-18T10:00:00+05:30
ptm_a553ed70,poi_64524fe6,poi_3a505801,cab,32,8.566,1.465,173.62,INR,254,2026-08-18T10:00:00+05:30
ptm_6534dd09,poi_fd385481,poi_dcc40577,walk,6,0.324,0,0.00,INR,179,2026-08-18T10:00:00+05:30
ptm_e7c4a02f,poi_fd385481,poi_dcc40577,cab,6,0.324,0.055,33.50,INR,179,2026-08-18T10:00:00+05:30
ptm_f62e4429,poi_fd385481,poi_64524fe6,cab,21,5.326,0.911,118.55,INR,244,2026-08-18T10:00:00+05:30
ptm_89ea85b1,poi_fd385481,poi_048c1097,walk,49,3.619,0,0.00,INR,255,2026-08-18T10:00:00+05:30
ptm_e679174a,poi_fd385481,poi_048c1097,cab,16,3.619,0.619,89.52,INR,255,2026-08-18T10:00:00+05:30
ptm_d580ab2a,poi_fd385481,poi_02b5baa6,walk,57,4.256,0,0.00,INR,239,2026-08-18T10:00:00+05:30
ptm_c5807142,poi_fd385481,poi_02b5baa6,cab,18,4.256,0.728,100.35,INR,239,2026-08-18T10:00:00+05:30
ptm_b6be6e61,poi_fd385481,poi_2c81c51e,cab,34,9.284,1.588,185.84,INR,265,2026-08-18T10:00:00+05:30
ptm_f4dcfa99,poi_fd385481,poi_83511939,cab,60,17.554,3.002,326.41,INR,228,2026-08-18T10:00:00+05:30
ptm_4dc57889,poi_fd385481,poi_5d21f663,walk,34,2.483,0,0.00,INR,193,2026-08-18T10:00:00+05:30
ptm_ce9bea75,poi_fd385481,poi_5d21f663,cab,12,2.483,0.425,70.21,INR,193,2026-08-18T10:00:00+05:30
ptm_165904c5,poi_fd385481,poi_abed8837,cab,37,10.444,1.786,205.56,INR,195,2026-08-18T10:00:00+05:30
ptm_61eeb678,poi_fd385481,poi_3a505801,cab,48,13.84,2.367,263.28,INR,251,2026-08-18T10:00:00+05:30
ptm_12635d07,poi_048c1097,poi_dcc40577,walk,48,3.554,0,0.00,INR,80,2026-08-18T10:00:00+05:30
ptm_89e348ca,poi_048c1097,poi_dcc40577,cab,16,3.554,0.608,88.42,INR,80,2026-08-18T10:00:00+05:30
ptm_c0ed0460,poi_048c1097,poi_64524fe6,walk,26,1.899,0,0.00,INR,223,2026-08-18T10:00:00+05:30
ptm_347c345f,poi_048c1097,poi_64524fe6,cab,10,1.899,0.325,60.29,INR,223,2026-08-18T10:00:00+05:30
ptm_5763450f,poi_048c1097,poi_fd385481,walk,49,3.619,0,0.00,INR,75,2026-08-18T10:00:00+05:30
ptm_0555d358,poi_048c1097,poi_fd385481,cab,16,3.619,0.619,89.52,INR,75,2026-08-18T10:00:00+05:30
ptm_e3836b45,poi_048c1097,poi_02b5baa6,walk,18,1.261,0,0.00,INR,187,2026-08-18T10:00:00+05:30
ptm_c34c022a,poi_048c1097,poi_02b5baa6,cab,8,1.261,0.216,49.44,INR,187,2026-08-18T10:00:00+05:30
ptm_7db16186,poi_048c1097,poi_2c81c51e,cab,23,5.749,0.983,125.74,INR,271,2026-08-18T10:00:00+05:30
ptm_0b2d6e5b,poi_048c1097,poi_83511939,cab,50,14.427,2.467,273.26,INR,221,2026-08-18T10:00:00+05:30
ptm_abd31a9d,poi_048c1097,poi_5d21f663,walk,45,3.303,0,0.00,INR,117,2026-08-18T10:00:00+05:30
ptm_82ebc30d,poi_048c1097,poi_5d21f663,cab,15,3.303,0.565,84.15,INR,117,2026-08-18T10:00:00+05:30
ptm_e6fd0014,poi_048c1097,poi_abed8837,cab,33,9.181,1.57,184.08,INR,175,2026-08-18T10:00:00+05:30
ptm_c896bd7c,poi_048c1097,poi_3a505801,cab,37,10.237,1.751,202.03,INR,249,2026-08-18T10:00:00+05:30
ptm_2fd1235e,poi_02b5baa6,poi_dcc40577,walk,55,4.103,0,0.00,INR,63,2026-08-18T10:00:00+05:30
ptm_ef4477d5,poi_02b5baa6,poi_dcc40577,cab,17,4.103,0.702,97.76,INR,63,2026-08-18T10:00:00+05:30
ptm_edfbe5ca,poi_02b5baa6,poi_64524fe6,walk,17,1.151,0,0.00,INR,263,2026-08-18T10:00:00+05:30
ptm_0f72ccdd,poi_02b5baa6,poi_64524fe6,cab,8,1.151,0.197,47.56,INR,263,2026-08-18T10:00:00+05:30
ptm_9052ebea,poi_02b5baa6,poi_fd385481,walk,57,4.256,0,0.00,INR,59,2026-08-18T10:00:00+05:30
ptm_e30611c9,poi_02b5baa6,poi_fd385481,cab,18,4.256,0.728,100.35,INR,59,2026-08-18T10:00:00+05:30
ptm_5e5af899,poi_02b5baa6,poi_048c1097,walk,18,1.261,0,0.00,INR,7,2026-08-18T10:00:00+05:30
ptm_4772681e,poi_02b5baa6,poi_048c1097,cab,8,1.261,0.216,49.44,INR,7,2026-08-18T10:00:00+05:30
ptm_4a1829e1,poi_02b5baa6,poi_2c81c51e,cab,23,5.75,0.983,125.74,INR,283,2026-08-18T10:00:00+05:30
ptm_014fa778,poi_02b5baa6,poi_83511939,cab,47,13.404,2.292,255.86,INR,224,2026-08-18T10:00:00+05:30
ptm_16964ec0,poi_02b5baa6,poi_5d21f663,walk,42,3.113,0,0.00,INR,94,2026-08-18T10:00:00+05:30
ptm_5bcd7acb,poi_02b5baa6,poi_5d21f663,cab,14,3.113,0.532,80.92,INR,94,2026-08-18T10:00:00+05:30
ptm_6be01d1e,poi_02b5baa6,poi_abed8837,cab,30,7.951,1.36,163.17,INR,173,2026-08-18T10:00:00+05:30
ptm_1609a28c,poi_02b5baa6,poi_3a505801,cab,35,9.705,1.66,192.98,INR,255,2026-08-18T10:00:00+05:30
ptm_86452c84,poi_2c81c51e,poi_dcc40577,cab,34,9.265,1.584,185.51,INR,87,2026-08-18T10:00:00+05:30
ptm_e6985dee,poi_2c81c51e,poi_64524fe6,cab,19,4.686,0.801,107.66,INR,108,2026-08-18T10:00:00+05:30
ptm_649922a4,poi_2c81c51e,poi_fd385481,cab,34,9.284,1.588,185.84,INR,85,2026-08-18T10:00:00+05:30
ptm_e625d5b6,poi_2c81c51e,poi_048c1097,cab,23,5.749,0.983,125.74,INR,91,2026-08-18T10:00:00+05:30
ptm_32303fde,poi_2c81c51e,poi_02b5baa6,cab,23,5.75,0.983,125.74,INR,103,2026-08-18T10:00:00+05:30
ptm_20c87123,poi_2c81c51e,poi_83511939,cab,41,11.542,1.974,224.22,INR,199,2026-08-18T10:00:00+05:30
ptm_0a803950,poi_2c81c51e,poi_5d21f663,cab,32,8.837,1.511,178.24,INR,100,2026-08-18T10:00:00+05:30
ptm_f85aba09,poi_2c81c51e,poi_abed8837,cab,40,11.299,1.932,220.08,INR,145,2026-08-18T10:00:00+05:30
ptm_ae30cd2e,poi_2c81c51e,poi_3a505801,cab,21,5.351,0.915,118.98,INR,225,2026-08-18T10:00:00+05:30
ptm_834789bd,poi_83511939,poi_dcc40577,cab,59,17.343,2.966,322.83,INR,49,2026-08-18T10:00:00+05:30
ptm_fa67c055,poi_83511939,poi_64524fe6,cab,44,12.528,2.142,240.98,INR,41,2026-08-18T10:00:00+05:30
ptm_eb171de4,poi_83511939,poi_fd385481,cab,60,17.554,3.002,326.41,INR,48,2026-08-18T10:00:00+05:30
ptm_ceb33a1f,poi_83511939,poi_048c1097,cab,50,14.427,2.467,273.26,INR,41,2026-08-18T10:00:00+05:30
ptm_60a11642,poi_83511939,poi_02b5baa6,cab,47,13.404,2.292,255.86,INR,44,2026-08-18T10:00:00+05:30
ptm_746f2388,poi_83511939,poi_2c81c51e,cab,41,11.542,1.974,224.22,INR,19,2026-08-18T10:00:00+05:30
ptm_3d22f3c8,poi_83511939,poi_5d21f663,cab,54,15.591,2.666,293.04,INR,53,2026-08-18T10:00:00+05:30
ptm_1fc804b5,poi_83511939,poi_abed8837,cab,37,10.445,1.786,205.56,INR,81,2026-08-18T10:00:00+05:30
ptm_5d5e59ff,poi_83511939,poi_3a505801,cab,27,7.135,1.22,149.29,INR,360,2026-08-18T10:00:00+05:30
ptm_d1af85bf,poi_5d21f663,poi_dcc40577,walk,30,2.17,0,0.00,INR,15,2026-08-18T10:00:00+05:30
ptm_d3621a34,poi_5d21f663,poi_dcc40577,cab,11,2.17,0.371,64.89,INR,15,2026-08-18T10:00:00+05:30
ptm_19e1ad19,poi_5d21f663,poi_64524fe6,walk,57,4.248,0,0.00,INR,271,2026-08-18T10:00:00+05:30
ptm_3f6da3d9,poi_5d21f663,poi_64524fe6,cab,18,4.248,0.726,100.22,INR,271,2026-08-18T10:00:00+05:30
ptm_133bfae1,poi_5d21f663,poi_fd385481,walk,34,2.483,0,0.00,INR,13,2026-08-18T10:00:00+05:30
ptm_b7d423b9,poi_5d21f663,poi_fd385481,cab,12,2.483,0.425,70.21,INR,13,2026-08-18T10:00:00+05:30
ptm_9bb7bb4a,poi_5d21f663,poi_048c1097,walk,45,3.303,0,0.00,INR,297,2026-08-18T10:00:00+05:30
ptm_496b3efc,poi_5d21f663,poi_048c1097,cab,15,3.303,0.565,84.15,INR,297,2026-08-18T10:00:00+05:30
ptm_011ba451,poi_5d21f663,poi_02b5baa6,walk,42,3.113,0,0.00,INR,274,2026-08-18T10:00:00+05:30
ptm_31fbdc86,poi_5d21f663,poi_02b5baa6,cab,14,3.113,0.532,80.92,INR,274,2026-08-18T10:00:00+05:30
ptm_a5609e52,poi_5d21f663,poi_2c81c51e,cab,32,8.837,1.511,178.24,INR,280,2026-08-18T10:00:00+05:30
ptm_0e89eb33,poi_5d21f663,poi_83511939,cab,54,15.591,2.666,293.04,INR,233,2026-08-18T10:00:00+05:30
ptm_08dc28e8,poi_5d21f663,poi_abed8837,cab,30,7.964,1.362,163.39,INR,196,2026-08-18T10:00:00+05:30
ptm_fa28cb75,poi_5d21f663,poi_3a505801,cab,45,12.69,2.17,243.73,INR,260,2026-08-18T10:00:00+05:30
ptm_b421e25a,poi_abed8837,poi_dcc40577,cab,37,10.134,1.733,200.28,INR,16,2026-08-18T10:00:00+05:30
ptm_43426e6a,poi_abed8837,poi_64524fe6,cab,30,8.034,1.374,164.57,INR,345,2026-08-18T10:00:00+05:30
ptm_147c8ab6,poi_abed8837,poi_fd385481,cab,37,10.444,1.786,205.56,INR,15,2026-08-18T10:00:00+05:30
ptm_915a6639,poi_abed8837,poi_048c1097,cab,33,9.181,1.57,184.08,INR,355,2026-08-18T10:00:00+05:30
ptm_0e5fe864,poi_abed8837,poi_02b5baa6,cab,30,7.951,1.36,163.17,INR,353,2026-08-18T10:00:00+05:30
ptm_923f9fc3,poi_abed8837,poi_2c81c51e,cab,40,11.299,1.932,220.08,INR,325,2026-08-18T10:00:00+05:30
ptm_26e71dda,poi_abed8837,poi_83511939,cab,37,10.445,1.786,205.56,INR,261,2026-08-18T10:00:00+05:30
ptm_3f631e4d,poi_abed8837,poi_5d21f663,cab,30,7.964,1.362,163.39,INR,16,2026-08-18T10:00:00+05:30
ptm_eda91c34,poi_abed8837,poi_3a505801,cab,41,11.676,1.997,226.49,INR,298,2026-08-18T10:00:00+05:30
ptm_3d6b66fc,poi_3a505801,poi_dcc40577,cab,48,13.74,2.35,261.58,INR,72,2026-08-18T10:00:00+05:30
ptm_4714a25c,poi_3a505801,poi_64524fe6,cab,32,8.566,1.465,173.62,INR,74,2026-08-18T10:00:00+05:30
ptm_a1f8f07c,poi_3a505801,poi_fd385481,cab,48,13.84,2.367,263.28,INR,70,2026-08-18T10:00:00+05:30
ptm_28a92c94,poi_3a505801,poi_048c1097,cab,37,10.237,1.751,202.03,INR,69,2026-08-18T10:00:00+05:30
ptm_ec63bc9f,poi_3a505801,poi_02b5baa6,cab,35,9.705,1.66,192.98,INR,75,2026-08-18T10:00:00+05:30
ptm_1dbb522d,poi_3a505801,poi_2c81c51e,cab,21,5.351,0.915,118.98,INR,45,2026-08-18T10:00:00+05:30
ptm_26d6e072,poi_3a505801,poi_83511939,cab,27,7.135,1.22,149.29,INR,180,2026-08-18T10:00:00+05:30
ptm_8025e0f3,poi_3a505801,poi_5d21f663,cab,45,12.69,2.17,243.73,INR,80,2026-08-18T10:00:00+05:30
ptm_b457dbff,poi_3a505801,poi_abed8837,cab,41,11.676,1.997,226.49,INR,118,2026-08-18T10:00:00+05:30
ptm_df6b7fef,poi_b9be2b67,poi_5ff5c84a,cab,38,10.58,1.809,207.86,INR,65,2026-08-18T10:00:00+05:30
ptm_77ca027d,poi_b9be2b67,poi_3eddf245,cab,25,6.502,1.112,138.54,INR,36,2026-08-18T10:00:00+05:30
ptm_29671ec9,poi_b9be2b67,poi_b7e5ce86,cab,26,6.855,1.172,144.53,INR,214,2026-08-18T10:00:00+05:30
ptm_d71b0f31,poi_b9be2b67,poi_fad8c27c,cab,20,4.87,0.833,110.80,INR,95,2026-08-18T10:00:00+05:30
ptm_f116716d,poi_b9be2b67,poi_71db86db,cab,28,7.39,1.264,153.62,INR,331,2026-08-18T10:00:00+05:30
ptm_1ae5cf8e,poi_b9be2b67,poi_b0b60242,walk,54,4.015,0,0.00,INR,158,2026-08-18T10:00:00+05:30
ptm_19a998ab,poi_b9be2b67,poi_b0b60242,cab,17,4.015,0.687,96.26,INR,158,2026-08-18T10:00:00+05:30
ptm_92b1d082,poi_b9be2b67,poi_7b31701e,cab,33,9.171,1.568,183.90,INR,334,2026-08-18T10:00:00+05:30
ptm_289cc3f8,poi_b9be2b67,poi_89f63dd0,cab,37,10.291,1.76,202.94,INR,67,2026-08-18T10:00:00+05:30
ptm_2fdcf66a,poi_b9be2b67,poi_f2bc64a8,cab,20,5.051,0.864,113.86,INR,59,2026-08-18T10:00:00+05:30
ptm_97f8eb84,poi_5ff5c84a,poi_b9be2b67,cab,38,10.58,1.809,207.86,INR,245,2026-08-18T10:00:00+05:30
ptm_b860fba4,poi_5ff5c84a,poi_3eddf245,cab,23,5.802,0.992,126.63,INR,278,2026-08-18T10:00:00+05:30
ptm_ae93e2dd,poi_5ff5c84a,poi_b7e5ce86,cab,58,16.833,2.878,314.16,INR,233,2026-08-18T10:00:00+05:30
ptm_765831e9,poi_5ff5c84a,poi_fad8c27c,cab,26,6.779,1.159,143.24,INR,224,2026-08-18T10:00:00+05:30
ptm_239b1c88,poi_5ff5c84a,poi_71db86db,cab,47,13.348,2.283,254.92,INR,279,2026-08-18T10:00:00+05:30
ptm_d498dd1a,poi_5ff5c84a,poi_b0b60242,cab,41,11.479,1.963,223.14,INR,225,2026-08-18T10:00:00+05:30
ptm_f86605c0,poi_5ff5c84a,poi_7b31701e,cab,49,14.066,2.405,267.12,INR,286,2026-08-18T10:00:00+05:30
ptm_92ffdc03,poi_5ff5c84a,poi_89f63dd0,walk,7,0.445,0,0.00,INR,197,2026-08-18T10:00:00+05:30
ptm_d4e801d1,poi_5ff5c84a,poi_89f63dd0,cab,6,0.445,0.076,35.56,INR,197,2026-08-18T10:00:00+05:30
ptm_15dda4ab,poi_5ff5c84a,poi_f2bc64a8,cab,22,5.577,0.954,122.80,INR,250,2026-08-18T10:00:00+05:30
ptm_d13b5081,poi_3eddf245,poi_b9be2b67,cab,25,6.502,1.112,138.54,INR,216,2026-08-18T10:00:00+05:30
ptm_3aa2246c,poi_3eddf245,poi_5ff5c84a,cab,23,5.802,0.992,126.63,INR,98,2026-08-18T10:00:00+05:30
ptm_dd4d2a42,poi_3eddf245,poi_b7e5ce86,cab,47,13.355,2.284,255.03,INR,215,2026-08-18T10:00:00+05:30
ptm_3b700a33,poi_3eddf245,poi_fad8c27c,cab,23,5.72,0.978,125.25,INR,170,2026-08-18T10:00:00+05:30
ptm_e4269412,poi_3eddf245,poi_71db86db,cab,28,7.548,1.291,156.31,INR,279,2026-08-18T10:00:00+05:30
ptm_ed57a954,poi_3eddf245,poi_b0b60242,cab,34,9.249,1.582,185.23,INR,194,2026-08-18T10:00:00+05:30
ptm_ed5cd061,poi_3eddf245,poi_7b31701e,cab,31,8.36,1.43,170.12,INR,291,2026-08-18T10:00:00+05:30
ptm_0b28c0aa,poi_3eddf245,poi_89f63dd0,cab,23,5.75,0.983,125.76,INR,102,2026-08-18T10:00:00+05:30
ptm_18a17135,poi_3eddf245,poi_f2bc64a8,walk,37,2.716,0,0.00,INR,169,2026-08-18T10:00:00+05:30
ptm_47914ef5,poi_3eddf245,poi_f2bc64a8,cab,13,2.716,0.464,74.17,INR,169,2026-08-18T10:00:00+05:30
ptm_ade9dfb0,poi_b7e5ce86,poi_b9be2b67,cab,26,6.855,1.172,144.53,INR,34,2026-08-18T10:00:00+05:30
ptm_2ec65ae3,poi_b7e5ce86,poi_5ff5c84a,cab,58,16.833,2.878,314.16,INR,53,2026-08-18T10:00:00+05:30
ptm_b544bf2e,poi_b7e5ce86,poi_3eddf245,cab,47,13.355,2.284,255.03,INR,35,2026-08-18T10:00:00+05:30
ptm_4557362c,poi_b7e5ce86,poi_fad8c27c,cab,37,10.182,1.741,201.09,INR,59,2026-08-18T10:00:00+05:30
ptm_3517af38,poi_b7e5ce86,poi_71db86db,cab,43,12.127,2.074,234.15,INR,1,2026-08-18T10:00:00+05:30
ptm_136eb709,poi_b7e5ce86,poi_b0b60242,cab,23,5.725,0.979,125.33,INR,70,2026-08-18T10:00:00+05:30
ptm_a6f2f2f4,poi_b7e5ce86,poi_7b31701e,cab,49,13.954,2.386,265.21,INR,360,2026-08-18T10:00:00+05:30
ptm_6ce5fc47,poi_b7e5ce86,poi_89f63dd0,cab,57,16.477,2.818,308.11,INR,54,2026-08-18T10:00:00+05:30
ptm_7e622827,poi_b7e5ce86,poi_f2bc64a8,cab,41,11.625,1.988,225.62,INR,45,2026-08-18T10:00:00+05:30
ptm_64041f7e,poi_fad8c27c,poi_b9be2b67,cab,20,4.87,0.833,110.80,INR,275,2026-08-18T10:00:00+05:30
ptm_b6aa40ce,poi_fad8c27c,poi_5ff5c84a,cab,26,6.779,1.159,143.24,INR,44,2026-08-18T10:00:00+05:30
ptm_63c46bd5,poi_fad8c27c,poi_3eddf245,cab,23,5.72,0.978,125.25,INR,350,2026-08-18T10:00:00+05:30
ptm_732bb2fd,poi_fad8c27c,poi_b7e5ce86,cab,37,10.182,1.741,201.09,INR,239,2026-08-18T10:00:00+05:30
ptm_7dbd20ed,poi_fad8c27c,poi_71db86db,cab,39,10.878,1.86,212.92,INR,309,2026-08-18T10:00:00+05:30
ptm_0f61db9d,poi_fad8c27c,poi_b0b60242,cab,19,4.701,0.804,107.91,INR,225,2026-08-18T10:00:00+05:30
ptm_e4e675ec,poi_fad8c27c,poi_7b31701e,cab,44,12.35,2.112,237.96,INR,315,2026-08-18T10:00:00+05:30
ptm_7b33100e,poi_fad8c27c,poi_89f63dd0,cab,25,6.389,1.092,136.61,INR,46,2026-08-18T10:00:00+05:30
ptm_452f25f6,poi_fad8c27c,poi_f2bc64a8,walk,41,3.005,0,0.00,INR,350,2026-08-18T10:00:00+05:30
ptm_c345c67a,poi_fad8c27c,poi_f2bc64a8,cab,14,3.005,0.514,79.08,INR,350,2026-08-18T10:00:00+05:30
ptm_8b0ab627,poi_71db86db,poi_b9be2b67,cab,28,7.39,1.264,153.62,INR,151,2026-08-18T10:00:00+05:30
ptm_b3721cd4,poi_71db86db,poi_5ff5c84a,cab,47,13.348,2.283,254.92,INR,99,2026-08-18T10:00:00+05:30
ptm_be5a4526,poi_71db86db,poi_3eddf245,cab,28,7.548,1.291,156.31,INR,99,2026-08-18T10:00:00+05:30
ptm_25bdca87,poi_71db86db,poi_b7e5ce86,cab,43,12.127,2.074,234.15,INR,181,2026-08-18T10:00:00+05:30
ptm_fa2d3c91,poi_71db86db,poi_fad8c27c,cab,39,10.878,1.86,212.92,INR,129,2026-08-18T10:00:00+05:30
ptm_76d7960f,poi_71db86db,poi_b0b60242,cab,40,11.387,1.947,221.57,INR,153,2026-08-18T10:00:00+05:30
ptm_2331d930,poi_71db86db,poi_7b31701e,walk,26,1.86,0,0.00,INR,349,2026-08-18T10:00:00+05:30
ptm_3f1b48a0,poi_71db86db,poi_7b31701e,cab,10,1.86,0.318,59.62,INR,349,2026-08-18T10:00:00+05:30
ptm_b89edf42,poi_71db86db,poi_89f63dd0,cab,46,13.294,2.273,253.99,INR,100,2026-08-18T10:00:00+05:30
ptm_b2fb1a0d,poi_71db86db,poi_f2bc64a8,cab,32,8.846,1.513,178.37,INR,116,2026-08-18T10:00:00+05:30
ptm_17857b82,poi_b0b60242,poi_b9be2b67,walk,54,4.015,0,0.00,INR,338,2026-08-18T10:00:00+05:30
ptm_46809df1,poi_b0b60242,poi_b9be2b67,cab,17,4.015,0.687,96.26,INR,338,2026-08-18T10:00:00+05:30
ptm_01f9ceeb,poi_b0b60242,poi_5ff5c84a,cab,41,11.479,1.963,223.14,INR,45,2026-08-18T10:00:00+05:30
ptm_2f9ea883,poi_b0b60242,poi_3eddf245,cab,34,9.249,1.582,185.23,INR,14,2026-08-18T10:00:00+05:30
ptm_f970665c,poi_b0b60242,poi_b7e5ce86,cab,23,5.725,0.979,125.33,INR,250,2026-08-18T10:00:00+05:30
ptm_2ede23a9,poi_b0b60242,poi_fad8c27c,cab,19,4.701,0.804,107.91,INR,45,2026-08-18T10:00:00+05:30
ptm_f76c3029,poi_b0b60242,poi_71db86db,cab,40,11.387,1.947,221.57,INR,333,2026-08-18T10:00:00+05:30
ptm_894e4c6e,poi_b0b60242,poi_7b31701e,cab,46,13.182,2.254,252.10,INR,335,2026-08-18T10:00:00+05:30
ptm_ff01bf1d,poi_b0b60242,poi_89f63dd0,cab,40,11.089,1.896,216.51,INR,46,2026-08-18T10:00:00+05:30
ptm_814360bc,poi_b0b60242,poi_f2bc64a8,cab,26,6.887,1.178,145.07,INR,24,2026-08-18T10:00:00+05:30
ptm_88c6ecea,poi_7b31701e,poi_b9be2b67,cab,33,9.171,1.568,183.90,INR,154,2026-08-18T10:00:00+05:30
ptm_dd6d12bf,poi_7b31701e,poi_5ff5c84a,cab,49,14.066,2.405,267.12,INR,106,2026-08-18T10:00:00+05:30
ptm_addad3e9,poi_7b31701e,poi_3eddf245,cab,31,8.36,1.43,170.12,INR,111,2026-08-18T10:00:00+05:30
ptm_fdf5130a,poi_7b31701e,poi_b7e5ce86,cab,49,13.954,2.386,265.21,INR,180,2026-08-18T10:00:00+05:30
ptm_7b266e17,poi_7b31701e,poi_fad8c27c,cab,44,12.35,2.112,237.96,INR,134,2026-08-18T10:00:00+05:30
ptm_5be5cf72,poi_7b31701e,poi_71db86db,walk,26,1.86,0,0.00,INR,169,2026-08-18T10:00:00+05:30
ptm_ea295615,poi_7b31701e,poi_71db86db,cab,10,1.86,0.318,59.62,INR,169,2026-08-18T10:00:00+05:30
ptm_c2e7e108,poi_7b31701e,poi_b0b60242,cab,46,13.182,2.254,252.10,INR,155,2026-08-18T10:00:00+05:30
ptm_85000dbd,poi_7b31701e,poi_89f63dd0,cab,49,14.067,2.405,267.14,INR,107,2026-08-18T10:00:00+05:30
ptm_dd286ede,poi_7b31701e,poi_f2bc64a8,cab,36,10.063,1.721,199.08,INR,124,2026-08-18T10:00:00+05:30
ptm_53a24ad6,poi_89f63dd0,poi_b9be2b67,cab,37,10.291,1.76,202.94,INR,247,2026-08-18T10:00:00+05:30
ptm_021393e3,poi_89f63dd0,poi_5ff5c84a,walk,7,0.445,0,0.00,INR,17,2026-08-18T10:00:00+05:30
ptm_52754743,poi_89f63dd0,poi_5ff5c84a,cab,6,0.445,0.076,35.56,INR,17,2026-08-18T10:00:00+05:30
ptm_8fed29af,poi_89f63dd0,poi_3eddf245,cab,23,5.75,0.983,125.76,INR,282,2026-08-18T10:00:00+05:30
ptm_0dd1f428,poi_89f63dd0,poi_b7e5ce86,cab,57,16.477,2.818,308.11,INR,234,2026-08-18T10:00:00+05:30
ptm_88a604d2,poi_89f63dd0,poi_fad8c27c,cab,25,6.389,1.092,136.61,INR,226,2026-08-18T10:00:00+05:30
ptm_933d6ad7,poi_89f63dd0,poi_71db86db,cab,46,13.294,2.273,253.99,INR,280,2026-08-18T10:00:00+05:30
ptm_9b0ca71c,poi_89f63dd0,poi_b0b60242,cab,40,11.089,1.896,216.51,INR,226,2026-08-18T10:00:00+05:30
ptm_55d01174,poi_89f63dd0,poi_7b31701e,cab,49,14.067,2.405,267.14,INR,288,2026-08-18T10:00:00+05:30
ptm_b7cb6ccd,poi_89f63dd0,poi_f2bc64a8,cab,21,5.325,0.911,118.53,INR,254,2026-08-18T10:00:00+05:30
ptm_3848afd8,poi_f2bc64a8,poi_b9be2b67,cab,20,5.051,0.864,113.86,INR,239,2026-08-18T10:00:00+05:30
ptm_156b49b2,poi_f2bc64a8,poi_5ff5c84a,cab,22,5.577,0.954,122.80,INR,70,2026-08-18T10:00:00+05:30
ptm_e295cd45,poi_f2bc64a8,poi_3eddf245,walk,37,2.716,0,0.00,INR,349,2026-08-18T10:00:00+05:30
ptm_3aadc92e,poi_f2bc64a8,poi_3eddf245,cab,13,2.716,0.464,74.17,INR,349,2026-08-18T10:00:00+05:30
ptm_2b9d5e62,poi_f2bc64a8,poi_b7e5ce86,cab,41,11.625,1.988,225.62,INR,225,2026-08-18T10:00:00+05:30
ptm_a63111a8,poi_f2bc64a8,poi_fad8c27c,walk,41,3.005,0,0.00,INR,170,2026-08-18T10:00:00+05:30
ptm_e80a7dd3,poi_f2bc64a8,poi_fad8c27c,cab,14,3.005,0.514,79.08,INR,170,2026-08-18T10:00:00+05:30
ptm_dd959fc4,poi_f2bc64a8,poi_71db86db,cab,32,8.846,1.513,178.37,INR,296,2026-08-18T10:00:00+05:30
ptm_244a5222,poi_f2bc64a8,poi_b0b60242,cab,26,6.887,1.178,145.07,INR,204,2026-08-18T10:00:00+05:30
ptm_440c2fac,poi_f2bc64a8,poi_7b31701e,cab,36,10.063,1.721,199.08,INR,305,2026-08-18T10:00:00+05:30
ptm_d1515a26,poi_f2bc64a8,poi_89f63dd0,cab,21,5.325,0.911,118.53,INR,74,2026-08-18T10:00:00+05:30
ptm_6db498b6,poi_77a0ad40,poi_9a9d7e0e,cab,21,5.172,0.884,115.92,INR,240,2026-08-18T10:00:00+05:30
ptm_62c55301,poi_77a0ad40,poi_a73142fa,cab,34,9.439,1.614,188.47,INR,152,2026-08-18T10:00:00+05:30
ptm_4fc89f2a,poi_77a0ad40,poi_d7f0deab,cab,50,14.514,2.482,274.74,INR,219,2026-08-18T10:00:00+05:30
ptm_323d664e,poi_77a0ad40,poi_0fd7ac72,cab,34,9.257,1.583,185.37,INR,200,2026-08-18T10:00:00+05:30
ptm_5712ca47,poi_77a0ad40,poi_5a4b1db1,cab,40,11.277,1.928,219.71,INR,220,2026-08-18T10:00:00+05:30
ptm_2cbd4b3e,poi_77a0ad40,poi_48e7f870,cab,28,7.554,1.292,156.42,INR,170,2026-08-18T10:00:00+05:30
ptm_19666915,poi_77a0ad40,poi_7c469878,cab,33,8.997,1.538,180.95,INR,185,2026-08-18T10:00:00+05:30
ptm_906c13c2,poi_77a0ad40,poi_ba79f08d,cab,20,4.996,0.854,112.93,INR,71,2026-08-18T10:00:00+05:30
ptm_c7654561,poi_77a0ad40,poi_5ad79628,cab,22,5.588,0.955,122.99,INR,238,2026-08-18T10:00:00+05:30
ptm_dce77cf8,poi_9a9d7e0e,poi_77a0ad40,cab,21,5.172,0.884,115.92,INR,60,2026-08-18T10:00:00+05:30
ptm_2a807008,poi_9a9d7e0e,poi_a73142fa,cab,38,10.659,1.823,209.21,INR,122,2026-08-18T10:00:00+05:30
ptm_aae5de69,poi_9a9d7e0e,poi_d7f0deab,cab,36,9.869,1.688,195.78,INR,208,2026-08-18T10:00:00+05:30
ptm_c491961e,poi_9a9d7e0e,poi_0fd7ac72,cab,24,6.26,1.071,134.43,INR,168,2026-08-18T10:00:00+05:30
ptm_9524faf7,poi_9a9d7e0e,poi_5a4b1db1,cab,26,6.662,1.139,141.25,INR,205,2026-08-18T10:00:00+05:30
ptm_c0025d5b,poi_9a9d7e0e,poi_48e7f870,cab,29,7.603,1.3,157.24,INR,130,2026-08-18T10:00:00+05:30
ptm_cd942384,poi_9a9d7e0e,poi_7c469878,cab,28,7.379,1.262,153.44,INR,150,2026-08-18T10:00:00+05:30
ptm_cfb228b5,poi_9a9d7e0e,poi_ba79f08d,cab,36,10.124,1.731,200.10,INR,65,2026-08-18T10:00:00+05:30
ptm_ff7ba42f,poi_9a9d7e0e,poi_5ad79628,walk,7,0.451,0,0.00,INR,216,2026-08-18T10:00:00+05:30
ptm_643e7acb,poi_9a9d7e0e,poi_5ad79628,cab,6,0.451,0.077,35.66,INR,216,2026-08-18T10:00:00+05:30
ptm_9b128482,poi_a73142fa,poi_77a0ad40,cab,34,9.439,1.614,188.47,INR,332,2026-08-18T10:00:00+05:30
ptm_4708ab1b,poi_a73142fa,poi_9a9d7e0e,cab,38,10.659,1.823,209.21,INR,303,2026-08-18T10:00:00+05:30
ptm_5d5a7f7c,poi_a73142fa,poi_d7f0deab,cab,49,13.964,2.388,265.39,INR,258,2026-08-18T10:00:00+05:30
ptm_9423ffb7,poi_a73142fa,poi_0fd7ac72,cab,29,7.694,1.316,158.81,INR,267,2026-08-18T10:00:00+05:30
ptm_2e7f17fb,poi_a73142fa,poi_5a4b1db1,cab,42,11.772,2.013,228.12,INR,268,2026-08-18T10:00:00+05:30
ptm_505a3f34,poi_a73142fa,poi_48e7f870,walk,44,3.262,0,0.00,INR,285,2026-08-18T10:00:00+05:30
ptm_9cd557fe,poi_a73142fa,poi_48e7f870,cab,15,3.262,0.558,83.45,INR,285,2026-08-18T10:00:00+05:30
ptm_e954a738,poi_a73142fa,poi_7c469878,cab,21,5.344,0.914,118.85,INR,263,2026-08-18T10:00:00+05:30
ptm_eab72791,poi_a73142fa,poi_ba79f08d,cab,36,9.935,1.699,196.90,INR,1,2026-08-18T10:00:00+05:30
ptm_04d39fef,poi_a73142fa,poi_5ad79628,cab,38,10.7,1.83,209.90,INR,300,2026-08-18T10:00:00+05:30
ptm_4ea0f4ba,poi_d7f0deab,poi_77a0ad40,cab,50,14.514,2.482,274.74,INR,39,2026-08-18T10:00:00+05:30
ptm_4a8f774a,poi_d7f0deab,poi_9a9d7e0e,cab,36,9.869,1.688,195.78,INR,28,2026-08-18T10:00:00+05:30
ptm_2afc61c3,poi_d7f0deab,poi_a73142fa,cab,49,13.964,2.388,265.39,INR,78,2026-08-18T10:00:00+05:30
ptm_6bfdd9c9,poi_d7f0deab,poi_0fd7ac72,cab,25,6.494,1.11,138.39,INR,67,2026-08-18T10:00:00+05:30
ptm_d10abe92,poi_d7f0deab,poi_5a4b1db1,walk,44,3.245,0,0.00,INR,35,2026-08-18T10:00:00+05:30
ptm_6a3f6be1,poi_d7f0deab,poi_5a4b1db1,cab,15,3.245,0.555,83.17,INR,35,2026-08-18T10:00:00+05:30
ptm_f56b589b,poi_d7f0deab,poi_48e7f870,cab,40,11.179,1.912,218.04,INR,70,2026-08-18T10:00:00+05:30
ptm_04e8a723,poi_d7f0deab,poi_7c469878,cab,32,8.655,1.48,175.13,INR,74,2026-08-18T10:00:00+05:30
ptm_4941df27,poi_d7f0deab,poi_ba79f08d,cab,64,18.942,3.239,350.01,INR,47,2026-08-18T10:00:00+05:30
ptm_1196bd5d,poi_d7f0deab,poi_5ad79628,cab,34,9.424,1.611,188.20,INR,28,2026-08-18T10:00:00+05:30
ptm_c99f8eb7,poi_0fd7ac72,poi_77a0ad40,cab,34,9.257,1.583,185.37,INR,20,2026-08-18T10:00:00+05:30
ptm_af800198,poi_0fd7ac72,poi_9a9d7e0e,cab,24,6.26,1.071,134.43,INR,348,2026-08-18T10:00:00+05:30
ptm_14723db3,poi_0fd7ac72,poi_a73142fa,cab,29,7.694,1.316,158.81,INR,87,2026-08-18T10:00:00+05:30
ptm_26927ca7,poi_0fd7ac72,poi_d7f0deab,cab,25,6.494,1.11,138.39,INR,247,2026-08-18T10:00:00+05:30
ptm_8533b6d5,poi_0fd7ac72,poi_5a4b1db1,walk,55,4.084,0,0.00,INR,271,2026-08-18T10:00:00+05:30
ptm_1eae6544,poi_0fd7ac72,poi_5a4b1db1,cab,17,4.084,0.698,97.42,INR,271,2026-08-18T10:00:00+05:30
ptm_189a8b3c,poi_0fd7ac72,poi_48e7f870,cab,19,4.711,0.806,108.09,INR,74,2026-08-18T10:00:00+05:30
ptm_58002434,poi_0fd7ac72,poi_7c469878,walk,33,2.397,0,0.00,INR,96,2026-08-18T10:00:00+05:30
ptm_d075c605,poi_0fd7ac72,poi_7c469878,cab,12,2.397,0.41,68.75,INR,96,2026-08-18T10:00:00+05:30
ptm_698e3a2c,poi_0fd7ac72,poi_ba79f08d,cab,46,13.005,2.224,249.09,INR,37,2026-08-18T10:00:00+05:30
ptm_59a0eca1,poi_0fd7ac72,poi_5ad79628,cab,23,5.972,1.021,129.52,INR,345,2026-08-18T10:00:00+05:30
ptm_86f66576,poi_5a4b1db1,poi_77a0ad40,cab,40,11.277,1.928,219.71,INR,40,2026-08-18T10:00:00+05:30
ptm_80a16676,poi_5a4b1db1,poi_9a9d7e0e,cab,26,6.662,1.139,141.25,INR,25,2026-08-18T10:00:00+05:30
ptm_26291871,poi_5a4b1db1,poi_a73142fa,cab,42,11.772,2.013,228.12,INR,88,2026-08-18T10:00:00+05:30
ptm_2546b9a9,poi_5a4b1db1,poi_d7f0deab,walk,44,3.245,0,0.00,INR,215,2026-08-18T10:00:00+05:30
ptm_94ed2bcb,poi_5a4b1db1,poi_d7f0deab,cab,15,3.245,0.555,83.17,INR,215,2026-08-18T10:00:00+05:30
ptm_8e1d24ef,poi_5a4b1db1,poi_0fd7ac72,walk,55,4.084,0,0.00,INR,91,2026-08-18T10:00:00+05:30
ptm_3d2aa4ad,poi_5a4b1db1,poi_0fd7ac72,cab,17,4.084,0.698,97.42,INR,91,2026-08-18T10:00:00+05:30
ptm_f30edb8b,poi_5a4b1db1,poi_48e7f870,cab,32,8.704,1.488,175.98,INR,82,2026-08-18T10:00:00+05:30
ptm_c1fb1a99,poi_5a4b1db1,poi_7c469878,cab,25,6.474,1.107,138.05,INR,93,2026-08-18T10:00:00+05:30
ptm_562aa80f,poi_5a4b1db1,poi_ba79f08d,cab,54,15.778,2.698,296.23,INR,49,2026-08-18T10:00:00+05:30
ptm_ebf06b59,poi_5a4b1db1,poi_5ad79628,cab,24,6.221,1.064,133.76,INR,24,2026-08-18T10:00:00+05:30
ptm_2f0cd38f,poi_48e7f870,poi_77a0ad40,cab,28,7.554,1.292,156.42,INR,350,2026-08-18T10:00:00+05:30
ptm_2759119a,poi_48e7f870,poi_9a9d7e0e,cab,29,7.603,1.3,157.24,INR,310,2026-08-18T10:00:00+05:30
ptm_344aee23,poi_48e7f870,poi_a73142fa,walk,44,3.262,0,0.00,INR,105,2026-08-18T10:00:00+05:30
ptm_2453aadf,poi_48e7f870,poi_a73142fa,cab,15,3.262,0.558,83.45,INR,105,2026-08-18T10:00:00+05:30
ptm_d23c8ae1,poi_48e7f870,poi_d7f0deab,cab,40,11.179,1.912,218.04,INR,250,2026-08-18T10:00:00+05:30
ptm_90a21e10,poi_48e7f870,poi_0fd7ac72,cab,19,4.711,0.806,108.09,INR,254,2026-08-18T10:00:00+05:30
ptm_23be0a90,poi_48e7f870,poi_5a4b1db1,cab,32,8.704,1.488,175.98,INR,262,2026-08-18T10:00:00+05:30
ptm_8e144326,poi_48e7f870,poi_7c469878,walk,36,2.645,0,0.00,INR,235,2026-08-18T10:00:00+05:30
ptm_efa673ff,poi_48e7f870,poi_7c469878,cab,13,2.645,0.452,72.96,INR,235,2026-08-18T10:00:00+05:30
ptm_dd03bbfe,poi_48e7f870,poi_ba79f08d,cab,35,9.672,1.654,192.42,INR,20,2026-08-18T10:00:00+05:30
ptm_aeed4362,poi_48e7f870,poi_5ad79628,cab,28,7.59,1.298,157.04,INR,306,2026-08-18T10:00:00+05:30
ptm_819b1767,poi_7c469878,poi_77a0ad40,cab,33,8.997,1.538,180.95,INR,5,2026-08-18T10:00:00+05:30
ptm_2ece45eb,poi_7c469878,poi_9a9d7e0e,cab,28,7.379,1.262,153.44,INR,330,2026-08-18T10:00:00+05:30
ptm_d623f175,poi_7c469878,poi_a73142fa,cab,21,5.344,0.914,118.85,INR,83,2026-08-18T10:00:00+05:30
ptm_15e77fac,poi_7c469878,poi_d7f0deab,cab,32,8.655,1.48,175.13,INR,255,2026-08-18T10:00:00+05:30
ptm_040d35b6,poi_7c469878,poi_0fd7ac72,walk,33,2.397,0,0.00,INR,276,2026-08-18T10:00:00+05:30
ptm_63e4dafb,poi_7c469878,poi_0fd7ac72,cab,12,2.397,0.41,68.75,INR,276,2026-08-18T10:00:00+05:30
ptm_1bb8d193,poi_7c469878,poi_5a4b1db1,cab,25,6.474,1.107,138.05,INR,273,2026-08-18T10:00:00+05:30
ptm_09c9c75e,poi_7c469878,poi_48e7f870,walk,36,2.645,0,0.00,INR,55,2026-08-18T10:00:00+05:30
ptm_e82a49d0,poi_7c469878,poi_48e7f870,cab,13,2.645,0.452,72.96,INR,55,2026-08-18T10:00:00+05:30
ptm_4368be42,poi_7c469878,poi_ba79f08d,cab,42,11.949,2.043,231.14,INR,28,2026-08-18T10:00:00+05:30
ptm_6e197b7e,poi_7c469878,poi_5ad79628,cab,27,7.211,1.233,150.58,INR,327,2026-08-18T10:00:00+05:30
ptm_2c927535,poi_ba79f08d,poi_77a0ad40,cab,20,4.996,0.854,112.93,INR,251,2026-08-18T10:00:00+05:30
ptm_38a7a8af,poi_ba79f08d,poi_9a9d7e0e,cab,36,10.124,1.731,200.10,INR,245,2026-08-18T10:00:00+05:30
ptm_efebff73,poi_ba79f08d,poi_a73142fa,cab,36,9.935,1.699,196.90,INR,181,2026-08-18T10:00:00+05:30
ptm_62376644,poi_ba79f08d,poi_d7f0deab,cab,64,18.942,3.239,350.01,INR,227,2026-08-18T10:00:00+05:30
ptm_2c148bb6,poi_ba79f08d,poi_0fd7ac72,cab,46,13.005,2.224,249.09,INR,217,2026-08-18T10:00:00+05:30
ptm_a82f50a3,poi_ba79f08d,poi_5a4b1db1,cab,54,15.778,2.698,296.23,INR,229,2026-08-18T10:00:00+05:30
ptm_e88c5ab2,poi_ba79f08d,poi_48e7f870,cab,35,9.672,1.654,192.42,INR,200,2026-08-18T10:00:00+05:30
ptm_e936fdcf,poi_ba79f08d,poi_7c469878,cab,42,11.949,2.043,231.14,INR,208,2026-08-18T10:00:00+05:30
ptm_4d2e755b,poi_ba79f08d,poi_5ad79628,cab,38,10.52,1.799,206.85,INR,244,2026-08-18T10:00:00+05:30
ptm_d1028409,poi_5ad79628,poi_77a0ad40,cab,22,5.588,0.955,122.99,INR,58,2026-08-18T10:00:00+05:30
ptm_2b1fbd34,poi_5ad79628,poi_9a9d7e0e,walk,7,0.451,0,0.00,INR,36,2026-08-18T10:00:00+05:30
ptm_07fd11d7,poi_5ad79628,poi_9a9d7e0e,cab,6,0.451,0.077,35.66,INR,36,2026-08-18T10:00:00+05:30
ptm_715fa50f,poi_5ad79628,poi_a73142fa,cab,38,10.7,1.83,209.90,INR,120,2026-08-18T10:00:00+05:30
ptm_fe6933f0,poi_5ad79628,poi_d7f0deab,cab,34,9.424,1.611,188.20,INR,208,2026-08-18T10:00:00+05:30
ptm_2d028308,poi_5ad79628,poi_0fd7ac72,cab,23,5.972,1.021,129.52,INR,165,2026-08-18T10:00:00+05:30
ptm_0de00874,poi_5ad79628,poi_5a4b1db1,cab,24,6.221,1.064,133.76,INR,204,2026-08-18T10:00:00+05:30
ptm_9646c7a8,poi_5ad79628,poi_48e7f870,cab,28,7.59,1.298,157.04,INR,126,2026-08-18T10:00:00+05:30
ptm_080622cc,poi_5ad79628,poi_7c469878,cab,27,7.211,1.233,150.58,INR,147,2026-08-18T10:00:00+05:30
ptm_017a3249,poi_5ad79628,poi_ba79f08d,cab,38,10.52,1.799,206.85,INR,64,2026-08-18T10:00:00+05:30
ptm_427e4879,poi_89dfcf7d,poi_042b5737,cab,51,14.58,2.493,275.86,INR,69,2026-08-18T10:00:00+05:30
ptm_7f443ae8,poi_89dfcf7d,poi_fb2bf178,cab,46,13.074,2.236,250.25,INR,60,2026-08-18T10:00:00+05:30
ptm_6b6c54ed,poi_89dfcf7d,poi_5cc799a4,cab,33,8.917,1.525,179.60,INR,117,2026-08-18T10:00:00+05:30
ptm_87dd285d,poi_89dfcf7d,poi_09ad9d0b,walk,15,1.019,0,0.00,INR,87,2026-08-18T10:00:00+05:30
ptm_07a32b55,poi_89dfcf7d,poi_09ad9d0b,cab,8,1.019,0.174,45.32,INR,87,2026-08-18T10:00:00+05:30
ptm_5459d15d,poi_89dfcf7d,poi_e0062f3a,cab,39,10.821,1.85,211.96,INR,38,2026-08-18T10:00:00+05:30
ptm_ae212241,poi_89dfcf7d,poi_c9b77fcd,cab,31,8.443,1.444,171.54,INR,112,2026-08-18T10:00:00+05:30
ptm_01422d8b,poi_89dfcf7d,poi_ceb016d6,cab,44,12.479,2.134,240.14,INR,73,2026-08-18T10:00:00+05:30
ptm_b8e809c5,poi_89dfcf7d,poi_41d2fe0c,cab,34,9.436,1.614,188.42,INR,91,2026-08-18T10:00:00+05:30
ptm_ff0a1341,poi_89dfcf7d,poi_959f437e,cab,52,15.164,2.593,285.79,INR,53,2026-08-18T10:00:00+05:30
ptm_e79ca10c,poi_042b5737,poi_89dfcf7d,cab,51,14.58,2.493,275.86,INR,249,2026-08-18T10:00:00+05:30
ptm_e5a9afb7,poi_042b5737,poi_fb2bf178,walk,36,2.659,0,0.00,INR,300,2026-08-18T10:00:00+05:30
ptm_3e389b90,poi_042b5737,poi_fb2bf178,cab,13,2.659,0.455,73.21,INR,300,2026-08-18T10:00:00+05:30
ptm_20f6238e,poi_042b5737,poi_5cc799a4,cab,39,10.869,1.859,212.77,INR,211,2026-08-18T10:00:00+05:30
ptm_b49b8117,poi_042b5737,poi_09ad9d0b,cab,47,13.616,2.328,259.47,INR,248,2026-08-18T10:00:00+05:30
ptm_7c310b0e,poi_042b5737,poi_e0062f3a,cab,29,7.742,1.324,159.62,INR,295,2026-08-18T10:00:00+05:30
ptm_75825075,poi_042b5737,poi_c9b77fcd,cab,37,10.24,1.751,202.08,INR,215,2026-08-18T10:00:00+05:30
ptm_f4334c6e,poi_042b5737,poi_ceb016d6,walk,32,2.304,0,0.00,INR,227,2026-08-18T10:00:00+05:30
ptm_297a477e,poi_042b5737,poi_ceb016d6,cab,12,2.304,0.394,67.17,INR,227,2026-08-18T10:00:00+05:30
ptm_ff8d87ce,poi_042b5737,poi_41d2fe0c,cab,26,6.876,1.176,144.89,INR,217,2026-08-18T10:00:00+05:30
ptm_14fdc770,poi_042b5737,poi_959f437e,walk,55,4.068,0,0.00,INR,339,2026-08-18T10:00:00+05:30
ptm_32ea2286,poi_042b5737,poi_959f437e,cab,17,4.068,0.696,97.15,INR,339,2026-08-18T10:00:00+05:30
ptm_c0014081,poi_fb2bf178,poi_89dfcf7d,cab,46,13.074,2.236,250.25,INR,240,2026-08-18T10:00:00+05:30
ptm_9fb5b09f,poi_fb2bf178,poi_042b5737,walk,36,2.659,0,0.00,INR,120,2026-08-18T10:00:00+05:30
ptm_1e45d8fc,poi_fb2bf178,poi_042b5737,cab,13,2.659,0.455,73.21,INR,120,2026-08-18T10:00:00+05:30
ptm_1edc7493,poi_fb2bf178,poi_5cc799a4,cab,40,11.128,1.903,217.18,INR,198,2026-08-18T10:00:00+05:30
ptm_b6c76e6b,poi_fb2bf178,poi_09ad9d0b,cab,43,12.178,2.082,235.02,INR,238,2026-08-18T10:00:00+05:30
ptm_d07ca3ec,poi_fb2bf178,poi_e0062f3a,cab,21,5.096,0.871,114.63,INR,293,2026-08-18T10:00:00+05:30
ptm_5a01b2d7,poi_fb2bf178,poi_c9b77fcd,cab,37,10.378,1.775,204.42,INR,200,2026-08-18T10:00:00+05:30
ptm_c331c2a9,poi_fb2bf178,poi_ceb016d6,walk,40,2.978,0,0.00,INR,168,2026-08-18T10:00:00+05:30
ptm_b12970f9,poi_fb2bf178,poi_ceb016d6,cab,14,2.978,0.509,78.63,INR,168,2026-08-18T10:00:00+05:30
ptm_8115e86e,poi_fb2bf178,poi_41d2fe0c,cab,27,7.047,1.205,147.80,INR,195,2026-08-18T10:00:00+05:30
ptm_48e42af8,poi_fb2bf178,poi_959f437e,walk,36,2.624,0,0.00,INR,19,2026-08-18T10:00:00+05:30
ptm_3d1fc4c4,poi_fb2bf178,poi_959f437e,cab,13,2.624,0.449,72.61,INR,19,2026-08-18T10:00:00+05:30
ptm_1d3768f5,poi_5cc799a4,poi_89dfcf7d,cab,33,8.917,1.525,179.60,INR,297,2026-08-18T10:00:00+05:30
ptm_ac7e5363,poi_5cc799a4,poi_042b5737,cab,39,10.869,1.859,212.77,INR,31,2026-08-18T10:00:00+05:30
ptm_4e087061,poi_5cc799a4,poi_fb2bf178,cab,40,11.128,1.903,217.18,INR,18,2026-08-18T10:00:00+05:30
ptm_31a730b3,poi_5cc799a4,poi_09ad9d0b,cab,30,8.049,1.376,164.83,INR,301,2026-08-18T10:00:00+05:30
ptm_d0557fff,poi_5cc799a4,poi_e0062f3a,cab,45,12.676,2.168,243.50,INR,354,2026-08-18T10:00:00+05:30
ptm_4a87dd28,poi_5cc799a4,poi_c9b77fcd,walk,13,0.849,0,0.00,INR,351,2026-08-18T10:00:00+05:30
ptm_c0c56501,poi_5cc799a4,poi_c9b77fcd,cab,7,0.849,0.145,42.43,INR,351,2026-08-18T10:00:00+05:30
ptm_3b447a3b,poi_5cc799a4,poi_ceb016d6,cab,32,8.668,1.482,175.35,INR,27,2026-08-18T10:00:00+05:30
ptm_ddc72800,poi_5cc799a4,poi_41d2fe0c,walk,55,4.094,0,0.00,INR,21,2026-08-18T10:00:00+05:30
ptm_68df9b20,poi_5cc799a4,poi_41d2fe0c,cab,17,4.094,0.7,97.60,INR,21,2026-08-18T10:00:00+05:30
ptm_2deb29fe,poi_5cc799a4,poi_959f437e,cab,48,13.751,2.351,261.77,INR,18,2026-08-18T10:00:00+05:30
ptm_d539acd6,poi_09ad9d0b,poi_89dfcf7d,walk,15,1.019,0,0.00,INR,267,2026-08-18T10:00:00+05:30
ptm_363ebedd,poi_09ad9d0b,poi_89dfcf7d,cab,8,1.019,0.174,45.32,INR,267,2026-08-18T10:00:00+05:30
ptm_e515b523,poi_09ad9d0b,poi_042b5737,cab,47,13.616,2.328,259.47,INR,68,2026-08-18T10:00:00+05:30
ptm_b1d3842a,poi_09ad9d0b,poi_fb2bf178,cab,43,12.178,2.082,235.02,INR,58,2026-08-18T10:00:00+05:30
ptm_c5ac7d9c,poi_09ad9d0b,poi_5cc799a4,cab,30,8.049,1.376,164.83,INR,121,2026-08-18T10:00:00+05:30
ptm_f14daa16,poi_09ad9d0b,poi_e0062f3a,cab,37,10.189,1.742,201.22,INR,33,2026-08-18T10:00:00+05:30
ptm_819d2101,poi_09ad9d0b,poi_c9b77fcd,cab,28,7.533,1.288,156.07,INR,116,2026-08-18T10:00:00+05:30
ptm_19ab2a81,poi_09ad9d0b,poi_ceb016d6,cab,41,11.494,1.965,223.39,INR,72,2026-08-18T10:00:00+05:30
ptm_67657061,poi_09ad9d0b,poi_41d2fe0c,cab,31,8.42,1.44,171.15,INR,92,2026-08-18T10:00:00+05:30
ptm_2252cf48,poi_09ad9d0b,poi_959f437e,cab,50,14.329,2.45,271.59,INR,51,2026-08-18T10:00:00+05:30
ptm_aaa45225,poi_e0062f3a,poi_89dfcf7d,cab,39,10.821,1.85,211.96,INR,218,2026-08-18T10:00:00+05:30
ptm_cf6d3450,poi_e0062f3a,poi_042b5737,cab,29,7.742,1.324,159.62,INR,115,2026-08-18T10:00:00+05:30
ptm_cacb2d04,poi_e0062f3a,poi_fb2bf178,cab,21,5.096,0.871,114.63,INR,113,2026-08-18T10:00:00+05:30
ptm_458fa77c,poi_e0062f3a,poi_5cc799a4,cab,45,12.676,2.168,243.50,INR,174,2026-08-18T10:00:00+05:30
ptm_0e43667e,poi_e0062f3a,poi_09ad9d0b,cab,37,10.189,1.742,201.22,INR,213,2026-08-18T10:00:00+05:30
ptm_f9b8e881,poi_e0062f3a,poi_c9b77fcd,cab,42,11.829,2.023,229.10,INR,174,2026-08-18T10:00:00+05:30
ptm_2e77c42a,poi_e0062f3a,poi_ceb016d6,cab,27,7.235,1.237,150.99,INR,133,2026-08-18T10:00:00+05:30
ptm_9326559c,poi_e0062f3a,poi_41d2fe0c,cab,34,9.231,1.579,184.93,INR,162,2026-08-18T10:00:00+05:30
ptm_e8cf1499,poi_e0062f3a,poi_959f437e,cab,22,5.577,0.954,122.81,INR,85,2026-08-18T10:00:00+05:30
ptm_30ccbdd4,poi_c9b77fcd,poi_89dfcf7d,cab,31,8.443,1.444,171.54,INR,292,2026-08-18T10:00:00+05:30
ptm_ddae6d53,poi_c9b77fcd,poi_042b5737,cab,37,10.24,1.751,202.08,INR,34,2026-08-18T10:00:00+05:30
ptm_4f81761a,poi_c9b77fcd,poi_fb2bf178,cab,37,10.378,1.775,204.42,INR,20,2026-08-18T10:00:00+05:30
ptm_9c78a130,poi_c9b77fcd,poi_5cc799a4,walk,13,0.849,0,0.00,INR,171,2026-08-18T10:00:00+05:30
ptm_bd4f2573,poi_c9b77fcd,poi_5cc799a4,cab,7,0.849,0.145,42.43,INR,171,2026-08-18T10:00:00+05:30
ptm_cb17f082,poi_c9b77fcd,poi_09ad9d0b,cab,28,7.533,1.288,156.07,INR,296,2026-08-18T10:00:00+05:30
ptm_47ecdfc5,poi_c9b77fcd,poi_e0062f3a,cab,42,11.829,2.023,229.10,INR,354,2026-08-18T10:00:00+05:30
ptm_f2689a25,poi_c9b77fcd,poi_ceb016d6,cab,30,8.003,1.368,164.05,INR,31,2026-08-18T10:00:00+05:30
ptm_f6ae000d,poi_c9b77fcd,poi_41d2fe0c,walk,46,3.391,0,0.00,INR,29,2026-08-18T10:00:00+05:30
ptm_070e5447,poi_c9b77fcd,poi_41d2fe0c,cab,15,3.391,0.58,85.65,INR,29,2026-08-18T10:00:00+05:30
ptm_6d22d963,poi_c9b77fcd,poi_959f437e,cab,46,13.002,2.223,249.03,INR,20,2026-08-18T10:00:00+05:30
ptm_ffe2afcc,poi_ceb016d6,poi_89dfcf7d,cab,44,12.479,2.134,240.14,INR,253,2026-08-18T10:00:00+05:30
ptm_73384ad2,poi_ceb016d6,poi_042b5737,walk,32,2.304,0,0.00,INR,47,2026-08-18T10:00:00+05:30
ptm_c7da888a,poi_ceb016d6,poi_042b5737,cab,12,2.304,0.394,67.17,INR,47,2026-08-18T10:00:00+05:30
ptm_0d321ebc,poi_ceb016d6,poi_fb2bf178,walk,40,2.978,0,0.00,INR,348,2026-08-18T10:00:00+05:30
ptm_5427aec0,poi_ceb016d6,poi_fb2bf178,cab,14,2.978,0.509,78.63,INR,348,2026-08-18T10:00:00+05:30
ptm_84f960a7,poi_ceb016d6,poi_5cc799a4,cab,32,8.668,1.482,175.35,INR,207,2026-08-18T10:00:00+05:30
ptm_a2cecbcb,poi_ceb016d6,poi_09ad9d0b,cab,41,11.494,1.965,223.39,INR,252,2026-08-18T10:00:00+05:30
ptm_513bda3b,poi_ceb016d6,poi_e0062f3a,cab,27,7.235,1.237,150.99,INR,313,2026-08-18T10:00:00+05:30
ptm_8fb875a5,poi_ceb016d6,poi_c9b77fcd,cab,30,8.003,1.368,164.05,INR,211,2026-08-18T10:00:00+05:30
ptm_748aa983,poi_ceb016d6,poi_41d2fe0c,cab,19,4.617,0.789,106.48,INR,213,2026-08-18T10:00:00+05:30
ptm_38d6c9a6,poi_ceb016d6,poi_959f437e,cab,22,5.393,0.922,119.69,INR,3,2026-08-18T10:00:00+05:30
ptm_aea12764,poi_41d2fe0c,poi_89dfcf7d,cab,34,9.436,1.614,188.42,INR,271,2026-08-18T10:00:00+05:30
ptm_8f1a5480,poi_41d2fe0c,poi_042b5737,cab,26,6.876,1.176,144.89,INR,37,2026-08-18T10:00:00+05:30
ptm_101fbf61,poi_41d2fe0c,poi_fb2bf178,cab,27,7.047,1.205,147.80,INR,15,2026-08-18T10:00:00+05:30
ptm_2eebc684,poi_41d2fe0c,poi_5cc799a4,walk,55,4.094,0,0.00,INR,201,2026-08-18T10:00:00+05:30
ptm_bd1bcfb1,poi_41d2fe0c,poi_5cc799a4,cab,17,4.094,0.7,97.60,INR,201,2026-08-18T10:00:00+05:30
ptm_c06c5270,poi_41d2fe0c,poi_09ad9d0b,cab,31,8.42,1.44,171.15,INR,272,2026-08-18T10:00:00+05:30
ptm_86f95c06,poi_41d2fe0c,poi_e0062f3a,cab,34,9.231,1.579,184.93,INR,342,2026-08-18T10:00:00+05:30
ptm_a9e929a5,poi_41d2fe0c,poi_c9b77fcd,walk,46,3.391,0,0.00,INR,209,2026-08-18T10:00:00+05:30
ptm_e94dd877,poi_41d2fe0c,poi_c9b77fcd,cab,15,3.391,0.58,85.65,INR,209,2026-08-18T10:00:00+05:30
ptm_337f38f0,poi_41d2fe0c,poi_ceb016d6,cab,19,4.617,0.789,106.48,INR,33,2026-08-18T10:00:00+05:30
ptm_3144b3d7,poi_41d2fe0c,poi_959f437e,cab,35,9.667,1.653,192.34,INR,16,2026-08-18T10:00:00+05:30
ptm_579569ed,poi_959f437e,poi_89dfcf7d,cab,52,15.164,2.593,285.79,INR,233,2026-08-18T10:00:00+05:30
ptm_8a54714d,poi_959f437e,poi_042b5737,walk,55,4.068,0,0.00,INR,159,2026-08-18T10:00:00+05:30
ptm_7c085d0b,poi_959f437e,poi_042b5737,cab,17,4.068,0.696,97.15,INR,159,2026-08-18T10:00:00+05:30
ptm_791c7316,poi_959f437e,poi_fb2bf178,walk,36,2.624,0,0.00,INR,199,2026-08-18T10:00:00+05:30
ptm_507e3911,poi_959f437e,poi_fb2bf178,cab,13,2.624,0.449,72.61,INR,199,2026-08-18T10:00:00+05:30
ptm_2ba5b0bd,poi_959f437e,poi_5cc799a4,cab,48,13.751,2.351,261.77,INR,198,2026-08-18T10:00:00+05:30
ptm_b9d75efd,poi_959f437e,poi_09ad9d0b,cab,50,14.329,2.45,271.59,INR,231,2026-08-18T10:00:00+05:30
ptm_2c7e9e69,poi_959f437e,poi_e0062f3a,cab,22,5.577,0.954,122.81,INR,265,2026-08-18T10:00:00+05:30
ptm_7561c242,poi_959f437e,poi_c9b77fcd,cab,46,13.002,2.223,249.03,INR,200,2026-08-18T10:00:00+05:30
ptm_610fb479,poi_959f437e,poi_ceb016d6,cab,22,5.393,0.922,119.69,INR,183,2026-08-18T10:00:00+05:30
ptm_ca45c050,poi_959f437e,poi_41d2fe0c,cab,35,9.667,1.653,192.34,INR,196,2026-08-18T10:00:00+05:30
ptm_205fe9e3,poi_087e39c1,poi_e607799f,cab,45,12.886,2.203,877.04,LKR,339,2026-08-18T10:00:00+05:30
ptm_f01ef137,poi_087e39c1,poi_635f25bf,cab,31,8.355,1.429,603.63,LKR,339,2026-08-18T10:00:00+05:30
ptm_eb74cc5e,poi_087e39c1,poi_88685566,cab,45,12.723,2.176,867.25,LKR,322,2026-08-18T10:00:00+05:30
ptm_3d818fbc,poi_087e39c1,poi_666df4c4,cab,36,9.962,1.704,700.61,LKR,328,2026-08-18T10:00:00+05:30
ptm_a66363f5,poi_087e39c1,poi_79d812fe,cab,28,7.473,1.278,550.39,LKR,28,2026-08-18T10:00:00+05:30
ptm_f7ed5dec,poi_087e39c1,poi_781c5215,cab,30,8.136,1.391,590.40,LKR,310,2026-08-18T10:00:00+05:30
ptm_7d3eb065,poi_087e39c1,poi_51bdae21,walk,11,0.718,0,0.00,LKR,257,2026-08-18T10:00:00+05:30
ptm_59325fa1,poi_087e39c1,poi_51bdae21,cab,7,0.718,0.123,142.73,LKR,257,2026-08-18T10:00:00+05:30
ptm_f674fe94,poi_087e39c1,poi_74153e8b,cab,20,4.798,0.82,388.95,LKR,310,2026-08-18T10:00:00+05:30
ptm_e2560fcc,poi_087e39c1,poi_3253659e,cab,48,13.623,2.329,921.53,LKR,4,2026-08-18T10:00:00+05:30
ptm_7d179717,poi_e607799f,poi_087e39c1,cab,45,12.886,2.203,877.04,LKR,159,2026-08-18T10:00:00+05:30
ptm_8acd524b,poi_e607799f,poi_635f25bf,cab,19,4.531,0.775,372.84,LKR,160,2026-08-18T10:00:00+05:30
ptm_3efa0861,poi_e607799f,poi_88685566,walk,51,3.76,0,0.00,LKR,238,2026-08-18T10:00:00+05:30
ptm_a450efd3,poi_e607799f,poi_88685566,cab,16,3.76,0.643,326.31,LKR,238,2026-08-18T10:00:00+05:30
ptm_dff5e713,poi_e607799f,poi_666df4c4,walk,49,3.605,0,0.00,LKR,190,2026-08-18T10:00:00+05:30
ptm_402d110c,poi_e607799f,poi_666df4c4,cab,16,3.605,0.616,316.95,LKR,190,2026-08-18T10:00:00+05:30
ptm_1b383c34,poi_e607799f,poi_79d812fe,cab,35,9.797,1.675,690.66,LKR,124,2026-08-18T10:00:00+05:30
ptm_2e5d1d46,poi_e607799f,poi_781c5215,cab,27,6.982,1.194,520.77,LKR,193,2026-08-18T10:00:00+05:30
ptm_1acb64ae,poi_e607799f,poi_51bdae21,cab,45,12.803,2.189,872.05,LKR,162,2026-08-18T10:00:00+05:30
ptm_57cd7819,poi_e607799f,poi_74153e8b,cab,33,8.976,1.535,641.08,LKR,174,2026-08-18T10:00:00+05:30
ptm_998c2e90,poi_e607799f,poi_3253659e,cab,22,5.663,0.968,441.17,LKR,74,2026-08-18T10:00:00+05:30
ptm_6975871d,poi_635f25bf,poi_087e39c1,cab,31,8.355,1.429,603.63,LKR,159,2026-08-18T10:00:00+05:30
ptm_a19175fb,poi_635f25bf,poi_e607799f,cab,19,4.531,0.775,372.84,LKR,340,2026-08-18T10:00:00+05:30
ptm_8df05cff,poi_635f25bf,poi_88685566,cab,21,5.271,0.901,417.52,LKR,296,2026-08-18T10:00:00+05:30
ptm_a1df6e7d,poi_635f25bf,poi_666df4c4,walk,31,2.291,0,0.00,LKR,288,2026-08-18T10:00:00+05:30
ptm_b5a6bf29,poi_635f25bf,poi_666df4c4,cab,12,2.291,0.392,237.63,LKR,288,2026-08-18T10:00:00+05:30
ptm_4e1ff98f,poi_635f25bf,poi_79d812fe,cab,26,6.687,1.143,502.94,LKR,100,2026-08-18T10:00:00+05:30
ptm_eaa6c437,poi_635f25bf,poi_781c5215,walk,55,4.069,0,0.00,LKR,231,2026-08-18T10:00:00+05:30
ptm_32359fd0,poi_635f25bf,poi_781c5215,cab,17,4.069,0.696,344.94,LKR,231,2026-08-18T10:00:00+05:30
ptm_b346cd9b,poi_635f25bf,poi_51bdae21,cab,31,8.278,1.416,598.98,LKR,164,2026-08-18T10:00:00+05:30
ptm_5994f4f5,poi_635f25bf,poi_74153e8b,cab,19,4.712,0.806,383.76,LKR,188,2026-08-18T10:00:00+05:30
ptm_5d5ffe38,poi_635f25bf,poi_3253659e,cab,27,6.992,1.196,521.34,LKR,34,2026-08-18T10:00:00+05:30
ptm_47954bb1,poi_88685566,poi_087e39c1,cab,45,12.723,2.176,867.25,LKR,142,2026-08-18T10:00:00+05:30
ptm_001f0422,poi_88685566,poi_e607799f,walk,51,3.76,0,0.00,LKR,58,2026-08-18T10:00:00+05:30
ptm_ca194f94,poi_88685566,poi_e607799f,cab,16,3.76,0.643,326.31,LKR,58,2026-08-18T10:00:00+05:30
ptm_9a82edc1,poi_88685566,poi_635f25bf,cab,21,5.271,0.901,417.52,LKR,116,2026-08-18T10:00:00+05:30
ptm_44ce7575,poi_88685566,poi_666df4c4,walk,41,3.017,0,0.00,LKR,121,2026-08-18T10:00:00+05:30
ptm_93e8f795,poi_88685566,poi_666df4c4,cab,14,3.017,0.516,281.46,LKR,121,2026-08-18T10:00:00+05:30
ptm_799716df,poi_88685566,poi_79d812fe,cab,42,11.854,2.027,814.81,LKR,107,2026-08-18T10:00:00+05:30
ptm_fa0ad900,poi_88685566,poi_781c5215,cab,20,5.062,0.866,404.90,LKR,162,2026-08-18T10:00:00+05:30
ptm_4a5360b5,poi_88685566,poi_51bdae21,cab,44,12.436,2.127,849.91,LKR,145,2026-08-18T10:00:00+05:30
ptm_10865052,poi_88685566,poi_74153e8b,cab,30,8.086,1.383,587.41,LKR,149,2026-08-18T10:00:00+05:30
ptm_f56cb68e,poi_88685566,poi_3253659e,cab,34,9.337,1.597,662.89,LKR,68,2026-08-18T10:00:00+05:30
ptm_7fb00b66,poi_666df4c4,poi_087e39c1,cab,36,9.962,1.704,700.61,LKR,148,2026-08-18T10:00:00+05:30
ptm_48c16931,poi_666df4c4,poi_e607799f,walk,49,3.605,0,0.00,LKR,10,2026-08-18T10:00:00+05:30
ptm_a6d3ef6b,poi_666df4c4,poi_e607799f,cab,16,3.605,0.616,316.95,LKR,10,2026-08-18T10:00:00+05:30
ptm_0051c55b,poi_666df4c4,poi_635f25bf,walk,31,2.291,0,0.00,LKR,108,2026-08-18T10:00:00+05:30
ptm_b2146eb8,poi_666df4c4,poi_635f25bf,cab,12,2.291,0.392,237.63,LKR,108,2026-08-18T10:00:00+05:30
ptm_039d4d13,poi_666df4c4,poi_88685566,walk,41,3.017,0,0.00,LKR,301,2026-08-18T10:00:00+05:30
ptm_cb57e831,poi_666df4c4,poi_88685566,cab,14,3.017,0.516,281.46,LKR,301,2026-08-18T10:00:00+05:30
ptm_389d29fe,poi_666df4c4,poi_79d812fe,cab,33,8.962,1.533,640.29,LKR,102,2026-08-18T10:00:00+05:30
ptm_72c10403,poi_666df4c4,poi_781c5215,walk,46,3.391,0,0.00,LKR,197,2026-08-18T10:00:00+05:30
ptm_10f3b508,poi_666df4c4,poi_781c5215,cab,15,3.391,0.58,304.06,LKR,197,2026-08-18T10:00:00+05:30
ptm_acf79122,poi_666df4c4,poi_51bdae21,cab,35,9.753,1.668,688.02,LKR,152,2026-08-18T10:00:00+05:30
ptm_59be81c7,poi_666df4c4,poi_74153e8b,cab,22,5.598,0.957,437.25,LKR,164,2026-08-18T10:00:00+05:30
ptm_4d915be2,poi_666df4c4,poi_3253659e,cab,30,7.93,1.356,578.00,LKR,50,2026-08-18T10:00:00+05:30
ptm_cf9a4c42,poi_79d812fe,poi_087e39c1,cab,28,7.473,1.278,550.39,LKR,208,2026-08-18T10:00:00+05:30
ptm_415f63aa,poi_79d812fe,poi_e607799f,cab,35,9.797,1.675,690.66,LKR,304,2026-08-18T10:00:00+05:30
ptm_c2807c76,poi_79d812fe,poi_635f25bf,cab,26,6.687,1.143,502.94,LKR,280,2026-08-18T10:00:00+05:30
ptm_2a349094,poi_79d812fe,poi_88685566,cab,42,11.854,2.027,814.81,LKR,287,2026-08-18T10:00:00+05:30
ptm_5ef41b1b,poi_79d812fe,poi_666df4c4,cab,33,8.962,1.533,640.29,LKR,282,2026-08-18T10:00:00+05:30
ptm_e068fc5d,poi_79d812fe,poi_781c5215,cab,36,9.849,1.684,693.80,LKR,262,2026-08-18T10:00:00+05:30
ptm_3ef2e7b7,poi_79d812fe,poi_51bdae21,cab,30,7.962,1.362,579.92,LKR,212,2026-08-18T10:00:00+05:30
ptm_c7269fd5,poi_79d812fe,poi_74153e8b,cab,30,7.985,1.365,581.30,LKR,244,2026-08-18T10:00:00+05:30
ptm_f9a1d224,poi_79d812fe,poi_3253659e,cab,28,7.514,1.285,552.88,LKR,339,2026-08-18T10:00:00+05:30
ptm_5980e5a5,poi_781c5215,poi_087e39c1,cab,30,8.136,1.391,590.40,LKR,130,2026-08-18T10:00:00+05:30
ptm_d6b7da34,poi_781c5215,poi_e607799f,cab,27,6.982,1.194,520.77,LKR,13,2026-08-18T10:00:00+05:30
ptm_131898eb,poi_781c5215,poi_635f25bf,walk,55,4.069,0,0.00,LKR,51,2026-08-18T10:00:00+05:30
ptm_473bd0ae,poi_781c5215,poi_635f25bf,cab,17,4.069,0.696,344.94,LKR,51,2026-08-18T10:00:00+05:30
ptm_d75c714e,poi_781c5215,poi_88685566,cab,20,5.062,0.866,404.90,LKR,342,2026-08-18T10:00:00+05:30
ptm_bce88684,poi_781c5215,poi_666df4c4,walk,46,3.391,0,0.00,LKR,17,2026-08-18T10:00:00+05:30
ptm_2cbec527,poi_781c5215,poi_666df4c4,cab,15,3.391,0.58,304.06,LKR,17,2026-08-18T10:00:00+05:30
ptm_9b728dbf,poi_781c5215,poi_79d812fe,cab,36,9.849,1.684,693.80,LKR,82,2026-08-18T10:00:00+05:30
ptm_ea29960a,poi_781c5215,poi_51bdae21,cab,29,7.723,1.321,565.51,LKR,134,2026-08-18T10:00:00+05:30
ptm_cac29744,poi_781c5215,poi_74153e8b,walk,45,3.338,0,0.00,LKR,130,2026-08-18T10:00:00+05:30
ptm_7d230f61,poi_781c5215,poi_74153e8b,cab,15,3.338,0.571,300.85,LKR,130,2026-08-18T10:00:00+05:30
ptm_0faaee18,poi_781c5215,poi_3253659e,cab,39,10.938,1.87,759.52,LKR,40,2026-08-18T10:00:00+05:30
ptm_c140bfb3,poi_51bdae21,poi_087e39c1,walk,11,0.718,0,0.00,LKR,77,2026-08-18T10:00:00+05:30
ptm_a50476bb,poi_51bdae21,poi_087e39c1,cab,7,0.718,0.123,142.73,LKR,77,2026-08-18T10:00:00+05:30
ptm_507f8a94,poi_51bdae21,poi_e607799f,cab,45,12.803,2.189,872.05,LKR,342,2026-08-18T10:00:00+05:30
ptm_a0b67c97,poi_51bdae21,poi_635f25bf,cab,31,8.278,1.416,598.98,LKR,344,2026-08-18T10:00:00+05:30
ptm_f0b7d14d,poi_51bdae21,poi_88685566,cab,44,12.436,2.127,849.91,LKR,325,2026-08-18T10:00:00+05:30
ptm_78d1ddf1,poi_51bdae21,poi_666df4c4,cab,35,9.753,1.668,688.02,LKR,332,2026-08-18T10:00:00+05:30
ptm_9f0d0c4d,poi_51bdae21,poi_79d812fe,cab,30,7.962,1.362,579.92,LKR,32,2026-08-18T10:00:00+05:30
ptm_38242538,poi_51bdae21,poi_781c5215,cab,29,7.723,1.321,565.51,LKR,314,2026-08-18T10:00:00+05:30
ptm_30019b75,poi_51bdae21,poi_74153e8b,walk,59,4.405,0,0.00,LKR,318,2026-08-18T10:00:00+05:30
ptm_ec0e4cd7,poi_51bdae21,poi_74153e8b,cab,18,4.405,0.753,365.22,LKR,318,2026-08-18T10:00:00+05:30
ptm_2f82e835,poi_51bdae21,poi_3253659e,cab,48,13.841,2.367,934.70,LKR,6,2026-08-18T10:00:00+05:30
ptm_fd22770b,poi_74153e8b,poi_087e39c1,cab,20,4.798,0.82,388.95,LKR,130,2026-08-18T10:00:00+05:30
ptm_94611159,poi_74153e8b,poi_e607799f,cab,33,8.976,1.535,641.08,LKR,354,2026-08-18T10:00:00+05:30
ptm_f1156259,poi_74153e8b,poi_635f25bf,cab,19,4.712,0.806,383.76,LKR,8,2026-08-18T10:00:00+05:30
ptm_15e310e3,poi_74153e8b,poi_88685566,cab,30,8.086,1.383,587.41,LKR,329,2026-08-18T10:00:00+05:30
ptm_f4f841de,poi_74153e8b,poi_666df4c4,cab,22,5.598,0.957,437.25,LKR,344,2026-08-18T10:00:00+05:30
ptm_2627e408,poi_74153e8b,poi_79d812fe,cab,30,7.985,1.365,581.30,LKR,64,2026-08-18T10:00:00+05:30
ptm_80a1df06,poi_74153e8b,poi_781c5215,walk,45,3.338,0,0.00,LKR,310,2026-08-18T10:00:00+05:30
ptm_3b44f842,poi_74153e8b,poi_781c5215,cab,15,3.338,0.571,300.85,LKR,310,2026-08-18T10:00:00+05:30
ptm_e33811dd,poi_74153e8b,poi_51bdae21,walk,59,4.405,0,0.00,LKR,138,2026-08-18T10:00:00+05:30
ptm_651d80c5,poi_74153e8b,poi_51bdae21,cab,18,4.405,0.753,365.22,LKR,138,2026-08-18T10:00:00+05:30
ptm_680729c6,poi_74153e8b,poi_3253659e,cab,41,11.409,1.951,787.94,LKR,23,2026-08-18T10:00:00+05:30
ptm_51d0ccad,poi_3253659e,poi_087e39c1,cab,48,13.623,2.329,921.53,LKR,184,2026-08-18T10:00:00+05:30
ptm_ab04f033,poi_3253659e,poi_e607799f,cab,22,5.663,0.968,441.17,LKR,254,2026-08-18T10:00:00+05:30
ptm_6b8b5a47,poi_3253659e,poi_635f25bf,cab,27,6.992,1.196,521.34,LKR,214,2026-08-18T10:00:00+05:30
ptm_7508ba81,poi_3253659e,poi_88685566,cab,34,9.337,1.597,662.89,LKR,248,2026-08-18T10:00:00+05:30
ptm_f93921c0,poi_3253659e,poi_666df4c4,cab,30,7.93,1.356,578.00,LKR,230,2026-08-18T10:00:00+05:30
ptm_e187e74c,poi_3253659e,poi_79d812fe,cab,28,7.514,1.285,552.88,LKR,159,2026-08-18T10:00:00+05:30
ptm_9b7ce952,poi_3253659e,poi_781c5215,cab,39,10.938,1.87,759.52,LKR,220,2026-08-18T10:00:00+05:30
ptm_c587307c,poi_3253659e,poi_51bdae21,cab,48,13.841,2.367,934.70,LKR,186,2026-08-18T10:00:00+05:30
ptm_de245590,poi_3253659e,poi_74153e8b,cab,41,11.409,1.951,787.94,LKR,203,2026-08-18T10:00:00+05:30
ptm_707fb6e6,poi_45a913e2,poi_932b65dc,cab,38,10.695,1.829,744.86,LKR,114,2026-08-18T10:00:00+05:30
ptm_6c2c9cec,poi_45a913e2,poi_a1337353,cab,23,5.974,1.022,459.93,LKR,17,2026-08-18T10:00:00+05:30
ptm_9a8faac1,poi_45a913e2,poi_3222744b,cab,20,4.856,0.83,392.44,LKR,223,2026-08-18T10:00:00+05:30
ptm_50098d0b,poi_45a913e2,poi_493eac5b,walk,55,4.089,0,0.00,LKR,236,2026-08-18T10:00:00+05:30
ptm_d2343760,poi_45a913e2,poi_493eac5b,cab,17,4.089,0.699,346.17,LKR,236,2026-08-18T10:00:00+05:30
ptm_d269ed80,poi_45a913e2,poi_f6d9652b,cab,25,6.551,1.12,494.74,LKR,346,2026-08-18T10:00:00+05:30
ptm_33f82007,poi_45a913e2,poi_6c366b48,cab,20,4.975,0.851,399.65,LKR,178,2026-08-18T10:00:00+05:30
ptm_5699b1ec,poi_45a913e2,poi_df352f3a,walk,19,1.324,0,0.00,LKR,99,2026-08-18T10:00:00+05:30
ptm_aed8f763,poi_45a913e2,poi_df352f3a,cab,9,1.324,0.226,179.33,LKR,99,2026-08-18T10:00:00+05:30
ptm_70a1a5c5,poi_45a913e2,poi_cfa920ab,walk,26,1.86,0,0.00,LKR,15,2026-08-18T10:00:00+05:30
ptm_7ef9c345,poi_45a913e2,poi_cfa920ab,cab,10,1.86,0.318,211.66,LKR,15,2026-08-18T10:00:00+05:30
ptm_35d3b50e,poi_45a913e2,poi_006cc81d,cab,19,4.673,0.799,381.39,LKR,111,2026-08-18T10:00:00+05:30
ptm_906f99dc,poi_932b65dc,poi_45a913e2,cab,38,10.695,1.829,744.86,LKR,294,2026-08-18T10:00:00+05:30
ptm_7eb86ee0,poi_932b65dc,poi_a1337353,cab,45,12.845,2.197,874.60,LKR,321,2026-08-18T10:00:00+05:30
ptm_8bd471a2,poi_932b65dc,poi_3222744b,cab,46,13.119,2.243,891.15,LKR,273,2026-08-18T10:00:00+05:30
ptm_ad4097c6,poi_932b65dc,poi_493eac5b,cab,47,13.356,2.284,905.46,LKR,279,2026-08-18T10:00:00+05:30
ptm_0c0b19aa,poi_932b65dc,poi_f6d9652b,cab,54,15.564,2.661,1038.69,LKR,313,2026-08-18T10:00:00+05:30
ptm_2232da01,poi_932b65dc,poi_6c366b48,cab,35,9.702,1.659,684.92,LKR,266,2026-08-18T10:00:00+05:30
ptm_cad672f8,poi_932b65dc,poi_df352f3a,cab,34,9.422,1.611,668.01,LKR,296,2026-08-18T10:00:00+05:30
ptm_7c0a0ac8,poi_932b65dc,poi_cfa920ab,cab,40,11.131,1.903,771.15,LKR,303,2026-08-18T10:00:00+05:30
ptm_2f6c2025,poi_932b65dc,poi_006cc81d,cab,24,6.033,1.032,463.48,LKR,296,2026-08-18T10:00:00+05:30
ptm_d8ea6b5e,poi_a1337353,poi_45a913e2,cab,23,5.974,1.022,459.93,LKR,197,2026-08-18T10:00:00+05:30
ptm_92a41c0d,poi_a1337353,poi_932b65dc,cab,45,12.845,2.197,874.60,LKR,141,2026-08-18T10:00:00+05:30
ptm_901ae12f,poi_a1337353,poi_3222744b,cab,38,10.557,1.805,736.53,LKR,208,2026-08-18T10:00:00+05:30
ptm_bbb4e42f,poi_a1337353,poi_493eac5b,cab,34,9.494,1.624,672.38,LKR,213,2026-08-18T10:00:00+05:30
ptm_65c1b2a9,poi_a1337353,poi_f6d9652b,walk,45,3.352,0,0.00,LKR,281,2026-08-18T10:00:00+05:30
ptm_628a4764,poi_a1337353,poi_f6d9652b,cab,15,3.352,0.573,301.72,LKR,281,2026-08-18T10:00:00+05:30
ptm_34b19395,poi_a1337353,poi_6c366b48,cab,39,10.811,1.849,751.83,LKR,188,2026-08-18T10:00:00+05:30
ptm_eab8957a,poi_a1337353,poi_df352f3a,cab,23,5.931,1.014,457.32,LKR,184,2026-08-18T10:00:00+05:30
ptm_dd6894a5,poi_a1337353,poi_cfa920ab,walk,55,4.116,0,0.00,LKR,198,2026-08-18T10:00:00+05:30
ptm_edf10869,poi_a1337353,poi_cfa920ab,cab,17,4.116,0.704,347.77,LKR,198,2026-08-18T10:00:00+05:30
ptm_9a6a3ed2,poi_a1337353,poi_006cc81d,cab,29,7.83,1.339,571.95,LKR,160,2026-08-18T10:00:00+05:30
ptm_24f189b6,poi_3222744b,poi_45a913e2,cab,20,4.856,0.83,392.44,LKR,43,2026-08-18T10:00:00+05:30
ptm_911bc0e4,poi_3222744b,poi_932b65dc,cab,46,13.119,2.243,891.15,LKR,93,2026-08-18T10:00:00+05:30
ptm_e6ab0e98,poi_3222744b,poi_a1337353,cab,38,10.557,1.805,736.53,LKR,28,2026-08-18T10:00:00+05:30
ptm_c6105425,poi_3222744b,poi_493eac5b,walk,18,1.3,0,0.00,LKR,355,2026-08-18T10:00:00+05:30
ptm_25e2244e,poi_3222744b,poi_493eac5b,cab,9,1.3,0.222,177.86,LKR,355,2026-08-18T10:00:00+05:30
ptm_bafb0759,poi_3222744b,poi_f6d9652b,cab,36,10.079,1.724,707.69,LKR,10,2026-08-18T10:00:00+05:30
ptm_2c16559c,poi_3222744b,poi_6c366b48,walk,50,3.702,0,0.00,LKR,112,2026-08-18T10:00:00+05:30
ptm_7c13f3cf,poi_3222744b,poi_6c366b48,cab,16,3.702,0.633,322.79,LKR,112,2026-08-18T10:00:00+05:30
ptm_ed134d80,poi_3222744b,poi_df352f3a,cab,23,5.705,0.976,443.71,LKR,54,2026-08-18T10:00:00+05:30
ptm_2606df6a,poi_3222744b,poi_cfa920ab,cab,25,6.557,1.121,495.13,LKR,35,2026-08-18T10:00:00+05:30
ptm_842a2b43,poi_3222744b,poi_006cc81d,cab,29,7.9,1.351,576.17,LKR,76,2026-08-18T10:00:00+05:30
ptm_91bc8109,poi_493eac5b,poi_45a913e2,walk,55,4.089,0,0.00,LKR,56,2026-08-18T10:00:00+05:30
ptm_01ddb155,poi_493eac5b,poi_45a913e2,cab,17,4.089,0.699,346.17,LKR,56,2026-08-18T10:00:00+05:30
ptm_b127cbc6,poi_493eac5b,poi_932b65dc,cab,47,13.356,2.284,905.46,LKR,99,2026-08-18T10:00:00+05:30
ptm_c344be3c,poi_493eac5b,poi_a1337353,cab,34,9.494,1.624,672.38,LKR,33,2026-08-18T10:00:00+05:30
ptm_7781866a,poi_493eac5b,poi_3222744b,walk,18,1.3,0,0.00,LKR,175,2026-08-18T10:00:00+05:30
ptm_1c117295,poi_493eac5b,poi_3222744b,cab,9,1.3,0.222,177.86,LKR,175,2026-08-18T10:00:00+05:30
ptm_923bcd31,poi_493eac5b,poi_f6d9652b,cab,32,8.827,1.509,632.12,LKR,12,2026-08-18T10:00:00+05:30
ptm_51678ee3,poi_493eac5b,poi_6c366b48,walk,59,4.445,0,0.00,LKR,127,2026-08-18T10:00:00+05:30
ptm_ec121efc,poi_493eac5b,poi_6c366b48,cab,19,4.445,0.76,367.67,LKR,127,2026-08-18T10:00:00+05:30
ptm_b1095d15,poi_493eac5b,poi_df352f3a,cab,21,5.146,0.88,409.96,LKR,66,2026-08-18T10:00:00+05:30
ptm_f887403e,poi_493eac5b,poi_cfa920ab,cab,22,5.619,0.961,438.54,LKR,44,2026-08-18T10:00:00+05:30
ptm_df1ca0c7,poi_493eac5b,poi_006cc81d,cab,29,7.795,1.333,569.83,LKR,85,2026-08-18T10:00:00+05:30
ptm_d8da5e43,poi_f6d9652b,poi_45a913e2,cab,25,6.551,1.12,494.74,LKR,166,2026-08-18T10:00:00+05:30
ptm_9124e230,poi_f6d9652b,poi_932b65dc,cab,54,15.564,2.661,1038.69,LKR,133,2026-08-18T10:00:00+05:30
ptm_fea21d8f,poi_f6d9652b,poi_a1337353,walk,45,3.352,0,0.00,LKR,101,2026-08-18T10:00:00+05:30
ptm_2940b4a1,poi_f6d9652b,poi_a1337353,cab,15,3.352,0.573,301.72,LKR,101,2026-08-18T10:00:00+05:30
ptm_9fd916e5,poi_f6d9652b,poi_3222744b,cab,36,10.079,1.724,707.69,LKR,190,2026-08-18T10:00:00+05:30
ptm_bf1cd499,poi_f6d9652b,poi_493eac5b,cab,32,8.827,1.509,632.12,LKR,192,2026-08-18T10:00:00+05:30
ptm_ac00448b,poi_f6d9652b,poi_6c366b48,cab,41,11.461,1.96,791.06,LKR,171,2026-08-18T10:00:00+05:30
ptm_752cbb0d,poi_f6d9652b,poi_df352f3a,cab,27,7.16,1.224,531.52,LKR,156,2026-08-18T10:00:00+05:30
ptm_c25d05e2,poi_f6d9652b,poi_cfa920ab,cab,20,4.997,0.854,400.96,LKR,156,2026-08-18T10:00:00+05:30
ptm_5114e647,poi_f6d9652b,poi_006cc81d,cab,36,9.971,1.705,701.15,LKR,143,2026-08-18T10:00:00+05:30
ptm_c36487c4,poi_6c366b48,poi_45a913e2,cab,20,4.975,0.851,399.65,LKR,358,2026-08-18T10:00:00+05:30
ptm_9cfb9d3f,poi_6c366b48,poi_932b65dc,cab,35,9.702,1.659,684.92,LKR,86,2026-08-18T10:00:00+05:30
ptm_34bdb7c4,poi_6c366b48,poi_a1337353,cab,39,10.811,1.849,751.83,LKR,8,2026-08-18T10:00:00+05:30
ptm_ead6bbab,poi_6c366b48,poi_3222744b,walk,50,3.702,0,0.00,LKR,292,2026-08-18T10:00:00+05:30
ptm_577e6352,poi_6c366b48,poi_3222744b,cab,16,3.702,0.633,322.79,LKR,292,2026-08-18T10:00:00+05:30
ptm_52dd49a3,poi_6c366b48,poi_493eac5b,walk,59,4.445,0,0.00,LKR,307,2026-08-18T10:00:00+05:30
ptm_c499c128,poi_6c366b48,poi_493eac5b,cab,19,4.445,0.76,367.67,LKR,307,2026-08-18T10:00:00+05:30
ptm_990663f5,poi_6c366b48,poi_f6d9652b,cab,41,11.461,1.96,791.06,LKR,351,2026-08-18T10:00:00+05:30
ptm_6ec66fa4,poi_6c366b48,poi_df352f3a,cab,20,4.919,0.841,396.29,LKR,14,2026-08-18T10:00:00+05:30
ptm_da81addf,poi_6c366b48,poi_cfa920ab,cab,26,6.781,1.16,508.62,LKR,3,2026-08-18T10:00:00+05:30
ptm_06e2eb41,poi_6c366b48,poi_006cc81d,cab,22,5.386,0.921,424.45,LKR,52,2026-08-18T10:00:00+05:30
ptm_4b72e009,poi_df352f3a,poi_45a913e2,walk,19,1.324,0,0.00,LKR,279,2026-08-18T10:00:00+05:30
ptm_029859e7,poi_df352f3a,poi_45a913e2,cab,9,1.324,0.226,179.33,LKR,279,2026-08-18T10:00:00+05:30
ptm_d31b3394,poi_df352f3a,poi_932b65dc,cab,34,9.422,1.611,668.01,LKR,116,2026-08-18T10:00:00+05:30
ptm_e6ce09c8,poi_df352f3a,poi_a1337353,cab,23,5.931,1.014,457.32,LKR,4,2026-08-18T10:00:00+05:30
ptm_3253dc05,poi_df352f3a,poi_3222744b,cab,23,5.705,0.976,443.71,LKR,234,2026-08-18T10:00:00+05:30
ptm_afc9cff4,poi_df352f3a,poi_493eac5b,cab,21,5.146,0.88,409.96,LKR,246,2026-08-18T10:00:00+05:30
ptm_013f1233,poi_df352f3a,poi_f6d9652b,cab,27,7.16,1.224,531.52,LKR,336,2026-08-18T10:00:00+05:30
ptm_30185120,poi_df352f3a,poi_6c366b48,cab,20,4.919,0.841,396.29,LKR,194,2026-08-18T10:00:00+05:30
ptm_eb5d2366,poi_df352f3a,poi_cfa920ab,walk,30,2.164,0,0.00,LKR,337,2026-08-18T10:00:00+05:30
ptm_2892cb5c,poi_df352f3a,poi_cfa920ab,cab,11,2.164,0.37,229.99,LKR,337,2026-08-18T10:00:00+05:30
ptm_d5974115,poi_df352f3a,poi_006cc81d,walk,46,3.389,0,0.00,LKR,115,2026-08-18T10:00:00+05:30
ptm_1cf89e4f,poi_df352f3a,poi_006cc81d,cab,15,3.389,0.58,303.93,LKR,115,2026-08-18T10:00:00+05:30
ptm_570afb78,poi_cfa920ab,poi_45a913e2,walk,26,1.86,0,0.00,LKR,195,2026-08-18T10:00:00+05:30
ptm_4ecc5f1b,poi_cfa920ab,poi_45a913e2,cab,10,1.86,0.318,211.66,LKR,195,2026-08-18T10:00:00+05:30
ptm_d9b8c881,poi_cfa920ab,poi_932b65dc,cab,40,11.131,1.903,771.15,LKR,123,2026-08-18T10:00:00+05:30
ptm_0a960bec,poi_cfa920ab,poi_a1337353,walk,55,4.116,0,0.00,LKR,18,2026-08-18T10:00:00+05:30
ptm_444b719b,poi_cfa920ab,poi_a1337353,cab,17,4.116,0.704,347.77,LKR,18,2026-08-18T10:00:00+05:30
ptm_f356d5ec,poi_cfa920ab,poi_3222744b,cab,25,6.557,1.121,495.13,LKR,215,2026-08-18T10:00:00+05:30
ptm_ec2b6baa,poi_cfa920ab,poi_493eac5b,cab,22,5.619,0.961,438.54,LKR,224,2026-08-18T10:00:00+05:30
ptm_19d3c4fa,poi_cfa920ab,poi_f6d9652b,cab,20,4.997,0.854,400.96,LKR,336,2026-08-18T10:00:00+05:30
ptm_cfffed03,poi_cfa920ab,poi_6c366b48,cab,26,6.781,1.16,508.62,LKR,183,2026-08-18T10:00:00+05:30
ptm_95549a5d,poi_cfa920ab,poi_df352f3a,walk,30,2.164,0,0.00,LKR,157,2026-08-18T10:00:00+05:30
ptm_30787eb8,poi_cfa920ab,poi_df352f3a,cab,11,2.164,0.37,229.99,LKR,157,2026-08-18T10:00:00+05:30
ptm_b95c7263,poi_cfa920ab,poi_006cc81d,cab,21,5.205,0.89,413.50,LKR,132,2026-08-18T10:00:00+05:30
ptm_0aeff008,poi_006cc81d,poi_45a913e2,cab,19,4.673,0.799,381.39,LKR,291,2026-08-18T10:00:00+05:30
ptm_d4ecc0e8,poi_006cc81d,poi_932b65dc,cab,24,6.033,1.032,463.48,LKR,116,2026-08-18T10:00:00+05:30
ptm_694eb65d,poi_006cc81d,poi_a1337353,cab,29,7.83,1.339,571.95,LKR,340,2026-08-18T10:00:00+05:30
ptm_9d08b18c,poi_006cc81d,poi_3222744b,cab,29,7.9,1.351,576.17,LKR,256,2026-08-18T10:00:00+05:30
ptm_bbc82215,poi_006cc81d,poi_493eac5b,cab,29,7.795,1.333,569.83,LKR,265,2026-08-18T10:00:00+05:30
ptm_8e1ca4c0,poi_006cc81d,poi_f6d9652b,cab,36,9.971,1.705,701.15,LKR,323,2026-08-18T10:00:00+05:30
ptm_6090abd1,poi_006cc81d,poi_6c366b48,cab,22,5.386,0.921,424.45,LKR,232,2026-08-18T10:00:00+05:30
ptm_8fc127be,poi_006cc81d,poi_df352f3a,walk,46,3.389,0,0.00,LKR,295,2026-08-18T10:00:00+05:30
ptm_c8c2bcde,poi_006cc81d,poi_df352f3a,cab,15,3.389,0.58,303.93,LKR,295,2026-08-18T10:00:00+05:30
ptm_9308e175,poi_006cc81d,poi_cfa920ab,cab,21,5.205,0.89,413.50,LKR,312,2026-08-18T10:00:00+05:30
ptm_cc93828b,poi_b72c42e5,poi_bc82e986,walk,30,2.178,0,0.00,NPR,150,2026-08-18T10:00:00+05:30
ptm_d45112a0,poi_b72c42e5,poi_bc82e986,cab,11,2.178,0.372,104.03,NPR,150,2026-08-18T10:00:00+05:30
ptm_a3970429,poi_b72c42e5,poi_08ddfd62,cab,41,11.665,1.995,362.08,NPR,101,2026-08-18T10:00:00+05:30
ptm_f31e08ce,poi_b72c42e5,poi_0d199b84,cab,41,11.403,1.95,354.95,NPR,50,2026-08-18T10:00:00+05:30
ptm_259e3944,poi_b72c42e5,poi_38456be9,cab,39,10.892,1.863,341.07,NPR,32,2026-08-18T10:00:00+05:30
ptm_fc080fae,poi_b72c42e5,poi_252f76b3,cab,29,7.735,1.323,255.19,NPR,131,2026-08-18T10:00:00+05:30
ptm_8c33e238,poi_b72c42e5,poi_387a71ad,cab,30,8.074,1.381,264.42,NPR,348,2026-08-18T10:00:00+05:30
ptm_2ad34457,poi_b72c42e5,poi_01a95571,cab,28,7.572,1.295,250.76,NPR,45,2026-08-18T10:00:00+05:30
ptm_20ef73e2,poi_b72c42e5,poi_8743dced,cab,31,8.318,1.422,271.05,NPR,28,2026-08-18T10:00:00+05:30
ptm_627e23a7,poi_b72c42e5,poi_586568b0,walk,42,3.112,0,0.00,NPR,61,2026-08-18T10:00:00+05:30
ptm_90ef436f,poi_b72c42e5,poi_586568b0,cab,14,3.112,0.532,129.45,NPR,61,2026-08-18T10:00:00+05:30
ptm_1edf8628,poi_bc82e986,poi_b72c42e5,walk,30,2.178,0,0.00,NPR,330,2026-08-18T10:00:00+05:30
ptm_0f9e2763,poi_bc82e986,poi_b72c42e5,cab,11,2.178,0.372,104.03,NPR,330,2026-08-18T10:00:00+05:30
ptm_83c5d3a9,poi_bc82e986,poi_08ddfd62,cab,37,10.368,1.773,326.82,NPR,92,2026-08-18T10:00:00+05:30
ptm_25f59199,poi_bc82e986,poi_0d199b84,cab,42,11.987,2.05,370.86,NPR,39,2026-08-18T10:00:00+05:30
ptm_dcd32de9,poi_bc82e986,poi_38456be9,cab,43,12.059,2.062,372.79,NPR,23,2026-08-18T10:00:00+05:30
ptm_15d33bf1,poi_bc82e986,poi_252f76b3,cab,23,5.729,0.98,200.62,NPR,123,2026-08-18T10:00:00+05:30
ptm_3dc08396,poi_bc82e986,poi_387a71ad,cab,37,10.169,1.739,321.40,NPR,344,2026-08-18T10:00:00+05:30
ptm_67e1040e,poi_bc82e986,poi_01a95571,cab,31,8.395,1.436,273.15,NPR,31,2026-08-18T10:00:00+05:30
ptm_7b4362bb,poi_bc82e986,poi_8743dced,cab,35,9.655,1.651,307.41,NPR,17,2026-08-18T10:00:00+05:30
ptm_8fec7c31,poi_bc82e986,poi_586568b0,walk,51,3.76,0,0.00,NPR,26,2026-08-18T10:00:00+05:30
ptm_83c357d2,poi_bc82e986,poi_586568b0,cab,16,3.76,0.643,147.08,NPR,26,2026-08-18T10:00:00+05:30
ptm_b446563a,poi_08ddfd62,poi_b72c42e5,cab,41,11.665,1.995,362.08,NPR,281,2026-08-18T10:00:00+05:30
ptm_06aeed4c,poi_08ddfd62,poi_bc82e986,cab,37,10.368,1.773,326.82,NPR,272,2026-08-18T10:00:00+05:30
ptm_5257bf94,poi_08ddfd62,poi_0d199b84,cab,36,9.993,1.709,316.61,NPR,344,2026-08-18T10:00:00+05:30
ptm_1a217cad,poi_08ddfd62,poi_38456be9,cab,45,12.732,2.177,391.11,NPR,334,2026-08-18T10:00:00+05:30
ptm_982c6867,poi_08ddfd62,poi_252f76b3,cab,24,6.237,1.067,214.45,NPR,243,2026-08-18T10:00:00+05:30
ptm_a0924cb0,poi_08ddfd62,poi_387a71ad,cab,57,16.59,2.837,496.05,NPR,308,2026-08-18T10:00:00+05:30
ptm_95dbe995,poi_08ddfd62,poi_01a95571,cab,35,9.69,1.657,308.37,NPR,321,2026-08-18T10:00:00+05:30
ptm_91b36107,poi_08ddfd62,poi_8743dced,cab,43,12.204,2.087,376.74,NPR,322,2026-08-18T10:00:00+05:30
ptm_54e1fa18,poi_08ddfd62,poi_586568b0,cab,34,9.483,1.622,302.74,NPR,293,2026-08-18T10:00:00+05:30
ptm_37d9f6be,poi_0d199b84,poi_b72c42e5,cab,41,11.403,1.95,354.95,NPR,230,2026-08-18T10:00:00+05:30
ptm_35d150b8,poi_0d199b84,poi_bc82e986,cab,42,11.987,2.05,370.86,NPR,219,2026-08-18T10:00:00+05:30
ptm_fc296bd7,poi_0d199b84,poi_08ddfd62,cab,36,9.993,1.709,316.61,NPR,164,2026-08-18T10:00:00+05:30
ptm_79ed6284,poi_0d199b84,poi_38456be9,walk,46,3.391,0,0.00,NPR,303,2026-08-18T10:00:00+05:30
ptm_d3adf8bf,poi_0d199b84,poi_38456be9,cab,15,3.391,0.58,137.03,NPR,303,2026-08-18T10:00:00+05:30
ptm_d7e654fb,poi_0d199b84,poi_252f76b3,cab,45,12.722,2.176,390.85,NPR,193,2026-08-18T10:00:00+05:30
ptm_74604d6b,poi_0d199b84,poi_387a71ad,cab,37,10.401,1.779,327.71,NPR,273,2026-08-18T10:00:00+05:30
ptm_10307a7f,poi_0d199b84,poi_01a95571,walk,52,3.896,0,0.00,NPR,238,2026-08-18T10:00:00+05:30
ptm_557717b0,poi_0d199b84,poi_01a95571,cab,17,3.896,0.666,150.77,NPR,238,2026-08-18T10:00:00+05:30
ptm_d3d742ef,poi_0d199b84,poi_8743dced,cab,20,4.804,0.821,175.47,NPR,270,2026-08-18T10:00:00+05:30
ptm_22bfa404,poi_0d199b84,poi_586568b0,cab,31,8.377,1.433,272.66,NPR,226,2026-08-18T10:00:00+05:30
ptm_34232e73,poi_38456be9,poi_b72c42e5,cab,39,10.892,1.863,341.07,NPR,212,2026-08-18T10:00:00+05:30
ptm_0ce91e86,poi_38456be9,poi_bc82e986,cab,43,12.059,2.062,372.79,NPR,203,2026-08-18T10:00:00+05:30
ptm_a6a8f104,poi_38456be9,poi_08ddfd62,cab,45,12.732,2.177,391.11,NPR,154,2026-08-18T10:00:00+05:30
ptm_2db25549,poi_38456be9,poi_0d199b84,walk,46,3.391,0,0.00,NPR,123,2026-08-18T10:00:00+05:30
ptm_d1befa46,poi_38456be9,poi_0d199b84,cab,15,3.391,0.58,137.03,NPR,123,2026-08-18T10:00:00+05:30
ptm_bc6f232c,poi_38456be9,poi_252f76b3,cab,49,14.227,2.433,431.78,NPR,180,2026-08-18T10:00:00+05:30
ptm_17b17bd0,poi_38456be9,poi_387a71ad,cab,29,7.64,1.306,252.60,NPR,260,2026-08-18T10:00:00+05:30
ptm_4007e646,poi_38456be9,poi_01a95571,walk,52,3.898,0,0.00,NPR,187,2026-08-18T10:00:00+05:30
ptm_d0704cff,poi_38456be9,poi_01a95571,cab,17,3.898,0.667,150.82,NPR,187,2026-08-18T10:00:00+05:30
ptm_5dd01e25,poi_38456be9,poi_8743dced,walk,36,2.681,0,0.00,NPR,227,2026-08-18T10:00:00+05:30
ptm_e9682347,poi_38456be9,poi_8743dced,cab,13,2.681,0.458,117.71,NPR,227,2026-08-18T10:00:00+05:30
ptm_85d6b4fa,poi_38456be9,poi_586568b0,cab,31,8.304,1.42,270.68,NPR,202,2026-08-18T10:00:00+05:30
ptm_91bd4991,poi_252f76b3,poi_b72c42e5,cab,29,7.735,1.323,255.19,NPR,311,2026-08-18T10:00:00+05:30
ptm_74eaf278,poi_252f76b3,poi_bc82e986,cab,23,5.729,0.98,200.62,NPR,303,2026-08-18T10:00:00+05:30
ptm_26292c64,poi_252f76b3,poi_08ddfd62,cab,24,6.237,1.067,214.45,NPR,63,2026-08-18T10:00:00+05:30
ptm_161cbe3d,poi_252f76b3,poi_0d199b84,cab,45,12.722,2.176,390.85,NPR,13,2026-08-18T10:00:00+05:30
ptm_7b6d0edc,poi_252f76b3,poi_38456be9,cab,49,14.227,2.433,431.78,NPR,360,2026-08-18T10:00:00+05:30
ptm_b81581af,poi_252f76b3,poi_387a71ad,cab,52,14.978,2.561,452.20,NPR,330,2026-08-18T10:00:00+05:30
ptm_dc98177b,poi_252f76b3,poi_01a95571,cab,37,10.368,1.773,326.80,NPR,357,2026-08-18T10:00:00+05:30
ptm_1e157f9f,poi_252f76b3,poi_8743dced,cab,44,12.54,2.144,385.88,NPR,351,2026-08-18T10:00:00+05:30
ptm_81c9aa04,poi_252f76b3,poi_586568b0,cab,27,7.245,1.239,241.87,NPR,334,2026-08-18T10:00:00+05:30
ptm_adf5b6f0,poi_387a71ad,poi_b72c42e5,cab,30,8.074,1.381,264.42,NPR,168,2026-08-18T10:00:00+05:30
ptm_69285669,poi_387a71ad,poi_bc82e986,cab,37,10.169,1.739,321.40,NPR,164,2026-08-18T10:00:00+05:30
ptm_53d388cd,poi_387a71ad,poi_08ddfd62,cab,57,16.59,2.837,496.05,NPR,128,2026-08-18T10:00:00+05:30
ptm_eca7b319,poi_387a71ad,poi_0d199b84,cab,37,10.401,1.779,327.71,NPR,93,2026-08-18T10:00:00+05:30
ptm_7dd81344,poi_387a71ad,poi_38456be9,cab,29,7.64,1.306,252.60,NPR,80,2026-08-18T10:00:00+05:30
ptm_cd96900e,poi_387a71ad,poi_252f76b3,cab,52,14.978,2.561,452.20,NPR,150,2026-08-18T10:00:00+05:30
ptm_912d187b,poi_387a71ad,poi_01a95571,cab,28,7.527,1.287,249.54,NPR,110,2026-08-18T10:00:00+05:30
ptm_8866f543,poi_387a71ad,poi_8743dced,cab,22,5.61,0.959,197.40,NPR,96,2026-08-18T10:00:00+05:30
ptm_d95c5ac0,poi_387a71ad,poi_586568b0,cab,29,7.778,1.33,256.36,NPR,145,2026-08-18T10:00:00+05:30
ptm_6e153456,poi_01a95571,poi_b72c42e5,cab,28,7.572,1.295,250.76,NPR,225,2026-08-18T10:00:00+05:30
ptm_dc93aeb2,poi_01a95571,poi_bc82e986,cab,31,8.395,1.436,273.15,NPR,211,2026-08-18T10:00:00+05:30
ptm_0a08fb4b,poi_01a95571,poi_08ddfd62,cab,35,9.69,1.657,308.37,NPR,141,2026-08-18T10:00:00+05:30
ptm_4c7b39dc,poi_01a95571,poi_0d199b84,walk,52,3.896,0,0.00,NPR,58,2026-08-18T10:00:00+05:30
ptm_02c7f9ff,poi_01a95571,poi_0d199b84,cab,17,3.896,0.666,150.77,NPR,58,2026-08-18T10:00:00+05:30
ptm_a565167f,poi_01a95571,poi_38456be9,walk,52,3.898,0,0.00,NPR,7,2026-08-18T10:00:00+05:30
ptm_982fa019,poi_01a95571,poi_38456be9,cab,17,3.898,0.667,150.82,NPR,7,2026-08-18T10:00:00+05:30
ptm_05f5398d,poi_01a95571,poi_252f76b3,cab,37,10.368,1.773,326.80,NPR,177,2026-08-18T10:00:00+05:30
ptm_cbcd7f5a,poi_01a95571,poi_387a71ad,cab,28,7.527,1.287,249.54,NPR,290,2026-08-18T10:00:00+05:30
ptm_33bad023,poi_01a95571,poi_8743dced,walk,34,2.515,0,0.00,NPR,324,2026-08-18T10:00:00+05:30
ptm_543d0636,poi_01a95571,poi_8743dced,cab,12,2.515,0.43,113.22,NPR,324,2026-08-18T10:00:00+05:30
ptm_4a097368,poi_01a95571,poi_586568b0,cab,19,4.659,0.797,171.54,NPR,215,2026-08-18T10:00:00+05:30
ptm_951fad12,poi_8743dced,poi_b72c42e5,cab,31,8.318,1.422,271.05,NPR,208,2026-08-18T10:00:00+05:30
ptm_11647694,poi_8743dced,poi_bc82e986,cab,35,9.655,1.651,307.41,NPR,197,2026-08-18T10:00:00+05:30
ptm_07a51116,poi_8743dced,poi_08ddfd62,cab,43,12.204,2.087,376.74,NPR,142,2026-08-18T10:00:00+05:30
ptm_2033f565,poi_8743dced,poi_0d199b84,cab,20,4.804,0.821,175.47,NPR,90,2026-08-18T10:00:00+05:30
ptm_4c76e9de,poi_8743dced,poi_38456be9,walk,36,2.681,0,0.00,NPR,47,2026-08-18T10:00:00+05:30
ptm_116dca31,poi_8743dced,poi_38456be9,cab,13,2.681,0.458,117.71,NPR,47,2026-08-18T10:00:00+05:30
ptm_a5682d58,poi_8743dced,poi_252f76b3,cab,44,12.54,2.144,385.88,NPR,171,2026-08-18T10:00:00+05:30
ptm_03c53943,poi_8743dced,poi_387a71ad,cab,22,5.61,0.959,197.40,NPR,276,2026-08-18T10:00:00+05:30
ptm_b9a044cb,poi_8743dced,poi_01a95571,walk,34,2.515,0,0.00,NPR,144,2026-08-18T10:00:00+05:30
ptm_651bed18,poi_8743dced,poi_01a95571,cab,12,2.515,0.43,113.22,NPR,144,2026-08-18T10:00:00+05:30
ptm_31c6b346,poi_8743dced,poi_586568b0,cab,23,5.97,1.021,207.19,NPR,191,2026-08-18T10:00:00+05:30
ptm_63aafc86,poi_586568b0,poi_b72c42e5,walk,42,3.112,0,0.00,NPR,241,2026-08-18T10:00:00+05:30
ptm_41337bc9,poi_586568b0,poi_b72c42e5,cab,14,3.112,0.532,129.45,NPR,241,2026-08-18T10:00:00+05:30
ptm_4fc3bd7e,poi_586568b0,poi_bc82e986,walk,51,3.76,0,0.00,NPR,206,2026-08-18T10:00:00+05:30
ptm_303507b3,poi_586568b0,poi_bc82e986,cab,16,3.76,0.643,147.08,NPR,206,2026-08-18T10:00:00+05:30
ptm_d05cfc91,poi_586568b0,poi_08ddfd62,cab,34,9.483,1.622,302.74,NPR,113,2026-08-18T10:00:00+05:30
ptm_dccef6dd,poi_586568b0,poi_0d199b84,cab,31,8.377,1.433,272.66,NPR,45,2026-08-18T10:00:00+05:30
ptm_1c85c421,poi_586568b0,poi_38456be9,cab,31,8.304,1.42,270.68,NPR,22,2026-08-18T10:00:00+05:30
ptm_3adcb296,poi_586568b0,poi_252f76b3,cab,27,7.245,1.239,241.87,NPR,154,2026-08-18T10:00:00+05:30
ptm_3183ba8a,poi_586568b0,poi_387a71ad,cab,29,7.778,1.33,256.36,NPR,325,2026-08-18T10:00:00+05:30
ptm_16045704,poi_586568b0,poi_01a95571,cab,19,4.659,0.797,171.54,NPR,35,2026-08-18T10:00:00+05:30
ptm_61163f26,poi_586568b0,poi_8743dced,cab,23,5.97,1.021,207.19,NPR,11,2026-08-18T10:00:00+05:30
ptm_42bdb687,poi_a1498a91,poi_0aa7daf7,cab,22,5.408,0.925,191.88,NPR,263,2026-08-18T10:00:00+05:30
ptm_50bed434,poi_a1498a91,poi_e784aeca,cab,38,10.621,1.816,333.68,NPR,321,2026-08-18T10:00:00+05:30
ptm_288f7f40,poi_a1498a91,poi_11e096fc,cab,31,8.286,1.417,270.17,NPR,322,2026-08-18T10:00:00+05:30
ptm_c784d112,poi_a1498a91,poi_29d547a4,cab,41,11.516,1.969,358.02,NPR,354,2026-08-18T10:00:00+05:30
ptm_a665d27b,poi_a1498a91,poi_b8450f6f,walk,41,3.007,0,0.00,NPR,92,2026-08-18T10:00:00+05:30
ptm_fe0d596f,poi_a1498a91,poi_b8450f6f,cab,14,3.007,0.514,126.60,NPR,92,2026-08-18T10:00:00+05:30
ptm_745ed79f,poi_a1498a91,poi_a010c1ba,cab,23,5.987,1.024,207.65,NPR,25,2026-08-18T10:00:00+05:30
ptm_a536de76,poi_a1498a91,poi_204e9388,cab,43,12.118,2.072,374.40,NPR,6,2026-08-18T10:00:00+05:30
ptm_e100baed,poi_a1498a91,poi_48787ec6,cab,52,15.111,2.584,455.81,NPR,345,2026-08-18T10:00:00+05:30
ptm_834c52a3,poi_a1498a91,poi_a4f7cc8b,cab,22,5.53,0.946,195.22,NPR,354,2026-08-18T10:00:00+05:30
ptm_d7019482,poi_0aa7daf7,poi_a1498a91,cab,22,5.408,0.925,191.88,NPR,83,2026-08-18T10:00:00+05:30
ptm_b19439d4,poi_0aa7daf7,poi_e784aeca,cab,33,9.083,1.553,291.86,NPR,352,2026-08-18T10:00:00+05:30
ptm_37549824,poi_0aa7daf7,poi_11e096fc,cab,27,7.207,1.232,240.82,NPR,2,2026-08-18T10:00:00+05:30
ptm_64eadb08,poi_0aa7daf7,poi_29d547a4,cab,45,12.841,2.196,394.07,NPR,19,2026-08-18T10:00:00+05:30
ptm_8166e21e,poi_0aa7daf7,poi_b8450f6f,cab,31,8.388,1.434,272.97,NPR,86,2026-08-18T10:00:00+05:30
ptm_ac2dacff,poi_0aa7daf7,poi_a010c1ba,cab,36,10,1.71,316.80,NPR,52,2026-08-18T10:00:00+05:30
ptm_04514851,poi_0aa7daf7,poi_204e9388,cab,50,14.387,2.46,436.13,NPR,28,2026-08-18T10:00:00+05:30
ptm_9a47301f,poi_0aa7daf7,poi_48787ec6,cab,53,15.386,2.631,463.30,NPR,6,2026-08-18T10:00:00+05:30
ptm_a350a1a7,poi_0aa7daf7,poi_a4f7cc8b,cab,29,7.793,1.333,256.76,NPR,37,2026-08-18T10:00:00+05:30
ptm_a8d5cd43,poi_e784aeca,poi_a1498a91,cab,38,10.621,1.816,333.68,NPR,141,2026-08-18T10:00:00+05:30
ptm_81c387dc,poi_e784aeca,poi_0aa7daf7,cab,33,9.083,1.553,291.86,NPR,172,2026-08-18T10:00:00+05:30
ptm_47e5f178,poi_e784aeca,poi_11e096fc,walk,32,2.336,0,0.00,NPR,140,2026-08-18T10:00:00+05:30
ptm_73ea6907,poi_e784aeca,poi_11e096fc,cab,12,2.336,0.399,108.34,NPR,140,2026-08-18T10:00:00+05:30
ptm_fcfb5913,poi_e784aeca,poi_29d547a4,cab,24,6.275,1.073,215.49,NPR,60,2026-08-18T10:00:00+05:30
ptm_bcef4256,poi_e784aeca,poi_b8450f6f,cab,45,12.787,2.187,392.61,NPR,131,2026-08-18T10:00:00+05:30
ptm_7b3754e1,poi_e784aeca,poi_a010c1ba,cab,35,9.623,1.645,306.54,NPR,107,2026-08-18T10:00:00+05:30
ptm_9f837d05,poi_e784aeca,poi_204e9388,cab,32,8.786,1.502,283.79,NPR,65,2026-08-18T10:00:00+05:30
ptm_d43b867d,poi_e784aeca,poi_48787ec6,cab,26,6.904,1.181,232.58,NPR,24,2026-08-18T10:00:00+05:30
ptm_682ace44,poi_e784aeca,poi_a4f7cc8b,cab,25,6.622,1.132,224.93,NPR,115,2026-08-18T10:00:00+05:30
ptm_53e86518,poi_11e096fc,poi_a1498a91,cab,31,8.286,1.417,270.17,NPR,142,2026-08-18T10:00:00+05:30
ptm_ff4458ef,poi_11e096fc,poi_0aa7daf7,cab,27,7.207,1.232,240.82,NPR,182,2026-08-18T10:00:00+05:30
ptm_6b3b88f0,poi_11e096fc,poi_e784aeca,walk,32,2.336,0,0.00,NPR,320,2026-08-18T10:00:00+05:30
ptm_dd1337bf,poi_11e096fc,poi_e784aeca,cab,12,2.336,0.399,108.34,NPR,320,2026-08-18T10:00:00+05:30
ptm_28a9771c,poi_11e096fc,poi_29d547a4,cab,24,6.314,1.08,216.55,NPR,38,2026-08-18T10:00:00+05:30
ptm_a42b5526,poi_11e096fc,poi_b8450f6f,cab,38,10.486,1.793,330.02,NPR,129,2026-08-18T10:00:00+05:30
ptm_28aae90e,poi_11e096fc,poi_a010c1ba,cab,29,7.759,1.327,255.84,NPR,98,2026-08-18T10:00:00+05:30
ptm_7c1fd78d,poi_11e096fc,poi_204e9388,cab,31,8.5,1.454,276.01,NPR,49,2026-08-18T10:00:00+05:30
ptm_e9436a4e,poi_11e096fc,poi_48787ec6,cab,30,8.209,1.404,268.09,NPR,9,2026-08-18T10:00:00+05:30
ptm_0b28baa4,poi_11e096fc,poi_a4f7cc8b,cab,19,4.613,0.789,170.27,NPR,103,2026-08-18T10:00:00+05:30
ptm_7f8c6a3e,poi_29d547a4,poi_a1498a91,cab,41,11.516,1.969,358.02,NPR,174,2026-08-18T10:00:00+05:30
ptm_363a69dd,poi_29d547a4,poi_0aa7daf7,cab,45,12.841,2.196,394.07,NPR,199,2026-08-18T10:00:00+05:30
ptm_737330df,poi_29d547a4,poi_e784aeca,cab,24,6.275,1.073,215.49,NPR,240,2026-08-18T10:00:00+05:30
ptm_a4b027ff,poi_29d547a4,poi_11e096fc,cab,24,6.314,1.08,216.55,NPR,218,2026-08-18T10:00:00+05:30
ptm_1567a0af,poi_29d547a4,poi_b8450f6f,cab,43,12.305,2.104,379.48,NPR,160,2026-08-18T10:00:00+05:30
ptm_e1953156,poi_29d547a4,poi_a010c1ba,cab,27,7.11,1.216,238.18,NPR,148,2026-08-18T10:00:00+05:30
ptm_c1fcc983,poi_29d547a4,poi_204e9388,walk,35,2.591,0,0.00,NPR,77,2026-08-18T10:00:00+05:30
ptm_1e095856,poi_29d547a4,poi_204e9388,cab,13,2.591,0.443,115.27,NPR,77,2026-08-18T10:00:00+05:30
ptm_83b75cdb,poi_29d547a4,poi_48787ec6,walk,55,4.118,0,0.00,NPR,320,2026-08-18T10:00:00+05:30
ptm_d65b2477,poi_29d547a4,poi_48787ec6,cab,18,4.118,0.704,156.80,NPR,320,2026-08-18T10:00:00+05:30
ptm_22f58d53,poi_29d547a4,poi_a4f7cc8b,cab,23,5.986,1.024,207.62,NPR,175,2026-08-18T10:00:00+05:30
ptm_460f359e,poi_b8450f6f,poi_a1498a91,walk,41,3.007,0,0.00,NPR,272,2026-08-18T10:00:00+05:30
ptm_676e2cd0,poi_b8450f6f,poi_a1498a91,cab,14,3.007,0.514,126.60,NPR,272,2026-08-18T10:00:00+05:30
ptm_95af51c8,poi_b8450f6f,poi_0aa7daf7,cab,31,8.388,1.434,272.97,NPR,266,2026-08-18T10:00:00+05:30
ptm_22abecd1,poi_b8450f6f,poi_e784aeca,cab,45,12.787,2.187,392.61,NPR,311,2026-08-18T10:00:00+05:30
ptm_fe4f70b6,poi_b8450f6f,poi_11e096fc,cab,38,10.486,1.793,330.02,NPR,309,2026-08-18T10:00:00+05:30
ptm_29a09f01,poi_b8450f6f,poi_29d547a4,cab,43,12.305,2.104,379.48,NPR,340,2026-08-18T10:00:00+05:30
ptm_e8d945d0,poi_b8450f6f,poi_a010c1ba,cab,22,5.544,0.948,195.60,NPR,355,2026-08-18T10:00:00+05:30
ptm_ea849d76,poi_b8450f6f,poi_204e9388,cab,43,12.272,2.099,378.60,NPR,352,2026-08-18T10:00:00+05:30
ptm_b9668a52,poi_b8450f6f,poi_48787ec6,cab,56,16.238,2.777,486.48,NPR,335,2026-08-18T10:00:00+05:30
ptm_e5e197fe,poi_b8450f6f,poi_a4f7cc8b,cab,26,6.679,1.142,226.48,NPR,327,2026-08-18T10:00:00+05:30
ptm_dd2819d8,poi_a010c1ba,poi_a1498a91,cab,23,5.987,1.024,207.65,NPR,205,2026-08-18T10:00:00+05:30
ptm_dbe03a9d,poi_a010c1ba,poi_0aa7daf7,cab,36,10,1.71,316.80,NPR,232,2026-08-18T10:00:00+05:30
ptm_235a15e1,poi_a010c1ba,poi_e784aeca,cab,35,9.623,1.645,306.54,NPR,288,2026-08-18T10:00:00+05:30
ptm_5b574af1,poi_a010c1ba,poi_11e096fc,cab,29,7.759,1.327,255.84,NPR,278,2026-08-18T10:00:00+05:30
ptm_4fd07245,poi_a010c1ba,poi_29d547a4,cab,27,7.11,1.216,238.18,NPR,328,2026-08-18T10:00:00+05:30
ptm_738f73e4,poi_a010c1ba,poi_b8450f6f,cab,22,5.544,0.948,195.60,NPR,175,2026-08-18T10:00:00+05:30
ptm_b8c110ac,poi_a010c1ba,poi_204e9388,cab,26,6.744,1.153,228.23,NPR,350,2026-08-18T10:00:00+05:30
ptm_1766595e,poi_a010c1ba,poi_48787ec6,cab,40,11.202,1.916,349.51,NPR,325,2026-08-18T10:00:00+05:30
ptm_654fb24d,poi_a010c1ba,poi_a4f7cc8b,walk,43,3.182,0,0.00,NPR,271,2026-08-18T10:00:00+05:30
ptm_3735637a,poi_a010c1ba,poi_a4f7cc8b,cab,15,3.182,0.544,131.36,NPR,271,2026-08-18T10:00:00+05:30
ptm_673db148,poi_204e9388,poi_a1498a91,cab,43,12.118,2.072,374.40,NPR,186,2026-08-18T10:00:00+05:30
ptm_3a6d1550,poi_204e9388,poi_0aa7daf7,cab,50,14.387,2.46,436.13,NPR,208,2026-08-18T10:00:00+05:30
ptm_1a6558f4,poi_204e9388,poi_e784aeca,cab,32,8.786,1.502,283.79,NPR,245,2026-08-18T10:00:00+05:30
ptm_76a3f57a,poi_204e9388,poi_11e096fc,cab,31,8.5,1.454,276.01,NPR,229,2026-08-18T10:00:00+05:30
ptm_cf05b47d,poi_204e9388,poi_29d547a4,walk,35,2.591,0,0.00,NPR,257,2026-08-18T10:00:00+05:30
ptm_8c99e17e,poi_204e9388,poi_29d547a4,cab,13,2.591,0.443,115.27,NPR,257,2026-08-18T10:00:00+05:30
ptm_2f880a56,poi_204e9388,poi_b8450f6f,cab,43,12.272,2.099,378.60,NPR,172,2026-08-18T10:00:00+05:30
ptm_658f77d8,poi_204e9388,poi_a010c1ba,cab,26,6.744,1.153,228.23,NPR,170,2026-08-18T10:00:00+05:30
ptm_55f18759,poi_204e9388,poi_48787ec6,cab,23,5.764,0.986,201.58,NPR,297,2026-08-18T10:00:00+05:30
ptm_5047cf56,poi_204e9388,poi_a4f7cc8b,cab,26,6.835,1.169,230.71,NPR,197,2026-08-18T10:00:00+05:30
ptm_9d43afb2,poi_48787ec6,poi_a1498a91,cab,52,15.111,2.584,455.81,NPR,165,2026-08-18T10:00:00+05:30
ptm_98cca21b,poi_48787ec6,poi_0aa7daf7,cab,53,15.386,2.631,463.30,NPR,186,2026-08-18T10:00:00+05:30
ptm_ff3514e2,poi_48787ec6,poi_e784aeca,cab,26,6.904,1.181,232.58,NPR,204,2026-08-18T10:00:00+05:30
ptm_d166dfe0,poi_48787ec6,poi_11e096fc,cab,30,8.209,1.404,268.09,NPR,189,2026-08-18T10:00:00+05:30
ptm_6f1afb0b,poi_48787ec6,poi_29d547a4,walk,55,4.118,0,0.00,NPR,140,2026-08-18T10:00:00+05:30
ptm_e2622d65,poi_48787ec6,poi_29d547a4,cab,18,4.118,0.704,156.80,NPR,140,2026-08-18T10:00:00+05:30
ptm_fa1db617,poi_48787ec6,poi_b8450f6f,cab,56,16.238,2.777,486.48,NPR,155,2026-08-18T10:00:00+05:30
ptm_a1c879f9,poi_48787ec6,poi_a010c1ba,cab,40,11.202,1.916,349.51,NPR,145,2026-08-18T10:00:00+05:30
ptm_358210bf,poi_48787ec6,poi_204e9388,cab,23,5.764,0.986,201.58,NPR,117,2026-08-18T10:00:00+05:30
ptm_181a424a,poi_48787ec6,poi_a4f7cc8b,cab,35,9.669,1.653,307.81,NPR,161,2026-08-18T10:00:00+05:30
ptm_76796288,poi_a4f7cc8b,poi_a1498a91,cab,22,5.53,0.946,195.22,NPR,174,2026-08-18T10:00:00+05:30
ptm_b36d05b9,poi_a4f7cc8b,poi_0aa7daf7,cab,29,7.793,1.333,256.76,NPR,217,2026-08-18T10:00:00+05:30
ptm_0039159b,poi_a4f7cc8b,poi_e784aeca,cab,25,6.622,1.132,224.93,NPR,295,2026-08-18T10:00:00+05:30
ptm_ef30810a,poi_a4f7cc8b,poi_11e096fc,cab,19,4.613,0.789,170.27,NPR,283,2026-08-18T10:00:00+05:30
ptm_d4c19105,poi_a4f7cc8b,poi_29d547a4,cab,23,5.986,1.024,207.62,NPR,355,2026-08-18T10:00:00+05:30
ptm_86908438,poi_a4f7cc8b,poi_b8450f6f,cab,26,6.679,1.142,226.48,NPR,147,2026-08-18T10:00:00+05:30
ptm_20b028e7,poi_a4f7cc8b,poi_a010c1ba,walk,43,3.182,0,0.00,NPR,91,2026-08-18T10:00:00+05:30
ptm_ce0204d7,poi_a4f7cc8b,poi_a010c1ba,cab,15,3.182,0.544,131.36,NPR,91,2026-08-18T10:00:00+05:30
ptm_e030b232,poi_a4f7cc8b,poi_204e9388,cab,26,6.835,1.169,230.71,NPR,17,2026-08-18T10:00:00+05:30
ptm_a7aa29d2,poi_a4f7cc8b,poi_48787ec6,cab,35,9.669,1.653,307.81,NPR,341,2026-08-18T10:00:00+05:30
ptm_8a415319,poi_68cc2f6d,poi_c8feccee,cab,34,9.457,1.617,188.77,BTN,92,2026-08-18T10:00:00+05:30
ptm_21118ebf,poi_68cc2f6d,poi_13aa1bd7,cab,23,5.984,1.023,129.73,BTN,115,2026-08-18T10:00:00+05:30
ptm_d6bc6f30,poi_68cc2f6d,poi_f4eeb66a,cab,38,10.727,1.834,210.36,BTN,95,2026-08-18T10:00:00+05:30
ptm_c821f9b1,poi_68cc2f6d,poi_4ab34c66,walk,52,3.896,0,0.00,BTN,145,2026-08-18T10:00:00+05:30
ptm_63872345,poi_68cc2f6d,poi_4ab34c66,cab,17,3.896,0.666,94.23,BTN,145,2026-08-18T10:00:00+05:30
ptm_247b61d6,poi_68cc2f6d,poi_359c6161,cab,51,14.675,2.509,277.47,BTN,93,2026-08-18T10:00:00+05:30
ptm_a400cb28,poi_68cc2f6d,poi_eb535fc6,cab,45,12.928,2.211,247.77,BTN,46,2026-08-18T10:00:00+05:30
ptm_100495ba,poi_68cc2f6d,poi_935b4fdb,walk,38,2.821,0,0.00,BTN,44,2026-08-18T10:00:00+05:30
ptm_2c687900,poi_68cc2f6d,poi_935b4fdb,cab,13,2.821,0.482,75.96,BTN,44,2026-08-18T10:00:00+05:30
ptm_8d73825a,poi_68cc2f6d,poi_9f5cc706,cab,56,16.457,2.814,307.77,BTN,64,2026-08-18T10:00:00+05:30
ptm_a473077b,poi_68cc2f6d,poi_00bd0042,cab,39,10.798,1.846,211.56,BTN,42,2026-08-18T10:00:00+05:30
ptm_114c5f88,poi_c8feccee,poi_68cc2f6d,cab,34,9.457,1.617,188.77,BTN,272,2026-08-18T10:00:00+05:30
ptm_c71541f4,poi_c8feccee,poi_13aa1bd7,cab,19,4.589,0.785,106.02,BTN,241,2026-08-18T10:00:00+05:30
ptm_cfc661f7,poi_c8feccee,poi_f4eeb66a,walk,19,1.37,0,0.00,BTN,116,2026-08-18T10:00:00+05:30
ptm_6912b624,poi_c8feccee,poi_f4eeb66a,cab,9,1.37,0.234,51.30,BTN,116,2026-08-18T10:00:00+05:30
ptm_7f1257be,poi_c8feccee,poi_4ab34c66,cab,29,7.754,1.326,159.82,BTN,248,2026-08-18T10:00:00+05:30
ptm_52b65a2b,poi_c8feccee,poi_359c6161,cab,21,5.22,0.893,116.74,BTN,94,2026-08-18T10:00:00+05:30
ptm_5c4eefc7,poi_c8feccee,poi_eb535fc6,cab,34,9.264,1.584,185.49,BTN,359,2026-08-18T10:00:00+05:30
ptm_73443ecd,poi_c8feccee,poi_935b4fdb,cab,29,7.855,1.343,161.53,BTN,287,2026-08-18T10:00:00+05:30
ptm_c561a518,poi_c8feccee,poi_9f5cc706,cab,34,9.217,1.576,184.68,BTN,35,2026-08-18T10:00:00+05:30
ptm_f4a9ff5d,poi_c8feccee,poi_00bd0042,cab,32,8.65,1.479,175.04,BTN,345,2026-08-18T10:00:00+05:30
ptm_e66f5975,poi_13aa1bd7,poi_68cc2f6d,cab,23,5.984,1.023,129.73,BTN,295,2026-08-18T10:00:00+05:30
ptm_e62c23e4,poi_13aa1bd7,poi_c8feccee,cab,19,4.589,0.785,106.02,BTN,61,2026-08-18T10:00:00+05:30
ptm_52616121,poi_13aa1bd7,poi_f4eeb66a,cab,22,5.503,0.941,121.56,BTN,73,2026-08-18T10:00:00+05:30
ptm_11e8e32e,poi_13aa1bd7,poi_4ab34c66,walk,44,3.248,0,0.00,BTN,258,2026-08-18T10:00:00+05:30
ptm_3f4f6d28,poi_13aa1bd7,poi_4ab34c66,cab,15,3.248,0.555,83.21,BTN,258,2026-08-18T10:00:00+05:30
ptm_e71af43c,poi_13aa1bd7,poi_359c6161,cab,34,9.416,1.61,188.07,BTN,79,2026-08-18T10:00:00+05:30
ptm_1eb1835e,poi_13aa1bd7,poi_eb535fc6,cab,43,12.115,2.072,233.96,BTN,19,2026-08-18T10:00:00+05:30
ptm_5b9fae64,poi_13aa1bd7,poi_935b4fdb,cab,23,5.726,0.979,125.34,BTN,323,2026-08-18T10:00:00+05:30
ptm_2e4c32f5,poi_13aa1bd7,poi_9f5cc706,cab,47,13.498,2.308,257.46,BTN,44,2026-08-18T10:00:00+05:30
ptm_6f67a635,poi_13aa1bd7,poi_00bd0042,cab,38,10.709,1.831,210.05,BTN,10,2026-08-18T10:00:00+05:30
ptm_cb835c8a,poi_f4eeb66a,poi_68cc2f6d,cab,38,10.727,1.834,210.36,BTN,275,2026-08-18T10:00:00+05:30
ptm_d851cebf,poi_f4eeb66a,poi_c8feccee,walk,19,1.37,0,0.00,BTN,296,2026-08-18T10:00:00+05:30
ptm_bd59877c,poi_f4eeb66a,poi_c8feccee,cab,9,1.37,0.234,51.30,BTN,296,2026-08-18T10:00:00+05:30
ptm_e8a3840c,poi_f4eeb66a,poi_13aa1bd7,cab,22,5.503,0.941,121.56,BTN,253,2026-08-18T10:00:00+05:30
ptm_1654cfeb,poi_f4eeb66a,poi_4ab34c66,cab,32,8.742,1.495,176.62,BTN,255,2026-08-18T10:00:00+05:30
ptm_4243ded8,poi_f4eeb66a,poi_359c6161,walk,53,3.978,0,0.00,BTN,87,2026-08-18T10:00:00+05:30
ptm_730b88f6,poi_f4eeb66a,poi_359c6161,cab,17,3.978,0.68,95.63,BTN,87,2026-08-18T10:00:00+05:30
ptm_a415b9c3,poi_f4eeb66a,poi_eb535fc6,cab,36,9.947,1.701,197.10,BTN,352,2026-08-18T10:00:00+05:30
ptm_5e39f54f,poi_f4eeb66a,poi_935b4fdb,cab,34,9.214,1.576,184.63,BTN,289,2026-08-18T10:00:00+05:30
ptm_ff666a1d,poi_f4eeb66a,poi_9f5cc706,cab,33,9.08,1.553,182.37,BTN,27,2026-08-18T10:00:00+05:30
ptm_5e464162,poi_f4eeb66a,poi_00bd0042,cab,35,9.598,1.641,191.16,BTN,339,2026-08-18T10:00:00+05:30
ptm_38f0ec41,poi_4ab34c66,poi_68cc2f6d,walk,52,3.896,0,0.00,BTN,325,2026-08-18T10:00:00+05:30
ptm_916723ad,poi_4ab34c66,poi_68cc2f6d,cab,17,3.896,0.666,94.23,BTN,325,2026-08-18T10:00:00+05:30
ptm_9148683c,poi_4ab34c66,poi_c8feccee,cab,29,7.754,1.326,159.82,BTN,68,2026-08-18T10:00:00+05:30
ptm_c2dcf8a3,poi_4ab34c66,poi_13aa1bd7,walk,44,3.248,0,0.00,BTN,78,2026-08-18T10:00:00+05:30
ptm_437caf8b,poi_4ab34c66,poi_13aa1bd7,cab,15,3.248,0.555,83.21,BTN,78,2026-08-18T10:00:00+05:30
ptm_46e5380c,poi_4ab34c66,poi_f4eeb66a,cab,32,8.742,1.495,176.62,BTN,75,2026-08-18T10:00:00+05:30
ptm_3a2fb068,poi_4ab34c66,poi_359c6161,cab,44,12.663,2.165,243.28,BTN,79,2026-08-18T10:00:00+05:30
ptm_723467bc,poi_4ab34c66,poi_eb535fc6,cab,49,14.047,2.402,266.80,BTN,30,2026-08-18T10:00:00+05:30
ptm_040a513e,poi_4ab34c66,poi_935b4fdb,cab,21,5.223,0.893,116.80,BTN,357,2026-08-18T10:00:00+05:30
ptm_f676b31e,poi_4ab34c66,poi_9f5cc706,cab,56,16.285,2.785,304.85,BTN,50,2026-08-18T10:00:00+05:30
ptm_42cf0890,poi_4ab34c66,poi_00bd0042,cab,43,12.269,2.098,236.57,BTN,24,2026-08-18T10:00:00+05:30
ptm_69ff6565,poi_359c6161,poi_68cc2f6d,cab,51,14.675,2.509,277.47,BTN,273,2026-08-18T10:00:00+05:30
ptm_fa77430d,poi_359c6161,poi_c8feccee,cab,21,5.22,0.893,116.74,BTN,274,2026-08-18T10:00:00+05:30
ptm_fb837388,poi_359c6161,poi_13aa1bd7,cab,34,9.416,1.61,188.07,BTN,259,2026-08-18T10:00:00+05:30
ptm_12d8b3f6,poi_359c6161,poi_f4eeb66a,walk,53,3.978,0,0.00,BTN,267,2026-08-18T10:00:00+05:30
ptm_608f7057,poi_359c6161,poi_f4eeb66a,cab,17,3.978,0.68,95.63,BTN,267,2026-08-18T10:00:00+05:30
ptm_0d2db6bb,poi_359c6161,poi_4ab34c66,cab,44,12.663,2.165,243.28,BTN,259,2026-08-18T10:00:00+05:30
ptm_368ff489,poi_359c6161,poi_eb535fc6,cab,39,10.997,1.88,214.95,BTN,331,2026-08-18T10:00:00+05:30
ptm_35cd8f5b,poi_359c6161,poi_935b4fdb,cab,46,12.988,2.221,248.80,BTN,282,2026-08-18T10:00:00+05:30
ptm_a1b2bb71,poi_359c6161,poi_9f5cc706,cab,29,7.861,1.344,161.64,BTN,1,2026-08-18T10:00:00+05:30
ptm_5b348dd0,poi_359c6161,poi_00bd0042,cab,41,11.462,1.96,222.86,BTN,319,2026-08-18T10:00:00+05:30
ptm_b063dba2,poi_eb535fc6,poi_68cc2f6d,cab,45,12.928,2.211,247.77,BTN,226,2026-08-18T10:00:00+05:30
ptm_cd444987,poi_eb535fc6,poi_c8feccee,cab,34,9.264,1.584,185.49,BTN,179,2026-08-18T10:00:00+05:30
ptm_cc4ebd8e,poi_eb535fc6,poi_13aa1bd7,cab,43,12.115,2.072,233.96,BTN,199,2026-08-18T10:00:00+05:30
ptm_7cdaa6a8,poi_eb535fc6,poi_f4eeb66a,cab,36,9.947,1.701,197.10,BTN,172,2026-08-18T10:00:00+05:30
ptm_571dfc50,poi_eb535fc6,poi_4ab34c66,cab,49,14.047,2.402,266.80,BTN,210,2026-08-18T10:00:00+05:30
ptm_6c12ae8f,poi_eb535fc6,poi_359c6161,cab,39,10.997,1.88,214.95,BTN,151,2026-08-18T10:00:00+05:30
ptm_63fa4c50,poi_eb535fc6,poi_935b4fdb,cab,36,10.11,1.729,199.86,BTN,227,2026-08-18T10:00:00+05:30
ptm_8c249b4e,poi_eb535fc6,poi_9f5cc706,cab,23,5.749,0.983,125.74,BTN,108,2026-08-18T10:00:00+05:30
ptm_ace65bea,poi_eb535fc6,poi_00bd0042,walk,32,2.308,0,0.00,BTN,247,2026-08-18T10:00:00+05:30
ptm_1272e11f,poi_eb535fc6,poi_00bd0042,cab,12,2.308,0.395,67.24,BTN,247,2026-08-18T10:00:00+05:30
ptm_dc7905f6,poi_935b4fdb,poi_68cc2f6d,walk,38,2.821,0,0.00,BTN,224,2026-08-18T10:00:00+05:30
ptm_9d152216,poi_935b4fdb,poi_68cc2f6d,cab,13,2.821,0.482,75.96,BTN,224,2026-08-18T10:00:00+05:30
ptm_ddba9820,poi_935b4fdb,poi_c8feccee,cab,29,7.855,1.343,161.53,BTN,107,2026-08-18T10:00:00+05:30
ptm_d8d5c139,poi_935b4fdb,poi_13aa1bd7,cab,23,5.726,0.979,125.34,BTN,143,2026-08-18T10:00:00+05:30
ptm_5680f350,poi_935b4fdb,poi_f4eeb66a,cab,34,9.214,1.576,184.63,BTN,109,2026-08-18T10:00:00+05:30
ptm_335725cf,poi_935b4fdb,poi_4ab34c66,cab,21,5.223,0.893,116.80,BTN,177,2026-08-18T10:00:00+05:30
ptm_8767b7c9,poi_935b4fdb,poi_359c6161,cab,46,12.988,2.221,248.80,BTN,102,2026-08-18T10:00:00+05:30
ptm_09cb9b21,poi_935b4fdb,poi_eb535fc6,cab,36,10.11,1.729,199.86,BTN,47,2026-08-18T10:00:00+05:30
ptm_c835d32b,poi_935b4fdb,poi_9f5cc706,cab,48,13.844,2.367,263.34,BTN,68,2026-08-18T10:00:00+05:30
ptm_0d73c1a9,poi_935b4fdb,poi_00bd0042,cab,30,7.979,1.364,163.64,BTN,41,2026-08-18T10:00:00+05:30
ptm_f860a8d3,poi_9f5cc706,poi_68cc2f6d,cab,56,16.457,2.814,307.77,BTN,244,2026-08-18T10:00:00+05:30
ptm_348f8425,poi_9f5cc706,poi_c8feccee,cab,34,9.217,1.576,184.68,BTN,216,2026-08-18T10:00:00+05:30
ptm_d6420a74,poi_9f5cc706,poi_13aa1bd7,cab,47,13.498,2.308,257.46,BTN,224,2026-08-18T10:00:00+05:30
ptm_a44c06ae,poi_9f5cc706,poi_f4eeb66a,cab,33,9.08,1.553,182.37,BTN,207,2026-08-18T10:00:00+05:30
ptm_4fc7fa84,poi_9f5cc706,poi_4ab34c66,cab,56,16.285,2.785,304.85,BTN,230,2026-08-18T10:00:00+05:30
ptm_a06b900e,poi_9f5cc706,poi_359c6161,cab,29,7.861,1.344,161.64,BTN,181,2026-08-18T10:00:00+05:30
ptm_bf9eb39c,poi_9f5cc706,poi_eb535fc6,cab,23,5.749,0.983,125.74,BTN,288,2026-08-18T10:00:00+05:30
ptm_f3eaad55,poi_9f5cc706,poi_935b4fdb,cab,48,13.844,2.367,263.34,BTN,248,2026-08-18T10:00:00+05:30
ptm_f6f4b76b,poi_9f5cc706,poi_00bd0042,cab,29,7.642,1.307,157.92,BTN,276,2026-08-18T10:00:00+05:30
ptm_b7318274,poi_00bd0042,poi_68cc2f6d,cab,39,10.798,1.846,211.56,BTN,222,2026-08-18T10:00:00+05:30
ptm_f69122df,poi_00bd0042,poi_c8feccee,cab,32,8.65,1.479,175.04,BTN,165,2026-08-18T10:00:00+05:30
ptm_16431bf5,poi_00bd0042,poi_13aa1bd7,cab,38,10.709,1.831,210.05,BTN,190,2026-08-18T10:00:00+05:30
ptm_bd511172,poi_00bd0042,poi_f4eeb66a,cab,35,9.598,1.641,191.16,BTN,159,2026-08-18T10:00:00+05:30
ptm_0c5daa7b,poi_00bd0042,poi_4ab34c66,cab,43,12.269,2.098,236.57,BTN,204,2026-08-18T10:00:00+05:30
ptm_a9cdb40c,poi_00bd0042,poi_359c6161,cab,41,11.462,1.96,222.86,BTN,139,2026-08-18T10:00:00+05:30
ptm_2b15847d,poi_00bd0042,poi_eb535fc6,walk,32,2.308,0,0.00,BTN,67,2026-08-18T10:00:00+05:30
ptm_388da3c2,poi_00bd0042,poi_eb535fc6,cab,12,2.308,0.395,67.24,BTN,67,2026-08-18T10:00:00+05:30
ptm_65754d8b,poi_00bd0042,poi_935b4fdb,cab,30,7.979,1.364,163.64,BTN,221,2026-08-18T10:00:00+05:30
ptm_28e2e83e,poi_00bd0042,poi_9f5cc706,cab,29,7.642,1.307,157.92,BTN,96,2026-08-18T10:00:00+05:30
ptm_9e102a29,poi_9b3237a3,poi_48aa21f1,cab,41,11.52,1.97,41.41,MVR,345,2026-08-18T10:00:00+05:30
ptm_fb4ccd8c,poi_9b3237a3,poi_98cf2950,cab,36,9.938,1.699,36.44,MVR,271,2026-08-18T10:00:00+05:30
ptm_6783486b,poi_9b3237a3,poi_567aa575,cab,25,6.577,1.125,25.87,MVR,340,2026-08-18T10:00:00+05:30
ptm_383d2b2e,poi_9b3237a3,poi_4cb3a2d4,cab,37,10.263,1.755,37.46,MVR,254,2026-08-18T10:00:00+05:30
ptm_ebc69323,poi_9b3237a3,poi_26fca860,cab,25,6.509,1.113,25.65,MVR,276,2026-08-18T10:00:00+05:30
ptm_e64815ae,poi_9b3237a3,poi_9af6a696,cab,40,11.261,1.926,40.60,MVR,285,2026-08-18T10:00:00+05:30
ptm_30cdc417,poi_9b3237a3,poi_a71ffa2e,walk,57,4.244,0,0.00,MVR,9,2026-08-18T10:00:00+05:30
ptm_6f6b5f04,poi_9b3237a3,poi_a71ffa2e,cab,18,4.244,0.726,18.53,MVR,9,2026-08-18T10:00:00+05:30
ptm_31f74b85,poi_9b3237a3,poi_c09c7423,cab,40,11.292,1.931,40.69,MVR,346,2026-08-18T10:00:00+05:30
ptm_424e6aa9,poi_9b3237a3,poi_3457ab13,walk,36,2.682,0,0.00,MVR,208,2026-08-18T10:00:00+05:30
ptm_a21be796,poi_9b3237a3,poi_3457ab13,cab,13,2.682,0.459,13.61,MVR,208,2026-08-18T10:00:00+05:30
ptm_05ddb6f3,poi_48aa21f1,poi_9b3237a3,cab,41,11.52,1.97,41.41,MVR,165,2026-08-18T10:00:00+05:30
ptm_a74df8e7,poi_48aa21f1,poi_98cf2950,cab,45,12.896,2.205,45.74,MVR,213,2026-08-18T10:00:00+05:30
ptm_b54a5ccc,poi_48aa21f1,poi_567aa575,cab,20,5.003,0.856,20.92,MVR,172,2026-08-18T10:00:00+05:30
ptm_78f9a704,poi_48aa21f1,poi_4cb3a2d4,cab,54,15.613,2.67,54.28,MVR,206,2026-08-18T10:00:00+05:30
ptm_3703b363,poi_48aa21f1,poi_26fca860,cab,39,10.996,1.88,39.76,MVR,198,2026-08-18T10:00:00+05:30
ptm_95213ba2,poi_48aa21f1,poi_9af6a696,cab,40,11.379,1.946,40.97,MVR,224,2026-08-18T10:00:00+05:30
ptm_57da03e6,poi_48aa21f1,poi_a71ffa2e,cab,29,7.852,1.343,29.88,MVR,152,2026-08-18T10:00:00+05:30
ptm_2b2ef5ab,poi_48aa21f1,poi_c09c7423,walk,5,0.304,0,0.00,MVR,124,2026-08-18T10:00:00+05:30
ptm_1bd70d95,poi_48aa21f1,poi_c09c7423,cab,5,0.304,0.052,6.14,MVR,124,2026-08-18T10:00:00+05:30
ptm_57863aa2,poi_48aa21f1,poi_3457ab13,cab,47,13.616,2.328,48.00,MVR,173,2026-08-18T10:00:00+05:30
ptm_c5f31ac4,poi_98cf2950,poi_9b3237a3,cab,36,9.938,1.699,36.44,MVR,91,2026-08-18T10:00:00+05:30
ptm_a48a4d59,poi_98cf2950,poi_48aa21f1,cab,45,12.896,2.205,45.74,MVR,33,2026-08-18T10:00:00+05:30
ptm_f3b7a61b,poi_98cf2950,poi_567aa575,cab,35,9.685,1.656,35.64,MVR,52,2026-08-18T10:00:00+05:30
ptm_17ecc3af,poi_98cf2950,poi_4cb3a2d4,walk,43,3.163,0,0.00,MVR,178,2026-08-18T10:00:00+05:30
ptm_dbb15137,poi_98cf2950,poi_4cb3a2d4,cab,14,3.163,0.541,15.13,MVR,178,2026-08-18T10:00:00+05:30
ptm_04e20f6c,poi_98cf2950,poi_26fca860,walk,47,3.491,0,0.00,MVR,83,2026-08-18T10:00:00+05:30
ptm_bfc26236,poi_98cf2950,poi_26fca860,cab,16,3.491,0.597,16.16,MVR,83,2026-08-18T10:00:00+05:30
ptm_13592a9a,poi_98cf2950,poi_9af6a696,walk,38,2.824,0,0.00,MVR,341,2026-08-18T10:00:00+05:30
ptm_769baf58,poi_98cf2950,poi_9af6a696,cab,13,2.824,0.483,14.06,MVR,341,2026-08-18T10:00:00+05:30
ptm_945718cb,poi_98cf2950,poi_a71ffa2e,cab,40,11.327,1.937,40.80,MVR,70,2026-08-18T10:00:00+05:30
ptm_43399421,poi_98cf2950,poi_c09c7423,cab,45,12.892,2.205,45.73,MVR,34,2026-08-18T10:00:00+05:30
ptm_68119998,poi_98cf2950,poi_3457ab13,cab,33,9.085,1.554,33.75,MVR,107,2026-08-18T10:00:00+05:30
ptm_96e31433,poi_567aa575,poi_9b3237a3,cab,25,6.577,1.125,25.87,MVR,160,2026-08-18T10:00:00+05:30
ptm_f824276c,poi_567aa575,poi_48aa21f1,cab,20,5.003,0.856,20.92,MVR,352,2026-08-18T10:00:00+05:30
ptm_03d880ff,poi_567aa575,poi_98cf2950,cab,35,9.685,1.656,35.64,MVR,232,2026-08-18T10:00:00+05:30
ptm_96eb20c8,poi_567aa575,poi_4cb3a2d4,cab,42,11.825,2.022,42.37,MVR,220,2026-08-18T10:00:00+05:30
ptm_f127f019,poi_567aa575,poi_26fca860,cab,26,6.907,1.181,26.90,MVR,217,2026-08-18T10:00:00+05:30
ptm_7dac8f87,poi_567aa575,poi_9af6a696,cab,34,9.203,1.574,34.12,MVR,249,2026-08-18T10:00:00+05:30
ptm_abf38906,poi_567aa575,poi_a71ffa2e,walk,48,3.561,0,0.00,MVR,124,2026-08-18T10:00:00+05:30
ptm_48368f8e,poi_567aa575,poi_a71ffa2e,cab,16,3.561,0.609,16.38,MVR,124,2026-08-18T10:00:00+05:30
ptm_18dc1dd5,poi_567aa575,poi_c09c7423,cab,20,4.803,0.821,20.29,MVR,354,2026-08-18T10:00:00+05:30
ptm_54bfc84c,poi_567aa575,poi_3457ab13,cab,32,8.613,1.473,32.27,MVR,173,2026-08-18T10:00:00+05:30
ptm_42099023,poi_4cb3a2d4,poi_9b3237a3,cab,37,10.263,1.755,37.46,MVR,74,2026-08-18T10:00:00+05:30
ptm_b2df64f4,poi_4cb3a2d4,poi_48aa21f1,cab,54,15.613,2.67,54.28,MVR,26,2026-08-18T10:00:00+05:30
ptm_f2b3cda0,poi_4cb3a2d4,poi_98cf2950,walk,43,3.163,0,0.00,MVR,358,2026-08-18T10:00:00+05:30
ptm_b424600e,poi_4cb3a2d4,poi_98cf2950,cab,14,3.163,0.541,15.13,MVR,358,2026-08-18T10:00:00+05:30
ptm_0a264753,poi_4cb3a2d4,poi_567aa575,cab,42,11.825,2.022,42.37,MVR,40,2026-08-18T10:00:00+05:30
ptm_06a2d287,poi_4cb3a2d4,poi_26fca860,cab,20,4.931,0.843,20.69,MVR,43,2026-08-18T10:00:00+05:30
ptm_f81264a6,poi_4cb3a2d4,poi_9af6a696,cab,23,5.915,1.012,23.78,MVR,350,2026-08-18T10:00:00+05:30
ptm_31d86d5c,poi_4cb3a2d4,poi_a71ffa2e,cab,45,12.697,2.171,45.11,MVR,56,2026-08-18T10:00:00+05:30
ptm_0ad435fc,poi_4cb3a2d4,poi_c09c7423,cab,54,15.574,2.663,54.16,MVR,27,2026-08-18T10:00:00+05:30
ptm_a9f3b1a2,poi_4cb3a2d4,poi_3457ab13,cab,32,8.62,1.474,32.29,MVR,86,2026-08-18T10:00:00+05:30
ptm_6e1d3858,poi_26fca860,poi_9b3237a3,cab,25,6.509,1.113,25.65,MVR,96,2026-08-18T10:00:00+05:30
ptm_9894d3ba,poi_26fca860,poi_48aa21f1,cab,39,10.996,1.88,39.76,MVR,18,2026-08-18T10:00:00+05:30
ptm_b756eb55,poi_26fca860,poi_98cf2950,walk,47,3.491,0,0.00,MVR,263,2026-08-18T10:00:00+05:30
ptm_5b6a695f,poi_26fca860,poi_98cf2950,cab,16,3.491,0.597,16.16,MVR,263,2026-08-18T10:00:00+05:30
ptm_36bdaa52,poi_26fca860,poi_567aa575,cab,26,6.907,1.181,26.90,MVR,37,2026-08-18T10:00:00+05:30
ptm_870384d2,poi_26fca860,poi_4cb3a2d4,cab,20,4.931,0.843,20.69,MVR,223,2026-08-18T10:00:00+05:30
ptm_579add5d,poi_26fca860,poi_9af6a696,cab,20,4.935,0.844,20.70,MVR,297,2026-08-18T10:00:00+05:30
ptm_517a89e4,poi_26fca860,poi_a71ffa2e,cab,30,7.967,1.362,30.24,MVR,64,2026-08-18T10:00:00+05:30
ptm_c8a25c22,poi_26fca860,poi_c09c7423,cab,39,10.918,1.867,39.52,MVR,20,2026-08-18T10:00:00+05:30
ptm_e4581254,poi_26fca860,poi_3457ab13,cab,24,6.066,1.037,24.26,MVR,120,2026-08-18T10:00:00+05:30
ptm_e0307b60,poi_9af6a696,poi_9b3237a3,cab,40,11.261,1.926,40.60,MVR,105,2026-08-18T10:00:00+05:30
ptm_be80b691,poi_9af6a696,poi_48aa21f1,cab,40,11.379,1.946,40.97,MVR,44,2026-08-18T10:00:00+05:30
ptm_07109ffd,poi_9af6a696,poi_98cf2950,walk,38,2.824,0,0.00,MVR,161,2026-08-18T10:00:00+05:30
ptm_5304f143,poi_9af6a696,poi_98cf2950,cab,13,2.824,0.483,14.06,MVR,161,2026-08-18T10:00:00+05:30
ptm_c2de848a,poi_9af6a696,poi_567aa575,cab,34,9.203,1.574,34.12,MVR,69,2026-08-18T10:00:00+05:30
ptm_511a4d01,poi_9af6a696,poi_4cb3a2d4,cab,23,5.915,1.012,23.78,MVR,170,2026-08-18T10:00:00+05:30
ptm_0d3297e1,poi_9af6a696,poi_26fca860,cab,20,4.935,0.844,20.70,MVR,117,2026-08-18T10:00:00+05:30
ptm_f183f8c3,poi_9af6a696,poi_a71ffa2e,cab,41,11.633,1.989,41.77,MVR,84,2026-08-18T10:00:00+05:30
ptm_d2e5d833,poi_9af6a696,poi_c09c7423,cab,41,11.435,1.955,41.14,MVR,45,2026-08-18T10:00:00+05:30
ptm_073ee22d,poi_9af6a696,poi_3457ab13,cab,39,10.996,1.88,39.76,MVR,119,2026-08-18T10:00:00+05:30
ptm_be160c31,poi_a71ffa2e,poi_9b3237a3,walk,57,4.244,0,0.00,MVR,189,2026-08-18T10:00:00+05:30
ptm_a5a2c4a1,poi_a71ffa2e,poi_9b3237a3,cab,18,4.244,0.726,18.53,MVR,189,2026-08-18T10:00:00+05:30
ptm_28cb0223,poi_a71ffa2e,poi_48aa21f1,cab,29,7.852,1.343,29.88,MVR,332,2026-08-18T10:00:00+05:30
ptm_0d04fb39,poi_a71ffa2e,poi_98cf2950,cab,40,11.327,1.937,40.80,MVR,250,2026-08-18T10:00:00+05:30
ptm_fd68a7b5,poi_a71ffa2e,poi_567aa575,walk,48,3.561,0,0.00,MVR,304,2026-08-18T10:00:00+05:30
ptm_f0a366d5,poi_a71ffa2e,poi_567aa575,cab,16,3.561,0.609,16.38,MVR,304,2026-08-18T10:00:00+05:30
ptm_700ef1d3,poi_a71ffa2e,poi_4cb3a2d4,cab,45,12.697,2.171,45.11,MVR,236,2026-08-18T10:00:00+05:30
ptm_4e633819,poi_a71ffa2e,poi_26fca860,cab,30,7.967,1.362,30.24,MVR,244,2026-08-18T10:00:00+05:30
ptm_6b80c5fc,poi_a71ffa2e,poi_9af6a696,cab,41,11.633,1.989,41.77,MVR,264,2026-08-18T10:00:00+05:30
ptm_cba061ee,poi_a71ffa2e,poi_c09c7423,cab,28,7.585,1.297,29.03,MVR,333,2026-08-18T10:00:00+05:30
ptm_215883da,poi_a71ffa2e,poi_3457ab13,cab,26,6.843,1.17,26.70,MVR,196,2026-08-18T10:00:00+05:30
ptm_5f57da8a,poi_c09c7423,poi_9b3237a3,cab,40,11.292,1.931,40.69,MVR,166,2026-08-18T10:00:00+05:30
ptm_b68be571,poi_c09c7423,poi_48aa21f1,walk,5,0.304,0,0.00,MVR,304,2026-08-18T10:00:00+05:30
ptm_5d9af23d,poi_c09c7423,poi_48aa21f1,cab,5,0.304,0.052,6.14,MVR,304,2026-08-18T10:00:00+05:30
ptm_cb1af4c7,poi_c09c7423,poi_98cf2950,cab,45,12.892,2.205,45.73,MVR,214,2026-08-18T10:00:00+05:30
ptm_c0a5df52,poi_c09c7423,poi_567aa575,cab,20,4.803,0.821,20.29,MVR,174,2026-08-18T10:00:00+05:30
ptm_73a827e3,poi_c09c7423,poi_4cb3a2d4,cab,54,15.574,2.663,54.16,MVR,207,2026-08-18T10:00:00+05:30
ptm_0af46b42,poi_c09c7423,poi_26fca860,cab,39,10.918,1.867,39.52,MVR,200,2026-08-18T10:00:00+05:30
ptm_c934bd7b,poi_c09c7423,poi_9af6a696,cab,41,11.435,1.955,41.14,MVR,225,2026-08-18T10:00:00+05:30
ptm_9e2dbb8c,poi_c09c7423,poi_a71ffa2e,cab,28,7.585,1.297,29.03,MVR,153,2026-08-18T10:00:00+05:30
ptm_42262126,poi_c09c7423,poi_3457ab13,cab,47,13.416,2.294,47.37,MVR,174,2026-08-18T10:00:00+05:30
ptm_43bea824,poi_3457ab13,poi_9b3237a3,walk,36,2.682,0,0.00,MVR,28,2026-08-18T10:00:00+05:30
ptm_49dc5c7c,poi_3457ab13,poi_9b3237a3,cab,13,2.682,0.459,13.61,MVR,28,2026-08-18T10:00:00+05:30
ptm_4d0678da,poi_3457ab13,poi_48aa21f1,cab,47,13.616,2.328,48.00,MVR,353,2026-08-18T10:00:00+05:30
ptm_9ce641b5,poi_3457ab13,poi_98cf2950,cab,33,9.085,1.554,33.75,MVR,287,2026-08-18T10:00:00+05:30
ptm_0a077fd2,poi_3457ab13,poi_567aa575,cab,32,8.613,1.473,32.27,MVR,353,2026-08-18T10:00:00+05:30
ptm_cf67af2a,poi_3457ab13,poi_4cb3a2d4,cab,32,8.62,1.474,32.29,MVR,266,2026-08-18T10:00:00+05:30
ptm_889a47cd,poi_3457ab13,poi_26fca860,cab,24,6.066,1.037,24.26,MVR,300,2026-08-18T10:00:00+05:30
ptm_b4cf7995,poi_3457ab13,poi_9af6a696,cab,39,10.996,1.88,39.76,MVR,299,2026-08-18T10:00:00+05:30
ptm_8d4fae26,poi_3457ab13,poi_a71ffa2e,cab,26,6.843,1.17,26.70,MVR,16,2026-08-18T10:00:00+05:30
ptm_0ecb7ab4,poi_3457ab13,poi_c09c7423,cab,47,13.416,2.294,47.37,MVR,354,2026-08-18T10:00:00+05:30
ptm_816cc7d9,poi_09409c63,poi_83533555,walk,51,3.819,0,0.00,AED,296,2026-08-18T10:00:00+05:30
ptm_facf537a,poi_09409c63,poi_83533555,cab,17,3.819,0.653,4.10,AED,296,2026-08-18T10:00:00+05:30
ptm_95b7bc97,poi_09409c63,poi_80512660,cab,26,6.854,1.172,6.37,AED,213,2026-08-18T10:00:00+05:30
ptm_4d5f00bc,poi_09409c63,poi_34992d1f,cab,27,7.077,1.21,6.54,AED,204,2026-08-18T10:00:00+05:30
ptm_7adb4616,poi_09409c63,poi_ca481e64,cab,31,8.394,1.435,7.53,AED,180,2026-08-18T10:00:00+05:30
ptm_8605aa4e,poi_09409c63,poi_33111021,cab,44,12.356,2.113,10.50,AED,103,2026-08-18T10:00:00+05:30
ptm_95eda80e,poi_09409c63,poi_34b126e7,walk,40,2.982,0,0.00,AED,118,2026-08-18T10:00:00+05:30
ptm_dd976d5f,poi_09409c63,poi_34b126e7,cab,14,2.982,0.51,3.47,AED,118,2026-08-18T10:00:00+05:30
ptm_096693b5,poi_09409c63,poi_354a6a7e,walk,46,3.435,0,0.00,AED,226,2026-08-18T10:00:00+05:30
ptm_fc36d8e3,poi_09409c63,poi_354a6a7e,cab,15,3.435,0.587,3.81,AED,226,2026-08-18T10:00:00+05:30
ptm_ebdb104a,poi_09409c63,poi_2ef9dd71,cab,30,8.017,1.371,7.25,AED,93,2026-08-18T10:00:00+05:30
ptm_e1d1f0e0,poi_09409c63,poi_0b57a65c,walk,45,3.309,0,0.00,AED,135,2026-08-18T10:00:00+05:30
ptm_181137ef,poi_09409c63,poi_0b57a65c,cab,15,3.309,0.566,3.72,AED,135,2026-08-18T10:00:00+05:30
ptm_7103d92a,poi_83533555,poi_09409c63,walk,51,3.819,0,0.00,AED,116,2026-08-18T10:00:00+05:30
ptm_6f4a3b22,poi_83533555,poi_09409c63,cab,17,3.819,0.653,4.10,AED,116,2026-08-18T10:00:00+05:30
ptm_35636f97,poi_83533555,poi_80512660,cab,28,7.405,1.266,6.79,AED,183,2026-08-18T10:00:00+05:30
ptm_704dfc54,poi_83533555,poi_34992d1f,cab,30,8.138,1.392,7.34,AED,176,2026-08-18T10:00:00+05:30
ptm_bef1bc07,poi_83533555,poi_ca481e64,cab,38,10.645,1.82,9.22,AED,161,2026-08-18T10:00:00+05:30
ptm_370309d4,poi_83533555,poi_33111021,cab,55,16.097,2.753,13.30,AED,106,2026-08-18T10:00:00+05:30
ptm_0507cea0,poi_83533555,poi_34b126e7,cab,26,6.8,1.163,6.33,AED,117,2026-08-18T10:00:00+05:30
ptm_9cc2294b,poi_83533555,poi_354a6a7e,walk,56,4.163,0,0.00,AED,167,2026-08-18T10:00:00+05:30
ptm_f0b18d8e,poi_83533555,poi_354a6a7e,cab,18,4.163,0.712,4.36,AED,167,2026-08-18T10:00:00+05:30
ptm_51eafb5e,poi_83533555,poi_2ef9dd71,cab,41,11.625,1.988,9.95,AED,100,2026-08-18T10:00:00+05:30
ptm_09cd5d97,poi_83533555,poi_0b57a65c,cab,27,7.028,1.202,6.50,AED,125,2026-08-18T10:00:00+05:30
ptm_478b974e,poi_80512660,poi_09409c63,cab,26,6.854,1.172,6.37,AED,33,2026-08-18T10:00:00+05:30
ptm_011ae6b5,poi_80512660,poi_83533555,cab,28,7.405,1.266,6.79,AED,3,2026-08-18T10:00:00+05:30
ptm_3555c58d,poi_80512660,poi_34992d1f,walk,16,1.119,0,0.00,AED,130,2026-08-18T10:00:00+05:30
ptm_17539295,poi_80512660,poi_34992d1f,cab,8,1.119,0.191,2.07,AED,130,2026-08-18T10:00:00+05:30
ptm_c8058935,poi_80512660,poi_ca481e64,cab,19,4.64,0.793,4.71,AED,125,2026-08-18T10:00:00+05:30
ptm_45fb75a9,poi_80512660,poi_33111021,cab,55,16.108,2.755,13.31,AED,79,2026-08-18T10:00:00+05:30
ptm_059d2cd3,poi_80512660,poi_34b126e7,cab,29,7.721,1.32,7.02,AED,56,2026-08-18T10:00:00+05:30
ptm_28eb229d,poi_80512660,poi_354a6a7e,walk,48,3.587,0,0.00,AED,21,2026-08-18T10:00:00+05:30
ptm_51146af5,poi_80512660,poi_354a6a7e,cab,16,3.587,0.613,3.92,AED,21,2026-08-18T10:00:00+05:30
ptm_a3c380d2,poi_80512660,poi_2ef9dd71,cab,45,12.929,2.211,10.93,AED,66,2026-08-18T10:00:00+05:30
ptm_e43db14c,poi_80512660,poi_0b57a65c,cab,27,6.972,1.192,6.46,AED,61,2026-08-18T10:00:00+05:30
ptm_9f4edf27,poi_34992d1f,poi_09409c63,cab,27,7.077,1.21,6.54,AED,24,2026-08-18T10:00:00+05:30
ptm_1f41f129,poi_34992d1f,poi_83533555,cab,30,8.138,1.392,7.34,AED,356,2026-08-18T10:00:00+05:30
ptm_b91685d9,poi_34992d1f,poi_80512660,walk,16,1.119,0,0.00,AED,310,2026-08-18T10:00:00+05:30
ptm_188f4b87,poi_34992d1f,poi_80512660,cab,8,1.119,0.191,2.07,AED,310,2026-08-18T10:00:00+05:30
ptm_783cf470,poi_34992d1f,poi_ca481e64,walk,48,3.527,0,0.00,AED,124,2026-08-18T10:00:00+05:30
ptm_ab6b1c35,poi_34992d1f,poi_ca481e64,cab,16,3.527,0.603,3.88,AED,124,2026-08-18T10:00:00+05:30
ptm_9ab3f873,poi_34992d1f,poi_33111021,cab,53,15.43,2.639,12.80,AED,76,2026-08-18T10:00:00+05:30
ptm_b8278741,poi_34992d1f,poi_34b126e7,cab,28,7.497,1.282,6.85,AED,48,2026-08-18T10:00:00+05:30
ptm_9cae3a46,poi_34992d1f,poi_354a6a7e,walk,55,4.093,0,0.00,AED,6,2026-08-18T10:00:00+05:30
ptm_25f2e5d7,poi_34992d1f,poi_354a6a7e,cab,17,4.093,0.7,4.30,AED,6,2026-08-18T10:00:00+05:30
ptm_8925f970,poi_34992d1f,poi_2ef9dd71,cab,44,12.491,2.136,10.60,AED,61,2026-08-18T10:00:00+05:30
ptm_3846f822,poi_34992d1f,poi_0b57a65c,cab,26,6.658,1.139,6.23,AED,52,2026-08-18T10:00:00+05:30
ptm_2dcafbd6,poi_ca481e64,poi_09409c63,cab,31,8.394,1.435,7.53,AED,360,2026-08-18T10:00:00+05:30
ptm_edecc96c,poi_ca481e64,poi_83533555,cab,38,10.645,1.82,9.22,AED,341,2026-08-18T10:00:00+05:30
ptm_7233c923,poi_ca481e64,poi_80512660,cab,19,4.64,0.793,4.71,AED,305,2026-08-18T10:00:00+05:30
ptm_8580bb24,poi_ca481e64,poi_34992d1f,walk,48,3.527,0,0.00,AED,304,2026-08-18T10:00:00+05:30
ptm_ee7c13f5,poi_ca481e64,poi_34992d1f,cab,16,3.527,0.603,3.88,AED,304,2026-08-18T10:00:00+05:30
ptm_8d79869c,poi_ca481e64,poi_33111021,cab,47,13.304,2.275,11.21,AED,65,2026-08-18T10:00:00+05:30
ptm_8ea8cc59,poi_ca481e64,poi_34b126e7,cab,28,7.458,1.275,6.83,AED,20,2026-08-18T10:00:00+05:30
ptm_25194463,poi_ca481e64,poi_354a6a7e,cab,25,6.515,1.114,6.12,AED,337,2026-08-18T10:00:00+05:30
ptm_9c372661,poi_ca481e64,poi_2ef9dd71,cab,40,11.303,1.933,9.71,AED,45,2026-08-18T10:00:00+05:30
ptm_2be4e053,poi_ca481e64,poi_0b57a65c,cab,25,6.47,1.106,6.09,AED,21,2026-08-18T10:00:00+05:30
ptm_6ffd86bf,poi_33111021,poi_09409c63,cab,44,12.356,2.113,10.50,AED,283,2026-08-18T10:00:00+05:30
ptm_ecd42be9,poi_33111021,poi_83533555,cab,55,16.097,2.753,13.30,AED,286,2026-08-18T10:00:00+05:30
ptm_f2e2275d,poi_33111021,poi_80512660,cab,55,16.108,2.755,13.31,AED,259,2026-08-18T10:00:00+05:30
ptm_c01ca552,poi_33111021,poi_34992d1f,cab,53,15.43,2.639,12.80,AED,256,2026-08-18T10:00:00+05:30
ptm_b5ea23f0,poi_33111021,poi_ca481e64,cab,47,13.304,2.275,11.21,AED,245,2026-08-18T10:00:00+05:30
ptm_c34354de,poi_33111021,poi_34b126e7,cab,35,9.515,1.627,8.37,AED,278,2026-08-18T10:00:00+05:30
ptm_1fee0f42,poi_33111021,poi_354a6a7e,cab,50,14.536,2.486,12.13,AED,271,2026-08-18T10:00:00+05:30
ptm_4bbb9736,poi_33111021,poi_2ef9dd71,cab,19,4.666,0.798,4.73,AED,300,2026-08-18T10:00:00+05:30
ptm_58711a40,poi_33111021,poi_0b57a65c,cab,35,9.731,1.664,8.53,AED,272,2026-08-18T10:00:00+05:30
ptm_5722837c,poi_34b126e7,poi_09409c63,walk,40,2.982,0,0.00,AED,298,2026-08-18T10:00:00+05:30
ptm_dc3bb5ea,poi_34b126e7,poi_09409c63,cab,14,2.982,0.51,3.47,AED,298,2026-08-18T10:00:00+05:30
ptm_25e8d18f,poi_34b126e7,poi_83533555,cab,26,6.8,1.163,6.33,AED,297,2026-08-18T10:00:00+05:30
ptm_52db500f,poi_34b126e7,poi_80512660,cab,29,7.721,1.32,7.02,AED,236,2026-08-18T10:00:00+05:30
ptm_cdc10de9,poi_34b126e7,poi_34992d1f,cab,28,7.497,1.282,6.85,AED,228,2026-08-18T10:00:00+05:30
ptm_30a5e3dd,poi_34b126e7,poi_ca481e64,cab,28,7.458,1.275,6.83,AED,200,2026-08-18T10:00:00+05:30
ptm_c7479589,poi_34b126e7,poi_33111021,cab,35,9.515,1.627,8.37,AED,98,2026-08-18T10:00:00+05:30
ptm_56824ea4,poi_34b126e7,poi_354a6a7e,cab,21,5.2,0.889,5.13,AED,259,2026-08-18T10:00:00+05:30
ptm_d00fe4de,poi_34b126e7,poi_2ef9dd71,cab,22,5.472,0.936,5.34,AED,79,2026-08-18T10:00:00+05:30
ptm_0c0e0f13,poi_34b126e7,poi_0b57a65c,walk,14,0.99,0,0.00,AED,198,2026-08-18T10:00:00+05:30
ptm_0f1530fb,poi_34b126e7,poi_0b57a65c,cab,8,0.99,0.169,1.98,AED,198,2026-08-18T10:00:00+05:30
ptm_d58505de,poi_354a6a7e,poi_09409c63,walk,46,3.435,0,0.00,AED,46,2026-08-18T10:00:00+05:30
ptm_c8f4feb0,poi_354a6a7e,poi_09409c63,cab,15,3.435,0.587,3.81,AED,46,2026-08-18T10:00:00+05:30
ptm_6d86bfcb,poi_354a6a7e,poi_83533555,walk,56,4.163,0,0.00,AED,347,2026-08-18T10:00:00+05:30
ptm_15741965,poi_354a6a7e,poi_83533555,cab,18,4.163,0.712,4.36,AED,347,2026-08-18T10:00:00+05:30
ptm_68153921,poi_354a6a7e,poi_80512660,walk,48,3.587,0,0.00,AED,201,2026-08-18T10:00:00+05:30
ptm_8f645f9f,poi_354a6a7e,poi_80512660,cab,16,3.587,0.613,3.92,AED,201,2026-08-18T10:00:00+05:30
ptm_5009699e,poi_354a6a7e,poi_34992d1f,walk,55,4.093,0,0.00,AED,186,2026-08-18T10:00:00+05:30
ptm_5b17792c,poi_354a6a7e,poi_34992d1f,cab,17,4.093,0.7,4.30,AED,186,2026-08-18T10:00:00+05:30
ptm_9b9780c9,poi_354a6a7e,poi_ca481e64,cab,25,6.515,1.114,6.12,AED,157,2026-08-18T10:00:00+05:30
ptm_7f0828dd,poi_354a6a7e,poi_33111021,cab,50,14.536,2.486,12.13,AED,91,2026-08-18T10:00:00+05:30
ptm_dcaf5e56,poi_354a6a7e,poi_34b126e7,cab,21,5.2,0.889,5.13,AED,79,2026-08-18T10:00:00+05:30
ptm_9f297262,poi_354a6a7e,poi_2ef9dd71,cab,38,10.672,1.825,9.24,AED,79,2026-08-18T10:00:00+05:30
ptm_0a1caa77,poi_354a6a7e,poi_0b57a65c,cab,20,4.808,0.822,4.84,AED,90,2026-08-18T10:00:00+05:30
ptm_79940c1e,poi_2ef9dd71,poi_09409c63,cab,30,8.017,1.371,7.25,AED,273,2026-08-18T10:00:00+05:30
ptm_5bb1eff1,poi_2ef9dd71,poi_83533555,cab,41,11.625,1.988,9.95,AED,280,2026-08-18T10:00:00+05:30
ptm_d18d4daa,poi_2ef9dd71,poi_80512660,cab,45,12.929,2.211,10.93,AED,246,2026-08-18T10:00:00+05:30
ptm_f38ac9a7,poi_2ef9dd71,poi_34992d1f,cab,44,12.491,2.136,10.60,AED,241,2026-08-18T10:00:00+05:30
ptm_c0578865,poi_2ef9dd71,poi_ca481e64,cab,40,11.303,1.933,9.71,AED,225,2026-08-18T10:00:00+05:30
ptm_9a456389,poi_2ef9dd71,poi_33111021,cab,19,4.666,0.798,4.73,AED,120,2026-08-18T10:00:00+05:30
ptm_cadb33fa,poi_2ef9dd71,poi_34b126e7,cab,22,5.472,0.936,5.34,AED,259,2026-08-18T10:00:00+05:30
ptm_411793be,poi_2ef9dd71,poi_354a6a7e,cab,38,10.672,1.825,9.24,AED,259,2026-08-18T10:00:00+05:30
ptm_a4a14353,poi_2ef9dd71,poi_0b57a65c,cab,23,6.005,1.027,5.74,AED,251,2026-08-18T10:00:00+05:30
ptm_3c1efb0e,poi_0b57a65c,poi_09409c63,walk,45,3.309,0,0.00,AED,315,2026-08-18T10:00:00+05:30
ptm_44964f36,poi_0b57a65c,poi_09409c63,cab,15,3.309,0.566,3.72,AED,315,2026-08-18T10:00:00+05:30
ptm_56c47eea,poi_0b57a65c,poi_83533555,cab,27,7.028,1.202,6.50,AED,305,2026-08-18T10:00:00+05:30
ptm_4f33ddf4,poi_0b57a65c,poi_80512660,cab,27,6.972,1.192,6.46,AED,241,2026-08-18T10:00:00+05:30
ptm_95762252,poi_0b57a65c,poi_34992d1f,cab,26,6.658,1.139,6.23,AED,232,2026-08-18T10:00:00+05:30
ptm_f63523fe,poi_0b57a65c,poi_ca481e64,cab,25,6.47,1.106,6.09,AED,201,2026-08-18T10:00:00+05:30
ptm_54c5b83e,poi_0b57a65c,poi_33111021,cab,35,9.731,1.664,8.53,AED,92,2026-08-18T10:00:00+05:30
ptm_8938c851,poi_0b57a65c,poi_34b126e7,walk,14,0.99,0,0.00,AED,18,2026-08-18T10:00:00+05:30
ptm_f981333b,poi_0b57a65c,poi_34b126e7,cab,8,0.99,0.169,1.98,AED,18,2026-08-18T10:00:00+05:30
ptm_bb23765c,poi_0b57a65c,poi_354a6a7e,cab,20,4.808,0.822,4.84,AED,270,2026-08-18T10:00:00+05:30
ptm_6653605c,poi_0b57a65c,poi_2ef9dd71,cab,23,6.005,1.027,5.74,AED,71,2026-08-18T10:00:00+05:30
ptm_2b667bdf,poi_88179724,poi_76a11c20,cab,36,9.996,1.709,8.73,AED,292,2026-08-18T10:00:00+05:30
ptm_bf436153,poi_88179724,poi_6a46e565,cab,38,10.738,1.836,9.29,AED,299,2026-08-18T10:00:00+05:30
ptm_8c66ab1c,poi_88179724,poi_6ba7ee43,walk,58,4.336,0,0.00,AED,105,2026-08-18T10:00:00+05:30
ptm_8ce3777a,poi_88179724,poi_6ba7ee43,cab,18,4.336,0.742,4.49,AED,105,2026-08-18T10:00:00+05:30
ptm_5f6fe8be,poi_88179724,poi_1b0e68c0,cab,34,9.353,1.599,8.25,AED,42,2026-08-18T10:00:00+05:30
ptm_06c83c91,poi_88179724,poi_4c0e8968,walk,26,1.899,0,0.00,AED,291,2026-08-18T10:00:00+05:30
ptm_4504a3eb,poi_88179724,poi_4c0e8968,cab,10,1.899,0.325,2.66,AED,291,2026-08-18T10:00:00+05:30
ptm_7dabd048,poi_88179724,poi_6be08c1c,walk,27,1.946,0,0.00,AED,292,2026-08-18T10:00:00+05:30
ptm_63bf2b3b,poi_88179724,poi_6be08c1c,cab,11,1.946,0.333,2.69,AED,292,2026-08-18T10:00:00+05:30
ptm_85dab5ef,poi_88179724,poi_ebbd9619,cab,25,6.539,1.118,6.14,AED,5,2026-08-18T10:00:00+05:30
ptm_de678d4b,poi_88179724,poi_a2c46b6b,cab,23,5.942,1.016,5.69,AED,33,2026-08-18T10:00:00+05:30
ptm_31101884,poi_88179724,poi_7d1dd83c,cab,31,8.478,1.45,7.59,AED,43,2026-08-18T10:00:00+05:30
ptm_19cec2db,poi_76a11c20,poi_88179724,cab,36,9.996,1.709,8.73,AED,112,2026-08-18T10:00:00+05:30
ptm_b94fa45e,poi_76a11c20,poi_6a46e565,walk,20,1.392,0,0.00,AED,353,2026-08-18T10:00:00+05:30
ptm_a02c0c6a,poi_76a11c20,poi_6a46e565,cab,9,1.392,0.238,2.28,AED,353,2026-08-18T10:00:00+05:30
ptm_b5ed4a2e,poi_76a11c20,poi_6ba7ee43,cab,50,14.306,2.446,11.96,AED,110,2026-08-18T10:00:00+05:30
ptm_2e561357,poi_76a11c20,poi_1b0e68c0,cab,54,15.824,2.706,13.10,AED,78,2026-08-18T10:00:00+05:30
ptm_d9c3dcb7,poi_76a11c20,poi_4c0e8968,cab,30,8.098,1.385,7.31,AED,113,2026-08-18T10:00:00+05:30
ptm_cbda6aad,poi_76a11c20,poi_6be08c1c,cab,30,8.05,1.377,7.27,AED,112,2026-08-18T10:00:00+05:30
ptm_1362f956,poi_76a11c20,poi_ebbd9619,cab,37,10.233,1.75,8.91,AED,74,2026-08-18T10:00:00+05:30
ptm_8d395ee6,poi_76a11c20,poi_a2c46b6b,cab,44,12.514,2.14,10.62,AED,84,2026-08-18T10:00:00+05:30
ptm_cbbb9692,poi_76a11c20,poi_7d1dd83c,cab,52,15.19,2.597,12.62,AED,81,2026-08-18T10:00:00+05:30
ptm_0e4b61ce,poi_6a46e565,poi_88179724,cab,38,10.738,1.836,9.29,AED,119,2026-08-18T10:00:00+05:30
ptm_31b96b99,poi_6a46e565,poi_76a11c20,walk,20,1.392,0,0.00,AED,173,2026-08-18T10:00:00+05:30
ptm_7b3460b1,poi_6a46e565,poi_76a11c20,cab,9,1.392,0.238,2.28,AED,173,2026-08-18T10:00:00+05:30
ptm_97e20b51,poi_6a46e565,poi_6ba7ee43,cab,52,14.982,2.562,12.47,AED,115,2026-08-18T10:00:00+05:30
ptm_1e5a2ffa,poi_6a46e565,poi_1b0e68c0,cab,54,15.766,2.696,13.05,AED,83,2026-08-18T10:00:00+05:30
ptm_659b4876,poi_6a46e565,poi_4c0e8968,cab,32,8.861,1.515,7.88,AED,120,2026-08-18T10:00:00+05:30
ptm_6c387709,poi_6a46e565,poi_6be08c1c,cab,32,8.806,1.506,7.84,AED,120,2026-08-18T10:00:00+05:30
ptm_1224dca1,poi_6a46e565,poi_ebbd9619,cab,36,10.114,1.73,8.82,AED,82,2026-08-18T10:00:00+05:30
ptm_29bc12b1,poi_6a46e565,poi_a2c46b6b,cab,44,12.617,2.157,10.69,AED,91,2026-08-18T10:00:00+05:30
ptm_2d939110,poi_6a46e565,poi_7d1dd83c,cab,52,15.19,2.597,12.62,AED,86,2026-08-18T10:00:00+05:30
ptm_a7d58d1c,poi_6ba7ee43,poi_88179724,walk,58,4.336,0,0.00,AED,285,2026-08-18T10:00:00+05:30
ptm_798f0b27,poi_6ba7ee43,poi_88179724,cab,18,4.336,0.742,4.49,AED,285,2026-08-18T10:00:00+05:30
ptm_dd5d1db9,poi_6ba7ee43,poi_76a11c20,cab,50,14.306,2.446,11.96,AED,290,2026-08-18T10:00:00+05:30
ptm_1d355552,poi_6ba7ee43,poi_6a46e565,cab,52,14.982,2.562,12.47,AED,295,2026-08-18T10:00:00+05:30
ptm_99ceed0f,poi_6ba7ee43,poi_1b0e68c0,cab,31,8.317,1.422,7.47,AED,14,2026-08-18T10:00:00+05:30
ptm_b9c2ec0e,poi_6ba7ee43,poi_4c0e8968,cab,24,6.228,1.065,5.90,AED,287,2026-08-18T10:00:00+05:30
ptm_42cb34c7,poi_6ba7ee43,poi_6be08c1c,cab,24,6.27,1.072,5.94,AED,287,2026-08-18T10:00:00+05:30
ptm_1d2cceb2,poi_6ba7ee43,poi_ebbd9619,cab,31,8.412,1.439,7.54,AED,335,2026-08-18T10:00:00+05:30
ptm_3c0590bc,poi_6ba7ee43,poi_a2c46b6b,cab,24,6.186,1.058,5.87,AED,351,2026-08-18T10:00:00+05:30
ptm_5a1b7a7f,poi_6ba7ee43,poi_7d1dd83c,cab,28,7.502,1.283,6.86,AED,12,2026-08-18T10:00:00+05:30
ptm_2738e3b7,poi_1b0e68c0,poi_88179724,cab,34,9.353,1.599,8.25,AED,222,2026-08-18T10:00:00+05:30
ptm_fbc23b31,poi_1b0e68c0,poi_76a11c20,cab,54,15.824,2.706,13.10,AED,258,2026-08-18T10:00:00+05:30
ptm_298e5978,poi_1b0e68c0,poi_6a46e565,cab,54,15.766,2.696,13.05,AED,263,2026-08-18T10:00:00+05:30
ptm_c0f08ab1,poi_1b0e68c0,poi_6ba7ee43,cab,31,8.317,1.422,7.47,AED,194,2026-08-18T10:00:00+05:30
ptm_20647e43,poi_1b0e68c0,poi_4c0e8968,cab,37,10.194,1.743,8.88,AED,232,2026-08-18T10:00:00+05:30
ptm_fcbca7f9,poi_1b0e68c0,poi_6be08c1c,cab,37,10.167,1.739,8.86,AED,232,2026-08-18T10:00:00+05:30
ptm_c8dedf6c,poi_1b0e68c0,poi_ebbd9619,cab,22,5.657,0.967,5.48,AED,265,2026-08-18T10:00:00+05:30
ptm_28b9e855,poi_1b0e68c0,poi_a2c46b6b,walk,49,3.62,0,0.00,AED,237,2026-08-18T10:00:00+05:30
ptm_90c3fbdc,poi_1b0e68c0,poi_a2c46b6b,cab,16,3.62,0.619,3.95,AED,237,2026-08-18T10:00:00+05:30
ptm_edea2990,poi_1b0e68c0,poi_7d1dd83c,walk,13,0.881,0,0.00,AED,216,2026-08-18T10:00:00+05:30
ptm_4d01c8de,poi_1b0e68c0,poi_7d1dd83c,cab,7,0.881,0.151,1.90,AED,216,2026-08-18T10:00:00+05:30
ptm_ba4f13e3,poi_4c0e8968,poi_88179724,walk,26,1.899,0,0.00,AED,111,2026-08-18T10:00:00+05:30
ptm_b72372f7,poi_4c0e8968,poi_88179724,cab,10,1.899,0.325,2.66,AED,111,2026-08-18T10:00:00+05:30
ptm_fb6da2d1,poi_4c0e8968,poi_76a11c20,cab,30,8.098,1.385,7.31,AED,293,2026-08-18T10:00:00+05:30
ptm_71b42701,poi_4c0e8968,poi_6a46e565,cab,32,8.861,1.515,7.88,AED,300,2026-08-18T10:00:00+05:30
ptm_409c8916,poi_4c0e8968,poi_6ba7ee43,cab,24,6.228,1.065,5.90,AED,106,2026-08-18T10:00:00+05:30
ptm_f859298c,poi_4c0e8968,poi_1b0e68c0,cab,37,10.194,1.743,8.88,AED,52,2026-08-18T10:00:00+05:30
ptm_c43f7940,poi_4c0e8968,poi_6be08c1c,walk,3,0.15,0,0.00,AED,343,2026-08-18T10:00:00+05:30
ptm_6edc6a42,poi_4c0e8968,poi_6be08c1c,cab,5,0.15,0.026,1.35,AED,343,2026-08-18T10:00:00+05:30
ptm_cdc4d271,poi_4c0e8968,poi_ebbd9619,cab,24,6.307,1.078,5.96,AED,22,2026-08-18T10:00:00+05:30
ptm_9dcc884c,poi_4c0e8968,poi_a2c46b6b,cab,25,6.599,1.128,6.18,AED,49,2026-08-18T10:00:00+05:30
ptm_ad7a8650,poi_4c0e8968,poi_7d1dd83c,cab,34,9.352,1.599,8.25,AED,53,2026-08-18T10:00:00+05:30
ptm_f927edbb,poi_6be08c1c,poi_88179724,walk,27,1.946,0,0.00,AED,112,2026-08-18T10:00:00+05:30
ptm_712ecf4e,poi_6be08c1c,poi_88179724,cab,11,1.946,0.333,2.69,AED,112,2026-08-18T10:00:00+05:30
ptm_076770fb,poi_6be08c1c,poi_76a11c20,cab,30,8.05,1.377,7.27,AED,292,2026-08-18T10:00:00+05:30
ptm_9f29126f,poi_6be08c1c,poi_6a46e565,cab,32,8.806,1.506,7.84,AED,300,2026-08-18T10:00:00+05:30
ptm_048f870e,poi_6be08c1c,poi_6ba7ee43,cab,24,6.27,1.072,5.94,AED,107,2026-08-18T10:00:00+05:30
ptm_e0fe4803,poi_6be08c1c,poi_1b0e68c0,cab,37,10.167,1.739,8.86,AED,52,2026-08-18T10:00:00+05:30
ptm_5d9e63a8,poi_6be08c1c,poi_4c0e8968,walk,3,0.15,0,0.00,AED,163,2026-08-18T10:00:00+05:30
ptm_e8105699,poi_6be08c1c,poi_4c0e8968,cab,5,0.15,0.026,1.35,AED,163,2026-08-18T10:00:00+05:30
ptm_90a42c6d,poi_6be08c1c,poi_ebbd9619,cab,24,6.248,1.068,5.92,AED,23,2026-08-18T10:00:00+05:30
ptm_86491cfc,poi_6be08c1c,poi_a2c46b6b,cab,25,6.569,1.123,6.16,AED,50,2026-08-18T10:00:00+05:30
ptm_78a6da95,poi_6be08c1c,poi_7d1dd83c,cab,34,9.327,1.595,8.23,AED,54,2026-08-18T10:00:00+05:30
ptm_51369171,poi_ebbd9619,poi_88179724,cab,25,6.539,1.118,6.14,AED,185,2026-08-18T10:00:00+05:30
ptm_b4a431bb,poi_ebbd9619,poi_76a11c20,cab,37,10.233,1.75,8.91,AED,255,2026-08-18T10:00:00+05:30
ptm_a87bad78,poi_ebbd9619,poi_6a46e565,cab,36,10.114,1.73,8.82,AED,262,2026-08-18T10:00:00+05:30
ptm_e314ffc5,poi_ebbd9619,poi_6ba7ee43,cab,31,8.412,1.439,7.54,AED,155,2026-08-18T10:00:00+05:30
ptm_a33c2300,poi_ebbd9619,poi_1b0e68c0,cab,22,5.657,0.967,5.48,AED,85,2026-08-18T10:00:00+05:30
ptm_d807ffda,poi_ebbd9619,poi_4c0e8968,cab,24,6.307,1.078,5.96,AED,202,2026-08-18T10:00:00+05:30
ptm_00461cc4,poi_ebbd9619,poi_6be08c1c,cab,24,6.248,1.068,5.92,AED,203,2026-08-18T10:00:00+05:30
ptm_06773f20,poi_ebbd9619,poi_a2c46b6b,walk,41,2.997,0,0.00,AED,120,2026-08-18T10:00:00+05:30
ptm_8f943757,poi_ebbd9619,poi_a2c46b6b,cab,14,2.997,0.512,3.48,AED,120,2026-08-18T10:00:00+05:30
ptm_2ba0e2c0,poi_ebbd9619,poi_7d1dd83c,cab,21,5.134,0.878,5.08,AED,93,2026-08-18T10:00:00+05:30
ptm_ecf7bbf7,poi_a2c46b6b,poi_88179724,cab,23,5.942,1.016,5.69,AED,213,2026-08-18T10:00:00+05:30
ptm_b0b11249,poi_a2c46b6b,poi_76a11c20,cab,44,12.514,2.14,10.62,AED,264,2026-08-18T10:00:00+05:30
ptm_8376fb11,poi_a2c46b6b,poi_6a46e565,cab,44,12.617,2.157,10.69,AED,271,2026-08-18T10:00:00+05:30
ptm_d7e017bb,poi_a2c46b6b,poi_6ba7ee43,cab,24,6.186,1.058,5.87,AED,171,2026-08-18T10:00:00+05:30
ptm_7ca43a80,poi_a2c46b6b,poi_1b0e68c0,walk,49,3.62,0,0.00,AED,57,2026-08-18T10:00:00+05:30
ptm_3162e8b7,poi_a2c46b6b,poi_1b0e68c0,cab,16,3.62,0.619,3.95,AED,57,2026-08-18T10:00:00+05:30
ptm_0795bf79,poi_a2c46b6b,poi_4c0e8968,cab,25,6.599,1.128,6.18,AED,229,2026-08-18T10:00:00+05:30
ptm_d9ce8559,poi_a2c46b6b,poi_6be08c1c,cab,25,6.569,1.123,6.16,AED,230,2026-08-18T10:00:00+05:30
ptm_d92f7c72,poi_a2c46b6b,poi_ebbd9619,walk,41,2.997,0,0.00,AED,300,2026-08-18T10:00:00+05:30
ptm_42d05d0a,poi_a2c46b6b,poi_ebbd9619,cab,14,2.997,0.512,3.48,AED,300,2026-08-18T10:00:00+05:30
ptm_2c3ae856,poi_a2c46b6b,poi_7d1dd83c,walk,38,2.821,0,0.00,AED,64,2026-08-18T10:00:00+05:30
ptm_776642b3,poi_a2c46b6b,poi_7d1dd83c,cab,13,2.821,0.482,3.35,AED,64,2026-08-18T10:00:00+05:30
ptm_b273bec8,poi_7d1dd83c,poi_88179724,cab,31,8.478,1.45,7.59,AED,223,2026-08-18T10:00:00+05:30
ptm_93b17a44,poi_7d1dd83c,poi_76a11c20,cab,52,15.19,2.597,12.62,AED,261,2026-08-18T10:00:00+05:30
ptm_0363d7a9,poi_7d1dd83c,poi_6a46e565,cab,52,15.19,2.597,12.62,AED,266,2026-08-18T10:00:00+05:30
ptm_bdcdd00c,poi_7d1dd83c,poi_6ba7ee43,cab,28,7.502,1.283,6.86,AED,192,2026-08-18T10:00:00+05:30
ptm_6746f3fc,poi_7d1dd83c,poi_1b0e68c0,walk,13,0.881,0,0.00,AED,36,2026-08-18T10:00:00+05:30
ptm_8c077a88,poi_7d1dd83c,poi_1b0e68c0,cab,7,0.881,0.151,1.90,AED,36,2026-08-18T10:00:00+05:30
ptm_3250d9aa,poi_7d1dd83c,poi_4c0e8968,cab,34,9.352,1.599,8.25,AED,233,2026-08-18T10:00:00+05:30
ptm_c450e9ce,poi_7d1dd83c,poi_6be08c1c,cab,34,9.327,1.595,8.23,AED,234,2026-08-18T10:00:00+05:30
ptm_b4495934,poi_7d1dd83c,poi_ebbd9619,cab,21,5.134,0.878,5.08,AED,273,2026-08-18T10:00:00+05:30
ptm_1347ff0b,poi_7d1dd83c,poi_a2c46b6b,walk,38,2.821,0,0.00,AED,244,2026-08-18T10:00:00+05:30
ptm_75b29099,poi_7d1dd83c,poi_a2c46b6b,cab,13,2.821,0.482,3.35,AED,244,2026-08-18T10:00:00+05:30
ptm_e5e94c9e,poi_b76d6bf5,poi_f5306b2a,cab,54,15.548,2.659,12.77,QAR,140,2026-08-18T10:00:00+05:30
ptm_e892053e,poi_b76d6bf5,poi_c54e9c8a,cab,34,9.403,1.608,8.21,QAR,197,2026-08-18T10:00:00+05:30
ptm_5e65a646,poi_b76d6bf5,poi_47d68050,cab,29,7.68,1.313,6.93,QAR,154,2026-08-18T10:00:00+05:30
ptm_f39c112d,poi_b76d6bf5,poi_f161b897,cab,34,9.217,1.576,8.07,QAR,120,2026-08-18T10:00:00+05:30
ptm_0be7e230,poi_b76d6bf5,poi_53bf0d16,cab,36,9.976,1.706,8.63,QAR,125,2026-08-18T10:00:00+05:30
ptm_dd653171,poi_b76d6bf5,poi_abe5a41e,cab,26,6.783,1.16,6.26,QAR,128,2026-08-18T10:00:00+05:30
ptm_3908cbe4,poi_b76d6bf5,poi_ae2101df,cab,35,9.674,1.654,8.41,QAR,177,2026-08-18T10:00:00+05:30
ptm_6b8bfbbb,poi_b76d6bf5,poi_89bf902e,cab,41,11.502,1.967,9.77,QAR,200,2026-08-18T10:00:00+05:30
ptm_b20aa0f3,poi_b76d6bf5,poi_8e3a62a3,walk,48,3.556,0,0.00,QAR,67,2026-08-18T10:00:00+05:30
ptm_d444fddd,poi_b76d6bf5,poi_8e3a62a3,cab,16,3.556,0.608,3.87,QAR,67,2026-08-18T10:00:00+05:30
ptm_088d8036,poi_f5306b2a,poi_b76d6bf5,cab,54,15.548,2.659,12.77,QAR,320,2026-08-18T10:00:00+05:30
ptm_342ae559,poi_f5306b2a,poi_c54e9c8a,cab,46,13.135,2.246,10.98,QAR,283,2026-08-18T10:00:00+05:30
ptm_fcfd2eb4,poi_f5306b2a,poi_47d68050,cab,31,8.294,1.418,7.38,QAR,307,2026-08-18T10:00:00+05:30
ptm_97f7cb9b,poi_f5306b2a,poi_f161b897,cab,28,7.599,1.299,6.87,QAR,345,2026-08-18T10:00:00+05:30
ptm_146c7c2b,poi_f5306b2a,poi_53bf0d16,cab,25,6.483,1.109,6.04,QAR,344,2026-08-18T10:00:00+05:30
ptm_28b67c55,poi_f5306b2a,poi_abe5a41e,cab,33,9.043,1.546,7.94,QAR,329,2026-08-18T10:00:00+05:30
ptm_0a2a141d,poi_f5306b2a,poi_ae2101df,cab,35,9.779,1.672,8.49,QAR,283,2026-08-18T10:00:00+05:30
ptm_a1dbc26d,poi_f5306b2a,poi_89bf902e,cab,48,13.915,2.38,11.56,QAR,275,2026-08-18T10:00:00+05:30
ptm_3922429d,poi_f5306b2a,poi_8e3a62a3,cab,52,14.918,2.551,12.31,QAR,333,2026-08-18T10:00:00+05:30
ptm_a75af0cb,poi_c54e9c8a,poi_b76d6bf5,cab,34,9.403,1.608,8.21,QAR,17,2026-08-18T10:00:00+05:30
ptm_e78b210c,poi_c54e9c8a,poi_f5306b2a,cab,46,13.135,2.246,10.98,QAR,103,2026-08-18T10:00:00+05:30
ptm_a6cf5799,poi_c54e9c8a,poi_47d68050,cab,25,6.542,1.119,6.08,QAR,71,2026-08-18T10:00:00+05:30
ptm_eb701eb6,poi_c54e9c8a,poi_f161b897,cab,41,11.667,1.995,9.89,QAR,68,2026-08-18T10:00:00+05:30
ptm_b77365a4,poi_c54e9c8a,poi_53bf0d16,cab,41,11.491,1.965,9.76,QAR,73,2026-08-18T10:00:00+05:30
ptm_526d5d09,poi_c54e9c8a,poi_abe5a41e,cab,35,9.509,1.626,8.29,QAR,59,2026-08-18T10:00:00+05:30
ptm_7acccec6,poi_c54e9c8a,poi_ae2101df,walk,45,3.357,0,0.00,QAR,102,2026-08-18T10:00:00+05:30
ptm_c6c9a9f1,poi_c54e9c8a,poi_ae2101df,cab,15,3.357,0.574,3.72,QAR,102,2026-08-18T10:00:00+05:30
ptm_c212a9f8,poi_c54e9c8a,poi_89bf902e,walk,29,2.141,0,0.00,QAR,210,2026-08-18T10:00:00+05:30
ptm_95938f73,poi_c54e9c8a,poi_89bf902e,cab,11,2.141,0.366,2.81,QAR,210,2026-08-18T10:00:00+05:30
ptm_144ea902,poi_c54e9c8a,poi_8e3a62a3,cab,42,12.026,2.056,10.16,QAR,30,2026-08-18T10:00:00+05:30
ptm_0b34adf7,poi_47d68050,poi_b76d6bf5,cab,29,7.68,1.313,6.93,QAR,334,2026-08-18T10:00:00+05:30
ptm_aef00d53,poi_47d68050,poi_f5306b2a,cab,31,8.294,1.418,7.38,QAR,127,2026-08-18T10:00:00+05:30
ptm_fd7740be,poi_47d68050,poi_c54e9c8a,cab,25,6.542,1.119,6.08,QAR,251,2026-08-18T10:00:00+05:30
ptm_28d04dc8,poi_47d68050,poi_f161b897,cab,21,5.153,0.881,5.05,QAR,63,2026-08-18T10:00:00+05:30
ptm_f2a2d69f,poi_47d68050,poi_53bf0d16,cab,20,4.957,0.848,4.91,QAR,76,2026-08-18T10:00:00+05:30
ptm_52b23ac7,poi_47d68050,poi_abe5a41e,walk,46,3.396,0,0.00,QAR,36,2026-08-18T10:00:00+05:30
ptm_a2c4bb59,poi_47d68050,poi_abe5a41e,cab,15,3.396,0.581,3.75,QAR,36,2026-08-18T10:00:00+05:30
ptm_60105867,poi_47d68050,poi_ae2101df,walk,54,4.023,0,0.00,QAR,226,2026-08-18T10:00:00+05:30
ptm_6b17f1d4,poi_47d68050,poi_ae2101df,cab,17,4.023,0.688,4.21,QAR,226,2026-08-18T10:00:00+05:30
ptm_728622a2,poi_47d68050,poi_89bf902e,cab,31,8.27,1.414,7.37,QAR,242,2026-08-18T10:00:00+05:30
ptm_9004cf03,poi_47d68050,poi_8e3a62a3,cab,31,8.295,1.419,7.39,QAR,359,2026-08-18T10:00:00+05:30
ptm_0a5fcf51,poi_f161b897,poi_b76d6bf5,cab,34,9.217,1.576,8.07,QAR,300,2026-08-18T10:00:00+05:30
ptm_c1c97428,poi_f161b897,poi_f5306b2a,cab,28,7.599,1.299,6.87,QAR,165,2026-08-18T10:00:00+05:30
ptm_12f5baf9,poi_f161b897,poi_c54e9c8a,cab,41,11.667,1.995,9.89,QAR,248,2026-08-18T10:00:00+05:30
ptm_c26049ea,poi_f161b897,poi_47d68050,cab,21,5.153,0.881,5.05,QAR,243,2026-08-18T10:00:00+05:30
ptm_9d386d19,poi_f161b897,poi_53bf0d16,walk,16,1.12,0,0.00,QAR,170,2026-08-18T10:00:00+05:30
ptm_6c94b3bf,poi_f161b897,poi_53bf0d16,cab,8,1.12,0.192,2.06,QAR,170,2026-08-18T10:00:00+05:30
ptm_63850112,poi_f161b897,poi_abe5a41e,walk,36,2.659,0,0.00,QAR,280,2026-08-18T10:00:00+05:30
ptm_f3eca5c3,poi_f161b897,poi_abe5a41e,cab,13,2.659,0.455,3.20,QAR,280,2026-08-18T10:00:00+05:30
ptm_7b5c7006,poi_f161b897,poi_ae2101df,cab,33,9.079,1.552,7.97,QAR,236,2026-08-18T10:00:00+05:30
ptm_c78adbef,poi_f161b897,poi_89bf902e,cab,47,13.422,2.295,11.19,QAR,242,2026-08-18T10:00:00+05:30
ptm_a9bb602e,poi_f161b897,poi_8e3a62a3,cab,29,7.628,1.304,6.89,QAR,322,2026-08-18T10:00:00+05:30
ptm_c777308a,poi_53bf0d16,poi_b76d6bf5,cab,36,9.976,1.706,8.63,QAR,305,2026-08-18T10:00:00+05:30
ptm_2f2448dc,poi_53bf0d16,poi_f5306b2a,cab,25,6.483,1.109,6.04,QAR,164,2026-08-18T10:00:00+05:30
ptm_e8a53e0f,poi_53bf0d16,poi_c54e9c8a,cab,41,11.491,1.965,9.76,QAR,253,2026-08-18T10:00:00+05:30
ptm_c2872138,poi_53bf0d16,poi_47d68050,cab,20,4.957,0.848,4.91,QAR,256,2026-08-18T10:00:00+05:30
ptm_930c3c8f,poi_53bf0d16,poi_f161b897,walk,16,1.12,0,0.00,QAR,350,2026-08-18T10:00:00+05:30
ptm_897c8902,poi_53bf0d16,poi_f161b897,cab,8,1.12,0.192,2.06,QAR,350,2026-08-18T10:00:00+05:30
ptm_caf251f4,poi_53bf0d16,poi_abe5a41e,walk,43,3.218,0,0.00,QAR,299,2026-08-18T10:00:00+05:30
ptm_9e99b4da,poi_53bf0d16,poi_abe5a41e,cab,15,3.218,0.55,3.61,QAR,299,2026-08-18T10:00:00+05:30
ptm_2f7352c2,poi_53bf0d16,poi_ae2101df,cab,32,8.689,1.486,7.68,QAR,243,2026-08-18T10:00:00+05:30
ptm_11256618,poi_53bf0d16,poi_89bf902e,cab,46,13.13,2.245,10.98,QAR,247,2026-08-18T10:00:00+05:30
ptm_44147244,poi_53bf0d16,poi_8e3a62a3,cab,32,8.634,1.476,7.64,QAR,325,2026-08-18T10:00:00+05:30
ptm_e736403e,poi_abe5a41e,poi_b76d6bf5,cab,26,6.783,1.16,6.26,QAR,308,2026-08-18T10:00:00+05:30
ptm_471ee4da,poi_abe5a41e,poi_f5306b2a,cab,33,9.043,1.546,7.94,QAR,149,2026-08-18T10:00:00+05:30
ptm_7ee732e8,poi_abe5a41e,poi_c54e9c8a,cab,35,9.509,1.626,8.29,QAR,239,2026-08-18T10:00:00+05:30
ptm_02bbc402,poi_abe5a41e,poi_47d68050,walk,46,3.396,0,0.00,QAR,216,2026-08-18T10:00:00+05:30
ptm_2762ef5e,poi_abe5a41e,poi_47d68050,cab,15,3.396,0.581,3.75,QAR,216,2026-08-18T10:00:00+05:30
ptm_74b18f11,poi_abe5a41e,poi_f161b897,walk,36,2.659,0,0.00,QAR,100,2026-08-18T10:00:00+05:30
ptm_19ec1e43,poi_abe5a41e,poi_f161b897,cab,13,2.659,0.455,3.20,QAR,100,2026-08-18T10:00:00+05:30
ptm_4ed861c0,poi_abe5a41e,poi_53bf0d16,walk,43,3.218,0,0.00,QAR,119,2026-08-18T10:00:00+05:30
ptm_7b9aeb08,poi_abe5a41e,poi_53bf0d16,cab,15,3.218,0.55,3.61,QAR,119,2026-08-18T10:00:00+05:30
ptm_c5706cac,poi_abe5a41e,poi_ae2101df,cab,28,7.387,1.263,6.71,QAR,222,2026-08-18T10:00:00+05:30
ptm_1927b5b4,poi_abe5a41e,poi_89bf902e,cab,41,11.423,1.953,9.71,QAR,234,2026-08-18T10:00:00+05:30
ptm_251b16d6,poi_abe5a41e,poi_8e3a62a3,cab,23,5.928,1.014,5.63,QAR,339,2026-08-18T10:00:00+05:30
ptm_37dbf804,poi_ae2101df,poi_b76d6bf5,cab,35,9.674,1.654,8.41,QAR,357,2026-08-18T10:00:00+05:30
ptm_964c8753,poi_ae2101df,poi_f5306b2a,cab,35,9.779,1.672,8.49,QAR,103,2026-08-18T10:00:00+05:30
ptm_577ae194,poi_ae2101df,poi_c54e9c8a,walk,45,3.357,0,0.00,QAR,282,2026-08-18T10:00:00+05:30
ptm_36e17964,poi_ae2101df,poi_c54e9c8a,cab,15,3.357,0.574,3.72,QAR,282,2026-08-18T10:00:00+05:30
ptm_b790434f,poi_ae2101df,poi_47d68050,walk,54,4.023,0,0.00,QAR,46,2026-08-18T10:00:00+05:30
ptm_e913540d,poi_ae2101df,poi_47d68050,cab,17,4.023,0.688,4.21,QAR,46,2026-08-18T10:00:00+05:30
ptm_cf9f113d,poi_ae2101df,poi_f161b897,cab,33,9.079,1.552,7.97,QAR,56,2026-08-18T10:00:00+05:30
ptm_814d5df1,poi_ae2101df,poi_53bf0d16,cab,32,8.689,1.486,7.68,QAR,63,2026-08-18T10:00:00+05:30
ptm_0eb56a38,poi_ae2101df,poi_abe5a41e,cab,28,7.387,1.263,6.71,QAR,42,2026-08-18T10:00:00+05:30
ptm_5dc1c3b3,poi_ae2101df,poi_89bf902e,cab,19,4.51,0.771,4.57,QAR,255,2026-08-18T10:00:00+05:30
ptm_8a61ad5a,poi_ae2101df,poi_8e3a62a3,cab,41,11.413,1.952,9.70,QAR,14,2026-08-18T10:00:00+05:30
ptm_8a688100,poi_89bf902e,poi_b76d6bf5,cab,41,11.502,1.967,9.77,QAR,20,2026-08-18T10:00:00+05:30
ptm_ab5f9976,poi_89bf902e,poi_f5306b2a,cab,48,13.915,2.38,11.56,QAR,94,2026-08-18T10:00:00+05:30
ptm_b454ec89,poi_89bf902e,poi_c54e9c8a,walk,29,2.141,0,0.00,QAR,30,2026-08-18T10:00:00+05:30
ptm_12ec3bde,poi_89bf902e,poi_c54e9c8a,cab,11,2.141,0.366,2.81,QAR,30,2026-08-18T10:00:00+05:30
ptm_4aceff4e,poi_89bf902e,poi_47d68050,cab,31,8.27,1.414,7.37,QAR,62,2026-08-18T10:00:00+05:30
ptm_6fb7c183,poi_89bf902e,poi_f161b897,cab,47,13.422,2.295,11.19,QAR,62,2026-08-18T10:00:00+05:30
ptm_ff9a1606,poi_89bf902e,poi_53bf0d16,cab,46,13.13,2.245,10.98,QAR,67,2026-08-18T10:00:00+05:30
ptm_6ae3107c,poi_89bf902e,poi_abe5a41e,cab,41,11.423,1.953,9.71,QAR,54,2026-08-18T10:00:00+05:30
ptm_7ca0a3c6,poi_89bf902e,poi_ae2101df,cab,19,4.51,0.771,4.57,QAR,75,2026-08-18T10:00:00+05:30
ptm_685b250c,poi_89bf902e,poi_8e3a62a3,cab,49,14.167,2.423,11.75,QAR,30,2026-08-18T10:00:00+05:30
ptm_a13621d4,poi_8e3a62a3,poi_b76d6bf5,walk,48,3.556,0,0.00,QAR,247,2026-08-18T10:00:00+05:30
ptm_921a9930,poi_8e3a62a3,poi_b76d6bf5,cab,16,3.556,0.608,3.87,QAR,247,2026-08-18T10:00:00+05:30
ptm_9401af05,poi_8e3a62a3,poi_f5306b2a,cab,52,14.918,2.551,12.31,QAR,153,2026-08-18T10:00:00+05:30
ptm_2b979c3b,poi_8e3a62a3,poi_c54e9c8a,cab,42,12.026,2.056,10.16,QAR,210,2026-08-18T10:00:00+05:30
ptm_46957055,poi_8e3a62a3,poi_47d68050,cab,31,8.295,1.419,7.39,QAR,179,2026-08-18T10:00:00+05:30
ptm_9d270f41,poi_8e3a62a3,poi_f161b897,cab,29,7.628,1.304,6.89,QAR,142,2026-08-18T10:00:00+05:30
ptm_c8dfdba8,poi_8e3a62a3,poi_53bf0d16,cab,32,8.634,1.476,7.64,QAR,145,2026-08-18T10:00:00+05:30
ptm_b44d5fa1,poi_8e3a62a3,poi_abe5a41e,cab,23,5.928,1.014,5.63,QAR,159,2026-08-18T10:00:00+05:30
ptm_0ec502f7,poi_8e3a62a3,poi_ae2101df,cab,41,11.413,1.952,9.70,QAR,194,2026-08-18T10:00:00+05:30
ptm_3b0c5498,poi_8e3a62a3,poi_89bf902e,cab,49,14.167,2.423,11.75,QAR,210,2026-08-18T10:00:00+05:30
ptm_d4eb373f,poi_d30698db,poi_38dfbd85,cab,37,10.269,1.756,3.26,SGD,193,2026-08-18T10:00:00+05:30
ptm_31f77fef,poi_d30698db,poi_995c7c81,walk,60,4.496,0,0.00,SGD,270,2026-08-18T10:00:00+05:30
ptm_3ea57199,poi_d30698db,poi_995c7c81,cab,19,4.496,0.769,1.68,SGD,270,2026-08-18T10:00:00+05:30
ptm_24b08bca,poi_d30698db,poi_80e3ffe4,cab,39,11.015,1.884,3.47,SGD,223,2026-08-18T10:00:00+05:30
ptm_e6a55957,poi_d30698db,poi_354c91c9,cab,35,9.813,1.678,3.14,SGD,234,2026-08-18T10:00:00+05:30
ptm_ccd337ae,poi_d30698db,poi_61b5cf0b,walk,57,4.239,0,0.00,SGD,131,2026-08-18T10:00:00+05:30
ptm_bd96178d,poi_d30698db,poi_61b5cf0b,cab,18,4.239,0.725,1.61,SGD,131,2026-08-18T10:00:00+05:30
ptm_55b79f4b,poi_d30698db,poi_b110a36b,cab,35,9.788,1.674,3.13,SGD,160,2026-08-18T10:00:00+05:30
ptm_4c241d36,poi_d30698db,poi_facb346b,cab,36,10.117,1.73,3.22,SGD,172,2026-08-18T10:00:00+05:30
ptm_b3713b62,poi_d30698db,poi_f31cfd33,cab,24,6.153,1.052,2.13,SGD,95,2026-08-18T10:00:00+05:30
ptm_d6797f7e,poi_d30698db,poi_18500e1c,cab,35,9.553,1.634,3.07,SGD,150,2026-08-18T10:00:00+05:30
ptm_51918581,poi_38dfbd85,poi_d30698db,cab,37,10.269,1.756,3.26,SGD,13,2026-08-18T10:00:00+05:30
ptm_1f3db831,poi_38dfbd85,poi_995c7c81,cab,37,10.215,1.747,3.25,SGD,348,2026-08-18T10:00:00+05:30
ptm_2ae29fb2,poi_38dfbd85,poi_80e3ffe4,cab,22,5.597,0.957,1.98,SGD,291,2026-08-18T10:00:00+05:30
ptm_c4e1dba7,poi_38dfbd85,poi_354c91c9,cab,27,6.987,1.195,2.36,SGD,307,2026-08-18T10:00:00+05:30
ptm_61f23730,poi_38dfbd85,poi_61b5cf0b,cab,33,9.118,1.559,2.95,SGD,38,2026-08-18T10:00:00+05:30
ptm_303cad5f,poi_38dfbd85,poi_b110a36b,cab,23,5.713,0.977,2.01,SGD,82,2026-08-18T10:00:00+05:30
ptm_14ca89ec,poi_38dfbd85,poi_facb346b,walk,51,3.805,0,0.00,SGD,90,2026-08-18T10:00:00+05:30
ptm_60fa7b6e,poi_38dfbd85,poi_facb346b,cab,17,3.805,0.651,1.49,SGD,90,2026-08-18T10:00:00+05:30
ptm_8284d3f7,poi_38dfbd85,poi_f31cfd33,cab,45,12.716,2.174,3.93,SGD,42,2026-08-18T10:00:00+05:30
ptm_15e0c3d7,poi_38dfbd85,poi_18500e1c,cab,27,7.267,1.243,2.44,SGD,77,2026-08-18T10:00:00+05:30
ptm_8fdee075,poi_995c7c81,poi_d30698db,walk,60,4.496,0,0.00,SGD,90,2026-08-18T10:00:00+05:30
ptm_29001d5b,poi_995c7c81,poi_d30698db,cab,19,4.496,0.769,1.68,SGD,90,2026-08-18T10:00:00+05:30
ptm_b85ae6d7,poi_995c7c81,poi_38dfbd85,cab,37,10.215,1.747,3.25,SGD,168,2026-08-18T10:00:00+05:30
ptm_a9e2c5d3,poi_995c7c81,poi_80e3ffe4,cab,32,8.559,1.464,2.79,SGD,201,2026-08-18T10:00:00+05:30
ptm_2d25e93a,poi_995c7c81,poi_354c91c9,cab,26,6.717,1.149,2.29,SGD,211,2026-08-18T10:00:00+05:30
ptm_2ed6877a,poi_995c7c81,poi_61b5cf0b,cab,30,8.185,1.4,2.69,SGD,110,2026-08-18T10:00:00+05:30
ptm_50f1d669,poi_995c7c81,poi_b110a36b,cab,43,12.067,2.063,3.75,SGD,140,2026-08-18T10:00:00+05:30
ptm_2417950e,poi_995c7c81,poi_facb346b,cab,41,11.639,1.99,3.64,SGD,149,2026-08-18T10:00:00+05:30
ptm_6fc757fc,poi_995c7c81,poi_f31cfd33,cab,38,10.639,1.819,3.36,SGD,93,2026-08-18T10:00:00+05:30
ptm_2dc7e37d,poi_995c7c81,poi_18500e1c,cab,44,12.4,2.12,3.84,SGD,132,2026-08-18T10:00:00+05:30
ptm_66668f0f,poi_80e3ffe4,poi_d30698db,cab,39,11.015,1.884,3.47,SGD,43,2026-08-18T10:00:00+05:30
ptm_ddd4baa0,poi_80e3ffe4,poi_38dfbd85,cab,22,5.597,0.957,1.98,SGD,111,2026-08-18T10:00:00+05:30
ptm_54704abc,poi_80e3ffe4,poi_995c7c81,cab,32,8.559,1.464,2.79,SGD,21,2026-08-18T10:00:00+05:30
ptm_e8b3634a,poi_80e3ffe4,poi_354c91c9,walk,31,2.237,0,0.00,SGD,351,2026-08-18T10:00:00+05:30
ptm_be994636,poi_80e3ffe4,poi_354c91c9,cab,12,2.237,0.382,1.06,SGD,351,2026-08-18T10:00:00+05:30
ptm_31c9a4de,poi_80e3ffe4,poi_61b5cf0b,cab,42,11.986,2.05,3.73,SGD,64,2026-08-18T10:00:00+05:30
ptm_f64a1f81,poi_80e3ffe4,poi_b110a36b,cab,39,10.954,1.873,3.45,SGD,96,2026-08-18T10:00:00+05:30
ptm_89560733,poi_80e3ffe4,poi_facb346b,cab,34,9.255,1.583,2.98,SGD,103,2026-08-18T10:00:00+05:30
ptm_ecb50ec3,poi_80e3ffe4,poi_f31cfd33,cab,54,15.613,2.67,4.72,SGD,61,2026-08-18T10:00:00+05:30
ptm_1bd2aeb5,poi_80e3ffe4,poi_18500e1c,cab,43,12.3,2.103,3.82,SGD,91,2026-08-18T10:00:00+05:30
ptm_fe06f736,poi_354c91c9,poi_d30698db,cab,35,9.813,1.678,3.14,SGD,54,2026-08-18T10:00:00+05:30
ptm_c4219542,poi_354c91c9,poi_38dfbd85,cab,27,6.987,1.195,2.36,SGD,127,2026-08-18T10:00:00+05:30
ptm_3997c925,poi_354c91c9,poi_995c7c81,cab,26,6.717,1.149,2.29,SGD,31,2026-08-18T10:00:00+05:30
ptm_6a21e0fd,poi_354c91c9,poi_80e3ffe4,walk,31,2.237,0,0.00,SGD,171,2026-08-18T10:00:00+05:30
ptm_541c61d0,poi_354c91c9,poi_80e3ffe4,cab,12,2.237,0.382,1.06,SGD,171,2026-08-18T10:00:00+05:30
ptm_3fc61dc5,poi_354c91c9,poi_61b5cf0b,cab,41,11.536,1.973,3.61,SGD,75,2026-08-18T10:00:00+05:30
ptm_727c7f8c,poi_354c91c9,poi_b110a36b,cab,42,11.746,2.008,3.67,SGD,107,2026-08-18T10:00:00+05:30
ptm_986b528e,poi_354c91c9,poi_facb346b,cab,37,10.289,1.759,3.27,SGD,114,2026-08-18T10:00:00+05:30
ptm_bb051876,poi_354c91c9,poi_f31cfd33,cab,52,15.01,2.567,4.56,SGD,69,2026-08-18T10:00:00+05:30
ptm_eaf89a72,poi_354c91c9,poi_18500e1c,cab,45,12.893,2.205,3.98,SGD,101,2026-08-18T10:00:00+05:30
ptm_d5c9a7cc,poi_61b5cf0b,poi_d30698db,walk,57,4.239,0,0.00,SGD,311,2026-08-18T10:00:00+05:30
ptm_90d3081d,poi_61b5cf0b,poi_d30698db,cab,18,4.239,0.725,1.61,SGD,311,2026-08-18T10:00:00+05:30
ptm_72e47855,poi_61b5cf0b,poi_38dfbd85,cab,33,9.118,1.559,2.95,SGD,218,2026-08-18T10:00:00+05:30
ptm_492622ae,poi_61b5cf0b,poi_995c7c81,cab,30,8.185,1.4,2.69,SGD,290,2026-08-18T10:00:00+05:30
ptm_458c7401,poi_61b5cf0b,poi_80e3ffe4,cab,42,11.986,2.05,3.73,SGD,244,2026-08-18T10:00:00+05:30
ptm_e7f31d6d,poi_61b5cf0b,poi_354c91c9,cab,41,11.536,1.973,3.61,SGD,255,2026-08-18T10:00:00+05:30
ptm_bc917d27,poi_61b5cf0b,poi_b110a36b,cab,25,6.444,1.102,2.21,SGD,179,2026-08-18T10:00:00+05:30
ptm_0933c71e,poi_61b5cf0b,poi_facb346b,cab,28,7.452,1.274,2.49,SGD,194,2026-08-18T10:00:00+05:30
ptm_f325e46d,poi_61b5cf0b,poi_f31cfd33,walk,50,3.686,0,0.00,SGD,52,2026-08-18T10:00:00+05:30
ptm_b69f4fd4,poi_61b5cf0b,poi_f31cfd33,cab,16,3.686,0.63,1.46,SGD,52,2026-08-18T10:00:00+05:30
ptm_33815843,poi_61b5cf0b,poi_18500e1c,cab,23,5.74,0.982,2.02,SGD,165,2026-08-18T10:00:00+05:30
ptm_c52a6c7f,poi_b110a36b,poi_d30698db,cab,35,9.788,1.674,3.13,SGD,340,2026-08-18T10:00:00+05:30
ptm_b0c4bdde,poi_b110a36b,poi_38dfbd85,cab,23,5.713,0.977,2.01,SGD,262,2026-08-18T10:00:00+05:30
ptm_9742959d,poi_b110a36b,poi_995c7c81,cab,43,12.067,2.063,3.75,SGD,320,2026-08-18T10:00:00+05:30
ptm_6fb8ca80,poi_b110a36b,poi_80e3ffe4,cab,39,10.954,1.873,3.45,SGD,276,2026-08-18T10:00:00+05:30
ptm_ca174fa7,poi_b110a36b,poi_354c91c9,cab,42,11.746,2.008,3.67,SGD,287,2026-08-18T10:00:00+05:30
ptm_d76af1ee,poi_b110a36b,poi_61b5cf0b,cab,25,6.444,1.102,2.21,SGD,359,2026-08-18T10:00:00+05:30
ptm_5d150f1f,poi_b110a36b,poi_facb346b,walk,28,2.019,0,0.00,SGD,247,2026-08-18T10:00:00+05:30
ptm_8ef0f1e9,poi_b110a36b,poi_facb346b,cab,11,2.019,0.345,1.00,SGD,247,2026-08-18T10:00:00+05:30
ptm_0c9788fa,poi_b110a36b,poi_f31cfd33,cab,33,9.137,1.562,2.95,SGD,18,2026-08-18T10:00:00+05:30
ptm_976d1b00,poi_b110a36b,poi_18500e1c,walk,23,1.675,0,0.00,SGD,57,2026-08-18T10:00:00+05:30
ptm_cac73545,poi_b110a36b,poi_18500e1c,cab,10,1.675,0.286,0.91,SGD,57,2026-08-18T10:00:00+05:30
ptm_d3c90acc,poi_facb346b,poi_d30698db,cab,36,10.117,1.73,3.22,SGD,352,2026-08-18T10:00:00+05:30
ptm_420ccab1,poi_facb346b,poi_38dfbd85,walk,51,3.805,0,0.00,SGD,270,2026-08-18T10:00:00+05:30
ptm_6245f5eb,poi_facb346b,poi_38dfbd85,cab,17,3.805,0.651,1.49,SGD,270,2026-08-18T10:00:00+05:30
ptm_f1caca96,poi_facb346b,poi_995c7c81,cab,41,11.639,1.99,3.64,SGD,329,2026-08-18T10:00:00+05:30
ptm_f9d7ae80,poi_facb346b,poi_80e3ffe4,cab,34,9.255,1.583,2.98,SGD,283,2026-08-18T10:00:00+05:30
ptm_b5fb153a,poi_facb346b,poi_354c91c9,cab,37,10.289,1.759,3.27,SGD,294,2026-08-18T10:00:00+05:30
ptm_d198574a,poi_facb346b,poi_61b5cf0b,cab,28,7.452,1.274,2.49,SGD,14,2026-08-18T10:00:00+05:30
ptm_ecb937fb,poi_facb346b,poi_b110a36b,walk,28,2.019,0,0.00,SGD,67,2026-08-18T10:00:00+05:30
ptm_b246d11e,poi_facb346b,poi_b110a36b,cab,11,2.019,0.345,1.00,SGD,67,2026-08-18T10:00:00+05:30
ptm_431af93c,poi_facb346b,poi_f31cfd33,cab,38,10.579,1.809,3.35,SGD,26,2026-08-18T10:00:00+05:30
ptm_51cf6620,poi_facb346b,poi_18500e1c,walk,50,3.682,0,0.00,SGD,62,2026-08-18T10:00:00+05:30
ptm_ab9eae03,poi_facb346b,poi_18500e1c,cab,16,3.682,0.63,1.46,SGD,62,2026-08-18T10:00:00+05:30
ptm_8f0a9934,poi_f31cfd33,poi_d30698db,cab,24,6.153,1.052,2.13,SGD,275,2026-08-18T10:00:00+05:30
ptm_70c5f038,poi_f31cfd33,poi_38dfbd85,cab,45,12.716,2.174,3.93,SGD,222,2026-08-18T10:00:00+05:30
ptm_ea5e2e41,poi_f31cfd33,poi_995c7c81,cab,38,10.639,1.819,3.36,SGD,273,2026-08-18T10:00:00+05:30
ptm_9b9e61af,poi_f31cfd33,poi_80e3ffe4,cab,54,15.613,2.67,4.72,SGD,241,2026-08-18T10:00:00+05:30
ptm_849b18ca,poi_f31cfd33,poi_354c91c9,cab,52,15.01,2.567,4.56,SGD,249,2026-08-18T10:00:00+05:30
ptm_36941df2,poi_f31cfd33,poi_61b5cf0b,walk,50,3.686,0,0.00,SGD,232,2026-08-18T10:00:00+05:30
ptm_70943ec8,poi_f31cfd33,poi_61b5cf0b,cab,16,3.686,0.63,1.46,SGD,232,2026-08-18T10:00:00+05:30
ptm_974da551,poi_f31cfd33,poi_b110a36b,cab,33,9.137,1.562,2.95,SGD,198,2026-08-18T10:00:00+05:30
ptm_250e04c7,poi_f31cfd33,poi_facb346b,cab,38,10.579,1.809,3.35,SGD,206,2026-08-18T10:00:00+05:30
ptm_efd32550,poi_f31cfd33,poi_18500e1c,cab,29,7.912,1.353,2.62,SGD,190,2026-08-18T10:00:00+05:30
ptm_cfba6ab3,poi_18500e1c,poi_d30698db,cab,35,9.553,1.634,3.07,SGD,330,2026-08-18T10:00:00+05:30
ptm_1772a0e6,poi_18500e1c,poi_38dfbd85,cab,27,7.267,1.243,2.44,SGD,257,2026-08-18T10:00:00+05:30
ptm_14b9574a,poi_18500e1c,poi_995c7c81,cab,44,12.4,2.12,3.84,SGD,312,2026-08-18T10:00:00+05:30
ptm_def5045b,poi_18500e1c,poi_80e3ffe4,cab,43,12.3,2.103,3.82,SGD,271,2026-08-18T10:00:00+05:30
ptm_6854b0df,poi_18500e1c,poi_354c91c9,cab,45,12.893,2.205,3.98,SGD,281,2026-08-18T10:00:00+05:30
ptm_fe85e7e1,poi_18500e1c,poi_61b5cf0b,cab,23,5.74,0.982,2.02,SGD,345,2026-08-18T10:00:00+05:30
ptm_a7255288,poi_18500e1c,poi_b110a36b,walk,23,1.675,0,0.00,SGD,237,2026-08-18T10:00:00+05:30
ptm_1a823c54,poi_18500e1c,poi_b110a36b,cab,10,1.675,0.286,0.91,SGD,237,2026-08-18T10:00:00+05:30
ptm_b55d926e,poi_18500e1c,poi_facb346b,walk,50,3.682,0,0.00,SGD,242,2026-08-18T10:00:00+05:30
ptm_68f321dd,poi_18500e1c,poi_facb346b,cab,16,3.682,0.63,1.46,SGD,242,2026-08-18T10:00:00+05:30
ptm_03d51254,poi_18500e1c,poi_f31cfd33,cab,29,7.912,1.353,2.62,SGD,10,2026-08-18T10:00:00+05:30
ptm_aea661d4,poi_33fc148a,poi_21a012fe,cab,38,10.591,1.811,87.59,THB,184,2026-08-18T10:00:00+05:30
ptm_8b2b83ea,poi_33fc148a,poi_64085486,cab,32,8.729,1.493,74.26,THB,144,2026-08-18T10:00:00+05:30
ptm_a8c67e38,poi_33fc148a,poi_d0d48d2e,cab,55,15.917,2.722,125.71,THB,216,2026-08-18T10:00:00+05:30
ptm_f2d5e421,poi_33fc148a,poi_90b70970,cab,32,8.682,1.485,73.92,THB,166,2026-08-18T10:00:00+05:30
ptm_57ec1386,poi_33fc148a,poi_c9bd1fcd,walk,22,1.603,0,0.00,THB,189,2026-08-18T10:00:00+05:30
ptm_7be43fea,poi_33fc148a,poi_c9bd1fcd,cab,10,1.603,0.274,23.26,THB,189,2026-08-18T10:00:00+05:30
ptm_3513e17a,poi_33fc148a,poi_adef3914,cab,52,15.106,2.583,119.90,THB,212,2026-08-18T10:00:00+05:30
ptm_cdfdacc2,poi_33fc148a,poi_c3cf2431,cab,36,10.005,1.711,83.39,THB,185,2026-08-18T10:00:00+05:30
ptm_890efcb9,poi_33fc148a,poi_2100d6d3,cab,26,6.706,1.147,59.79,THB,214,2026-08-18T10:00:00+05:30
ptm_dda4df1d,poi_33fc148a,poi_c5ec38ec,cab,22,5.394,0.922,50.39,THB,181,2026-08-18T10:00:00+05:30
ptm_4b84078e,poi_21a012fe,poi_33fc148a,cab,38,10.591,1.811,87.59,THB,4,2026-08-18T10:00:00+05:30
ptm_2cc74db7,poi_21a012fe,poi_64085486,cab,26,6.835,1.169,60.70,THB,59,2026-08-18T10:00:00+05:30
ptm_d9294f4d,poi_21a012fe,poi_d0d48d2e,cab,33,8.999,1.539,76.19,THB,255,2026-08-18T10:00:00+05:30
ptm_a21aefe1,poi_21a012fe,poi_90b70970,walk,47,3.455,0,0.00,THB,52,2026-08-18T10:00:00+05:30
ptm_37b3f439,poi_21a012fe,poi_90b70970,cab,15,3.455,0.591,36.52,THB,52,2026-08-18T10:00:00+05:30
ptm_7932addd,poi_21a012fe,poi_c9bd1fcd,cab,33,8.998,1.539,76.18,THB,3,2026-08-18T10:00:00+05:30
ptm_d87bab1b,poi_21a012fe,poi_adef3914,cab,29,7.616,1.302,66.29,THB,253,2026-08-18T10:00:00+05:30
ptm_01f58079,poi_21a012fe,poi_c3cf2431,walk,10,0.62,0,0.00,THB,345,2026-08-18T10:00:00+05:30
ptm_fe6e9767,poi_21a012fe,poi_c3cf2431,cab,6,0.62,0.106,16.22,THB,345,2026-08-18T10:00:00+05:30
ptm_ddcbd607,poi_21a012fe,poi_2100d6d3,cab,23,5.925,1.013,54.20,THB,328,2026-08-18T10:00:00+05:30
ptm_33580698,poi_21a012fe,poi_c5ec38ec,cab,21,5.205,0.89,49.04,THB,6,2026-08-18T10:00:00+05:30
ptm_84b42d1f,poi_64085486,poi_33fc148a,cab,32,8.729,1.493,74.26,THB,324,2026-08-18T10:00:00+05:30
ptm_cb82a6b3,poi_64085486,poi_21a012fe,cab,26,6.835,1.169,60.70,THB,239,2026-08-18T10:00:00+05:30
ptm_39fe9a61,poi_64085486,poi_d0d48d2e,cab,54,15.674,2.68,123.97,THB,248,2026-08-18T10:00:00+05:30
ptm_6b0c4251,poi_64085486,poi_90b70970,walk,46,3.43,0,0.00,THB,246,2026-08-18T10:00:00+05:30
ptm_a74f2d13,poi_64085486,poi_90b70970,cab,15,3.43,0.587,36.34,THB,246,2026-08-18T10:00:00+05:30
ptm_69f03311,poi_64085486,poi_c9bd1fcd,cab,29,7.693,1.315,66.85,THB,315,2026-08-18T10:00:00+05:30
ptm_db8328aa,poi_64085486,poi_adef3914,cab,50,14.346,2.453,114.47,THB,246,2026-08-18T10:00:00+05:30
ptm_fdd02bcd,poi_64085486,poi_c3cf2431,cab,26,6.684,1.143,59.62,THB,244,2026-08-18T10:00:00+05:30
ptm_7ad124ba,poi_64085486,poi_2100d6d3,cab,33,9.09,1.554,76.84,THB,280,2026-08-18T10:00:00+05:30
ptm_67cda89b,poi_64085486,poi_c5ec38ec,cab,22,5.552,0.949,51.52,THB,287,2026-08-18T10:00:00+05:30
ptm_0af08bbb,poi_d0d48d2e,poi_33fc148a,cab,55,15.917,2.722,125.71,THB,36,2026-08-18T10:00:00+05:30
ptm_930e87f5,poi_d0d48d2e,poi_21a012fe,cab,33,8.999,1.539,76.19,THB,75,2026-08-18T10:00:00+05:30
ptm_eb7f8fb7,poi_d0d48d2e,poi_64085486,cab,54,15.674,2.68,123.97,THB,68,2026-08-18T10:00:00+05:30
ptm_eef003d1,poi_d0d48d2e,poi_90b70970,cab,43,12.248,2.094,99.45,THB,69,2026-08-18T10:00:00+05:30
ptm_3060f28f,poi_d0d48d2e,poi_c9bd1fcd,cab,50,14.505,2.48,115.60,THB,39,2026-08-18T10:00:00+05:30
ptm_72bf4118,poi_d0d48d2e,poi_adef3914,walk,20,1.436,0,0.00,THB,90,2026-08-18T10:00:00+05:30
ptm_6425e34d,poi_d0d48d2e,poi_adef3914,cab,9,1.436,0.246,22.07,THB,90,2026-08-18T10:00:00+05:30
ptm_ef0138d5,poi_d0d48d2e,poi_c3cf2431,cab,33,9.023,1.543,76.36,THB,71,2026-08-18T10:00:00+05:30
ptm_f25b2d3b,poi_d0d48d2e,poi_2100d6d3,cab,34,9.216,1.576,77.75,THB,37,2026-08-18T10:00:00+05:30
ptm_f946baf4,poi_d0d48d2e,poi_c5ec38ec,cab,42,11.885,2.032,96.85,THB,51,2026-08-18T10:00:00+05:30
ptm_0fc2a1f9,poi_90b70970,poi_33fc148a,cab,32,8.682,1.485,73.92,THB,346,2026-08-18T10:00:00+05:30
ptm_5be86b9b,poi_90b70970,poi_21a012fe,walk,47,3.455,0,0.00,THB,232,2026-08-18T10:00:00+05:30
ptm_4c81e94d,poi_90b70970,poi_21a012fe,cab,15,3.455,0.591,36.52,THB,232,2026-08-18T10:00:00+05:30
ptm_91d33d10,poi_90b70970,poi_64085486,walk,46,3.43,0,0.00,THB,66,2026-08-18T10:00:00+05:30
ptm_638d618e,poi_90b70970,poi_64085486,cab,15,3.43,0.587,36.34,THB,66,2026-08-18T10:00:00+05:30
ptm_8a864c1d,poi_90b70970,poi_d0d48d2e,cab,43,12.248,2.094,99.45,THB,249,2026-08-18T10:00:00+05:30
ptm_7cced90b,poi_90b70970,poi_c9bd1fcd,cab,27,7.232,1.237,63.55,THB,341,2026-08-18T10:00:00+05:30
ptm_40b40150,poi_90b70970,poi_adef3914,cab,39,10.916,1.867,89.92,THB,246,2026-08-18T10:00:00+05:30
ptm_d40b7c6c,poi_90b70970,poi_c3cf2431,walk,44,3.258,0,0.00,THB,242,2026-08-18T10:00:00+05:30
ptm_bb34fa96,poi_90b70970,poi_c3cf2431,cab,15,3.258,0.557,35.10,THB,242,2026-08-18T10:00:00+05:30
ptm_17351486,poi_90b70970,poi_2100d6d3,cab,25,6.52,1.115,58.45,THB,296,2026-08-18T10:00:00+05:30
ptm_b55d9813,poi_90b70970,poi_c5ec38ec,walk,50,3.743,0,0.00,THB,324,2026-08-18T10:00:00+05:30
ptm_d3909ecb,poi_90b70970,poi_c5ec38ec,cab,16,3.743,0.64,38.58,THB,324,2026-08-18T10:00:00+05:30
ptm_86b1c199,poi_c9bd1fcd,poi_33fc148a,walk,22,1.603,0,0.00,THB,9,2026-08-18T10:00:00+05:30
ptm_2d1cf502,poi_c9bd1fcd,poi_33fc148a,cab,10,1.603,0.274,23.26,THB,9,2026-08-18T10:00:00+05:30
ptm_159bc819,poi_c9bd1fcd,poi_21a012fe,cab,33,8.998,1.539,76.18,THB,183,2026-08-18T10:00:00+05:30
ptm_34550b45,poi_c9bd1fcd,poi_64085486,cab,29,7.693,1.315,66.85,THB,135,2026-08-18T10:00:00+05:30
ptm_81bf1a22,poi_c9bd1fcd,poi_d0d48d2e,cab,50,14.505,2.48,115.60,THB,219,2026-08-18T10:00:00+05:30
ptm_21ab95a0,poi_c9bd1fcd,poi_90b70970,cab,27,7.232,1.237,63.55,THB,161,2026-08-18T10:00:00+05:30
ptm_cc500f82,poi_c9bd1fcd,poi_adef3914,cab,48,13.638,2.332,109.40,THB,214,2026-08-18T10:00:00+05:30
ptm_78b2a8cb,poi_c9bd1fcd,poi_c3cf2431,cab,31,8.408,1.438,71.96,THB,184,2026-08-18T10:00:00+05:30
ptm_cf234a62,poi_c9bd1fcd,poi_2100d6d3,cab,21,5.3,0.906,49.72,THB,222,2026-08-18T10:00:00+05:30
ptm_c1c0255e,poi_c9bd1fcd,poi_c5ec38ec,walk,51,3.813,0,0.00,THB,178,2026-08-18T10:00:00+05:30
ptm_c2245cc1,poi_c9bd1fcd,poi_c5ec38ec,cab,17,3.813,0.652,39.08,THB,178,2026-08-18T10:00:00+05:30
ptm_cbe742ba,poi_adef3914,poi_33fc148a,cab,52,15.106,2.583,119.90,THB,32,2026-08-18T10:00:00+05:30
ptm_a09ce846,poi_adef3914,poi_21a012fe,cab,29,7.616,1.302,66.29,THB,73,2026-08-18T10:00:00+05:30
ptm_cc8e96f9,poi_adef3914,poi_64085486,cab,50,14.346,2.453,114.47,THB,66,2026-08-18T10:00:00+05:30
ptm_c62643c5,poi_adef3914,poi_d0d48d2e,walk,20,1.436,0,0.00,THB,270,2026-08-18T10:00:00+05:30
ptm_299b805c,poi_adef3914,poi_d0d48d2e,cab,9,1.436,0.246,22.07,THB,270,2026-08-18T10:00:00+05:30
ptm_c03486eb,poi_adef3914,poi_90b70970,cab,39,10.916,1.867,89.92,THB,66,2026-08-18T10:00:00+05:30
ptm_bcdaced2,poi_adef3914,poi_c9bd1fcd,cab,48,13.638,2.332,109.40,THB,34,2026-08-18T10:00:00+05:30
ptm_295220e3,poi_adef3914,poi_c3cf2431,cab,29,7.671,1.312,66.69,THB,68,2026-08-18T10:00:00+05:30
ptm_37fc0a91,poi_adef3914,poi_2100d6d3,cab,31,8.413,1.439,72.00,THB,30,2026-08-18T10:00:00+05:30
ptm_d737c6a8,poi_adef3914,poi_c5ec38ec,cab,39,10.798,1.846,89.07,THB,46,2026-08-18T10:00:00+05:30
ptm_14689091,poi_c3cf2431,poi_33fc148a,cab,36,10.005,1.711,83.39,THB,5,2026-08-18T10:00:00+05:30
ptm_8bb314b0,poi_c3cf2431,poi_21a012fe,walk,10,0.62,0,0.00,THB,165,2026-08-18T10:00:00+05:30
ptm_88b7df2d,poi_c3cf2431,poi_21a012fe,cab,6,0.62,0.106,16.22,THB,165,2026-08-18T10:00:00+05:30
ptm_fd68337f,poi_c3cf2431,poi_64085486,cab,26,6.684,1.143,59.62,THB,64,2026-08-18T10:00:00+05:30
ptm_7d6920b6,poi_c3cf2431,poi_d0d48d2e,cab,33,9.023,1.543,76.36,THB,251,2026-08-18T10:00:00+05:30
ptm_70ec2adc,poi_c3cf2431,poi_90b70970,walk,44,3.258,0,0.00,THB,62,2026-08-18T10:00:00+05:30
ptm_5c7ef1ff,poi_c3cf2431,poi_90b70970,cab,15,3.258,0.557,35.10,THB,62,2026-08-18T10:00:00+05:30
ptm_9c9ece86,poi_c3cf2431,poi_c9bd1fcd,cab,31,8.408,1.438,71.96,THB,4,2026-08-18T10:00:00+05:30
ptm_5ae9f8a4,poi_c3cf2431,poi_adef3914,cab,29,7.671,1.312,66.69,THB,248,2026-08-18T10:00:00+05:30
ptm_a0d2d171,poi_c3cf2431,poi_2100d6d3,cab,21,5.336,0.913,49.98,THB,326,2026-08-18T10:00:00+05:30
ptm_843e3a6d,poi_c3cf2431,poi_c5ec38ec,cab,19,4.63,0.792,44.93,THB,9,2026-08-18T10:00:00+05:30
ptm_1cd64d8f,poi_2100d6d3,poi_33fc148a,cab,26,6.706,1.147,59.79,THB,34,2026-08-18T10:00:00+05:30
ptm_8afa7960,poi_2100d6d3,poi_21a012fe,cab,23,5.925,1.013,54.20,THB,148,2026-08-18T10:00:00+05:30
ptm_86c2f2ea,poi_2100d6d3,poi_64085486,cab,33,9.09,1.554,76.84,THB,100,2026-08-18T10:00:00+05:30
ptm_ca5e52f4,poi_2100d6d3,poi_d0d48d2e,cab,34,9.216,1.576,77.75,THB,217,2026-08-18T10:00:00+05:30
ptm_a6221982,poi_2100d6d3,poi_90b70970,cab,25,6.52,1.115,58.45,THB,116,2026-08-18T10:00:00+05:30
ptm_f425cd11,poi_2100d6d3,poi_c9bd1fcd,cab,21,5.3,0.906,49.72,THB,42,2026-08-18T10:00:00+05:30
ptm_579598f2,poi_2100d6d3,poi_adef3914,cab,31,8.413,1.439,72.00,THB,210,2026-08-18T10:00:00+05:30
ptm_e88e2325,poi_2100d6d3,poi_c3cf2431,cab,21,5.336,0.913,49.98,THB,146,2026-08-18T10:00:00+05:30
ptm_7cd8df07,poi_2100d6d3,poi_c5ec38ec,walk,49,3.663,0,0.00,THB,88,2026-08-18T10:00:00+05:30
ptm_61b6eab5,poi_2100d6d3,poi_c5ec38ec,cab,16,3.663,0.626,38.00,THB,88,2026-08-18T10:00:00+05:30
ptm_2a14a080,poi_c5ec38ec,poi_33fc148a,cab,22,5.394,0.922,50.39,THB,1,2026-08-18T10:00:00+05:30
ptm_90ffe9f1,poi_c5ec38ec,poi_21a012fe,cab,21,5.205,0.89,49.04,THB,186,2026-08-18T10:00:00+05:30
ptm_fb854be1,poi_c5ec38ec,poi_64085486,cab,22,5.552,0.949,51.52,THB,107,2026-08-18T10:00:00+05:30
ptm_7a0e9a94,poi_c5ec38ec,poi_d0d48d2e,cab,42,11.885,2.032,96.85,THB,231,2026-08-18T10:00:00+05:30
ptm_dc3a598d,poi_c5ec38ec,poi_90b70970,walk,50,3.743,0,0.00,THB,144,2026-08-18T10:00:00+05:30
ptm_e09c005d,poi_c5ec38ec,poi_90b70970,cab,16,3.743,0.64,38.58,THB,144,2026-08-18T10:00:00+05:30
ptm_b31ef774,poi_c5ec38ec,poi_c9bd1fcd,walk,51,3.813,0,0.00,THB,358,2026-08-18T10:00:00+05:30
ptm_3b36db45,poi_c5ec38ec,poi_c9bd1fcd,cab,17,3.813,0.652,39.08,THB,358,2026-08-18T10:00:00+05:30
ptm_4b097868,poi_c5ec38ec,poi_adef3914,cab,39,10.798,1.846,89.07,THB,226,2026-08-18T10:00:00+05:30
ptm_5e21a9d3,poi_c5ec38ec,poi_c3cf2431,cab,19,4.63,0.792,44.93,THB,189,2026-08-18T10:00:00+05:30
ptm_de04d153,poi_c5ec38ec,poi_2100d6d3,walk,49,3.663,0,0.00,THB,268,2026-08-18T10:00:00+05:30
ptm_fa267296,poi_c5ec38ec,poi_2100d6d3,cab,16,3.663,0.626,38.00,THB,268,2026-08-18T10:00:00+05:30
ptm_d3b8a8c6,poi_23cb8612,poi_042b48b8,walk,26,1.862,0,0.00,MYR,39,2026-08-18T10:00:00+05:30
ptm_23004d94,poi_23cb8612,poi_042b48b8,cab,10,1.862,0.318,3.20,MYR,39,2026-08-18T10:00:00+05:30
ptm_34c753e8,poi_23cb8612,poi_ee320088,cab,31,8.254,1.411,9.04,MYR,95,2026-08-18T10:00:00+05:30
ptm_9578e013,poi_23cb8612,poi_b68d9ac4,cab,19,4.627,0.791,5.73,MYR,316,2026-08-18T10:00:00+05:30
ptm_5d4dc1f7,poi_23cb8612,poi_a0cb84df,cab,37,10.221,1.748,10.83,MYR,79,2026-08-18T10:00:00+05:30
ptm_75de1f51,poi_23cb8612,poi_277d6ca8,cab,39,11.016,1.884,11.56,MYR,144,2026-08-18T10:00:00+05:30
ptm_17f859a1,poi_23cb8612,poi_ac776f7b,cab,20,4.777,0.817,5.86,MYR,214,2026-08-18T10:00:00+05:30
ptm_5ce0890d,poi_23cb8612,poi_448dd95a,walk,33,2.413,0,0.00,MYR,82,2026-08-18T10:00:00+05:30
ptm_0fc5e1c8,poi_23cb8612,poi_448dd95a,cab,12,2.413,0.413,3.71,MYR,82,2026-08-18T10:00:00+05:30
ptm_39da61db,poi_23cb8612,poi_baaea645,cab,19,4.627,0.791,5.73,MYR,303,2026-08-18T10:00:00+05:30
ptm_d16d9c2c,poi_23cb8612,poi_47a367e4,cab,20,4.974,0.851,6.04,MYR,15,2026-08-18T10:00:00+05:30
ptm_b29ce645,poi_042b48b8,poi_23cb8612,walk,26,1.862,0,0.00,MYR,219,2026-08-18T10:00:00+05:30
ptm_1b5ee1c4,poi_042b48b8,poi_23cb8612,cab,10,1.862,0.318,3.20,MYR,219,2026-08-18T10:00:00+05:30
ptm_53a9a804,poi_042b48b8,poi_ee320088,cab,28,7.385,1.263,8.25,MYR,108,2026-08-18T10:00:00+05:30
ptm_b0c2dfd7,poi_042b48b8,poi_b68d9ac4,cab,20,4.79,0.819,5.88,MYR,293,2026-08-18T10:00:00+05:30
ptm_51ebbe81,poi_042b48b8,poi_a0cb84df,cab,32,8.864,1.516,9.60,MYR,86,2026-08-18T10:00:00+05:30
ptm_38ebc5f8,poi_042b48b8,poi_277d6ca8,cab,41,11.641,1.991,12.13,MYR,153,2026-08-18T10:00:00+05:30
ptm_9b38a21a,poi_042b48b8,poi_ac776f7b,cab,25,6.633,1.134,7.56,MYR,215,2026-08-18T10:00:00+05:30
ptm_42ea3afb,poi_042b48b8,poi_448dd95a,walk,23,1.65,0,0.00,MYR,133,2026-08-18T10:00:00+05:30
ptm_2d0ed88c,poi_042b48b8,poi_448dd95a,cab,10,1.65,0.282,3.01,MYR,133,2026-08-18T10:00:00+05:30
ptm_6df226f8,poi_042b48b8,poi_baaea645,cab,21,5.17,0.884,6.22,MYR,282,2026-08-18T10:00:00+05:30
ptm_2a3ff7ba,poi_042b48b8,poi_47a367e4,walk,45,3.353,0,0.00,MYR,2,2026-08-18T10:00:00+05:30
ptm_88f9ac31,poi_042b48b8,poi_47a367e4,cab,15,3.353,0.573,4.56,MYR,2,2026-08-18T10:00:00+05:30
ptm_97f937be,poi_ee320088,poi_23cb8612,cab,31,8.254,1.411,9.04,MYR,275,2026-08-18T10:00:00+05:30
ptm_21ae9f85,poi_ee320088,poi_042b48b8,cab,28,7.385,1.263,8.25,MYR,288,2026-08-18T10:00:00+05:30
ptm_153ddc7a,poi_ee320088,poi_b68d9ac4,cab,43,12.163,2.08,12.61,MYR,290,2026-08-18T10:00:00+05:30
ptm_60043a51,poi_ee320088,poi_a0cb84df,walk,45,3.326,0,0.00,MYR,33,2026-08-18T10:00:00+05:30
ptm_2acefcf2,poi_ee320088,poi_a0cb84df,cab,15,3.326,0.569,4.54,MYR,33,2026-08-18T10:00:00+05:30
ptm_c78abade,poi_ee320088,poi_277d6ca8,cab,31,8.351,1.428,9.13,MYR,192,2026-08-18T10:00:00+05:30
ptm_b9f3200c,poi_ee320088,poi_ac776f7b,cab,40,11.326,1.937,11.84,MYR,254,2026-08-18T10:00:00+05:30
ptm_a6239ccb,poi_ee320088,poi_448dd95a,cab,23,5.932,1.014,6.92,MYR,281,2026-08-18T10:00:00+05:30
ptm_2c8d11d6,poi_ee320088,poi_baaea645,cab,44,12.541,2.144,12.95,MYR,285,2026-08-18T10:00:00+05:30
ptm_90ecd4db,poi_ee320088,poi_47a367e4,cab,33,8.867,1.516,9.60,MYR,309,2026-08-18T10:00:00+05:30
ptm_6747b2ff,poi_b68d9ac4,poi_23cb8612,cab,19,4.627,0.791,5.73,MYR,136,2026-08-18T10:00:00+05:30
ptm_ec94f441,poi_b68d9ac4,poi_042b48b8,cab,20,4.79,0.819,5.88,MYR,113,2026-08-18T10:00:00+05:30
ptm_67a06199,poi_b68d9ac4,poi_ee320088,cab,43,12.163,2.08,12.61,MYR,110,2026-08-18T10:00:00+05:30
ptm_43b28902,poi_b68d9ac4,poi_a0cb84df,cab,47,13.323,2.278,13.67,MYR,96,2026-08-18T10:00:00+05:30
ptm_f20ad1c6,poi_b68d9ac4,poi_277d6ca8,cab,54,15.605,2.668,15.75,MYR,142,2026-08-18T10:00:00+05:30
ptm_bfa1e48e,poi_b68d9ac4,poi_ac776f7b,cab,28,7.302,1.249,8.17,MYR,175,2026-08-18T10:00:00+05:30
ptm_e624772e,poi_b68d9ac4,poi_448dd95a,cab,25,6.367,1.089,7.32,MYR,118,2026-08-18T10:00:00+05:30
ptm_13c647d2,poi_b68d9ac4,poi_baaea645,walk,15,1.014,0,0.00,MYR,219,2026-08-18T10:00:00+05:30
ptm_e891334b,poi_b68d9ac4,poi_baaea645,cab,8,1.014,0.173,2.43,MYR,219,2026-08-18T10:00:00+05:30
ptm_cff4cc4a,poi_b68d9ac4,poi_47a367e4,cab,20,4.8,0.821,5.89,MYR,72,2026-08-18T10:00:00+05:30
ptm_d727a008,poi_a0cb84df,poi_23cb8612,cab,37,10.221,1.748,10.83,MYR,259,2026-08-18T10:00:00+05:30
ptm_7091487c,poi_a0cb84df,poi_042b48b8,cab,32,8.864,1.516,9.60,MYR,266,2026-08-18T10:00:00+05:30
ptm_4babf2a6,poi_a0cb84df,poi_ee320088,walk,45,3.326,0,0.00,MYR,213,2026-08-18T10:00:00+05:30
ptm_56ee3fa2,poi_a0cb84df,poi_ee320088,cab,15,3.326,0.569,4.54,MYR,213,2026-08-18T10:00:00+05:30
ptm_c6c72101,poi_a0cb84df,poi_b68d9ac4,cab,47,13.323,2.278,13.67,MYR,276,2026-08-18T10:00:00+05:30
ptm_e2236889,poi_a0cb84df,poi_277d6ca8,cab,41,11.525,1.971,12.02,MYR,198,2026-08-18T10:00:00+05:30
ptm_52ac8811,poi_a0cb84df,poi_ac776f7b,cab,49,14.014,2.396,14.30,MYR,245,2026-08-18T10:00:00+05:30
ptm_cefc0513,poi_a0cb84df,poi_448dd95a,cab,29,7.814,1.336,8.64,MYR,258,2026-08-18T10:00:00+05:30
ptm_33e18354,poi_a0cb84df,poi_baaea645,cab,48,13.911,2.379,14.20,MYR,272,2026-08-18T10:00:00+05:30
ptm_f371f802,poi_a0cb84df,poi_47a367e4,cab,33,9.132,1.562,9.84,MYR,288,2026-08-18T10:00:00+05:30
ptm_dc903549,poi_277d6ca8,poi_23cb8612,cab,39,11.016,1.884,11.56,MYR,324,2026-08-18T10:00:00+05:30
ptm_2ed71914,poi_277d6ca8,poi_042b48b8,cab,41,11.641,1.991,12.13,MYR,333,2026-08-18T10:00:00+05:30
ptm_cdaa5663,poi_277d6ca8,poi_ee320088,cab,31,8.351,1.428,9.13,MYR,12,2026-08-18T10:00:00+05:30
ptm_b55c55c4,poi_277d6ca8,poi_b68d9ac4,cab,54,15.605,2.668,15.75,MYR,322,2026-08-18T10:00:00+05:30
ptm_2112f898,poi_277d6ca8,poi_a0cb84df,cab,41,11.525,1.971,12.02,MYR,18,2026-08-18T10:00:00+05:30
ptm_55bbec7f,poi_277d6ca8,poi_ac776f7b,cab,37,10.354,1.77,10.96,MYR,299,2026-08-18T10:00:00+05:30
ptm_2213a489,poi_277d6ca8,poi_448dd95a,cab,36,10.113,1.729,10.74,MYR,336,2026-08-18T10:00:00+05:30
ptm_188b4a99,poi_277d6ca8,poi_baaea645,cab,53,15.419,2.637,15.58,MYR,318,2026-08-18T10:00:00+05:30
ptm_d4ce128c,poi_277d6ca8,poi_47a367e4,cab,51,14.655,2.506,14.88,MYR,340,2026-08-18T10:00:00+05:30
ptm_a5063fee,poi_ac776f7b,poi_23cb8612,cab,20,4.777,0.817,5.86,MYR,34,2026-08-18T10:00:00+05:30
ptm_7863482a,poi_ac776f7b,poi_042b48b8,cab,25,6.633,1.134,7.56,MYR,35,2026-08-18T10:00:00+05:30
ptm_e07f4d67,poi_ac776f7b,poi_ee320088,cab,40,11.326,1.937,11.84,MYR,74,2026-08-18T10:00:00+05:30
ptm_3a4fc669,poi_ac776f7b,poi_b68d9ac4,cab,28,7.302,1.249,8.17,MYR,355,2026-08-18T10:00:00+05:30
ptm_868318c6,poi_ac776f7b,poi_a0cb84df,cab,49,14.014,2.396,14.30,MYR,65,2026-08-18T10:00:00+05:30
ptm_ff56dc9d,poi_ac776f7b,poi_277d6ca8,cab,37,10.354,1.77,10.96,MYR,119,2026-08-18T10:00:00+05:30
ptm_9d69bc5f,poi_ac776f7b,poi_448dd95a,cab,25,6.627,1.133,7.55,MYR,49,2026-08-18T10:00:00+05:30
ptm_e46d32da,poi_ac776f7b,poi_baaea645,cab,25,6.609,1.13,7.54,MYR,349,2026-08-18T10:00:00+05:30
ptm_f68bee19,poi_ac776f7b,poi_47a367e4,cab,35,9.627,1.646,10.29,MYR,24,2026-08-18T10:00:00+05:30
ptm_fb0d92cb,poi_448dd95a,poi_23cb8612,walk,33,2.413,0,0.00,MYR,262,2026-08-18T10:00:00+05:30
ptm_cd5729ca,poi_448dd95a,poi_23cb8612,cab,12,2.413,0.413,3.71,MYR,262,2026-08-18T10:00:00+05:30
ptm_c6f21e0d,poi_448dd95a,poi_042b48b8,walk,23,1.65,0,0.00,MYR,313,2026-08-18T10:00:00+05:30
ptm_3fcaad0e,poi_448dd95a,poi_042b48b8,cab,10,1.65,0.282,3.01,MYR,313,2026-08-18T10:00:00+05:30
ptm_e9262c2f,poi_448dd95a,poi_ee320088,cab,23,5.932,1.014,6.92,MYR,101,2026-08-18T10:00:00+05:30
ptm_88eb153f,poi_448dd95a,poi_b68d9ac4,cab,25,6.367,1.089,7.32,MYR,298,2026-08-18T10:00:00+05:30
ptm_d1cabbc6,poi_448dd95a,poi_a0cb84df,cab,29,7.814,1.336,8.64,MYR,78,2026-08-18T10:00:00+05:30
ptm_7eb7fd07,poi_448dd95a,poi_277d6ca8,cab,36,10.113,1.729,10.74,MYR,156,2026-08-18T10:00:00+05:30
ptm_c010dd4e,poi_448dd95a,poi_ac776f7b,cab,25,6.627,1.133,7.55,MYR,229,2026-08-18T10:00:00+05:30
ptm_10cae35c,poi_448dd95a,poi_baaea645,cab,25,6.643,1.136,7.57,MYR,289,2026-08-18T10:00:00+05:30
ptm_f1710cfd,poi_448dd95a,poi_47a367e4,cab,19,4.592,0.785,5.70,MYR,347,2026-08-18T10:00:00+05:30
ptm_30ca08e3,poi_baaea645,poi_23cb8612,cab,19,4.627,0.791,5.73,MYR,123,2026-08-18T10:00:00+05:30
ptm_fd223787,poi_baaea645,poi_042b48b8,cab,21,5.17,0.884,6.22,MYR,102,2026-08-18T10:00:00+05:30
ptm_7fede36d,poi_baaea645,poi_ee320088,cab,44,12.541,2.144,12.95,MYR,105,2026-08-18T10:00:00+05:30
ptm_03597230,poi_baaea645,poi_b68d9ac4,walk,15,1.014,0,0.00,MYR,39,2026-08-18T10:00:00+05:30
ptm_3da8d72f,poi_baaea645,poi_b68d9ac4,cab,8,1.014,0.173,2.43,MYR,39,2026-08-18T10:00:00+05:30
ptm_974e3517,poi_baaea645,poi_a0cb84df,cab,48,13.911,2.379,14.20,MYR,92,2026-08-18T10:00:00+05:30
ptm_d95772da,poi_baaea645,poi_277d6ca8,cab,53,15.419,2.637,15.58,MYR,138,2026-08-18T10:00:00+05:30
ptm_c7827610,poi_baaea645,poi_ac776f7b,cab,25,6.609,1.13,7.54,MYR,169,2026-08-18T10:00:00+05:30
ptm_48c0ab19,poi_baaea645,poi_448dd95a,cab,25,6.643,1.136,7.57,MYR,109,2026-08-18T10:00:00+05:30
ptm_b964c7a3,poi_baaea645,poi_47a367e4,cab,22,5.68,0.971,6.69,MYR,66,2026-08-18T10:00:00+05:30
ptm_9e5bed50,poi_47a367e4,poi_23cb8612,cab,20,4.974,0.851,6.04,MYR,195,2026-08-18T10:00:00+05:30
ptm_c5940997,poi_47a367e4,poi_042b48b8,walk,45,3.353,0,0.00,MYR,182,2026-08-18T10:00:00+05:30
ptm_9fbb5fd3,poi_47a367e4,poi_042b48b8,cab,15,3.353,0.573,4.56,MYR,182,2026-08-18T10:00:00+05:30
ptm_77259a38,poi_47a367e4,poi_ee320088,cab,33,8.867,1.516,9.60,MYR,129,2026-08-18T10:00:00+05:30
ptm_0ff24839,poi_47a367e4,poi_b68d9ac4,cab,20,4.8,0.821,5.89,MYR,252,2026-08-18T10:00:00+05:30
ptm_a4edfa9a,poi_47a367e4,poi_a0cb84df,cab,33,9.132,1.562,9.84,MYR,108,2026-08-18T10:00:00+05:30
ptm_bfdd6438,poi_47a367e4,poi_277d6ca8,cab,51,14.655,2.506,14.88,MYR,160,2026-08-18T10:00:00+05:30
ptm_dc4a5586,poi_47a367e4,poi_ac776f7b,cab,35,9.627,1.646,10.29,MYR,204,2026-08-18T10:00:00+05:30
ptm_0669632f,poi_47a367e4,poi_448dd95a,cab,19,4.592,0.785,5.70,MYR,167,2026-08-18T10:00:00+05:30
ptm_d4e47d99,poi_47a367e4,poi_baaea645,cab,22,5.68,0.971,6.69,MYR,246,2026-08-18T10:00:00+05:30
ptm_1b70ed37,poi_29af0a10,poi_45d40c26,cab,21,5.318,0.909,23088.68,IDR,292,2026-08-18T10:00:00+05:30
ptm_de6d7961,poi_29af0a10,poi_67992007,walk,15,1.004,0,0.00,IDR,100,2026-08-18T10:00:00+05:30
ptm_8791c1af,poi_29af0a10,poi_67992007,cab,8,1.004,0.172,8789.12,IDR,100,2026-08-18T10:00:00+05:30
ptm_75cdce83,poi_29af0a10,poi_19b1930f,cab,30,7.965,1.362,31863.91,IDR,160,2026-08-18T10:00:00+05:30
ptm_2f210a62,poi_29af0a10,poi_edbbfa7c,cab,20,4.924,0.842,21784.66,IDR,283,2026-08-18T10:00:00+05:30
ptm_3483f2db,poi_29af0a10,poi_4083e010,walk,54,3.997,0,0.00,IDR,282,2026-08-18T10:00:00+05:30
ptm_6f53f759,poi_29af0a10,poi_4083e010,cab,17,3.997,0.683,18710.03,IDR,282,2026-08-18T10:00:00+05:30
ptm_b1c221f3,poi_29af0a10,poi_7fd38d45,cab,27,7.038,1.203,28789.60,IDR,344,2026-08-18T10:00:00+05:30
ptm_886d19fc,poi_29af0a10,poi_adab11df,walk,53,3.922,0,0.00,IDR,277,2026-08-18T10:00:00+05:30
ptm_3a44d650,poi_29af0a10,poi_adab11df,cab,17,3.922,0.671,18462.78,IDR,277,2026-08-18T10:00:00+05:30
ptm_40b44c23,poi_29af0a10,poi_f9130509,cab,21,5.093,0.871,22343.75,IDR,119,2026-08-18T10:00:00+05:30
ptm_72fcce6b,poi_29af0a10,poi_c82b2d5e,walk,37,2.693,0,0.00,IDR,35,2026-08-18T10:00:00+05:30
ptm_3edb9fa6,poi_29af0a10,poi_c82b2d5e,cab,13,2.693,0.461,14387.66,IDR,35,2026-08-18T10:00:00+05:30
ptm_44f2334e,poi_45d40c26,poi_29af0a10,cab,21,5.318,0.909,23088.68,IDR,112,2026-08-18T10:00:00+05:30
ptm_f8747c0e,poi_45d40c26,poi_67992007,cab,24,6.304,1.078,26359.03,IDR,110,2026-08-18T10:00:00+05:30
ptm_c8793418,poi_45d40c26,poi_19b1930f,cab,43,12.182,2.083,45842.38,IDR,141,2026-08-18T10:00:00+05:30
ptm_18bf0362,poi_45d40c26,poi_edbbfa7c,walk,13,0.854,0,0.00,IDR,170,2026-08-18T10:00:00+05:30
ptm_0c70c0ae,poi_45d40c26,poi_edbbfa7c,cab,7,0.854,0.146,8290.99,IDR,170,2026-08-18T10:00:00+05:30
ptm_cd41e092,poi_45d40c26,poi_4083e010,walk,22,1.533,0,0.00,IDR,138,2026-08-18T10:00:00+05:30
ptm_99c63f42,poi_45d40c26,poi_4083e010,cab,9,1.533,0.262,10543.12,IDR,138,2026-08-18T10:00:00+05:30
ptm_c438eef0,poi_45d40c26,poi_7fd38d45,cab,22,5.675,0.97,24273.27,IDR,32,2026-08-18T10:00:00+05:30
ptm_dec0e226,poi_45d40c26,poi_adab11df,walk,25,1.836,0,0.00,IDR,145,2026-08-18T10:00:00+05:30
ptm_0119cb19,poi_45d40c26,poi_adab11df,cab,10,1.836,0.314,11547.70,IDR,145,2026-08-18T10:00:00+05:30
ptm_bf2ff1f6,poi_45d40c26,poi_f9130509,cab,37,10.391,1.777,39907.17,IDR,115,2026-08-18T10:00:00+05:30
ptm_1d33593c,poi_45d40c26,poi_c82b2d5e,cab,25,6.484,1.109,26955.33,IDR,88,2026-08-18T10:00:00+05:30
ptm_0545f87f,poi_67992007,poi_29af0a10,walk,15,1.004,0,0.00,IDR,280,2026-08-18T10:00:00+05:30
ptm_5685f376,poi_67992007,poi_29af0a10,cab,8,1.004,0.172,8789.12,IDR,280,2026-08-18T10:00:00+05:30
ptm_e774a4f2,poi_67992007,poi_45d40c26,cab,24,6.304,1.078,26359.03,IDR,290,2026-08-18T10:00:00+05:30
ptm_4b45e8d9,poi_67992007,poi_19b1930f,cab,28,7.51,1.284,30354.03,IDR,166,2026-08-18T10:00:00+05:30
ptm_37b38e92,poi_67992007,poi_edbbfa7c,cab,23,5.927,1.014,25109.32,IDR,283,2026-08-18T10:00:00+05:30
ptm_33eba572,poi_67992007,poi_4083e010,cab,20,5.001,0.855,22037.43,IDR,282,2026-08-18T10:00:00+05:30
ptm_54acb7fb,poi_67992007,poi_7fd38d45,cab,28,7.529,1.287,30418.25,IDR,337,2026-08-18T10:00:00+05:30
ptm_40c5e984,poi_67992007,poi_adab11df,cab,20,4.925,0.842,21787.58,IDR,277,2026-08-18T10:00:00+05:30
ptm_06e1e2fb,poi_67992007,poi_f9130509,walk,56,4.155,0,0.00,IDR,123,2026-08-18T10:00:00+05:30
ptm_ace8837b,poi_67992007,poi_f9130509,cab,18,4.155,0.711,19234.11,IDR,123,2026-08-18T10:00:00+05:30
ptm_1502f8df,poi_67992007,poi_c82b2d5e,walk,33,2.446,0,0.00,IDR,13,2026-08-18T10:00:00+05:30
ptm_4cbba8b3,poi_67992007,poi_c82b2d5e,cab,12,2.446,0.418,13569.49,IDR,13,2026-08-18T10:00:00+05:30
ptm_2f5f8bf1,poi_19b1930f,poi_29af0a10,cab,30,7.965,1.362,31863.91,IDR,340,2026-08-18T10:00:00+05:30
ptm_2141494e,poi_19b1930f,poi_45d40c26,cab,43,12.182,2.083,45842.38,IDR,321,2026-08-18T10:00:00+05:30
ptm_58952bb0,poi_19b1930f,poi_67992007,cab,28,7.51,1.284,30354.03,IDR,346,2026-08-18T10:00:00+05:30
ptm_6799b2e5,poi_19b1930f,poi_edbbfa7c,cab,41,11.445,1.957,43399.66,IDR,319,2026-08-18T10:00:00+05:30
ptm_5f2b6798,poi_19b1930f,poi_4083e010,cab,38,10.651,1.821,40767.51,IDR,321,2026-08-18T10:00:00+05:30
ptm_d28e4da6,poi_19b1930f,poi_7fd38d45,cab,52,14.991,2.564,55156.03,IDR,342,2026-08-18T10:00:00+05:30
ptm_8cb89237,poi_19b1930f,poi_adab11df,cab,37,10.352,1.77,39777.08,IDR,320,2026-08-18T10:00:00+05:30
ptm_537c3a51,poi_19b1930f,poi_f9130509,cab,21,5.302,0.907,23036.11,IDR,19,2026-08-18T10:00:00+05:30
ptm_bfe89f48,poi_19b1930f,poi_c82b2d5e,cab,35,9.758,1.669,37807.77,IDR,353,2026-08-18T10:00:00+05:30
ptm_cecfb998,poi_edbbfa7c,poi_29af0a10,cab,20,4.924,0.842,21784.66,IDR,103,2026-08-18T10:00:00+05:30
ptm_3f0c3e77,poi_edbbfa7c,poi_45d40c26,walk,13,0.854,0,0.00,IDR,350,2026-08-18T10:00:00+05:30
ptm_7d96f1b6,poi_edbbfa7c,poi_45d40c26,cab,7,0.854,0.146,8290.99,IDR,350,2026-08-18T10:00:00+05:30
ptm_25213eba,poi_edbbfa7c,poi_67992007,cab,23,5.927,1.014,25109.32,IDR,103,2026-08-18T10:00:00+05:30
ptm_76899eeb,poi_edbbfa7c,poi_19b1930f,cab,41,11.445,1.957,43399.66,IDR,139,2026-08-18T10:00:00+05:30
ptm_af04b945,poi_edbbfa7c,poi_4083e010,walk,14,0.932,0,0.00,IDR,108,2026-08-18T10:00:00+05:30
ptm_47838d8f,poi_edbbfa7c,poi_4083e010,cab,7,0.932,0.159,8549.92,IDR,108,2026-08-18T10:00:00+05:30
ptm_23a56d86,poi_edbbfa7c,poi_7fd38d45,cab,25,6.335,1.083,26461.09,IDR,27,2026-08-18T10:00:00+05:30
ptm_9dc23d90,poi_edbbfa7c,poi_adab11df,walk,16,1.12,0,0.00,IDR,127,2026-08-18T10:00:00+05:30
ptm_830784fd,poi_edbbfa7c,poi_adab11df,cab,8,1.12,0.192,9172.77,IDR,127,2026-08-18T10:00:00+05:30
ptm_bf76529e,poi_edbbfa7c,poi_f9130509,cab,36,9.926,1.697,38363.43,IDR,111,2026-08-18T10:00:00+05:30
ptm_b1050fba,poi_edbbfa7c,poi_c82b2d5e,cab,25,6.425,1.099,26759.77,IDR,80,2026-08-18T10:00:00+05:30
ptm_ea2093b4,poi_4083e010,poi_29af0a10,walk,54,3.997,0,0.00,IDR,102,2026-08-18T10:00:00+05:30
ptm_c8be0efd,poi_4083e010,poi_29af0a10,cab,17,3.997,0.683,18710.03,IDR,102,2026-08-18T10:00:00+05:30
ptm_751265ac,poi_4083e010,poi_45d40c26,walk,22,1.533,0,0.00,IDR,318,2026-08-18T10:00:00+05:30
ptm_37034974,poi_4083e010,poi_45d40c26,cab,9,1.533,0.262,10543.12,IDR,318,2026-08-18T10:00:00+05:30
ptm_e31c85e3,poi_4083e010,poi_67992007,cab,20,5.001,0.855,22037.43,IDR,102,2026-08-18T10:00:00+05:30
ptm_e89a1772,poi_4083e010,poi_19b1930f,cab,38,10.651,1.821,40767.51,IDR,141,2026-08-18T10:00:00+05:30
ptm_b2f5f813,poi_4083e010,poi_edbbfa7c,walk,14,0.932,0,0.00,IDR,288,2026-08-18T10:00:00+05:30
ptm_d0a89f3a,poi_4083e010,poi_edbbfa7c,cab,7,0.932,0.159,8549.92,IDR,288,2026-08-18T10:00:00+05:30
ptm_e89ac22e,poi_4083e010,poi_7fd38d45,cab,24,6.263,1.071,26222.80,IDR,19,2026-08-18T10:00:00+05:30
ptm_7b6e781d,poi_4083e010,poi_adab11df,walk,6,0.376,0,0.00,IDR,178,2026-08-18T10:00:00+05:30
ptm_efd53346,poi_4083e010,poi_adab11df,cab,6,0.376,0.064,6705.16,IDR,178,2026-08-18T10:00:00+05:30
ptm_0786ca09,poi_4083e010,poi_f9130509,cab,33,8.995,1.538,35277.49,IDR,112,2026-08-18T10:00:00+05:30
ptm_31d5c56d,poi_4083e010,poi_c82b2d5e,cab,22,5.62,0.961,24089.97,IDR,76,2026-08-18T10:00:00+05:30
ptm_446be809,poi_7fd38d45,poi_29af0a10,cab,27,7.038,1.203,28789.60,IDR,164,2026-08-18T10:00:00+05:30
ptm_bd5d19b5,poi_7fd38d45,poi_45d40c26,cab,22,5.675,0.97,24273.27,IDR,212,2026-08-18T10:00:00+05:30
ptm_7f351aa8,poi_7fd38d45,poi_67992007,cab,28,7.529,1.287,30418.25,IDR,157,2026-08-18T10:00:00+05:30
ptm_4e1d8684,poi_7fd38d45,poi_19b1930f,cab,52,14.991,2.564,55156.03,IDR,162,2026-08-18T10:00:00+05:30
ptm_da4a3b32,poi_7fd38d45,poi_edbbfa7c,cab,25,6.335,1.083,26461.09,IDR,207,2026-08-18T10:00:00+05:30
ptm_f664d06b,poi_7fd38d45,poi_4083e010,cab,24,6.263,1.071,26222.80,IDR,199,2026-08-18T10:00:00+05:30
ptm_ec8fec6e,poi_7fd38d45,poi_adab11df,cab,25,6.616,1.131,27392.60,IDR,198,2026-08-18T10:00:00+05:30
ptm_67735025,poi_7fd38d45,poi_f9130509,cab,40,11.215,1.918,42639.36,IDR,145,2026-08-18T10:00:00+05:30
ptm_c0912d38,poi_7fd38d45,poi_c82b2d5e,cab,23,5.724,0.979,24433.66,IDR,143,2026-08-18T10:00:00+05:30
ptm_f9eaabd4,poi_adab11df,poi_29af0a10,walk,53,3.922,0,0.00,IDR,97,2026-08-18T10:00:00+05:30
ptm_7e42c93a,poi_adab11df,poi_29af0a10,cab,17,3.922,0.671,18462.78,IDR,97,2026-08-18T10:00:00+05:30
ptm_cec67004,poi_adab11df,poi_45d40c26,walk,25,1.836,0,0.00,IDR,325,2026-08-18T10:00:00+05:30
ptm_af4c33e2,poi_adab11df,poi_45d40c26,cab,10,1.836,0.314,11547.70,IDR,325,2026-08-18T10:00:00+05:30
ptm_28813398,poi_adab11df,poi_67992007,cab,20,4.925,0.842,21787.58,IDR,97,2026-08-18T10:00:00+05:30
ptm_8b5d8769,poi_adab11df,poi_19b1930f,cab,37,10.352,1.77,39777.08,IDR,140,2026-08-18T10:00:00+05:30
ptm_56f11c36,poi_adab11df,poi_edbbfa7c,walk,16,1.12,0,0.00,IDR,307,2026-08-18T10:00:00+05:30
ptm_b86823b5,poi_adab11df,poi_edbbfa7c,cab,8,1.12,0.192,9172.77,IDR,307,2026-08-18T10:00:00+05:30
ptm_a797a1a0,poi_adab11df,poi_4083e010,walk,6,0.376,0,0.00,IDR,358,2026-08-18T10:00:00+05:30
ptm_1d056975,poi_adab11df,poi_4083e010,cab,6,0.376,0.064,6705.16,IDR,358,2026-08-18T10:00:00+05:30
ptm_9f5a8bb7,poi_adab11df,poi_7fd38d45,cab,25,6.616,1.131,27392.60,IDR,18,2026-08-18T10:00:00+05:30
ptm_5638f3ba,poi_adab11df,poi_f9130509,cab,32,8.852,1.514,34803.37,IDR,109,2026-08-18T10:00:00+05:30
ptm_2d301f8c,poi_adab11df,poi_c82b2d5e,cab,23,5.71,0.976,24390.25,IDR,72,2026-08-18T10:00:00+05:30
ptm_29d16e0c,poi_f9130509,poi_29af0a10,cab,21,5.093,0.871,22343.75,IDR,299,2026-08-18T10:00:00+05:30
ptm_a40a3d30,poi_f9130509,poi_45d40c26,cab,37,10.391,1.777,39907.17,IDR,295,2026-08-18T10:00:00+05:30
ptm_40ebe99a,poi_f9130509,poi_67992007,walk,56,4.155,0,0.00,IDR,303,2026-08-18T10:00:00+05:30
ptm_1c3f7ac6,poi_f9130509,poi_67992007,cab,18,4.155,0.711,19234.11,IDR,303,2026-08-18T10:00:00+05:30
ptm_75ea0481,poi_f9130509,poi_19b1930f,cab,21,5.302,0.907,23036.11,IDR,199,2026-08-18T10:00:00+05:30
ptm_d85412fb,poi_f9130509,poi_edbbfa7c,cab,36,9.926,1.697,38363.43,IDR,291,2026-08-18T10:00:00+05:30
ptm_709c558f,poi_f9130509,poi_4083e010,cab,33,8.995,1.538,35277.49,IDR,292,2026-08-18T10:00:00+05:30
ptm_e10709bb,poi_f9130509,poi_7fd38d45,cab,40,11.215,1.918,42639.36,IDR,325,2026-08-18T10:00:00+05:30
ptm_3efa0461,poi_f9130509,poi_adab11df,cab,32,8.852,1.514,34803.37,IDR,289,2026-08-18T10:00:00+05:30
ptm_d791ebc7,poi_f9130509,poi_c82b2d5e,cab,22,5.503,0.941,23701.79,IDR,328,2026-08-18T10:00:00+05:30
ptm_a6074cca,poi_c82b2d5e,poi_29af0a10,walk,37,2.693,0,0.00,IDR,215,2026-08-18T10:00:00+05:30
ptm_e137524d,poi_c82b2d5e,poi_29af0a10,cab,13,2.693,0.461,14387.66,IDR,215,2026-08-18T10:00:00+05:30
ptm_9e462a86,poi_c82b2d5e,poi_45d40c26,cab,25,6.484,1.109,26955.33,IDR,268,2026-08-18T10:00:00+05:30
ptm_bc851ce8,poi_c82b2d5e,poi_67992007,walk,33,2.446,0,0.00,IDR,193,2026-08-18T10:00:00+05:30
ptm_a7edd444,poi_c82b2d5e,poi_67992007,cab,12,2.446,0.418,13569.49,IDR,193,2026-08-18T10:00:00+05:30
ptm_2591dae1,poi_c82b2d5e,poi_19b1930f,cab,35,9.758,1.669,37807.77,IDR,173,2026-08-18T10:00:00+05:30
ptm_6a70de99,poi_c82b2d5e,poi_edbbfa7c,cab,25,6.425,1.099,26759.77,IDR,260,2026-08-18T10:00:00+05:30
ptm_4846eaf3,poi_c82b2d5e,poi_4083e010,cab,22,5.62,0.961,24089.97,IDR,256,2026-08-18T10:00:00+05:30
ptm_f5009c6d,poi_c82b2d5e,poi_7fd38d45,cab,23,5.724,0.979,24433.66,IDR,323,2026-08-18T10:00:00+05:30
ptm_7aa2bf4e,poi_c82b2d5e,poi_adab11df,cab,23,5.71,0.976,24390.25,IDR,252,2026-08-18T10:00:00+05:30
ptm_dffee619,poi_c82b2d5e,poi_f9130509,cab,22,5.503,0.941,23701.79,IDR,148,2026-08-18T10:00:00+05:30
ptm_98cb964b,poi_25297fae,poi_b6e36b7d,cab,34,9.374,1.603,341.00,JPY,325,2026-08-18T10:00:00+05:30
ptm_81d7a269,poi_25297fae,poi_7dbcbc93,cab,34,9.274,1.586,337.90,JPY,280,2026-08-18T10:00:00+05:30
ptm_3b695e55,poi_25297fae,poi_7222df37,cab,48,13.704,2.343,474.98,JPY,331,2026-08-18T10:00:00+05:30
ptm_573cedbe,poi_25297fae,poi_7b3b06ba,cab,23,6.016,1.029,237.09,JPY,71,2026-08-18T10:00:00+05:30
ptm_07a83bd1,poi_25297fae,poi_5f0425b4,cab,36,9.918,1.696,357.81,JPY,352,2026-08-18T10:00:00+05:30
ptm_ee889c96,poi_25297fae,poi_1fcbd044,cab,37,10.405,1.779,372.88,JPY,303,2026-08-18T10:00:00+05:30
ptm_da22c935,poi_25297fae,poi_d2db3dab,cab,39,10.951,1.873,389.79,JPY,19,2026-08-18T10:00:00+05:30
ptm_90d7fe22,poi_25297fae,poi_d1c73e68,walk,50,3.726,0,0.00,JPY,350,2026-08-18T10:00:00+05:30
ptm_207044fd,poi_25297fae,poi_d1c73e68,cab,16,3.726,0.637,166.25,JPY,350,2026-08-18T10:00:00+05:30
ptm_1775d49f,poi_25297fae,poi_1fcba288,cab,44,12.595,2.154,440.66,JPY,313,2026-08-18T10:00:00+05:30
ptm_fc5d977c,poi_b6e36b7d,poi_25297fae,cab,34,9.374,1.603,341.00,JPY,145,2026-08-18T10:00:00+05:30
ptm_48db7977,poi_b6e36b7d,poi_7dbcbc93,cab,27,7.21,1.233,274.03,JPY,212,2026-08-18T10:00:00+05:30
ptm_54655559,poi_b6e36b7d,poi_7222df37,walk,60,4.466,0,0.00,JPY,343,2026-08-18T10:00:00+05:30
ptm_9fbc2d89,poi_b6e36b7d,poi_7222df37,cab,19,4.466,0.764,189.14,JPY,343,2026-08-18T10:00:00+05:30
ptm_871a2e99,poi_b6e36b7d,poi_7b3b06ba,cab,44,12.434,2.126,435.66,JPY,118,2026-08-18T10:00:00+05:30
ptm_fbfc8d32,poi_b6e36b7d,poi_5f0425b4,walk,60,4.463,0,0.00,JPY,62,2026-08-18T10:00:00+05:30
ptm_03ec59f9,poi_b6e36b7d,poi_5f0425b4,cab,19,4.463,0.763,189.05,JPY,62,2026-08-18T10:00:00+05:30
ptm_9c56af3b,poi_b6e36b7d,poi_1fcbd044,walk,53,3.955,0,0.00,JPY,239,2026-08-18T10:00:00+05:30
ptm_a991598d,poi_b6e36b7d,poi_1fcbd044,cab,17,3.955,0.676,173.34,JPY,239,2026-08-18T10:00:00+05:30
ptm_ca189247,poi_b6e36b7d,poi_d2db3dab,cab,34,9.217,1.576,336.14,JPY,73,2026-08-18T10:00:00+05:30
ptm_f369a25e,poi_b6e36b7d,poi_d1c73e68,cab,24,6.163,1.054,241.64,JPY,131,2026-08-18T10:00:00+05:30
ptm_68f36444,poi_b6e36b7d,poi_1fcba288,walk,53,3.951,0,0.00,JPY,284,2026-08-18T10:00:00+05:30
ptm_e68918cb,poi_b6e36b7d,poi_1fcba288,cab,17,3.951,0.676,173.22,JPY,284,2026-08-18T10:00:00+05:30
ptm_d7f0dfff,poi_7dbcbc93,poi_25297fae,cab,34,9.274,1.586,337.90,JPY,100,2026-08-18T10:00:00+05:30
ptm_01280894,poi_7dbcbc93,poi_b6e36b7d,cab,27,7.21,1.233,274.03,JPY,32,2026-08-18T10:00:00+05:30
ptm_2a2d5c48,poi_7dbcbc93,poi_7222df37,cab,38,10.672,1.825,381.15,JPY,13,2026-08-18T10:00:00+05:30
ptm_86a5668b,poi_7dbcbc93,poi_7b3b06ba,cab,51,14.831,2.536,509.84,JPY,89,2026-08-18T10:00:00+05:30
ptm_516791de,poi_7dbcbc93,poi_5f0425b4,cab,40,11.299,1.932,400.54,JPY,43,2026-08-18T10:00:00+05:30
ptm_dd7a6a89,poi_7dbcbc93,poi_1fcbd044,walk,55,4.107,0,0.00,JPY,6,2026-08-18T10:00:00+05:30
ptm_aa408fa4,poi_7dbcbc93,poi_1fcbd044,cab,17,4.107,0.702,178.04,JPY,6,2026-08-18T10:00:00+05:30
ptm_5fb47b30,poi_7dbcbc93,poi_d2db3dab,cab,53,15.388,2.631,527.05,JPY,55,2026-08-18T10:00:00+05:30
ptm_1fe88a4c,poi_7dbcbc93,poi_d1c73e68,cab,32,8.704,1.488,320.26,JPY,76,2026-08-18T10:00:00+05:30
ptm_5f3bbb0e,poi_7dbcbc93,poi_1fcba288,cab,27,7.043,1.204,268.86,JPY,360,2026-08-18T10:00:00+05:30
ptm_461e118c,poi_7222df37,poi_25297fae,cab,48,13.704,2.343,474.98,JPY,151,2026-08-18T10:00:00+05:30
ptm_de270018,poi_7222df37,poi_b6e36b7d,walk,60,4.466,0,0.00,JPY,163,2026-08-18T10:00:00+05:30
ptm_3c6cd25e,poi_7222df37,poi_b6e36b7d,cab,19,4.466,0.764,189.14,JPY,163,2026-08-18T10:00:00+05:30
ptm_51c8d718,poi_7222df37,poi_7dbcbc93,cab,38,10.672,1.825,381.15,JPY,193,2026-08-18T10:00:00+05:30
ptm_67e65f6a,poi_7222df37,poi_7b3b06ba,cab,55,15.91,2.721,543.23,JPY,129,2026-08-18T10:00:00+05:30
ptm_c30e2719,poi_7222df37,poi_5f0425b4,cab,22,5.697,0.974,227.22,JPY,112,2026-08-18T10:00:00+05:30
ptm_ad4867d6,poi_7222df37,poi_1fcbd044,cab,25,6.622,1.132,255.85,JPY,198,2026-08-18T10:00:00+05:30
ptm_f5d6f228,poi_7222df37,poi_d2db3dab,cab,37,10.287,1.759,369.23,JPY,99,2026-08-18T10:00:00+05:30
ptm_5038e44e,poi_7222df37,poi_d1c73e68,cab,37,10.241,1.751,367.81,JPY,144,2026-08-18T10:00:00+05:30
ptm_e0e5e52e,poi_7222df37,poi_1fcba288,walk,56,4.174,0,0.00,JPY,217,2026-08-18T10:00:00+05:30
ptm_68bff2bf,poi_7222df37,poi_1fcba288,cab,18,4.174,0.714,180.10,JPY,217,2026-08-18T10:00:00+05:30
ptm_a9925a2c,poi_7b3b06ba,poi_25297fae,cab,23,6.016,1.029,237.09,JPY,251,2026-08-18T10:00:00+05:30
ptm_85931be0,poi_7b3b06ba,poi_b6e36b7d,cab,44,12.434,2.126,435.66,JPY,298,2026-08-18T10:00:00+05:30
ptm_5ad69713,poi_7b3b06ba,poi_7dbcbc93,cab,51,14.831,2.536,509.84,JPY,269,2026-08-18T10:00:00+05:30
ptm_672ed80e,poi_7b3b06ba,poi_7222df37,cab,55,15.91,2.721,543.23,JPY,309,2026-08-18T10:00:00+05:30
ptm_37d3ccd0,poi_7b3b06ba,poi_5f0425b4,cab,38,10.587,1.81,378.51,JPY,318,2026-08-18T10:00:00+05:30
ptm_ea8b6718,poi_7b3b06ba,poi_1fcbd044,cab,52,14.884,2.545,511.46,JPY,285,2026-08-18T10:00:00+05:30
ptm_360cd342,poi_7b3b06ba,poi_d2db3dab,cab,32,8.708,1.489,320.39,JPY,346,2026-08-18T10:00:00+05:30
ptm_5e690270,poi_7b3b06ba,poi_d1c73e68,cab,25,6.599,1.128,255.13,JPY,285,2026-08-18T10:00:00+05:30
ptm_5359eded,poi_7b3b06ba,poi_1fcba288,cab,56,16.294,2.786,555.10,JPY,294,2026-08-18T10:00:00+05:30
ptm_59cac04e,poi_5f0425b4,poi_25297fae,cab,36,9.918,1.696,357.81,JPY,172,2026-08-18T10:00:00+05:30
ptm_63f61b93,poi_5f0425b4,poi_b6e36b7d,walk,60,4.463,0,0.00,JPY,242,2026-08-18T10:00:00+05:30
ptm_09f8dffc,poi_5f0425b4,poi_b6e36b7d,cab,19,4.463,0.763,189.05,JPY,242,2026-08-18T10:00:00+05:30
ptm_f3707b28,poi_5f0425b4,poi_7dbcbc93,cab,40,11.299,1.932,400.54,JPY,223,2026-08-18T10:00:00+05:30
ptm_22820723,poi_5f0425b4,poi_7222df37,cab,22,5.697,0.974,227.22,JPY,292,2026-08-18T10:00:00+05:30
ptm_565cde4f,poi_5f0425b4,poi_7b3b06ba,cab,38,10.587,1.81,378.51,JPY,138,2026-08-18T10:00:00+05:30
ptm_11d45b33,poi_5f0425b4,poi_1fcbd044,cab,31,8.416,1.439,311.35,JPY,241,2026-08-18T10:00:00+05:30
ptm_e43b02e5,poi_5f0425b4,poi_d2db3dab,cab,20,4.92,0.841,203.20,JPY,84,2026-08-18T10:00:00+05:30
ptm_08a5f89f,poi_5f0425b4,poi_d1c73e68,cab,24,6.197,1.06,242.70,JPY,174,2026-08-18T10:00:00+05:30
ptm_d1b3a0b8,poi_5f0425b4,poi_1fcba288,cab,29,7.867,1.345,294.37,JPY,261,2026-08-18T10:00:00+05:30
ptm_39b1a809,poi_1fcbd044,poi_25297fae,cab,37,10.405,1.779,372.88,JPY,123,2026-08-18T10:00:00+05:30
ptm_8e5f3db4,poi_1fcbd044,poi_b6e36b7d,walk,53,3.955,0,0.00,JPY,59,2026-08-18T10:00:00+05:30
ptm_ed56ec3a,poi_1fcbd044,poi_b6e36b7d,cab,17,3.955,0.676,173.34,JPY,59,2026-08-18T10:00:00+05:30
ptm_3f1464f1,poi_1fcbd044,poi_7dbcbc93,walk,55,4.107,0,0.00,JPY,186,2026-08-18T10:00:00+05:30
ptm_08756863,poi_1fcbd044,poi_7dbcbc93,cab,17,4.107,0.702,178.04,JPY,186,2026-08-18T10:00:00+05:30
ptm_23124770,poi_1fcbd044,poi_7222df37,cab,25,6.622,1.132,255.85,JPY,18,2026-08-18T10:00:00+05:30
ptm_94a734a0,poi_1fcbd044,poi_7b3b06ba,cab,52,14.884,2.545,511.46,JPY,105,2026-08-18T10:00:00+05:30
ptm_5bc6b919,poi_1fcbd044,poi_5f0425b4,cab,31,8.416,1.439,311.35,JPY,61,2026-08-18T10:00:00+05:30
ptm_75dbe6d8,poi_1fcbd044,poi_d2db3dab,cab,46,13.088,2.238,455.91,JPY,69,2026-08-18T10:00:00+05:30
ptm_62008879,poi_1fcbd044,poi_d1c73e68,cab,31,8.285,1.417,307.31,JPY,104,2026-08-18T10:00:00+05:30
ptm_2938985c,poi_1fcbd044,poi_1fcba288,walk,41,2.991,0,0.00,JPY,351,2026-08-18T10:00:00+05:30
ptm_68efd833,poi_1fcbd044,poi_1fcba288,cab,14,2.991,0.511,143.49,JPY,351,2026-08-18T10:00:00+05:30
ptm_18166390,poi_d2db3dab,poi_25297fae,cab,39,10.951,1.873,389.79,JPY,199,2026-08-18T10:00:00+05:30
ptm_133d7a76,poi_d2db3dab,poi_b6e36b7d,cab,34,9.217,1.576,336.14,JPY,253,2026-08-18T10:00:00+05:30
ptm_7a0e284a,poi_d2db3dab,poi_7dbcbc93,cab,53,15.388,2.631,527.05,JPY,235,2026-08-18T10:00:00+05:30
ptm_e0308df6,poi_d2db3dab,poi_7222df37,cab,37,10.287,1.759,369.23,JPY,279,2026-08-18T10:00:00+05:30
ptm_0db8307e,poi_d2db3dab,poi_7b3b06ba,cab,32,8.708,1.489,320.39,JPY,166,2026-08-18T10:00:00+05:30
ptm_10cbc924,poi_d2db3dab,poi_5f0425b4,cab,20,4.92,0.841,203.20,JPY,264,2026-08-18T10:00:00+05:30
ptm_1fde7c51,poi_d2db3dab,poi_1fcbd044,cab,46,13.088,2.238,455.91,JPY,249,2026-08-18T10:00:00+05:30
ptm_b7847967,poi_d2db3dab,poi_d1c73e68,cab,29,7.909,1.352,295.67,JPY,212,2026-08-18T10:00:00+05:30
ptm_b252067a,poi_d2db3dab,poi_1fcba288,cab,45,12.785,2.186,446.54,JPY,262,2026-08-18T10:00:00+05:30
ptm_39020397,poi_d1c73e68,poi_25297fae,walk,50,3.726,0,0.00,JPY,170,2026-08-18T10:00:00+05:30
ptm_fa4d0892,poi_d1c73e68,poi_25297fae,cab,16,3.726,0.637,166.25,JPY,170,2026-08-18T10:00:00+05:30
ptm_9a665839,poi_d1c73e68,poi_b6e36b7d,cab,24,6.163,1.054,241.64,JPY,311,2026-08-18T10:00:00+05:30
ptm_1f27fbbe,poi_d1c73e68,poi_7dbcbc93,cab,32,8.704,1.488,320.26,JPY,256,2026-08-18T10:00:00+05:30
ptm_44a220f3,poi_d1c73e68,poi_7222df37,cab,37,10.241,1.751,367.81,JPY,324,2026-08-18T10:00:00+05:30
ptm_081721ac,poi_d1c73e68,poi_7b3b06ba,cab,25,6.599,1.128,255.13,JPY,105,2026-08-18T10:00:00+05:30
ptm_fcd4f8ce,poi_d1c73e68,poi_5f0425b4,cab,24,6.197,1.06,242.70,JPY,354,2026-08-18T10:00:00+05:30
ptm_f3c3e1ee,poi_d1c73e68,poi_1fcbd044,cab,31,8.285,1.417,307.31,JPY,284,2026-08-18T10:00:00+05:30
ptm_81320aa0,poi_d1c73e68,poi_d2db3dab,cab,29,7.909,1.352,295.67,JPY,32,2026-08-18T10:00:00+05:30
ptm_9e8d5ebd,poi_d1c73e68,poi_1fcba288,cab,36,9.836,1.682,355.30,JPY,300,2026-08-18T10:00:00+05:30
ptm_2a17f815,poi_1fcba288,poi_25297fae,cab,44,12.595,2.154,440.66,JPY,133,2026-08-18T10:00:00+05:30
ptm_9929eed1,poi_1fcba288,poi_b6e36b7d,walk,53,3.951,0,0.00,JPY,104,2026-08-18T10:00:00+05:30
ptm_d7698377,poi_1fcba288,poi_b6e36b7d,cab,17,3.951,0.676,173.22,JPY,104,2026-08-18T10:00:00+05:30
ptm_cf11a882,poi_1fcba288,poi_7dbcbc93,cab,27,7.043,1.204,268.86,JPY,180,2026-08-18T10:00:00+05:30
ptm_afb885a0,poi_1fcba288,poi_7222df37,walk,56,4.174,0,0.00,JPY,37,2026-08-18T10:00:00+05:30
ptm_1b853ac3,poi_1fcba288,poi_7222df37,cab,18,4.174,0.714,180.10,JPY,37,2026-08-18T10:00:00+05:30
ptm_59287350,poi_1fcba288,poi_7b3b06ba,cab,56,16.294,2.786,555.10,JPY,114,2026-08-18T10:00:00+05:30
ptm_d75b178c,poi_1fcba288,poi_5f0425b4,cab,29,7.867,1.345,294.37,JPY,81,2026-08-18T10:00:00+05:30
ptm_6aba233a,poi_1fcba288,poi_1fcbd044,walk,41,2.991,0,0.00,JPY,171,2026-08-18T10:00:00+05:30
ptm_fd9471ad,poi_1fcba288,poi_1fcbd044,cab,14,2.991,0.511,143.49,JPY,171,2026-08-18T10:00:00+05:30
ptm_fc81c9da,poi_1fcba288,poi_d2db3dab,cab,45,12.785,2.186,446.54,JPY,82,2026-08-18T10:00:00+05:30
ptm_689f014c,poi_1fcba288,poi_d1c73e68,cab,36,9.836,1.682,355.30,JPY,120,2026-08-18T10:00:00+05:30
ptm_5d553370,poi_36344a67,poi_a2683340,cab,30,8.19,1.401,1.76,CHF,109,2026-08-18T10:00:00+05:30
ptm_12a226f6,poi_36344a67,poi_0d0097d8,cab,34,9.231,1.579,1.94,CHF,76,2026-08-18T10:00:00+05:30
ptm_cfd8b2b2,poi_36344a67,poi_91b95b2c,cab,30,8.02,1.371,1.73,CHF,144,2026-08-18T10:00:00+05:30
ptm_3deea4b5,poi_36344a67,poi_7858bc94,cab,44,12.452,2.129,2.52,CHF,174,2026-08-18T10:00:00+05:30
ptm_5122313d,poi_36344a67,poi_0f290346,cab,30,7.934,1.357,1.71,CHF,165,2026-08-18T10:00:00+05:30
ptm_926277e5,poi_36344a67,poi_6a47f431,cab,49,14.237,2.434,2.84,CHF,143,2026-08-18T10:00:00+05:30
ptm_7edfffa8,poi_36344a67,poi_2de73961,cab,44,12.42,2.124,2.51,CHF,196,2026-08-18T10:00:00+05:30
ptm_a8b7037f,poi_36344a67,poi_e42ee142,cab,38,10.722,1.833,2.21,CHF,198,2026-08-18T10:00:00+05:30
ptm_7759886c,poi_36344a67,poi_691b9d78,cab,49,14.226,2.433,2.83,CHF,140,2026-08-18T10:00:00+05:30
ptm_0df58332,poi_a2683340,poi_36344a67,cab,30,8.19,1.401,1.76,CHF,289,2026-08-18T10:00:00+05:30
ptm_73bc66b6,poi_a2683340,poi_0d0097d8,cab,21,5.135,0.878,1.21,CHF,14,2026-08-18T10:00:00+05:30
ptm_d6787fd0,poi_a2683340,poi_91b95b2c,cab,20,4.907,0.839,1.17,CHF,219,2026-08-18T10:00:00+05:30
ptm_1074a344,poi_a2683340,poi_7858bc94,cab,41,11.63,1.989,2.37,CHF,214,2026-08-18T10:00:00+05:30
ptm_77d3faa4,poi_a2683340,poi_0f290346,cab,28,7.57,1.295,1.65,CHF,229,2026-08-18T10:00:00+05:30
ptm_81b6b4ab,poi_a2683340,poi_6a47f431,cab,32,8.77,1.5,1.86,CHF,175,2026-08-18T10:00:00+05:30
ptm_7993b1ef,poi_a2683340,poi_2de73961,cab,50,14.484,2.477,2.88,CHF,230,2026-08-18T10:00:00+05:30
ptm_49788fb5,poi_a2683340,poi_e42ee142,cab,47,13.353,2.283,2.68,CHF,236,2026-08-18T10:00:00+05:30
ptm_aa60cfd6,poi_a2683340,poi_691b9d78,cab,31,8.26,1.412,1.77,CHF,170,2026-08-18T10:00:00+05:30
ptm_a13248ae,poi_0d0097d8,poi_36344a67,cab,34,9.231,1.579,1.94,CHF,256,2026-08-18T10:00:00+05:30
ptm_8bd91d47,poi_0d0097d8,poi_a2683340,cab,21,5.135,0.878,1.21,CHF,194,2026-08-18T10:00:00+05:30
ptm_98669fa8,poi_0d0097d8,poi_91b95b2c,cab,35,9.802,1.676,2.04,CHF,206,2026-08-18T10:00:00+05:30
ptm_9a86d49c,poi_0d0097d8,poi_7858bc94,cab,57,16.549,2.83,3.25,CHF,208,2026-08-18T10:00:00+05:30
ptm_33590966,poi_0d0097d8,poi_0f290346,cab,43,12.129,2.074,2.46,CHF,215,2026-08-18T10:00:00+05:30
ptm_f89c29bf,poi_0d0097d8,poi_6a47f431,cab,48,13.737,2.349,2.75,CHF,182,2026-08-18T10:00:00+05:30
ptm_b3d7c3ce,poi_0d0097d8,poi_2de73961,cab,64,18.851,3.224,3.66,CHF,221,2026-08-18T10:00:00+05:30
ptm_a28dc3b7,poi_0d0097d8,poi_e42ee142,cab,60,17.5,2.992,3.42,CHF,225,2026-08-18T10:00:00+05:30
ptm_4ac45c65,poi_0d0097d8,poi_691b9d78,cab,46,13.116,2.243,2.64,CHF,179,2026-08-18T10:00:00+05:30
ptm_4a2dd7df,poi_91b95b2c,poi_36344a67,cab,30,8.02,1.371,1.73,CHF,325,2026-08-18T10:00:00+05:30
ptm_0e405632,poi_91b95b2c,poi_a2683340,cab,20,4.907,0.839,1.17,CHF,39,2026-08-18T10:00:00+05:30
ptm_8f9d745e,poi_91b95b2c,poi_0d0097d8,cab,35,9.802,1.676,2.04,CHF,26,2026-08-18T10:00:00+05:30
ptm_e88f02d0,poi_91b95b2c,poi_7858bc94,cab,26,6.757,1.156,1.50,CHF,210,2026-08-18T10:00:00+05:30
ptm_93880472,poi_91b95b2c,poi_0f290346,walk,39,2.876,0,0.00,CHF,247,2026-08-18T10:00:00+05:30
ptm_1acf548a,poi_91b95b2c,poi_0f290346,cab,14,2.876,0.492,0.81,CHF,247,2026-08-18T10:00:00+05:30
ptm_92a212fc,poi_91b95b2c,poi_6a47f431,cab,24,6.219,1.064,1.40,CHF,142,2026-08-18T10:00:00+05:30
ptm_7630f2df,poi_91b95b2c,poi_2de73961,cab,35,9.728,1.663,2.03,CHF,236,2026-08-18T10:00:00+05:30
ptm_d8df6edc,poi_91b95b2c,poi_e42ee142,cab,32,8.783,1.502,1.86,CHF,245,2026-08-18T10:00:00+05:30
ptm_a19e2ffc,poi_91b95b2c,poi_691b9d78,cab,24,6.274,1.073,1.41,CHF,133,2026-08-18T10:00:00+05:30
ptm_b43d892c,poi_7858bc94,poi_36344a67,cab,44,12.452,2.129,2.52,CHF,354,2026-08-18T10:00:00+05:30
ptm_17a5a4f8,poi_7858bc94,poi_a2683340,cab,41,11.63,1.989,2.37,CHF,34,2026-08-18T10:00:00+05:30
ptm_9b2dd478,poi_7858bc94,poi_0d0097d8,cab,57,16.549,2.83,3.25,CHF,28,2026-08-18T10:00:00+05:30
ptm_6dbbdfdc,poi_7858bc94,poi_91b95b2c,cab,26,6.757,1.156,1.50,CHF,30,2026-08-18T10:00:00+05:30
ptm_670d290d,poi_7858bc94,poi_0f290346,cab,20,4.769,0.816,1.15,CHF,9,2026-08-18T10:00:00+05:30
ptm_81db1301,poi_7858bc94,poi_6a47f431,cab,27,7.246,1.239,1.59,CHF,83,2026-08-18T10:00:00+05:30
ptm_db2473d2,poi_7858bc94,poi_2de73961,cab,19,4.735,0.81,1.14,CHF,275,2026-08-18T10:00:00+05:30
ptm_f5b89cee,poi_7858bc94,poi_e42ee142,cab,21,5.104,0.873,1.21,CHF,295,2026-08-18T10:00:00+05:30
ptm_d4cb7a3c,poi_7858bc94,poi_691b9d78,cab,30,8.094,1.384,1.74,CHF,79,2026-08-18T10:00:00+05:30
ptm_fa23e015,poi_0f290346,poi_36344a67,cab,30,7.934,1.357,1.71,CHF,345,2026-08-18T10:00:00+05:30
ptm_12fccb25,poi_0f290346,poi_a2683340,cab,28,7.57,1.295,1.65,CHF,49,2026-08-18T10:00:00+05:30
ptm_8e02fec0,poi_0f290346,poi_0d0097d8,cab,43,12.129,2.074,2.46,CHF,35,2026-08-18T10:00:00+05:30
ptm_16a87585,poi_0f290346,poi_91b95b2c,walk,39,2.876,0,0.00,CHF,67,2026-08-18T10:00:00+05:30
ptm_4d126af1,poi_0f290346,poi_91b95b2c,cab,14,2.876,0.492,0.81,CHF,67,2026-08-18T10:00:00+05:30
ptm_f9c7761f,poi_0f290346,poi_7858bc94,cab,20,4.769,0.816,1.15,CHF,189,2026-08-18T10:00:00+05:30
ptm_5e3cdbbd,poi_0f290346,poi_6a47f431,cab,28,7.472,1.278,1.63,CHF,120,2026-08-18T10:00:00+05:30
ptm_55501973,poi_0f290346,poi_2de73961,cab,26,6.918,1.183,1.53,CHF,232,2026-08-18T10:00:00+05:30
ptm_be4d08fd,poi_0f290346,poi_e42ee142,cab,23,5.908,1.01,1.35,CHF,245,2026-08-18T10:00:00+05:30
ptm_52855ca9,poi_0f290346,poi_691b9d78,cab,29,7.869,1.346,1.70,CHF,114,2026-08-18T10:00:00+05:30
ptm_421dc470,poi_6a47f431,poi_36344a67,cab,49,14.237,2.434,2.84,CHF,324,2026-08-18T10:00:00+05:30
ptm_e60cf3f8,poi_6a47f431,poi_a2683340,cab,32,8.77,1.5,1.86,CHF,355,2026-08-18T10:00:00+05:30
ptm_b568b6fd,poi_6a47f431,poi_0d0097d8,cab,48,13.737,2.349,2.75,CHF,2,2026-08-18T10:00:00+05:30
ptm_f89b5ec6,poi_6a47f431,poi_91b95b2c,cab,24,6.219,1.064,1.40,CHF,322,2026-08-18T10:00:00+05:30
ptm_522d7c93,poi_6a47f431,poi_7858bc94,cab,27,7.246,1.239,1.59,CHF,263,2026-08-18T10:00:00+05:30
ptm_1b3a4cb0,poi_6a47f431,poi_0f290346,cab,28,7.472,1.278,1.63,CHF,300,2026-08-18T10:00:00+05:30
ptm_a77b66d1,poi_6a47f431,poi_2de73961,cab,42,11.908,2.036,2.42,CHF,268,2026-08-18T10:00:00+05:30
ptm_4d412816,poi_6a47f431,poi_e42ee142,cab,42,11.86,2.028,2.41,CHF,276,2026-08-18T10:00:00+05:30
ptm_d127eeee,poi_6a47f431,poi_691b9d78,walk,14,0.977,0,0.00,CHF,51,2026-08-18T10:00:00+05:30
ptm_da53fe6d,poi_6a47f431,poi_691b9d78,cab,8,0.977,0.167,0.47,CHF,51,2026-08-18T10:00:00+05:30
ptm_4c2f7eb8,poi_2de73961,poi_36344a67,cab,44,12.42,2.124,2.51,CHF,16,2026-08-18T10:00:00+05:30
ptm_c9779fd3,poi_2de73961,poi_a2683340,cab,50,14.484,2.477,2.88,CHF,50,2026-08-18T10:00:00+05:30
ptm_618a8858,poi_2de73961,poi_0d0097d8,cab,64,18.851,3.224,3.66,CHF,41,2026-08-18T10:00:00+05:30
ptm_3bc5176b,poi_2de73961,poi_91b95b2c,cab,35,9.728,1.663,2.03,CHF,56,2026-08-18T10:00:00+05:30
ptm_6f6dab95,poi_2de73961,poi_7858bc94,cab,19,4.735,0.81,1.14,CHF,95,2026-08-18T10:00:00+05:30
ptm_ad10d3ec,poi_2de73961,poi_0f290346,cab,26,6.918,1.183,1.53,CHF,52,2026-08-18T10:00:00+05:30
ptm_1958609b,poi_2de73961,poi_6a47f431,cab,42,11.908,2.036,2.42,CHF,88,2026-08-18T10:00:00+05:30
ptm_7fd4c7bc,poi_2de73961,poi_e42ee142,walk,24,1.747,0,0.00,CHF,3,2026-08-18T10:00:00+05:30
ptm_7dc0e0e4,poi_2de73961,poi_e42ee142,cab,10,1.747,0.299,0.61,CHF,3,2026-08-18T10:00:00+05:30
ptm_93b617eb,poi_2de73961,poi_691b9d78,cab,45,12.705,2.173,2.56,CHF,85,2026-08-18T10:00:00+05:30
ptm_0f705366,poi_e42ee142,poi_36344a67,cab,38,10.722,1.833,2.21,CHF,18,2026-08-18T10:00:00+05:30
ptm_d5cef765,poi_e42ee142,poi_a2683340,cab,47,13.353,2.283,2.68,CHF,56,2026-08-18T10:00:00+05:30
ptm_4e28c989,poi_e42ee142,poi_0d0097d8,cab,60,17.5,2.992,3.42,CHF,44,2026-08-18T10:00:00+05:30
ptm_dfcc1be5,poi_e42ee142,poi_91b95b2c,cab,32,8.783,1.502,1.86,CHF,65,2026-08-18T10:00:00+05:30
ptm_4c5e8fdf,poi_e42ee142,poi_7858bc94,cab,21,5.104,0.873,1.21,CHF,115,2026-08-18T10:00:00+05:30
ptm_683e5844,poi_e42ee142,poi_0f290346,cab,23,5.908,1.01,1.35,CHF,65,2026-08-18T10:00:00+05:30
ptm_a3261a4b,poi_e42ee142,poi_6a47f431,cab,42,11.86,2.028,2.41,CHF,96,2026-08-18T10:00:00+05:30
ptm_feba71cb,poi_e42ee142,poi_2de73961,walk,24,1.747,0,0.00,CHF,183,2026-08-18T10:00:00+05:30
ptm_9b612fd4,poi_e42ee142,poi_2de73961,cab,10,1.747,0.299,0.61,CHF,183,2026-08-18T10:00:00+05:30
ptm_f6fa8996,poi_e42ee142,poi_691b9d78,cab,44,12.568,2.149,2.54,CHF,93,2026-08-18T10:00:00+05:30
ptm_4c94cc4c,poi_691b9d78,poi_36344a67,cab,49,14.226,2.433,2.83,CHF,320,2026-08-18T10:00:00+05:30
ptm_9ba5b4f9,poi_691b9d78,poi_a2683340,cab,31,8.26,1.412,1.77,CHF,350,2026-08-18T10:00:00+05:30
ptm_5cb729fa,poi_691b9d78,poi_0d0097d8,cab,46,13.116,2.243,2.64,CHF,359,2026-08-18T10:00:00+05:30
ptm_b2c07670,poi_691b9d78,poi_91b95b2c,cab,24,6.274,1.073,1.41,CHF,313,2026-08-18T10:00:00+05:30
ptm_3fd6bd14,poi_691b9d78,poi_7858bc94,cab,30,8.094,1.384,1.74,CHF,259,2026-08-18T10:00:00+05:30
ptm_36fef2eb,poi_691b9d78,poi_0f290346,cab,29,7.869,1.346,1.70,CHF,294,2026-08-18T10:00:00+05:30
ptm_b912ae5c,poi_691b9d78,poi_6a47f431,walk,14,0.977,0,0.00,CHF,231,2026-08-18T10:00:00+05:30
ptm_1462f400,poi_691b9d78,poi_6a47f431,cab,8,0.977,0.167,0.47,CHF,231,2026-08-18T10:00:00+05:30
ptm_6dac69a5,poi_691b9d78,poi_2de73961,cab,45,12.705,2.173,2.56,CHF,265,2026-08-18T10:00:00+05:30
ptm_9c0b7951,poi_691b9d78,poi_e42ee142,cab,44,12.568,2.149,2.54,CHF,273,2026-08-18T10:00:00+05:30
